country,type,year,month,demand,source,country_contributions
BE,household,2025.0,11.0,1.02,entsog,
BE,industry,2025.0,11.0,0.38,entsog,
CZ,total,2019.0,1.0,1303.93,eurostat,
CZ,total,2019.0,2.0,1014.84,eurostat,
CZ,total,2019.0,3.0,858.17,eurostat,
CZ,total,2019.0,4.0,617.6,eurostat,
CZ,total,2019.0,5.0,572.11,eurostat,
CZ,total,2019.0,6.0,397.24,eurostat,
CZ,total,2019.0,7.0,403.31,eurostat,
CZ,total,2019.0,8.0,399.27,eurostat,
CZ,total,2019.0,9.0,490.24,eurostat,
CZ,total,2019.0,10.0,728.79,eurostat,
CZ,total,2019.0,11.0,919.83,eurostat,
CZ,total,2019.0,12.0,1067.4,eurostat,
CZ,total,2020.0,1.0,1230.93,eurostat,
CZ,total,2020.0,2.0,993.43,eurostat,
CZ,total,2020.0,3.0,929.37,eurostat,
CZ,total,2020.0,4.0,588.55,eurostat,
CZ,total,2020.0,5.0,503.51,eurostat,
CZ,total,2020.0,6.0,418.12,eurostat,
CZ,total,2020.0,7.0,429.89,eurostat,
CZ,total,2020.0,8.0,408.16,eurostat,
CZ,total,2020.0,9.0,429.36,eurostat,
CZ,total,2020.0,10.0,756.77,eurostat,
CZ,total,2020.0,11.0,1037.57,eurostat,
CZ,total,2020.0,12.0,1190.64,eurostat,
CZ,total,2021.0,1.0,1292.86,eurostat,
CZ,total,2021.0,2.0,1185.61,eurostat,
CZ,total,2021.0,3.0,1104.34,eurostat,
CZ,total,2021.0,4.0,890.94,eurostat,
CZ,total,2021.0,5.0,596.98,eurostat,
CZ,total,2021.0,6.0,419.95,eurostat,
CZ,total,2021.0,7.0,397.77,eurostat,
CZ,total,2021.0,8.0,377.64,eurostat,
CZ,total,2021.0,9.0,443.19,eurostat,
CZ,total,2021.0,10.0,712.16,eurostat,
CZ,total,2021.0,11.0,998.61,eurostat,
CZ,total,2021.0,12.0,1141.11,eurostat,
CZ,total,2022.0,1.0,1135.56,eurostat,
CZ,total,2022.0,2.0,1135.56,eurostat,
CZ,total,2022.0,3.0,911.85,eurostat,
CZ,total,2022.0,4.0,695.26,eurostat,
CZ,total,2022.0,5.0,398.57,eurostat,
CZ,total,2022.0,6.0,343.37,eurostat,
CZ,total,2022.0,7.0,311.94,eurostat,
CZ,total,2022.0,8.0,311.66,eurostat,
CZ,total,2022.0,9.0,395.56,eurostat,
CZ,total,2022.0,10.0,532.34,eurostat,
CZ,total,2022.0,11.0,769.58,eurostat,
CZ,total,2022.0,12.0,983.54,eurostat,
CZ,total,2023.0,1.0,904.08,eurostat,
CZ,total,2023.0,2.0,877.99,eurostat,
CZ,total,2023.0,3.0,785.37,eurostat,
CZ,total,2023.0,4.0,617.65,eurostat,
CZ,total,2023.0,5.0,374.75,eurostat,
CZ,total,2023.0,6.0,325.61,eurostat,
CZ,total,2023.0,7.0,292.52,eurostat,
CZ,total,2023.0,8.0,292.9,eurostat,
CZ,total,2023.0,9.0,313.59,eurostat,
CZ,total,2023.0,10.0,479.17,eurostat,
CZ,total,2023.0,11.0,745.38,eurostat,
CZ,total,2023.0,12.0,896.41,eurostat,
CZ,total,2024.0,1.0,1064.49,eurostat,
CZ,total,2024.0,2.0,720.65,eurostat,
CZ,total,2024.0,3.0,676.35,eurostat,
CZ,total,2024.0,4.0,478.71,eurostat,
CZ,total,2024.0,5.0,322.28,eurostat,
CZ,total,2024.0,6.0,310.21,eurostat,
CZ,total,2024.0,7.0,273.96,eurostat,
CZ,total,2024.0,8.0,289.22,eurostat,
CZ,total,2024.0,9.0,339.45,eurostat,
CZ,total,2024.0,10.0,573.03,eurostat,
CZ,total,2024.0,11.0,875.97,eurostat,
CZ,total,2024.0,12.0,960.41,eurostat,
CZ,total,2025.0,1.0,1067.52,eurostat,
CZ,total,2025.0,2.0,979.24,eurostat,
CZ,total,2025.0,3.0,762.91,eurostat,
CZ,total,2025.0,4.0,510.5,eurostat,
CZ,total,2025.0,5.0,424.1,eurostat,
CZ,total,2025.0,6.0,305.71,eurostat,
CZ,total,2025.0,7.0,296.06,eurostat,
CZ,total,2025.0,8.0,272.92,eurostat,
CZ,total,2025.0,9.0,322.63,eurostat,
CZ,total,2025.0,10.0,577.86,eurostat,
CZ,total,2025.0,11.0,672.52,eurostat,
DE,household,2019.0,1.0,71.05,bundesnetzagentur,
DE,household,2019.0,2.0,51.66,bundesnetzagentur,
DE,household,2019.0,3.0,46.04,bundesnetzagentur,
DE,household,2019.0,4.0,28.59,bundesnetzagentur,
DE,household,2019.0,5.0,23.99,bundesnetzagentur,
DE,household,2019.0,6.0,7.47,bundesnetzagentur,
DE,household,2019.0,7.0,7.56,bundesnetzagentur,
DE,household,2019.0,8.0,7.07,bundesnetzagentur,
DE,household,2019.0,9.0,13.17,bundesnetzagentur,
DE,household,2019.0,10.0,27.93,bundesnetzagentur,
DE,household,2019.0,11.0,49.77,bundesnetzagentur,
DE,household,2019.0,12.0,58.78,bundesnetzagentur,
DE,household,2020.0,1.0,61.04,bundesnetzagentur,
DE,household,2020.0,2.0,51.59,bundesnetzagentur,
DE,household,2020.0,3.0,48.58,bundesnetzagentur,
DE,household,2020.0,4.0,24.9,bundesnetzagentur,
DE,household,2020.0,5.0,19.5,bundesnetzagentur,
DE,household,2020.0,6.0,9.84,bundesnetzagentur,
DE,household,2020.0,7.0,8.49,bundesnetzagentur,
DE,household,2020.0,8.0,6.94,bundesnetzagentur,
DE,household,2020.0,9.0,12.42,bundesnetzagentur,
DE,household,2020.0,10.0,31.65,bundesnetzagentur,
DE,household,2020.0,11.0,44.91,bundesnetzagentur,
DE,household,2020.0,12.0,60.48,bundesnetzagentur,
DE,household,2021.0,1.0,70.49,bundesnetzagentur,
DE,household,2021.0,2.0,59.64,bundesnetzagentur,
DE,household,2021.0,3.0,52.42,bundesnetzagentur,
DE,household,2021.0,4.0,41.67,bundesnetzagentur,
DE,household,2021.0,5.0,26.78,bundesnetzagentur,
DE,household,2021.0,6.0,8.1,bundesnetzagentur,
DE,household,2021.0,7.0,7.84,bundesnetzagentur,
DE,household,2021.0,8.0,9.52,bundesnetzagentur,
DE,household,2021.0,9.0,12.33,bundesnetzagentur,
DE,household,2021.0,10.0,31.59,bundesnetzagentur,
DE,household,2021.0,11.0,50.07,bundesnetzagentur,
DE,household,2021.0,12.0,62.99,bundesnetzagentur,
DE,household,2022.0,1.0,63.86,bundesnetzagentur,
DE,household,2022.0,2.0,52.02,bundesnetzagentur,
DE,household,2022.0,3.0,46.04,bundesnetzagentur,
DE,household,2022.0,4.0,33.6,bundesnetzagentur,
DE,household,2022.0,5.0,13.18,bundesnetzagentur,
DE,household,2022.0,6.0,7.98,bundesnetzagentur,
DE,household,2022.0,7.0,6.57,bundesnetzagentur,
DE,household,2022.0,8.0,5.74,bundesnetzagentur,
DE,household,2022.0,9.0,12.15,bundesnetzagentur,
DE,household,2022.0,10.0,18.2,bundesnetzagentur,
DE,household,2022.0,11.0,35.52,bundesnetzagentur,
DE,household,2022.0,12.0,58.0,bundesnetzagentur,
DE,household,2023.0,1.0,52.98,bundesnetzagentur,
DE,household,2023.0,2.0,47.85,bundesnetzagentur,
DE,household,2023.0,3.0,43.68,bundesnetzagentur,
DE,household,2023.0,4.0,31.5,bundesnetzagentur,
DE,household,2023.0,5.0,14.72,bundesnetzagentur,
DE,household,2023.0,6.0,6.72,bundesnetzagentur,
DE,household,2023.0,7.0,6.51,bundesnetzagentur,
DE,household,2023.0,8.0,6.98,bundesnetzagentur,
DE,household,2023.0,9.0,7.29,bundesnetzagentur,
DE,household,2023.0,10.0,20.24,bundesnetzagentur,
DE,household,2023.0,11.0,42.24,bundesnetzagentur,
DE,household,2023.0,12.0,53.51,bundesnetzagentur,
DE,household,2024.0,1.0,63.27,bundesnetzagentur,
DE,household,2024.0,2.0,41.27,bundesnetzagentur,
DE,household,2024.0,3.0,36.8,bundesnetzagentur,
DE,household,2024.0,4.0,26.04,bundesnetzagentur,
DE,household,2024.0,5.0,11.16,bundesnetzagentur,
DE,household,2024.0,6.0,8.88,bundesnetzagentur,
DE,household,2024.0,7.0,6.7,bundesnetzagentur,
DE,household,2024.0,8.0,5.89,bundesnetzagentur,
DE,household,2024.0,9.0,10.59,bundesnetzagentur,
DE,household,2024.0,10.0,23.99,bundesnetzagentur,
DE,household,2024.0,11.0,43.92,bundesnetzagentur,
DE,household,2024.0,12.0,55.55,bundesnetzagentur,
DE,household,2025.0,1.0,61.63,bundesnetzagentur,
DE,household,2025.0,2.0,53.96,bundesnetzagentur,
DE,household,2025.0,3.0,39.8,bundesnetzagentur,
DE,household,2025.0,4.0,22.32,bundesnetzagentur,
DE,household,2025.0,5.0,14.17,bundesnetzagentur,
DE,household,2025.0,6.0,7.35,bundesnetzagentur,
DE,household,2025.0,7.0,6.51,bundesnetzagentur,
DE,household,2025.0,8.0,6.73,bundesnetzagentur,
DE,household,2025.0,9.0,10.98,bundesnetzagentur,
DE,household,2025.0,10.0,27.34,bundesnetzagentur,
DE,household,2025.0,11.0,44.01,bundesnetzagentur,
FI,total,2019.0,1.0,388.15,eurostat,
FI,total,2019.0,2.0,281.0,eurostat,
FI,total,2019.0,3.0,271.91,eurostat,
FI,total,2019.0,4.0,215.3,eurostat,
FI,total,2019.0,5.0,156.67,eurostat,
FI,total,2019.0,6.0,156.67,eurostat,
FI,total,2019.0,7.0,154.65,eurostat,
FI,total,2019.0,8.0,151.62,eurostat,
FI,total,2019.0,9.0,171.84,eurostat,
FI,total,2019.0,10.0,210.25,eurostat,
FI,total,2019.0,11.0,210.25,eurostat,
FI,total,2019.0,12.0,228.44,eurostat,
FI,total,2020.0,1.0,257.75,eurostat,
FI,total,2020.0,2.0,232.99,eurostat,
FI,total,2020.0,3.0,241.08,eurostat,
FI,total,2020.0,4.0,184.98,eurostat,
FI,total,2020.0,5.0,165.77,eurostat,
FI,total,2020.0,6.0,167.79,eurostat,
FI,total,2020.0,7.0,156.67,eurostat,
FI,total,2020.0,8.0,170.83,eurostat,
FI,total,2020.0,9.0,205.19,eurostat,
FI,total,2020.0,10.0,204.69,eurostat,
FI,total,2020.0,11.0,211.76,eurostat,
FI,total,2020.0,12.0,257.25,eurostat,
FI,total,2021.0,1.0,362.78,eurostat,
FI,total,2021.0,2.0,363.79,eurostat,
FI,total,2021.0,3.0,270.79,eurostat,
FI,total,2021.0,4.0,230.36,eurostat,
FI,total,2021.0,5.0,103.0,eurostat,
FI,total,2021.0,6.0,121.19,eurostat,
FI,total,2021.0,7.0,154.55,eurostat,
FI,total,2021.0,8.0,144.44,eurostat,
FI,total,2021.0,9.0,176.78,eurostat,
FI,total,2021.0,10.0,148.48,eurostat,
FI,total,2021.0,11.0,112.09,eurostat,
FI,total,2021.0,12.0,257.65,eurostat,
FI,total,2022.0,1.0,180.83,eurostat,
FI,total,2022.0,2.0,151.51,eurostat,
FI,total,2022.0,3.0,164.09,eurostat,
FI,total,2022.0,4.0,97.13,eurostat,
FI,total,2022.0,5.0,104.01,eurostat,
FI,total,2022.0,6.0,94.54,eurostat,
FI,total,2022.0,7.0,85.73,eurostat,
FI,total,2022.0,8.0,101.98,eurostat,
FI,total,2022.0,9.0,74.61,eurostat,
FI,total,2022.0,10.0,69.99,eurostat,
FI,total,2022.0,11.0,79.75,eurostat,
FI,total,2022.0,12.0,90.06,eurostat,
FI,total,2023.0,1.0,132.45,eurostat,
FI,total,2023.0,2.0,146.46,eurostat,
FI,total,2023.0,3.0,135.2,eurostat,
FI,total,2023.0,4.0,77.84,eurostat,
FI,total,2023.0,5.0,141.2,eurostat,
FI,total,2023.0,6.0,100.99,eurostat,
FI,total,2023.0,7.0,113.97,eurostat,
FI,total,2023.0,8.0,135.72,eurostat,
FI,total,2023.0,9.0,117.26,eurostat,
FI,total,2023.0,10.0,301.12,eurostat,
FI,total,2023.0,11.0,157.73,eurostat,
FI,total,2023.0,12.0,193.95,eurostat,
FI,total,2024.0,1.0,235.04,eurostat,
FI,total,2024.0,2.0,206.62,eurostat,
FI,total,2024.0,3.0,174.24,eurostat,
FI,total,2024.0,4.0,125.42,eurostat,
FI,total,2024.0,5.0,108.2,eurostat,
FI,total,2024.0,6.0,133.39,eurostat,
FI,total,2024.0,7.0,134.25,eurostat,
FI,total,2024.0,8.0,103.6,eurostat,
FI,total,2024.0,9.0,134.56,eurostat,
FI,total,2024.0,10.0,149.99,eurostat,
FI,total,2024.0,11.0,108.65,eurostat,
FI,total,2024.0,12.0,172.22,eurostat,
FI,total,2025.0,1.0,158.1,eurostat,
FI,total,2025.0,2.0,146.25,eurostat,
FI,total,2025.0,3.0,168.43,eurostat,
FI,total,2025.0,4.0,139.04,eurostat,
FI,total,2025.0,5.0,122.68,eurostat,
FI,total,2025.0,6.0,88.56,eurostat,
FI,total,2025.0,7.0,116.79,eurostat,
FI,total,2025.0,8.0,96.02,eurostat,
FI,total,2025.0,9.0,63.1,eurostat,
FI,total,2025.0,10.0,114.03,eurostat,
FI,total,2025.0,11.0,123.02,eurostat,
FR,household,2019.0,1.0,52.04,"entsog, grtgaz",
FR,household,2019.0,2.0,38.3,"entsog, grtgaz",
FR,household,2019.0,3.0,33.37,"entsog, grtgaz",
FR,household,2019.0,4.0,22.78,"entsog, grtgaz",
FR,household,2019.0,5.0,16.62,"entsog, grtgaz",
FR,household,2019.0,6.0,8.23,"entsog, grtgaz",
FR,household,2019.0,7.0,6.88,"entsog, grtgaz",
FR,household,2019.0,8.0,6.13,"entsog, grtgaz",
FR,household,2019.0,9.0,8.48,"entsog, grtgaz",
FR,household,2019.0,10.0,17.54,"entsog, grtgaz",
FR,household,2019.0,11.0,36.48,"entsog, grtgaz",
FR,household,2019.0,12.0,41.75,"entsog, grtgaz",
FR,household,2020.0,1.0,44.75,"entsog, grtgaz",
FR,household,2020.0,2.0,36.17,"entsog, grtgaz",
FR,household,2020.0,3.0,33.99,"entsog, grtgaz",
FR,household,2020.0,4.0,14.77,"entsog, grtgaz",
FR,household,2020.0,5.0,11.08,"entsog, grtgaz",
FR,household,2020.0,6.0,8.11,"entsog, grtgaz",
FR,household,2020.0,7.0,7.14,"entsog, grtgaz",
FR,household,2020.0,8.0,5.98,"entsog, grtgaz",
FR,household,2020.0,9.0,9.02,"entsog, grtgaz",
FR,household,2020.0,10.0,22.86,"entsog, grtgaz",
FR,household,2020.0,11.0,31.16,"entsog, grtgaz",
FR,household,2020.0,12.0,42.65,"entsog, grtgaz",
FR,household,2021.0,1.0,50.8,"entsog, grtgaz",
FR,household,2021.0,2.0,38.05,"entsog, grtgaz",
FR,household,2021.0,3.0,36.2,"entsog, grtgaz",
FR,household,2021.0,4.0,25.8,"entsog, grtgaz",
FR,household,2021.0,5.0,17.84,"entsog, grtgaz",
FR,household,2021.0,6.0,7.8,"entsog, grtgaz",
FR,household,2021.0,7.0,7.18,"entsog, grtgaz",
FR,household,2021.0,8.0,6.47,"entsog, grtgaz",
FR,household,2021.0,9.0,8.12,"entsog, grtgaz",
FR,household,2021.0,10.0,19.84,"entsog, grtgaz",
FR,household,2021.0,11.0,37.83,"entsog, grtgaz",
FR,household,2021.0,12.0,43.34,"entsog, grtgaz",
FR,household,2022.0,1.0,48.68,"entsog, grtgaz",
FR,household,2022.0,2.0,35.64,"entsog, grtgaz",
FR,household,2022.0,3.0,30.46,"entsog, grtgaz",
FR,household,2022.0,4.0,21.48,"entsog, grtgaz",
FR,household,2022.0,5.0,9.19,"entsog, grtgaz",
FR,household,2022.0,6.0,7.05,"entsog, grtgaz",
FR,household,2022.0,7.0,6.06,"entsog, grtgaz",
FR,household,2022.0,8.0,5.35,"entsog, grtgaz",
FR,household,2022.0,9.0,8.32,"entsog, grtgaz",
FR,household,2022.0,10.0,10.77,"entsog, grtgaz",
FR,household,2022.0,11.0,24.31,"entsog, grtgaz",
FR,household,2022.0,12.0,39.73,"entsog, grtgaz",
FR,household,2023.0,1.0,40.18,"entsog, grtgaz",
FR,household,2023.0,2.0,34.14,"entsog, grtgaz",
FR,household,2023.0,3.0,29.39,"entsog, grtgaz",
FR,household,2023.0,4.0,19.76,"entsog, grtgaz",
FR,household,2023.0,5.0,9.87,"entsog, grtgaz",
FR,household,2023.0,6.0,6.35,"entsog, grtgaz",
FR,household,2023.0,7.0,5.76,"entsog, grtgaz",
FR,household,2023.0,8.0,5.29,"entsog, grtgaz",
FR,household,2023.0,9.0,6.59,"entsog, grtgaz",
FR,household,2023.0,10.0,11.41,"entsog, grtgaz",
FR,household,2023.0,11.0,27.47,"entsog, grtgaz",
FR,household,2023.0,12.0,34.24,"entsog, grtgaz",
FR,household,2024.0,1.0,41.58,"entsog, grtgaz",
FR,household,2024.0,2.0,28.52,"entsog, grtgaz",
FR,household,2024.0,3.0,25.76,"entsog, grtgaz",
FR,household,2024.0,4.0,17.58,"entsog, grtgaz",
FR,household,2024.0,5.0,10.01,"entsog, grtgaz",
FR,household,2024.0,6.0,7.01,"entsog, grtgaz",
FR,household,2024.0,7.0,5.88,"entsog, grtgaz",
FR,household,2024.0,8.0,4.77,"entsog, grtgaz",
FR,household,2024.0,9.0,7.68,"entsog, grtgaz",
FR,household,2024.0,10.0,13.43,"entsog, grtgaz",
FR,household,2024.0,11.0,27.39,"entsog, grtgaz",
FR,household,2024.0,12.0,36.67,"entsog, grtgaz",
FR,household,2025.0,1.0,41.43,"entsog, grtgaz",
FR,household,2025.0,2.0,33.51,"entsog, grtgaz",
FR,household,2025.0,3.0,26.77,"entsog, grtgaz",
FR,household,2025.0,4.0,13.64,"entsog, grtgaz",
FR,household,2025.0,5.0,8.18,"entsog, grtgaz",
FR,household,2025.0,6.0,5.61,"entsog, grtgaz",
FR,household,2025.0,7.0,5.02,grtgaz,
FR,household,2025.0,8.0,4.32,grtgaz,
FR,household,2025.0,9.0,7.01,grtgaz,
FR,household,2025.0,10.0,14.18,"entsog, grtgaz",
FR,household,2025.0,11.0,26.33,"entsog, grtgaz",
FR,industry,2019.0,1.0,15.43,"entsog, grtgaz",
FR,industry,2019.0,2.0,12.85,"entsog, grtgaz",
FR,industry,2019.0,3.0,13.25,"entsog, grtgaz",
FR,industry,2019.0,4.0,11.09,"entsog, grtgaz",
FR,industry,2019.0,5.0,10.93,"entsog, grtgaz",
FR,industry,2019.0,6.0,9.7,"entsog, grtgaz",
FR,industry,2019.0,7.0,9.79,"entsog, grtgaz",
FR,industry,2019.0,8.0,8.85,"entsog, grtgaz",
FR,industry,2019.0,9.0,9.46,"entsog, grtgaz",
FR,industry,2019.0,10.0,10.79,"entsog, grtgaz",
FR,industry,2019.0,11.0,13.77,"entsog, grtgaz",
FR,industry,2019.0,12.0,14.11,"entsog, grtgaz",
FR,industry,2020.0,1.0,14.22,"entsog, grtgaz",
FR,industry,2020.0,2.0,12.67,"entsog, grtgaz",
FR,industry,2020.0,3.0,12.0,"entsog, grtgaz",
FR,industry,2020.0,4.0,8.83,"entsog, grtgaz",
FR,industry,2020.0,5.0,9.62,"entsog, grtgaz",
FR,industry,2020.0,6.0,9.25,"entsog, grtgaz",
FR,industry,2020.0,7.0,9.27,"entsog, grtgaz",
FR,industry,2020.0,8.0,8.19,"entsog, grtgaz",
FR,industry,2020.0,9.0,9.86,"entsog, grtgaz",
FR,industry,2020.0,10.0,11.84,"entsog, grtgaz",
FR,industry,2020.0,11.0,12.97,"entsog, grtgaz",
FR,industry,2020.0,12.0,13.5,"entsog, grtgaz",
FR,industry,2021.0,1.0,14.18,"entsog, grtgaz",
FR,industry,2021.0,2.0,12.1,"entsog, grtgaz",
FR,industry,2021.0,3.0,12.59,"entsog, grtgaz",
FR,industry,2021.0,4.0,10.56,"entsog, grtgaz",
FR,industry,2021.0,5.0,10.11,"entsog, grtgaz",
FR,industry,2021.0,6.0,9.18,"entsog, grtgaz",
FR,industry,2021.0,7.0,8.9,"entsog, grtgaz",
FR,industry,2021.0,8.0,8.39,"entsog, grtgaz",
FR,industry,2021.0,9.0,9.19,"entsog, grtgaz",
FR,industry,2021.0,10.0,10.63,"entsog, grtgaz",
FR,industry,2021.0,11.0,12.91,"entsog, grtgaz",
FR,industry,2021.0,12.0,13.4,"entsog, grtgaz",
FR,industry,2022.0,1.0,13.45,"entsog, grtgaz",
FR,industry,2022.0,2.0,11.23,"entsog, grtgaz",
FR,industry,2022.0,3.0,10.79,"entsog, grtgaz",
FR,industry,2022.0,4.0,9.11,"entsog, grtgaz",
FR,industry,2022.0,5.0,8.79,"entsog, grtgaz",
FR,industry,2022.0,6.0,8.17,"entsog, grtgaz",
FR,industry,2022.0,7.0,8.05,"entsog, grtgaz",
FR,industry,2022.0,8.0,7.39,"entsog, grtgaz",
FR,industry,2022.0,9.0,8.57,"entsog, grtgaz",
FR,industry,2022.0,10.0,9.28,"entsog, grtgaz",
FR,industry,2022.0,11.0,10.55,"entsog, grtgaz",
FR,industry,2022.0,12.0,11.62,"entsog, grtgaz",
FR,industry,2023.0,1.0,10.94,"entsog, grtgaz",
FR,industry,2023.0,2.0,10.41,"entsog, grtgaz",
FR,industry,2023.0,3.0,10.49,"entsog, grtgaz",
FR,industry,2023.0,4.0,8.19,"entsog, grtgaz",
FR,industry,2023.0,5.0,7.81,"entsog, grtgaz",
FR,industry,2023.0,6.0,7.28,"entsog, grtgaz",
FR,industry,2023.0,7.0,7.29,"entsog, grtgaz",
FR,industry,2023.0,8.0,6.85,"entsog, grtgaz",
FR,industry,2023.0,9.0,7.69,"entsog, grtgaz",
FR,industry,2023.0,10.0,9.45,"entsog, grtgaz",
FR,industry,2023.0,11.0,10.8,"entsog, grtgaz",
FR,industry,2023.0,12.0,11.37,"entsog, grtgaz",
FR,industry,2024.0,1.0,11.73,"entsog, grtgaz",
FR,industry,2024.0,2.0,10.14,"entsog, grtgaz",
FR,industry,2024.0,3.0,10.05,"entsog, grtgaz",
FR,industry,2024.0,4.0,8.28,"entsog, grtgaz",
FR,industry,2024.0,5.0,8.25,"entsog, grtgaz",
FR,industry,2024.0,6.0,7.69,"entsog, grtgaz",
FR,industry,2024.0,7.0,7.71,"entsog, grtgaz",
FR,industry,2024.0,8.0,6.76,"entsog, grtgaz",
FR,industry,2024.0,9.0,8.16,"entsog, grtgaz",
FR,industry,2024.0,10.0,9.27,"entsog, grtgaz",
FR,industry,2024.0,11.0,10.45,"entsog, grtgaz",
FR,industry,2024.0,12.0,10.92,"entsog, grtgaz",
FR,industry,2025.0,1.0,11.18,"entsog, grtgaz",
FR,industry,2025.0,2.0,9.56,"entsog, grtgaz",
FR,industry,2025.0,3.0,9.57,"entsog, grtgaz",
FR,industry,2025.0,4.0,7.78,"entsog, grtgaz",
FR,industry,2025.0,5.0,7.46,"entsog, grtgaz",
FR,industry,2025.0,6.0,6.53,"entsog, grtgaz",
FR,industry,2025.0,7.0,6.49,grtgaz,
FR,industry,2025.0,8.0,5.98,grtgaz,
FR,industry,2025.0,9.0,7.64,grtgaz,
FR,industry,2025.0,10.0,8.59,"entsog, grtgaz",
FR,industry,2025.0,11.0,9.58,"entsog, grtgaz",
GR,total,2019.0,1.0,686.33,eurostat,
GR,total,2019.0,2.0,500.35,eurostat,
GR,total,2019.0,3.0,386.13,eurostat,
GR,total,2019.0,4.0,364.9,eurostat,
GR,total,2019.0,5.0,331.54,eurostat,
GR,total,2019.0,6.0,400.28,eurostat,
GR,total,2019.0,7.0,487.21,eurostat,
GR,total,2019.0,8.0,447.78,eurostat,
GR,total,2019.0,9.0,437.68,eurostat,
GR,total,2019.0,10.0,414.43,eurostat,
GR,total,2019.0,11.0,387.14,eurostat,
GR,total,2019.0,12.0,446.77,eurostat,
GR,total,2020.0,1.0,617.93,eurostat,
GR,total,2020.0,2.0,490.55,eurostat,
GR,total,2020.0,3.0,461.83,eurostat,
GR,total,2020.0,4.0,379.79,eurostat,
GR,total,2020.0,5.0,376.22,eurostat,
GR,total,2020.0,6.0,448.23,eurostat,
GR,total,2020.0,7.0,555.75,eurostat,
GR,total,2020.0,8.0,516.31,eurostat,
GR,total,2020.0,9.0,475.93,eurostat,
GR,total,2020.0,10.0,444.0,eurostat,
GR,total,2020.0,11.0,516.06,eurostat,
GR,total,2020.0,12.0,611.27,eurostat,
GR,total,2021.0,1.0,635.19,eurostat,
GR,total,2021.0,2.0,453.51,eurostat,
GR,total,2021.0,3.0,545.93,eurostat,
GR,total,2021.0,4.0,557.0,eurostat,
GR,total,2021.0,5.0,407.79,eurostat,
GR,total,2021.0,6.0,542.39,eurostat,
GR,total,2021.0,7.0,622.11,eurostat,
GR,total,2021.0,8.0,589.41,eurostat,
GR,total,2021.0,9.0,526.37,eurostat,
GR,total,2021.0,10.0,498.67,eurostat,
GR,total,2021.0,11.0,518.16,eurostat,
GR,total,2021.0,12.0,608.77,eurostat,
GR,total,2022.0,1.0,580.06,eurostat,
GR,total,2022.0,2.0,501.42,eurostat,
GR,total,2022.0,3.0,643.88,eurostat,
GR,total,2022.0,4.0,299.38,eurostat,
GR,total,2022.0,5.0,345.5,eurostat,
GR,total,2022.0,6.0,430.12,eurostat,
GR,total,2022.0,7.0,536.84,eurostat,
GR,total,2022.0,8.0,490.79,eurostat,
GR,total,2022.0,9.0,325.86,eurostat,
GR,total,2022.0,10.0,246.25,eurostat,
GR,total,2022.0,11.0,359.56,eurostat,
GR,total,2022.0,12.0,468.53,eurostat,
GR,total,2023.0,1.0,374.09,eurostat,
GR,total,2023.0,2.0,396.68,eurostat,
GR,total,2023.0,3.0,371.16,eurostat,
GR,total,2023.0,4.0,357.13,eurostat,
GR,total,2023.0,5.0,294.64,eurostat,
GR,total,2023.0,6.0,395.14,eurostat,
GR,total,2023.0,7.0,486.73,eurostat,
GR,total,2023.0,8.0,423.52,eurostat,
GR,total,2023.0,9.0,411.44,eurostat,
GR,total,2023.0,10.0,400.88,eurostat,
GR,total,2023.0,11.0,339.78,eurostat,
GR,total,2023.0,12.0,449.82,eurostat,
GR,total,2024.0,1.0,560.23,eurostat,
GR,total,2024.0,2.0,452.9,eurostat,
GR,total,2024.0,3.0,490.42,eurostat,
GR,total,2024.0,4.0,390.97,eurostat,
GR,total,2024.0,5.0,459.62,eurostat,
GR,total,2024.0,6.0,499.29,eurostat,
GR,total,2024.0,7.0,575.75,eurostat,
GR,total,2024.0,8.0,532.62,eurostat,
GR,total,2024.0,9.0,452.4,eurostat,
GR,total,2024.0,10.0,436.5,eurostat,
GR,total,2024.0,11.0,619.25,eurostat,
GR,total,2024.0,12.0,659.48,eurostat,
GR,total,2025.0,1.0,717.11,eurostat,
GR,total,2025.0,2.0,724.46,eurostat,
GR,total,2025.0,3.0,488.12,eurostat,
GR,total,2025.0,4.0,364.87,eurostat,
GR,total,2025.0,5.0,394.63,eurostat,
GR,total,2025.0,6.0,507.36,eurostat,
GR,total,2025.0,7.0,588.13,eurostat,
GR,total,2025.0,8.0,489.03,eurostat,
GR,total,2025.0,9.0,457.59,eurostat,
GR,total,2025.0,10.0,521.39,eurostat,
GR,total,2025.0,11.0,504.1,eurostat,
HU,household,2019.0,1.0,14.82,entsog,
HU,household,2019.0,2.0,10.82,entsog,
HU,household,2019.0,3.0,8.4,entsog,
HU,household,2019.0,4.0,5.28,entsog,
HU,household,2019.0,5.0,4.53,entsog,
HU,household,2019.0,6.0,2.25,entsog,
HU,household,2019.0,7.0,2.41,entsog,
HU,household,2019.0,8.0,2.37,entsog,
HU,household,2019.0,9.0,3.01,entsog,
HU,household,2019.0,10.0,5.73,entsog,
HU,household,2019.0,11.0,8.36,entsog,
HU,household,2019.0,12.0,11.93,entsog,
HU,household,2020.0,1.0,14.85,entsog,
HU,household,2020.0,2.0,10.6,entsog,
HU,household,2020.0,3.0,9.56,entsog,
HU,household,2020.0,4.0,5.63,entsog,
HU,household,2020.0,5.0,3.52,entsog,
HU,household,2020.0,6.0,2.61,entsog,
HU,household,2020.0,7.0,2.68,entsog,
HU,household,2020.0,8.0,2.32,entsog,
HU,household,2020.0,9.0,2.92,entsog,
HU,household,2020.0,10.0,6.79,entsog,
HU,household,2020.0,11.0,10.59,entsog,
HU,household,2020.0,12.0,12.02,entsog,
HU,household,2021.0,1.0,13.56,entsog,
HU,household,2021.0,2.0,11.76,entsog,
HU,household,2021.0,3.0,10.65,entsog,
HU,household,2021.0,4.0,8.07,entsog,
HU,household,2021.0,5.0,4.53,entsog,
HU,household,2021.0,6.0,2.9,entsog,
HU,household,2021.0,7.0,2.46,entsog,
HU,household,2021.0,8.0,2.37,entsog,
HU,household,2021.0,9.0,3.0,entsog,
HU,household,2021.0,10.0,7.64,entsog,
HU,household,2021.0,11.0,10.51,entsog,
HU,household,2021.0,12.0,13.67,entsog,
HU,household,2022.0,1.0,13.8,entsog,
HU,household,2022.0,2.0,10.77,entsog,
HU,household,2022.0,3.0,10.96,entsog,
HU,household,2022.0,4.0,7.18,entsog,
HU,household,2022.0,5.0,2.97,entsog,
HU,household,2022.0,6.0,2.45,entsog,
HU,household,2022.0,7.0,2.21,entsog,
HU,household,2022.0,8.0,2.14,entsog,
HU,household,2022.0,9.0,2.95,entsog,
HU,household,2022.0,10.0,4.44,entsog,
HU,household,2022.0,11.0,7.79,entsog,
HU,household,2022.0,12.0,10.51,entsog,
HU,household,2023.0,1.0,9.89,entsog,
HU,household,2023.0,2.0,9.51,entsog,
HU,household,2023.0,3.0,7.62,entsog,
HU,household,2023.0,4.0,5.78,entsog,
HU,household,2023.0,5.0,2.94,entsog,
HU,household,2023.0,6.0,2.14,entsog,
HU,household,2023.0,7.0,2.09,entsog,
HU,household,2023.0,8.0,2.02,entsog,
HU,household,2023.0,9.0,1.99,entsog,
HU,household,2023.0,10.0,3.75,entsog,
HU,household,2023.0,11.0,7.97,entsog,
HU,household,2023.0,12.0,10.73,entsog,
HU,household,2024.0,1.0,11.78,entsog,
HU,household,2024.0,2.0,7.46,entsog,
HU,household,2024.0,3.0,6.58,entsog,
HU,household,2024.0,4.0,4.14,entsog,
HU,household,2024.0,5.0,2.52,entsog,
HU,household,2024.0,6.0,1.91,entsog,
HU,household,2024.0,7.0,1.96,entsog,
HU,household,2024.0,8.0,2.01,entsog,
HU,household,2024.0,9.0,2.37,entsog,
HU,household,2024.0,10.0,4.9,entsog,
HU,household,2024.0,11.0,9.52,entsog,
HU,household,2024.0,12.0,10.86,entsog,
HU,household,2025.0,1.0,10.68,entsog,
HU,household,2025.0,2.0,10.32,entsog,
HU,household,2025.0,3.0,7.0,entsog,
HU,household,2025.0,4.0,4.32,entsog,
HU,household,2025.0,5.0,3.13,entsog,
HU,household,2025.0,6.0,0.7,entsog,
HU,household,2025.0,10.0,2.37,entsog,
HU,household,2025.0,11.0,8.44,entsog,
HU,industry-power,2019.0,1.0,2.76,entsog,
HU,industry-power,2019.0,2.0,2.0,entsog,
HU,industry-power,2019.0,3.0,1.93,entsog,
HU,industry-power,2019.0,4.0,2.06,entsog,
HU,industry-power,2019.0,5.0,2.09,entsog,
HU,industry-power,2019.0,6.0,1.66,entsog,
HU,industry-power,2019.0,7.0,1.76,entsog,
HU,industry-power,2019.0,8.0,2.21,entsog,
HU,industry-power,2019.0,9.0,2.43,entsog,
HU,industry-power,2019.0,10.0,2.66,entsog,
HU,industry-power,2019.0,11.0,2.42,entsog,
HU,industry-power,2019.0,12.0,2.59,entsog,
HU,industry-power,2020.0,1.0,2.75,entsog,
HU,industry-power,2020.0,2.0,2.53,entsog,
HU,industry-power,2020.0,3.0,2.3,entsog,
HU,industry-power,2020.0,4.0,1.71,entsog,
HU,industry-power,2020.0,5.0,1.96,entsog,
HU,industry-power,2020.0,6.0,1.9,entsog,
HU,industry-power,2020.0,7.0,2.05,entsog,
HU,industry-power,2020.0,8.0,2.17,entsog,
HU,industry-power,2020.0,9.0,2.37,entsog,
HU,industry-power,2020.0,10.0,2.44,entsog,
HU,industry-power,2020.0,11.0,2.47,entsog,
HU,industry-power,2020.0,12.0,2.34,entsog,
HU,industry-power,2021.0,1.0,2.73,entsog,
HU,industry-power,2021.0,2.0,2.17,entsog,
HU,industry-power,2021.0,3.0,2.26,entsog,
HU,industry-power,2021.0,4.0,1.97,entsog,
HU,industry-power,2021.0,5.0,1.96,entsog,
HU,industry-power,2021.0,6.0,1.53,entsog,
HU,industry-power,2021.0,7.0,2.17,entsog,
HU,industry-power,2021.0,8.0,2.21,entsog,
HU,industry-power,2021.0,9.0,1.85,entsog,
HU,industry-power,2021.0,10.0,2.21,entsog,
HU,industry-power,2021.0,11.0,2.61,entsog,
HU,industry-power,2021.0,12.0,2.7,entsog,
HU,industry-power,2022.0,1.0,2.57,entsog,
HU,industry-power,2022.0,2.0,2.3,entsog,
HU,industry-power,2022.0,3.0,1.79,entsog,
HU,industry-power,2022.0,4.0,1.69,entsog,
HU,industry-power,2022.0,5.0,1.44,entsog,
HU,industry-power,2022.0,6.0,1.49,entsog,
HU,industry-power,2022.0,7.0,1.95,entsog,
HU,industry-power,2022.0,8.0,1.42,entsog,
HU,industry-power,2022.0,9.0,1.48,entsog,
HU,industry-power,2022.0,10.0,1.28,entsog,
HU,industry-power,2022.0,11.0,1.91,entsog,
HU,industry-power,2022.0,12.0,1.93,entsog,
HU,industry-power,2023.0,1.0,1.95,entsog,
HU,industry-power,2023.0,2.0,2.03,entsog,
HU,industry-power,2023.0,3.0,1.84,entsog,
HU,industry-power,2023.0,4.0,1.79,entsog,
HU,industry-power,2023.0,5.0,1.84,entsog,
HU,industry-power,2023.0,6.0,1.8,entsog,
HU,industry-power,2023.0,7.0,1.95,entsog,
HU,industry-power,2023.0,8.0,1.75,entsog,
HU,industry-power,2023.0,9.0,1.96,entsog,
HU,industry-power,2023.0,10.0,2.25,entsog,
HU,industry-power,2023.0,11.0,1.81,entsog,
HU,industry-power,2023.0,12.0,1.7,entsog,
HU,industry-power,2024.0,1.0,1.95,entsog,
HU,industry-power,2024.0,2.0,1.85,entsog,
HU,industry-power,2024.0,3.0,1.91,entsog,
HU,industry-power,2024.0,4.0,1.84,entsog,
HU,industry-power,2024.0,5.0,1.89,entsog,
HU,industry-power,2024.0,6.0,1.86,entsog,
HU,industry-power,2024.0,7.0,1.79,entsog,
HU,industry-power,2024.0,8.0,1.56,entsog,
HU,industry-power,2024.0,9.0,2.07,entsog,
HU,industry-power,2024.0,10.0,2.27,entsog,
HU,industry-power,2024.0,11.0,2.12,entsog,
HU,industry-power,2024.0,12.0,2.42,entsog,
HU,industry-power,2025.0,1.0,2.5,entsog,
HU,industry-power,2025.0,2.0,2.39,entsog,
HU,industry-power,2025.0,3.0,1.91,entsog,
HU,industry-power,2025.0,4.0,1.86,entsog,
HU,industry-power,2025.0,5.0,1.84,entsog,
HU,industry-power,2025.0,6.0,0.59,entsog,
HU,industry-power,2025.0,10.0,0.9,entsog,
HU,industry-power,2025.0,11.0,2.36,entsog,
IT,household,2019.0,1.0,66.69,entsog,
IT,household,2019.0,2.0,48.58,entsog,
IT,household,2019.0,3.0,35.17,entsog,
IT,household,2019.0,4.0,23.51,entsog,
IT,household,2019.0,5.0,18.0,entsog,
IT,household,2019.0,6.0,10.68,entsog,
IT,household,2019.0,7.0,10.39,entsog,
IT,household,2019.0,8.0,8.41,entsog,
IT,household,2019.0,9.0,11.55,entsog,
IT,household,2019.0,10.0,15.9,entsog,
IT,household,2019.0,11.0,35.35,entsog,
IT,household,2019.0,12.0,50.58,entsog,
IT,household,2020.0,1.0,59.46,entsog,
IT,household,2020.0,2.0,43.73,entsog,
IT,household,2020.0,3.0,38.83,entsog,
IT,household,2020.0,4.0,18.83,entsog,
IT,household,2020.0,5.0,11.65,entsog,
IT,household,2020.0,6.0,10.64,entsog,
IT,household,2020.0,7.0,10.38,entsog,
IT,household,2020.0,8.0,8.63,entsog,
IT,household,2020.0,9.0,11.53,entsog,
IT,household,2020.0,10.0,22.16,entsog,
IT,household,2020.0,11.0,35.91,entsog,
IT,household,2020.0,12.0,53.96,entsog,
IT,household,2021.0,1.0,63.63,entsog,
IT,household,2021.0,2.0,45.8,entsog,
IT,household,2021.0,3.0,41.22,entsog,
IT,household,2021.0,4.0,27.97,entsog,
IT,household,2021.0,5.0,14.7,entsog,
IT,household,2021.0,6.0,10.87,entsog,
IT,household,2021.0,7.0,10.69,entsog,
IT,household,2021.0,8.0,9.03,entsog,
IT,household,2021.0,9.0,11.88,entsog,
IT,household,2021.0,10.0,20.85,entsog,
IT,household,2021.0,11.0,36.95,entsog,
IT,household,2021.0,12.0,58.11,entsog,
IT,household,2022.0,1.0,59.83,entsog,
IT,household,2022.0,2.0,44.63,entsog,
IT,household,2022.0,3.0,42.44,entsog,
IT,household,2022.0,4.0,23.0,entsog,
IT,household,2022.0,5.0,12.46,entsog,
IT,household,2022.0,6.0,9.99,entsog,
IT,household,2022.0,7.0,9.62,entsog,
IT,household,2022.0,8.0,8.28,entsog,
IT,household,2022.0,9.0,10.61,entsog,
IT,household,2022.0,10.0,11.18,entsog,
IT,household,2022.0,11.0,27.18,entsog,
IT,household,2022.0,12.0,43.69,entsog,
IT,household,2023.0,1.0,47.95,entsog,
IT,household,2023.0,2.0,42.93,entsog,
IT,household,2023.0,3.0,30.88,entsog,
IT,household,2023.0,4.0,20.09,entsog,
IT,household,2023.0,5.0,12.88,entsog,
IT,household,2023.0,6.0,9.98,entsog,
IT,household,2023.0,7.0,9.43,entsog,
IT,household,2023.0,8.0,8.15,entsog,
IT,household,2023.0,9.0,10.38,entsog,
IT,household,2023.0,10.0,13.06,entsog,
IT,household,2023.0,11.0,30.79,entsog,
IT,household,2023.0,12.0,44.79,entsog,
IT,household,2024.0,1.0,50.7,entsog,
IT,household,2024.0,2.0,37.82,entsog,
IT,household,2024.0,3.0,31.26,entsog,
IT,household,2024.0,4.0,18.62,entsog,
IT,household,2024.0,5.0,13.02,entsog,
IT,household,2024.0,6.0,10.09,entsog,
IT,household,2024.0,7.0,9.65,entsog,
IT,household,2024.0,8.0,7.72,entsog,
IT,household,2024.0,9.0,10.65,entsog,
IT,household,2024.0,10.0,14.82,entsog,
IT,household,2024.0,11.0,33.51,entsog,
IT,household,2024.0,12.0,49.44,entsog,
IT,household,2025.0,1.0,49.52,entsog,
IT,household,2025.0,2.0,41.95,entsog,
IT,household,2025.0,3.0,32.38,entsog,
IT,household,2025.0,4.0,18.23,entsog,
IT,household,2025.0,5.0,12.11,entsog,
IT,household,2025.0,6.0,3.63,entsog,
IT,household,2025.0,10.0,8.29,entsog,
IT,household,2025.0,11.0,32.72,entsog,
IT,industry,2019.0,1.0,13.76,entsog,
IT,industry,2019.0,2.0,13.1,entsog,
IT,industry,2019.0,3.0,14.02,entsog,
IT,industry,2019.0,4.0,12.26,entsog,
IT,industry,2019.0,5.0,12.85,entsog,
IT,industry,2019.0,6.0,11.84,entsog,
IT,industry,2019.0,7.0,12.43,entsog,
IT,industry,2019.0,8.0,9.33,entsog,
IT,industry,2019.0,9.0,12.0,entsog,
IT,industry,2019.0,10.0,12.36,entsog,
IT,industry,2019.0,11.0,12.52,entsog,
IT,industry,2019.0,12.0,11.72,entsog,
IT,industry,2020.0,1.0,13.22,entsog,
IT,industry,2020.0,2.0,12.87,entsog,
IT,industry,2020.0,3.0,11.49,entsog,
IT,industry,2020.0,4.0,8.64,entsog,
IT,industry,2020.0,5.0,10.88,entsog,
IT,industry,2020.0,6.0,11.27,entsog,
IT,industry,2020.0,7.0,12.09,entsog,
IT,industry,2020.0,8.0,9.33,entsog,
IT,industry,2020.0,9.0,12.37,entsog,
IT,industry,2020.0,10.0,12.89,entsog,
IT,industry,2020.0,11.0,12.78,entsog,
IT,industry,2020.0,12.0,11.87,entsog,
IT,industry,2021.0,1.0,12.7,entsog,
IT,industry,2021.0,2.0,12.73,entsog,
IT,industry,2021.0,3.0,13.86,entsog,
IT,industry,2021.0,4.0,12.5,entsog,
IT,industry,2021.0,5.0,12.75,entsog,
IT,industry,2021.0,6.0,11.66,entsog,
IT,industry,2021.0,7.0,12.25,entsog,
IT,industry,2021.0,8.0,9.92,entsog,
IT,industry,2021.0,9.0,12.66,entsog,
IT,industry,2021.0,10.0,12.56,entsog,
IT,industry,2021.0,11.0,12.82,entsog,
IT,industry,2021.0,12.0,12.22,entsog,
IT,industry,2022.0,1.0,12.12,entsog,
IT,industry,2022.0,2.0,11.58,entsog,
IT,industry,2022.0,3.0,12.42,entsog,
IT,industry,2022.0,4.0,11.36,entsog,
IT,industry,2022.0,5.0,11.7,entsog,
IT,industry,2022.0,6.0,10.47,entsog,
IT,industry,2022.0,7.0,10.36,entsog,
IT,industry,2022.0,8.0,7.31,entsog,
IT,industry,2022.0,9.0,9.67,entsog,
IT,industry,2022.0,10.0,9.81,entsog,
IT,industry,2022.0,11.0,10.32,entsog,
IT,industry,2022.0,12.0,8.86,entsog,
IT,industry,2023.0,1.0,10.04,entsog,
IT,industry,2023.0,2.0,10.48,entsog,
IT,industry,2023.0,3.0,11.21,entsog,
IT,industry,2023.0,4.0,9.97,entsog,
IT,industry,2023.0,5.0,10.55,entsog,
IT,industry,2023.0,6.0,9.88,entsog,
IT,industry,2023.0,7.0,10.2,entsog,
IT,industry,2023.0,8.0,7.39,entsog,
IT,industry,2023.0,9.0,10.48,entsog,
IT,industry,2023.0,10.0,10.77,entsog,
IT,industry,2023.0,11.0,10.87,entsog,
IT,industry,2023.0,12.0,9.08,entsog,
IT,industry,2024.0,1.0,10.21,entsog,
IT,industry,2024.0,2.0,10.49,entsog,
IT,industry,2024.0,3.0,11.39,entsog,
IT,industry,2024.0,4.0,10.49,entsog,
IT,industry,2024.0,5.0,10.64,entsog,
IT,industry,2024.0,6.0,9.88,entsog,
IT,industry,2024.0,7.0,10.44,entsog,
IT,industry,2024.0,8.0,7.56,entsog,
IT,industry,2024.0,9.0,10.54,entsog,
IT,industry,2024.0,10.0,11.2,entsog,
IT,industry,2024.0,11.0,10.79,entsog,
IT,industry,2024.0,12.0,9.22,entsog,
IT,industry,2025.0,1.0,10.46,entsog,
IT,industry,2025.0,2.0,10.42,entsog,
IT,industry,2025.0,3.0,11.35,entsog,
IT,industry,2025.0,4.0,10.38,entsog,
IT,industry,2025.0,5.0,10.68,entsog,
IT,industry,2025.0,6.0,3.63,entsog,
IT,industry,2025.0,10.0,4.33,entsog,
IT,industry,2025.0,11.0,11.18,entsog,
LT,total,2019.0,1.0,289.09,eurostat,
LT,total,2019.0,2.0,218.33,eurostat,
LT,total,2019.0,3.0,218.33,eurostat,
LT,total,2019.0,4.0,203.17,eurostat,
LT,total,2019.0,5.0,133.43,eurostat,
LT,total,2019.0,6.0,163.75,eurostat,
LT,total,2019.0,7.0,114.22,eurostat,
LT,total,2019.0,8.0,101.08,eurostat,
LT,total,2019.0,9.0,144.54,eurostat,
LT,total,2019.0,10.0,197.11,eurostat,
LT,total,2019.0,11.0,222.38,eurostat,
LT,total,2019.0,12.0,238.55,eurostat,
LT,total,2020.0,1.0,260.79,eurostat,
LT,total,2020.0,2.0,234.2,eurostat,
LT,total,2020.0,3.0,174.57,eurostat,
LT,total,2020.0,4.0,219.24,eurostat,
LT,total,2020.0,5.0,238.14,eurostat,
LT,total,2020.0,6.0,175.27,eurostat,
LT,total,2020.0,7.0,182.75,eurostat,
LT,total,2020.0,8.0,153.14,eurostat,
LT,total,2020.0,9.0,142.02,eurostat,
LT,total,2020.0,10.0,195.39,eurostat,
LT,total,2020.0,11.0,225.71,eurostat,
LT,total,2020.0,12.0,259.88,eurostat,
LT,total,2021.0,1.0,324.57,eurostat,
LT,total,2021.0,2.0,275.95,eurostat,
LT,total,2021.0,3.0,229.35,eurostat,
LT,total,2021.0,4.0,218.64,eurostat,
LT,total,2021.0,5.0,206.2,eurostat,
LT,total,2021.0,6.0,153.94,eurostat,
LT,total,2021.0,7.0,142.12,eurostat,
LT,total,2021.0,8.0,110.18,eurostat,
LT,total,2021.0,9.0,118.57,eurostat,
LT,total,2021.0,10.0,164.26,eurostat,
LT,total,2021.0,11.0,161.32,eurostat,
LT,total,2021.0,12.0,236.43,eurostat,
LT,total,2022.0,1.0,199.94,eurostat,
LT,total,2022.0,2.0,158.9,eurostat,
LT,total,2022.0,3.0,200.04,eurostat,
LT,total,2022.0,4.0,153.74,eurostat,
LT,total,2022.0,5.0,142.83,eurostat,
LT,total,2022.0,6.0,146.87,eurostat,
LT,total,2022.0,7.0,96.33,eurostat,
LT,total,2022.0,8.0,55.7,eurostat,
LT,total,2022.0,9.0,91.28,eurostat,
LT,total,2022.0,10.0,92.49,eurostat,
LT,total,2022.0,11.0,112.7,eurostat,
LT,total,2022.0,12.0,216.31,eurostat,
LT,total,2023.0,1.0,128.57,eurostat,
LT,total,2023.0,2.0,100.27,eurostat,
LT,total,2023.0,3.0,159.2,eurostat,
LT,total,2023.0,4.0,123.82,eurostat,
LT,total,2023.0,5.0,108.46,eurostat,
LT,total,2023.0,6.0,103.1,eurostat,
LT,total,2023.0,7.0,99.56,eurostat,
LT,total,2023.0,8.0,112.6,eurostat,
LT,total,2023.0,9.0,126.05,eurostat,
LT,total,2023.0,10.0,176.79,eurostat,
LT,total,2023.0,11.0,159.91,eurostat,
LT,total,2023.0,12.0,207.01,eurostat,
LT,total,2024.0,1.0,216.82,eurostat,
LT,total,2024.0,2.0,168.4,eurostat,
LT,total,2024.0,3.0,157.18,eurostat,
LT,total,2024.0,4.0,194.48,eurostat,
LT,total,2024.0,5.0,95.82,eurostat,
LT,total,2024.0,6.0,89.35,eurostat,
LT,total,2024.0,7.0,96.33,eurostat,
LT,total,2024.0,8.0,93.4,eurostat,
LT,total,2024.0,9.0,95.72,eurostat,
LT,total,2024.0,10.0,153.94,eurostat,
LT,total,2024.0,11.0,203.37,eurostat,
LT,total,2024.0,12.0,194.48,eurostat,
LT,total,2025.0,1.0,209.13,eurostat,
LT,total,2025.0,2.0,212.27,eurostat,
LT,total,2025.0,3.0,161.83,eurostat,
LT,total,2025.0,4.0,157.89,eurostat,
LT,total,2025.0,5.0,136.66,eurostat,
LT,total,2025.0,6.0,87.84,eurostat,
LT,total,2025.0,7.0,48.11,eurostat,
LT,total,2025.0,8.0,88.34,eurostat,
LT,total,2025.0,9.0,125.84,eurostat,
LT,total,2025.0,10.0,144.24,eurostat,
LT,total,2025.0,11.0,161.66,eurostat,
LU,household,2019.0,1.0,0.86,entsog,
LU,household,2019.0,2.0,0.64,entsog,
LU,household,2019.0,3.0,0.59,entsog,
LU,household,2019.0,4.0,0.41,entsog,
LU,household,2019.0,5.0,0.33,entsog,
LU,household,2019.0,6.0,0.16,entsog,
LU,household,2019.0,7.0,0.14,entsog,
LU,household,2019.0,8.0,0.14,entsog,
LU,household,2019.0,9.0,0.21,entsog,
LU,household,2019.0,10.0,0.38,entsog,
LU,household,2019.0,11.0,0.63,entsog,
LU,household,2019.0,12.0,0.7,entsog,
LU,household,2020.0,1.0,0.74,entsog,
LU,household,2020.0,2.0,0.64,entsog,
LU,household,2020.0,3.0,0.6,entsog,
LU,household,2020.0,4.0,0.3,entsog,
LU,household,2020.0,5.0,0.26,entsog,
LU,household,2020.0,6.0,0.17,entsog,
LU,household,2020.0,7.0,0.15,entsog,
LU,household,2020.0,8.0,0.12,entsog,
LU,household,2020.0,9.0,0.19,entsog,
LU,household,2020.0,10.0,0.43,entsog,
LU,household,2020.0,11.0,0.57,entsog,
LU,household,2020.0,12.0,0.72,entsog,
LU,household,2021.0,1.0,0.85,entsog,
LU,household,2021.0,2.0,0.66,entsog,
LU,household,2021.0,3.0,0.63,entsog,
LU,household,2021.0,4.0,0.51,entsog,
LU,household,2021.0,5.0,0.39,entsog,
LU,household,2021.0,6.0,0.16,entsog,
LU,household,2021.0,7.0,0.17,entsog,
LU,household,2021.0,8.0,0.16,entsog,
LU,household,2021.0,9.0,0.2,entsog,
LU,household,2021.0,10.0,0.43,entsog,
LU,household,2021.0,11.0,0.65,entsog,
LU,household,2021.0,12.0,0.73,entsog,
LU,household,2022.0,1.0,0.79,entsog,
LU,household,2022.0,2.0,0.63,entsog,
LU,household,2022.0,3.0,0.55,entsog,
LU,household,2022.0,4.0,0.4,entsog,
LU,household,2022.0,5.0,0.19,entsog,
LU,household,2022.0,6.0,0.14,entsog,
LU,household,2022.0,7.0,0.12,entsog,
LU,household,2022.0,8.0,0.1,entsog,
LU,household,2022.0,9.0,0.19,entsog,
LU,household,2022.0,10.0,0.27,entsog,
LU,household,2022.0,11.0,0.43,entsog,
LU,household,2022.0,12.0,0.66,entsog,
LU,household,2023.0,1.0,0.65,entsog,
LU,household,2023.0,2.0,0.56,entsog,
LU,household,2023.0,3.0,0.53,entsog,
LU,household,2023.0,4.0,0.39,entsog,
LU,household,2023.0,5.0,0.21,entsog,
LU,household,2023.0,6.0,0.11,entsog,
LU,household,2023.0,7.0,0.11,entsog,
LU,household,2023.0,8.0,0.11,entsog,
LU,household,2023.0,9.0,0.02,entsog,
LU,household,2023.0,10.0,0.25,entsog,
LU,household,2023.0,11.0,0.51,entsog,
LU,household,2023.0,12.0,0.61,entsog,
LU,household,2024.0,1.0,0.72,entsog,
LU,household,2024.0,2.0,0.49,entsog,
LU,household,2024.0,3.0,0.42,entsog,
LU,household,2024.0,4.0,0.33,entsog,
LU,household,2024.0,5.0,0.21,entsog,
LU,household,2024.0,6.0,0.16,entsog,
LU,household,2024.0,7.0,0.12,entsog,
LU,household,2024.0,8.0,0.1,entsog,
LU,household,2024.0,9.0,0.17,entsog,
LU,household,2024.0,10.0,0.3,entsog,
LU,household,2024.0,11.0,0.51,entsog,
LU,household,2024.0,12.0,0.66,entsog,
LU,household,2025.0,1.0,0.72,entsog,
LU,household,2025.0,2.0,0.58,entsog,
LU,household,2025.0,3.0,0.46,entsog,
LU,household,2025.0,4.0,0.3,entsog,
LU,household,2025.0,5.0,0.2,entsog,
LU,household,2025.0,6.0,0.06,entsog,
LU,household,2025.0,10.0,0.15,entsog,
LU,household,2025.0,11.0,0.5,entsog,
LU,industry-power,2019.0,1.0,0.36,entsog,
LU,industry-power,2019.0,2.0,0.32,entsog,
LU,industry-power,2019.0,3.0,0.35,entsog,
LU,industry-power,2019.0,4.0,0.32,entsog,
LU,industry-power,2019.0,5.0,0.32,entsog,
LU,industry-power,2019.0,6.0,0.31,entsog,
LU,industry-power,2019.0,7.0,0.31,entsog,
LU,industry-power,2019.0,8.0,0.25,entsog,
LU,industry-power,2019.0,9.0,0.29,entsog,
LU,industry-power,2019.0,10.0,0.32,entsog,
LU,industry-power,2019.0,11.0,0.32,entsog,
LU,industry-power,2019.0,12.0,0.26,entsog,
LU,industry-power,2020.0,1.0,0.35,entsog,
LU,industry-power,2020.0,2.0,0.32,entsog,
LU,industry-power,2020.0,3.0,0.27,entsog,
LU,industry-power,2020.0,4.0,0.25,entsog,
LU,industry-power,2020.0,5.0,0.26,entsog,
LU,industry-power,2020.0,6.0,0.25,entsog,
LU,industry-power,2020.0,7.0,0.25,entsog,
LU,industry-power,2020.0,8.0,0.22,entsog,
LU,industry-power,2020.0,9.0,0.26,entsog,
LU,industry-power,2020.0,10.0,0.28,entsog,
LU,industry-power,2020.0,11.0,0.29,entsog,
LU,industry-power,2020.0,12.0,0.23,entsog,
LU,industry-power,2021.0,1.0,0.3,entsog,
LU,industry-power,2021.0,2.0,0.28,entsog,
LU,industry-power,2021.0,3.0,0.31,entsog,
LU,industry-power,2021.0,4.0,0.28,entsog,
LU,industry-power,2021.0,5.0,0.27,entsog,
LU,industry-power,2021.0,6.0,0.26,entsog,
LU,industry-power,2021.0,7.0,0.25,entsog,
LU,industry-power,2021.0,8.0,0.22,entsog,
LU,industry-power,2021.0,9.0,0.25,entsog,
LU,industry-power,2021.0,10.0,0.28,entsog,
LU,industry-power,2021.0,11.0,0.29,entsog,
LU,industry-power,2021.0,12.0,0.23,entsog,
LU,industry-power,2022.0,1.0,0.3,entsog,
LU,industry-power,2022.0,2.0,0.24,entsog,
LU,industry-power,2022.0,3.0,0.25,entsog,
LU,industry-power,2022.0,4.0,0.21,entsog,
LU,industry-power,2022.0,5.0,0.2,entsog,
LU,industry-power,2022.0,6.0,0.17,entsog,
LU,industry-power,2022.0,7.0,0.16,entsog,
LU,industry-power,2022.0,8.0,0.14,entsog,
LU,industry-power,2022.0,9.0,0.17,entsog,
LU,industry-power,2022.0,10.0,0.18,entsog,
LU,industry-power,2022.0,11.0,0.18,entsog,
LU,industry-power,2022.0,12.0,0.13,entsog,
LU,industry-power,2023.0,1.0,0.18,entsog,
LU,industry-power,2023.0,2.0,0.19,entsog,
LU,industry-power,2023.0,3.0,0.2,entsog,
LU,industry-power,2023.0,4.0,0.18,entsog,
LU,industry-power,2023.0,5.0,0.18,entsog,
LU,industry-power,2023.0,6.0,0.17,entsog,
LU,industry-power,2023.0,7.0,0.18,entsog,
LU,industry-power,2023.0,8.0,0.14,entsog,
LU,industry-power,2023.0,9.0,0.04,entsog,
LU,industry-power,2023.0,10.0,0.17,entsog,
LU,industry-power,2023.0,11.0,0.22,entsog,
LU,industry-power,2023.0,12.0,0.18,entsog,
LU,industry-power,2024.0,1.0,0.21,entsog,
LU,industry-power,2024.0,2.0,0.23,entsog,
LU,industry-power,2024.0,3.0,0.23,entsog,
LU,industry-power,2024.0,4.0,0.21,entsog,
LU,industry-power,2024.0,5.0,0.21,entsog,
LU,industry-power,2024.0,6.0,0.21,entsog,
LU,industry-power,2024.0,7.0,0.2,entsog,
LU,industry-power,2024.0,8.0,0.12,entsog,
LU,industry-power,2024.0,9.0,0.2,entsog,
LU,industry-power,2024.0,10.0,0.22,entsog,
LU,industry-power,2024.0,11.0,0.23,entsog,
LU,industry-power,2024.0,12.0,0.19,entsog,
LU,industry-power,2025.0,1.0,0.24,entsog,
LU,industry-power,2025.0,2.0,0.23,entsog,
LU,industry-power,2025.0,3.0,0.23,entsog,
LU,industry-power,2025.0,4.0,0.23,entsog,
LU,industry-power,2025.0,5.0,0.22,entsog,
LU,industry-power,2025.0,6.0,0.07,entsog,
LU,industry-power,2025.0,10.0,0.09,entsog,
LU,industry-power,2025.0,11.0,0.22,entsog,
NL,household,2019.0,1.0,30.32,entsog,
NL,household,2019.0,2.0,21.57,entsog,
NL,household,2019.0,3.0,20.42,entsog,
NL,household,2019.0,4.0,12.45,entsog,
NL,household,2019.0,5.0,10.61,entsog,
NL,household,2019.0,6.0,5.43,entsog,
NL,household,2019.0,7.0,5.14,entsog,
NL,household,2019.0,8.0,5.02,entsog,
NL,household,2019.0,9.0,7.1,entsog,
NL,household,2019.0,10.0,13.3,entsog,
NL,household,2019.0,11.0,21.57,entsog,
NL,household,2019.0,12.0,24.71,entsog,
NL,household,2020.0,1.0,25.02,entsog,
NL,household,2020.0,2.0,22.87,entsog,
NL,household,2020.0,3.0,20.84,entsog,
NL,household,2020.0,4.0,10.58,entsog,
NL,household,2020.0,5.0,8.28,entsog,
NL,household,2020.0,6.0,5.8,entsog,
NL,household,2020.0,7.0,5.74,entsog,
NL,household,2020.0,8.0,4.77,entsog,
NL,household,2020.0,9.0,6.91,entsog,
NL,household,2020.0,10.0,14.04,entsog,
NL,household,2020.0,11.0,17.39,entsog,
NL,household,2020.0,12.0,24.82,entsog,
NL,household,2021.0,1.0,29.44,entsog,
NL,household,2021.0,2.0,25.28,entsog,
NL,household,2021.0,3.0,22.08,entsog,
NL,household,2021.0,4.0,18.19,entsog,
NL,household,2021.0,5.0,11.88,entsog,
NL,household,2021.0,6.0,5.46,entsog,
NL,household,2021.0,7.0,5.45,entsog,
NL,household,2021.0,8.0,5.59,entsog,
NL,household,2021.0,9.0,6.18,entsog,
NL,household,2021.0,10.0,11.82,entsog,
NL,household,2021.0,11.0,18.48,entsog,
NL,household,2021.0,12.0,23.88,entsog,
NL,household,2022.0,1.0,24.66,entsog,
NL,household,2022.0,2.0,20.59,entsog,
NL,household,2022.0,3.0,16.4,entsog,
NL,household,2022.0,4.0,12.57,entsog,
NL,household,2022.0,5.0,6.29,entsog,
NL,household,2022.0,6.0,4.82,entsog,
NL,household,2022.0,7.0,4.32,entsog,
NL,household,2022.0,8.0,3.82,entsog,
NL,household,2022.0,9.0,5.72,entsog,
NL,household,2022.0,10.0,7.37,entsog,
NL,household,2022.0,11.0,13.36,entsog,
NL,household,2022.0,12.0,21.89,entsog,
NL,household,2023.0,1.0,20.51,entsog,
NL,household,2023.0,2.0,17.52,entsog,
NL,household,2023.0,3.0,17.46,entsog,
NL,household,2023.0,4.0,12.07,entsog,
NL,household,2023.0,5.0,6.65,entsog,
NL,household,2023.0,6.0,4.49,entsog,
NL,household,2023.0,7.0,4.53,entsog,
NL,household,2023.0,8.0,4.7,entsog,
NL,household,2023.0,9.0,4.93,entsog,
NL,household,2023.0,10.0,8.56,entsog,
NL,household,2023.0,11.0,15.57,entsog,
NL,household,2023.0,12.0,19.1,entsog,
NL,household,2024.0,1.0,24.22,entsog,
NL,household,2024.0,2.0,16.51,entsog,
NL,household,2024.0,3.0,14.27,entsog,
NL,household,2024.0,4.0,10.73,entsog,
NL,household,2024.0,5.0,5.7,entsog,
NL,household,2024.0,6.0,5.39,entsog,
NL,household,2024.0,7.0,4.57,entsog,
NL,household,2024.0,8.0,4.01,entsog,
NL,household,2024.0,9.0,5.48,entsog,
NL,household,2024.0,10.0,9.15,entsog,
NL,household,2024.0,11.0,16.15,entsog,
NL,household,2024.0,12.0,19.63,entsog,
NL,household,2025.0,1.0,23.7,entsog,
NL,household,2025.0,2.0,20.39,entsog,
NL,household,2025.0,3.0,14.27,entsog,
NL,household,2025.0,4.0,8.39,entsog,
NL,household,2025.0,5.0,5.98,entsog,
NL,household,2025.0,6.0,1.9,entsog,
NL,household,2025.0,10.0,4.5,entsog,
NL,household,2025.0,11.0,15.01,entsog,
NL,industry,2019.0,1.0,10.3,"entsog, CBS",
NL,industry,2019.0,2.0,8.93,"entsog, CBS",
NL,industry,2019.0,3.0,10.07,"entsog, CBS",
NL,industry,2019.0,4.0,9.16,"entsog, CBS",
NL,industry,2019.0,5.0,9.26,"entsog, CBS",
NL,industry,2019.0,6.0,8.41,"entsog, CBS",
NL,industry,2019.0,7.0,8.83,"entsog, CBS",
NL,industry,2019.0,8.0,9.0,"entsog, CBS",
NL,industry,2019.0,9.0,9.26,"entsog, CBS",
NL,industry,2019.0,10.0,9.79,"entsog, CBS",
NL,industry,2019.0,11.0,9.38,"entsog, CBS",
NL,industry,2019.0,12.0,10.21,"entsog, CBS",
NL,industry,2020.0,1.0,9.4,"entsog, CBS",
NL,industry,2020.0,2.0,9.5,"entsog, CBS",
NL,industry,2020.0,3.0,10.07,"entsog, CBS",
NL,industry,2020.0,4.0,9.0,"entsog, CBS",
NL,industry,2020.0,5.0,8.84,"entsog, CBS",
NL,industry,2020.0,6.0,8.26,"entsog, CBS",
NL,industry,2020.0,7.0,9.01,"entsog, CBS",
NL,industry,2020.0,8.0,9.17,"entsog, CBS",
NL,industry,2020.0,9.0,9.19,"entsog, CBS",
NL,industry,2020.0,10.0,10.42,"entsog, CBS",
NL,industry,2020.0,11.0,9.16,"entsog, CBS",
NL,industry,2020.0,12.0,10.73,"entsog, CBS",
NL,industry,2021.0,1.0,12.31,"entsog, CBS",
NL,industry,2021.0,2.0,11.16,"entsog, CBS",
NL,industry,2021.0,3.0,12.08,"entsog, CBS",
NL,industry,2021.0,4.0,11.22,"entsog, CBS",
NL,industry,2021.0,5.0,11.36,"entsog, CBS",
NL,industry,2021.0,6.0,9.46,"entsog, CBS",
NL,industry,2021.0,7.0,9.9,"entsog, CBS",
NL,industry,2021.0,8.0,9.78,"entsog, CBS",
NL,industry,2021.0,9.0,9.59,"entsog, CBS",
NL,industry,2021.0,10.0,9.31,"entsog, CBS",
NL,industry,2021.0,11.0,8.99,"entsog, CBS",
NL,industry,2021.0,12.0,10.03,"entsog, CBS",
NL,industry,2022.0,1.0,9.62,"entsog, CBS",
NL,industry,2022.0,2.0,8.49,"entsog, CBS",
NL,industry,2022.0,3.0,8.93,"entsog, CBS",
NL,industry,2022.0,4.0,8.92,"entsog, CBS",
NL,industry,2022.0,5.0,8.37,"entsog, CBS",
NL,industry,2022.0,6.0,7.93,"entsog, CBS",
NL,industry,2022.0,7.0,7.28,"entsog, CBS",
NL,industry,2022.0,8.0,6.38,"entsog, CBS",
NL,industry,2022.0,9.0,5.92,"entsog, CBS",
NL,industry,2022.0,10.0,6.53,"entsog, CBS",
NL,industry,2022.0,11.0,6.72,"entsog, CBS",
NL,industry,2022.0,12.0,7.12,"entsog, CBS",
NL,industry,2023.0,1.0,6.92,"entsog, CBS",
NL,industry,2023.0,2.0,6.13,"entsog, CBS",
NL,industry,2023.0,3.0,7.18,"entsog, CBS",
NL,industry,2023.0,4.0,6.63,"entsog, CBS",
NL,industry,2023.0,5.0,6.59,"entsog, CBS",
NL,industry,2023.0,6.0,6.83,"entsog, CBS",
NL,industry,2023.0,7.0,6.82,"entsog, CBS",
NL,industry,2023.0,8.0,7.11,"entsog, CBS",
NL,industry,2023.0,9.0,7.22,"entsog, CBS",
NL,industry,2023.0,10.0,7.66,"entsog, CBS",
NL,industry,2023.0,11.0,7.19,"entsog, CBS",
NL,industry,2023.0,12.0,7.87,"entsog, CBS",
NL,industry,2024.0,1.0,8.33,"entsog, CBS",
NL,industry,2024.0,2.0,7.64,"entsog, CBS",
NL,industry,2024.0,3.0,7.84,"entsog, CBS",
NL,industry,2024.0,4.0,8.27,"entsog, CBS",
NL,industry,2024.0,5.0,8.32,"entsog, CBS",
NL,industry,2024.0,6.0,7.47,"entsog, CBS",
NL,industry,2024.0,7.0,7.13,"entsog, CBS",
NL,industry,2024.0,8.0,7.36,"entsog, CBS",
NL,industry,2024.0,9.0,7.28,"entsog, CBS",
NL,industry,2024.0,10.0,7.63,"entsog, CBS",
NL,industry,2024.0,11.0,7.56,"entsog, CBS",
NL,industry,2024.0,12.0,7.93,"entsog, CBS",
NL,industry,2025.0,1.0,7.91,"entsog, CBS",
NL,industry,2025.0,2.0,6.93,"entsog, CBS",
NL,industry,2025.0,3.0,7.23,"entsog, CBS",
NL,industry,2025.0,4.0,6.52,"entsog, CBS",
NL,industry,2025.0,5.0,6.82,"entsog, CBS",
NL,industry,2025.0,6.0,2.46,"entsog, CBS",
NL,industry,2025.0,10.0,2.6,"entsog, CBS",
NL,industry,2025.0,11.0,6.82,"entsog, CBS",
NL,power,2019.0,1.0,9.17,CBS,
NL,power,2019.0,2.0,8.16,CBS,
NL,power,2019.0,3.0,7.89,CBS,
NL,power,2019.0,4.0,6.51,CBS,
NL,power,2019.0,5.0,8.32,CBS,
NL,power,2019.0,6.0,7.39,CBS,
NL,power,2019.0,7.0,8.83,CBS,
NL,power,2019.0,8.0,8.91,CBS,
NL,power,2019.0,9.0,9.19,CBS,
NL,power,2019.0,10.0,9.59,CBS,
NL,power,2019.0,11.0,9.15,CBS,
NL,power,2019.0,12.0,7.64,CBS,
NL,power,2020.0,1.0,11.02,CBS,
NL,power,2020.0,2.0,8.15,CBS,
NL,power,2020.0,3.0,7.23,CBS,
NL,power,2020.0,4.0,6.09,CBS,
NL,power,2020.0,5.0,7.72,CBS,
NL,power,2020.0,6.0,8.66,CBS,
NL,power,2020.0,7.0,10.54,CBS,
NL,power,2020.0,8.0,11.25,CBS,
NL,power,2020.0,9.0,8.73,CBS,
NL,power,2020.0,10.0,7.47,CBS,
NL,power,2020.0,11.0,8.69,CBS,
NL,power,2020.0,12.0,8.58,CBS,
NL,power,2021.0,1.0,8.14,CBS,
NL,power,2021.0,2.0,8.19,CBS,
NL,power,2021.0,3.0,8.33,CBS,
NL,power,2021.0,4.0,5.93,CBS,
NL,power,2021.0,5.0,5.33,CBS,
NL,power,2021.0,6.0,7.16,CBS,
NL,power,2021.0,7.0,5.4,CBS,
NL,power,2021.0,8.0,2.33,CBS,
NL,power,2021.0,9.0,4.79,CBS,
NL,power,2021.0,10.0,3.74,CBS,
NL,power,2021.0,11.0,7.7,CBS,
NL,power,2021.0,12.0,6.78,CBS,
NL,power,2022.0,1.0,6.61,CBS,
NL,power,2022.0,2.0,3.82,CBS,
NL,power,2022.0,3.0,5.93,CBS,
NL,power,2022.0,4.0,4.01,CBS,
NL,power,2022.0,5.0,5.15,CBS,
NL,power,2022.0,6.0,5.73,CBS,
PT,household,2019.0,1.0,2.5,entsog,
PT,household,2019.0,2.0,2.21,entsog,
PT,household,2019.0,3.0,2.26,entsog,
PT,household,2019.0,4.0,2.13,entsog,
PT,household,2019.0,5.0,2.06,entsog,
PT,household,2019.0,6.0,1.88,entsog,
PT,household,2019.0,7.0,1.96,entsog,
PT,household,2019.0,8.0,1.67,entsog,
PT,household,2019.0,9.0,1.96,entsog,
PT,household,2019.0,10.0,2.12,entsog,
PT,household,2019.0,11.0,2.22,entsog,
PT,household,2019.0,12.0,2.18,entsog,
PT,household,2020.0,1.0,2.48,entsog,
PT,household,2020.0,2.0,2.18,entsog,
PT,household,2020.0,3.0,2.22,entsog,
PT,household,2020.0,4.0,1.72,entsog,
PT,household,2020.0,5.0,1.69,entsog,
PT,household,2020.0,6.0,1.69,entsog,
PT,household,2020.0,7.0,1.84,entsog,
PT,household,2020.0,8.0,1.69,entsog,
PT,household,2020.0,9.0,1.98,entsog,
PT,household,2020.0,10.0,2.12,entsog,
PT,household,2020.0,11.0,2.17,entsog,
PT,household,2020.0,12.0,2.21,entsog,
PT,household,2021.0,1.0,2.53,entsog,
PT,household,2021.0,2.0,2.1,entsog,
PT,household,2021.0,3.0,2.26,entsog,
PT,household,2021.0,4.0,2.06,entsog,
PT,household,2021.0,5.0,2.1,entsog,
PT,household,2021.0,6.0,1.92,entsog,
PT,household,2021.0,7.0,1.98,entsog,
PT,household,2021.0,8.0,1.71,entsog,
PT,household,2021.0,9.0,2.0,entsog,
PT,household,2021.0,10.0,1.97,entsog,
PT,household,2021.0,11.0,2.23,entsog,
PT,household,2021.0,12.0,2.15,entsog,
PT,household,2022.0,1.0,2.13,entsog,
PT,household,2022.0,2.0,2.01,entsog,
PT,household,2022.0,3.0,2.21,entsog,
PT,household,2022.0,4.0,1.92,entsog,
PT,household,2022.0,5.0,1.85,entsog,
PT,household,2022.0,6.0,1.77,entsog,
PT,household,2022.0,7.0,1.68,entsog,
PT,household,2022.0,8.0,1.46,entsog,
PT,household,2022.0,9.0,1.7,entsog,
PT,household,2022.0,10.0,1.68,entsog,
PT,household,2022.0,11.0,1.86,entsog,
PT,household,2022.0,12.0,1.8,entsog,
PT,household,2023.0,1.0,2.05,entsog,
PT,household,2023.0,2.0,1.86,entsog,
PT,household,2023.0,3.0,2.0,entsog,
PT,household,2023.0,4.0,1.62,entsog,
PT,household,2023.0,5.0,1.74,entsog,
PT,household,2023.0,6.0,1.61,entsog,
PT,household,2023.0,7.0,1.63,entsog,
PT,household,2023.0,8.0,1.42,entsog,
PT,household,2023.0,9.0,1.67,entsog,
PT,household,2023.0,10.0,1.65,entsog,
PT,household,2023.0,11.0,1.78,entsog,
PT,household,2023.0,12.0,1.78,entsog,
PT,household,2024.0,1.0,1.98,entsog,
PT,household,2024.0,2.0,1.8,entsog,
PT,household,2024.0,3.0,1.94,entsog,
PT,household,2024.0,4.0,1.73,entsog,
PT,household,2024.0,5.0,1.76,entsog,
PT,household,2024.0,6.0,1.6,entsog,
PT,household,2024.0,7.0,1.62,entsog,
PT,household,2024.0,8.0,1.34,entsog,
PT,household,2024.0,9.0,1.68,entsog,
PT,household,2024.0,10.0,1.74,entsog,
PT,household,2024.0,11.0,1.71,entsog,
PT,household,2024.0,12.0,1.75,entsog,
PT,household,2025.0,1.0,1.81,entsog,
PT,household,2025.0,2.0,1.69,entsog,
PT,household,2025.0,3.0,1.8,entsog,
PT,household,2025.0,4.0,1.53,entsog,
PT,household,2025.0,5.0,1.68,entsog,
PT,household,2025.0,6.0,0.56,entsog,
PT,household,2025.0,10.0,0.67,entsog,
PT,household,2025.0,11.0,1.75,entsog,
PT,industry-power,2019.0,1.0,3.06,entsog,
PT,industry-power,2019.0,2.0,2.33,entsog,
PT,industry-power,2019.0,3.0,2.03,entsog,
PT,industry-power,2019.0,4.0,2.67,entsog,
PT,industry-power,2019.0,5.0,3.59,entsog,
PT,industry-power,2019.0,6.0,4.16,entsog,
PT,industry-power,2019.0,7.0,4.56,entsog,
PT,industry-power,2019.0,8.0,4.15,entsog,
PT,industry-power,2019.0,9.0,3.82,entsog,
PT,industry-power,2019.0,10.0,4.19,entsog,
PT,industry-power,2019.0,11.0,3.44,entsog,
PT,industry-power,2019.0,12.0,2.96,entsog,
PT,industry-power,2020.0,1.0,4.07,entsog,
PT,industry-power,2020.0,2.0,3.06,entsog,
PT,industry-power,2020.0,3.0,2.94,entsog,
PT,industry-power,2020.0,4.0,1.79,entsog,
PT,industry-power,2020.0,5.0,2.11,entsog,
PT,industry-power,2020.0,6.0,3.19,entsog,
PT,industry-power,2020.0,7.0,4.54,entsog,
PT,industry-power,2020.0,8.0,4.41,entsog,
PT,industry-power,2020.0,9.0,4.59,entsog,
PT,industry-power,2020.0,10.0,3.94,entsog,
PT,industry-power,2020.0,11.0,3.62,entsog,
PT,industry-power,2020.0,12.0,2.7,entsog,
PT,industry-power,2021.0,1.0,3.25,entsog,
PT,industry-power,2021.0,2.0,1.82,entsog,
PT,industry-power,2021.0,3.0,2.56,entsog,
PT,industry-power,2021.0,4.0,3.49,entsog,
PT,industry-power,2021.0,5.0,2.62,entsog,
PT,industry-power,2021.0,6.0,3.83,entsog,
PT,industry-power,2021.0,7.0,3.2,entsog,
PT,industry-power,2021.0,8.0,3.08,entsog,
PT,industry-power,2021.0,9.0,3.79,entsog,
PT,industry-power,2021.0,10.0,3.17,entsog,
PT,industry-power,2021.0,11.0,3.19,entsog,
PT,industry-power,2021.0,12.0,2.68,entsog,
PT,industry-power,2022.0,1.0,3.27,entsog,
PT,industry-power,2022.0,2.0,2.78,entsog,
PT,industry-power,2022.0,3.0,2.97,entsog,
PT,industry-power,2022.0,4.0,2.54,entsog,
PT,industry-power,2022.0,5.0,3.05,entsog,
PT,industry-power,2022.0,6.0,3.56,entsog,
PT,industry-power,2022.0,7.0,3.81,entsog,
PT,industry-power,2022.0,8.0,3.73,entsog,
PT,industry-power,2022.0,9.0,3.26,entsog,
PT,industry-power,2022.0,10.0,3.2,entsog,
PT,industry-power,2022.0,11.0,3.31,entsog,
PT,industry-power,2022.0,12.0,2.25,entsog,
PT,industry-power,2023.0,1.0,1.75,entsog,
PT,industry-power,2023.0,2.0,2.88,entsog,
PT,industry-power,2023.0,3.0,1.88,entsog,
PT,industry-power,2023.0,4.0,1.71,entsog,
PT,industry-power,2023.0,5.0,1.91,entsog,
PT,industry-power,2023.0,6.0,2.68,entsog,
PT,industry-power,2023.0,7.0,2.94,entsog,
PT,industry-power,2023.0,8.0,2.54,entsog,
PT,industry-power,2023.0,9.0,2.65,entsog,
PT,industry-power,2023.0,10.0,1.85,entsog,
PT,industry-power,2023.0,11.0,1.71,entsog,
PT,industry-power,2023.0,12.0,1.76,entsog,
PT,industry-power,2024.0,1.0,2.04,entsog,
PT,industry-power,2024.0,2.0,1.59,entsog,
PT,industry-power,2024.0,3.0,1.68,entsog,
PT,industry-power,2024.0,4.0,0.98,entsog,
PT,industry-power,2024.0,5.0,0.88,entsog,
PT,industry-power,2024.0,6.0,0.92,entsog,
PT,industry-power,2024.0,7.0,1.39,entsog,
PT,industry-power,2024.0,8.0,1.42,entsog,
PT,industry-power,2024.0,9.0,1.41,entsog,
PT,industry-power,2024.0,10.0,1.53,entsog,
PT,industry-power,2024.0,11.0,1.78,entsog,
PT,industry-power,2024.0,12.0,2.17,entsog,
PT,industry-power,2025.0,1.0,1.86,entsog,
PT,industry-power,2025.0,2.0,1.63,entsog,
PT,industry-power,2025.0,3.0,1.46,entsog,
PT,industry-power,2025.0,4.0,1.15,entsog,
PT,industry-power,2025.0,5.0,2.07,entsog,
PT,industry-power,2025.0,6.0,0.7,entsog,
PT,industry-power,2025.0,10.0,0.83,entsog,
PT,industry-power,2025.0,11.0,2.14,entsog,
RO,household,2019.0,1.0,14.15,entsog,
RO,household,2019.0,2.0,10.86,entsog,
RO,household,2019.0,3.0,8.4,entsog,
RO,household,2019.0,4.0,5.96,entsog,
RO,household,2019.0,5.0,3.59,entsog,
RO,household,2019.0,6.0,2.29,entsog,
RO,household,2019.0,7.0,2.38,entsog,
RO,household,2019.0,8.0,2.27,entsog,
RO,household,2019.0,9.0,2.49,entsog,
RO,household,2019.0,10.0,4.66,entsog,
RO,household,2019.0,11.0,7.26,entsog,
RO,household,2019.0,12.0,11.38,entsog,
RO,household,2020.0,1.0,13.38,entsog,
RO,household,2020.0,2.0,10.42,entsog,
RO,household,2020.0,3.0,8.71,entsog,
RO,household,2020.0,4.0,5.28,entsog,
RO,household,2020.0,5.0,3.13,entsog,
RO,household,2020.0,6.0,2.47,entsog,
RO,household,2020.0,7.0,2.34,entsog,
RO,household,2020.0,8.0,2.21,entsog,
RO,household,2020.0,9.0,2.35,entsog,
RO,household,2020.0,10.0,4.63,entsog,
RO,household,2020.0,11.0,9.35,entsog,
RO,household,2020.0,12.0,11.39,entsog,
RO,household,2021.0,1.0,12.88,entsog,
RO,household,2021.0,2.0,11.28,entsog,
RO,household,2021.0,3.0,11.12,entsog,
RO,household,2021.0,4.0,7.66,entsog,
RO,household,2021.0,5.0,3.43,entsog,
RO,household,2021.0,6.0,2.73,entsog,
RO,household,2021.0,7.0,2.28,entsog,
RO,household,2021.0,8.0,2.21,entsog,
RO,household,2021.0,9.0,2.93,entsog,
RO,household,2021.0,10.0,6.49,entsog,
RO,household,2021.0,11.0,8.88,entsog,
RO,household,2021.0,12.0,12.18,entsog,
RO,household,2022.0,1.0,13.03,entsog,
RO,household,2022.0,2.0,10.05,entsog,
RO,household,2022.0,3.0,10.65,entsog,
RO,household,2022.0,4.0,5.52,entsog,
RO,household,2022.0,5.0,2.9,entsog,
RO,household,2022.0,6.0,2.21,entsog,
RO,household,2022.0,7.0,2.12,entsog,
RO,household,2022.0,8.0,2.12,entsog,
RO,household,2022.0,9.0,2.54,entsog,
RO,household,2022.0,10.0,3.94,entsog,
RO,household,2022.0,11.0,7.13,entsog,
RO,household,2022.0,12.0,10.88,entsog,
RO,household,2023.0,1.0,10.47,entsog,
RO,household,2023.0,2.0,10.68,entsog,
RO,household,2023.0,3.0,8.38,entsog,
RO,household,2023.0,4.0,6.22,entsog,
RO,household,2023.0,5.0,3.31,entsog,
RO,household,2023.0,6.0,2.07,entsog,
RO,household,2023.0,7.0,1.97,entsog,
RO,household,2023.0,8.0,1.76,entsog,
RO,household,2023.0,9.0,2.05,entsog,
RO,household,2023.0,10.0,3.41,entsog,
RO,household,2023.0,11.0,7.75,entsog,
RO,household,2023.0,12.0,11.19,entsog,
RO,household,2024.0,1.0,12.62,entsog,
RO,household,2024.0,2.0,8.5,entsog,
RO,household,2024.0,3.0,8.02,entsog,
RO,household,2024.0,4.0,3.56,entsog,
RO,household,2024.0,5.0,2.71,entsog,
RO,household,2024.0,6.0,1.89,entsog,
RO,household,2024.0,7.0,1.9,entsog,
RO,household,2024.0,8.0,1.84,entsog,
RO,household,2024.0,9.0,2.23,entsog,
RO,household,2024.0,10.0,4.85,entsog,
RO,household,2024.0,11.0,9.93,entsog,
RO,household,2024.0,12.0,11.5,entsog,
RO,household,2025.0,1.0,11.56,entsog,
RO,household,2025.0,2.0,12.06,entsog,
RO,household,2025.0,3.0,7.89,entsog,
RO,household,2025.0,4.0,5.32,entsog,
RO,household,2025.0,5.0,3.37,entsog,
RO,household,2025.0,6.0,0.76,entsog,
RO,household,2025.0,10.0,2.5,entsog,
RO,household,2025.0,11.0,7.89,entsog,
RO,industry-power,2019.0,1.0,4.25,entsog,
RO,industry-power,2019.0,2.0,3.52,entsog,
RO,industry-power,2019.0,3.0,3.05,entsog,
RO,industry-power,2019.0,4.0,2.13,entsog,
RO,industry-power,2019.0,5.0,1.83,entsog,
RO,industry-power,2019.0,6.0,1.05,entsog,
RO,industry-power,2019.0,7.0,2.36,entsog,
RO,industry-power,2019.0,8.0,2.88,entsog,
RO,industry-power,2019.0,9.0,3.19,entsog,
RO,industry-power,2019.0,10.0,3.79,entsog,
RO,industry-power,2019.0,11.0,3.18,entsog,
RO,industry-power,2019.0,12.0,3.15,entsog,
RO,industry-power,2020.0,1.0,4.5,entsog,
RO,industry-power,2020.0,2.0,3.62,entsog,
RO,industry-power,2020.0,3.0,2.87,entsog,
RO,industry-power,2020.0,4.0,2.52,entsog,
RO,industry-power,2020.0,5.0,2.61,entsog,
RO,industry-power,2020.0,6.0,2.92,entsog,
RO,industry-power,2020.0,7.0,3.53,entsog,
RO,industry-power,2020.0,8.0,3.76,entsog,
RO,industry-power,2020.0,9.0,3.77,entsog,
RO,industry-power,2020.0,10.0,3.0,entsog,
RO,industry-power,2020.0,11.0,4.06,entsog,
RO,industry-power,2020.0,12.0,4.3,entsog,
RO,industry-power,2021.0,1.0,3.73,entsog,
RO,industry-power,2021.0,2.0,3.39,entsog,
RO,industry-power,2021.0,3.0,3.69,entsog,
RO,industry-power,2021.0,4.0,2.64,entsog,
RO,industry-power,2021.0,5.0,2.36,entsog,
RO,industry-power,2021.0,6.0,2.2,entsog,
RO,industry-power,2021.0,7.0,2.66,entsog,
RO,industry-power,2021.0,8.0,2.73,entsog,
RO,industry-power,2021.0,9.0,2.73,entsog,
RO,industry-power,2021.0,10.0,2.97,entsog,
RO,industry-power,2021.0,11.0,3.22,entsog,
RO,industry-power,2021.0,12.0,3.37,entsog,
RO,industry-power,2022.0,1.0,3.0,entsog,
RO,industry-power,2022.0,2.0,2.66,entsog,
RO,industry-power,2022.0,3.0,1.84,entsog,
RO,industry-power,2022.0,4.0,1.49,entsog,
RO,industry-power,2022.0,5.0,2.55,entsog,
RO,industry-power,2022.0,6.0,2.41,entsog,
RO,industry-power,2022.0,7.0,2.07,entsog,
RO,industry-power,2022.0,8.0,1.94,entsog,
RO,industry-power,2022.0,9.0,2.11,entsog,
RO,industry-power,2022.0,10.0,2.16,entsog,
RO,industry-power,2022.0,11.0,2.45,entsog,
RO,industry-power,2022.0,12.0,2.19,entsog,
RO,industry-power,2023.0,1.0,2.47,entsog,
RO,industry-power,2023.0,2.0,2.36,entsog,
RO,industry-power,2023.0,3.0,1.48,entsog,
RO,industry-power,2023.0,4.0,1.06,entsog,
RO,industry-power,2023.0,5.0,1.1,entsog,
RO,industry-power,2023.0,6.0,1.13,entsog,
RO,industry-power,2023.0,7.0,1.93,entsog,
RO,industry-power,2023.0,8.0,1.98,entsog,
RO,industry-power,2023.0,9.0,1.98,entsog,
RO,industry-power,2023.0,10.0,2.62,entsog,
RO,industry-power,2023.0,11.0,3.1,entsog,
RO,industry-power,2023.0,12.0,2.86,entsog,
RO,industry-power,2024.0,1.0,3.14,entsog,
RO,industry-power,2024.0,2.0,2.89,entsog,
RO,industry-power,2024.0,3.0,2.96,entsog,
RO,industry-power,2024.0,4.0,1.71,entsog,
RO,industry-power,2024.0,5.0,1.61,entsog,
RO,industry-power,2024.0,6.0,1.88,entsog,
RO,industry-power,2024.0,7.0,2.51,entsog,
RO,industry-power,2024.0,8.0,2.09,entsog,
RO,industry-power,2024.0,9.0,1.86,entsog,
RO,industry-power,2024.0,10.0,2.03,entsog,
RO,industry-power,2024.0,11.0,2.39,entsog,
RO,industry-power,2024.0,12.0,2.52,entsog,
RO,industry-power,2025.0,1.0,2.85,entsog,
RO,industry-power,2025.0,2.0,2.54,entsog,
RO,industry-power,2025.0,3.0,1.88,entsog,
RO,industry-power,2025.0,4.0,0.95,entsog,
RO,industry-power,2025.0,5.0,1.49,entsog,
RO,industry-power,2025.0,6.0,0.57,entsog,
RO,industry-power,2025.0,10.0,0.99,entsog,
RO,industry-power,2025.0,11.0,2.45,entsog,
SE,total,2019.0,1.0,131.4,eurostat,
SE,total,2019.0,2.0,105.12,eurostat,
SE,total,2019.0,3.0,127.36,eurostat,
SE,total,2019.0,4.0,102.09,eurostat,
SE,total,2019.0,5.0,125.34,eurostat,
SE,total,2019.0,6.0,62.67,eurostat,
SE,total,2019.0,7.0,62.67,eurostat,
SE,total,2019.0,8.0,75.81,eurostat,
SE,total,2019.0,9.0,66.71,eurostat,
SE,total,2019.0,10.0,66.71,eurostat,
SE,total,2019.0,11.0,99.06,eurostat,
SE,total,2019.0,12.0,119.27,eurostat,
SE,total,2020.0,1.0,117.25,eurostat,
SE,total,2020.0,2.0,116.14,eurostat,
SE,total,2020.0,3.0,95.02,eurostat,
SE,total,2020.0,4.0,75.27,eurostat,
SE,total,2020.0,5.0,78.34,eurostat,
SE,total,2020.0,6.0,84.62,eurostat,
SE,total,2020.0,7.0,54.08,eurostat,
SE,total,2020.0,8.0,86.42,eurostat,
SE,total,2020.0,9.0,81.27,eurostat,
SE,total,2020.0,10.0,163.75,eurostat,
SE,total,2020.0,11.0,143.53,eurostat,
SE,total,2020.0,12.0,178.91,eurostat,
SE,total,2021.0,1.0,185.99,eurostat,
SE,total,2021.0,2.0,156.67,eurostat,
SE,total,2021.0,3.0,117.25,eurostat,
SE,total,2021.0,4.0,101.08,eurostat,
SE,total,2021.0,5.0,64.29,eurostat,
SE,total,2021.0,6.0,104.82,eurostat,
SE,total,2021.0,7.0,64.69,eurostat,
SE,total,2021.0,8.0,81.59,eurostat,
SE,total,2021.0,9.0,74.04,eurostat,
SE,total,2021.0,10.0,91.14,eurostat,
SE,total,2021.0,11.0,103.93,eurostat,
SE,total,2021.0,12.0,116.18,eurostat,
SE,total,2022.0,1.0,103.28,eurostat,
SE,total,2022.0,2.0,82.63,eurostat,
SE,total,2022.0,3.0,60.28,eurostat,
SE,total,2022.0,4.0,55.61,eurostat,
SE,total,2022.0,5.0,50.76,eurostat,
SE,total,2022.0,6.0,37.61,eurostat,
SE,total,2022.0,7.0,53.15,eurostat,
SE,total,2022.0,8.0,54.44,eurostat,
SE,total,2022.0,9.0,43.42,eurostat,
SE,total,2022.0,10.0,55.3,eurostat,
SE,total,2022.0,11.0,54.12,eurostat,
SE,total,2022.0,12.0,82.58,eurostat,
SE,total,2023.0,1.0,78.27,eurostat,
SE,total,2023.0,2.0,68.98,eurostat,
SE,total,2023.0,3.0,86.43,eurostat,
SE,total,2023.0,4.0,49.32,eurostat,
SE,total,2023.0,5.0,53.53,eurostat,
SE,total,2023.0,6.0,52.63,eurostat,
SE,total,2023.0,7.0,48.48,eurostat,
SE,total,2023.0,8.0,51.49,eurostat,
SE,total,2023.0,9.0,65.01,eurostat,
SE,total,2023.0,10.0,64.39,eurostat,
SE,total,2023.0,11.0,83.51,eurostat,
SE,total,2023.0,12.0,92.88,eurostat,
SE,total,2024.0,1.0,127.48,eurostat,
SE,total,2024.0,2.0,89.65,eurostat,
SE,total,2024.0,3.0,72.33,eurostat,
SE,total,2024.0,4.0,80.57,eurostat,
SE,total,2024.0,5.0,60.21,eurostat,
SE,total,2024.0,6.0,52.2,eurostat,
SE,total,2024.0,7.0,55.63,eurostat,
SE,total,2024.0,8.0,61.44,eurostat,
SE,total,2024.0,9.0,59.73,eurostat,
SE,total,2024.0,10.0,50.78,eurostat,
SE,total,2024.0,11.0,80.08,eurostat,
SE,total,2024.0,12.0,73.54,eurostat,
SE,total,2025.0,1.0,82.02,eurostat,
SE,total,2025.0,2.0,80.55,eurostat,
SE,total,2025.0,3.0,54.43,eurostat,
SE,total,2025.0,4.0,56.94,eurostat,
SE,total,2025.0,5.0,47.3,eurostat,
SE,total,2025.0,6.0,54.62,eurostat,
SE,total,2025.0,7.0,49.94,eurostat,
SE,total,2025.0,8.0,63.49,eurostat,
SE,total,2025.0,9.0,45.88,eurostat,
SE,total,2025.0,10.0,67.58,eurostat,
SE,total,2025.0,11.0,0.0,eurostat,
SK,total,2019.0,1.0,768.21,eurostat,
SK,total,2019.0,2.0,585.25,eurostat,
SK,total,2019.0,3.0,509.44,eurostat,
SK,total,2019.0,4.0,351.76,eurostat,
SK,total,2019.0,5.0,332.55,eurostat,
SK,total,2019.0,6.0,194.07,eurostat,
SK,total,2019.0,7.0,230.46,eurostat,
SK,total,2019.0,8.0,227.43,eurostat,
SK,total,2019.0,9.0,259.78,eurostat,
SK,total,2019.0,10.0,388.15,eurostat,
SK,total,2019.0,11.0,480.13,eurostat,
SK,total,2019.0,12.0,637.81,eurostat,
SK,total,2020.0,1.0,740.65,eurostat,
SK,total,2020.0,2.0,576.67,eurostat,
SK,total,2020.0,3.0,531.33,eurostat,
SK,total,2020.0,4.0,352.6,eurostat,
SK,total,2020.0,5.0,302.19,eurostat,
SK,total,2020.0,6.0,244.09,eurostat,
SK,total,2020.0,7.0,232.03,eurostat,
SK,total,2020.0,8.0,221.94,eurostat,
SK,total,2020.0,9.0,263.48,eurostat,
SK,total,2020.0,10.0,433.95,eurostat,
SK,total,2020.0,11.0,575.29,eurostat,
SK,total,2020.0,12.0,654.47,eurostat,
SK,total,2021.0,1.0,738.02,eurostat,
SK,total,2021.0,2.0,667.3,eurostat,
SK,total,2021.0,3.0,640.99,eurostat,
SK,total,2021.0,4.0,506.11,eurostat,
SK,total,2021.0,5.0,336.45,eurostat,
SK,total,2021.0,6.0,253.53,eurostat,
SK,total,2021.0,7.0,244.59,eurostat,
SK,total,2021.0,8.0,237.42,eurostat,
SK,total,2021.0,9.0,282.99,eurostat,
SK,total,2021.0,10.0,442.91,eurostat,
SK,total,2021.0,11.0,577.37,eurostat,
SK,total,2021.0,12.0,710.23,eurostat,
SK,total,2022.0,1.0,712.65,eurostat,
SK,total,2022.0,2.0,560.77,eurostat,
SK,total,2022.0,3.0,549.42,eurostat,
SK,total,2022.0,4.0,421.98,eurostat,
SK,total,2022.0,5.0,238.16,eurostat,
SK,total,2022.0,6.0,193.93,eurostat,
SK,total,2022.0,7.0,196.14,eurostat,
SK,total,2022.0,8.0,167.17,eurostat,
SK,total,2022.0,9.0,190.25,eurostat,
SK,total,2022.0,10.0,298.49,eurostat,
SK,total,2022.0,11.0,451.34,eurostat,
SK,total,2022.0,12.0,587.07,eurostat,
SK,total,2023.0,1.0,545.31,eurostat,
SK,total,2023.0,2.0,541.19,eurostat,
SK,total,2023.0,3.0,475.17,eurostat,
SK,total,2023.0,4.0,380.38,eurostat,
SK,total,2023.0,5.0,261.79,eurostat,
SK,total,2023.0,6.0,203.94,eurostat,
SK,total,2023.0,7.0,191.09,eurostat,
SK,total,2023.0,8.0,160.08,eurostat,
SK,total,2023.0,9.0,160.13,eurostat,
SK,total,2023.0,10.0,292.89,eurostat,
SK,total,2023.0,11.0,472.3,eurostat,
SK,total,2023.0,12.0,598.45,eurostat,
SK,total,2024.0,1.0,654.87,eurostat,
SK,total,2024.0,2.0,461.1,eurostat,
SK,total,2024.0,3.0,440.01,eurostat,
SK,total,2024.0,4.0,318.17,eurostat,
SK,total,2024.0,5.0,215.15,eurostat,
SK,total,2024.0,6.0,194.33,eurostat,
SK,total,2024.0,7.0,193.12,eurostat,
SK,total,2024.0,8.0,203.94,eurostat,
SK,total,2024.0,9.0,232.27,eurostat,
SK,total,2024.0,10.0,360.55,eurostat,
SK,total,2024.0,11.0,556.17,eurostat,
SK,total,2024.0,12.0,614.65,eurostat,
SK,total,2025.0,1.0,650.82,eurostat,
SK,total,2025.0,2.0,588.57,eurostat,
SK,total,2025.0,3.0,467.29,eurostat,
SK,total,2025.0,4.0,335.41,eurostat,
SK,total,2025.0,5.0,239.09,eurostat,
SK,total,2025.0,6.0,160.55,eurostat,
SK,total,2025.0,7.0,193.81,eurostat,
SK,total,2025.0,8.0,197.59,eurostat,
SK,total,2025.0,9.0,236.13,eurostat,
SK,total,2025.0,10.0,407.35,eurostat,
SK,total,2025.0,11.0,529.55,eurostat,
UK,household,2020.0,1.0,30.48,national-grid,
UK,household,2020.0,2.0,67.17,national-grid,
UK,household,2020.0,3.0,63.32,national-grid,
UK,household,2020.0,4.0,34.78,national-grid,
UK,household,2020.0,5.0,26.88,national-grid,
UK,household,2020.0,6.0,21.37,national-grid,
UK,household,2020.0,7.0,20.46,national-grid,
UK,household,2020.0,8.0,18.99,national-grid,
UK,household,2020.0,9.0,24.94,national-grid,
UK,household,2020.0,10.0,45.0,national-grid,
UK,household,2020.0,11.0,54.04,national-grid,
UK,household,2020.0,12.0,71.25,national-grid,
UK,household,2021.0,1.0,82.41,national-grid,
UK,household,2021.0,2.0,67.93,national-grid,
UK,household,2021.0,3.0,62.11,national-grid,
UK,household,2021.0,4.0,51.51,national-grid,
UK,household,2021.0,5.0,40.79,national-grid,
UK,household,2021.0,6.0,20.01,national-grid,
UK,household,2021.0,7.0,18.04,national-grid,
UK,household,2021.0,8.0,19.17,national-grid,
UK,household,2021.0,9.0,20.93,national-grid,
UK,household,2021.0,10.0,36.3,national-grid,
UK,household,2021.0,11.0,57.06,national-grid,
UK,household,2021.0,12.0,66.53,national-grid,
UK,household,2022.0,1.0,73.0,national-grid,
UK,household,2022.0,2.0,59.5,national-grid,
UK,household,2022.0,3.0,52.99,national-grid,
UK,household,2022.0,4.0,39.08,national-grid,
UK,household,2022.0,5.0,25.17,national-grid,
UK,household,2022.0,6.0,18.88,national-grid,
UK,household,2022.0,7.0,17.05,national-grid,
UK,household,2022.0,8.0,16.28,national-grid,
UK,household,2022.0,9.0,20.69,national-grid,
UK,household,2022.0,10.0,28.92,national-grid,
UK,household,2022.0,11.0,44.6,national-grid,
UK,household,2022.0,12.0,67.59,national-grid,
UK,household,2023.0,1.0,65.21,national-grid,
UK,household,2023.0,2.0,52.16,national-grid,
UK,household,2023.0,3.0,55.02,national-grid,
UK,household,2023.0,4.0,38.63,national-grid,
UK,household,2023.0,5.0,23.68,national-grid,
UK,household,2023.0,6.0,16.68,national-grid,
UK,household,2023.0,7.0,16.96,national-grid,
UK,household,2023.0,8.0,16.61,national-grid,
UK,household,2023.0,9.0,17.79,national-grid,
UK,household,2023.0,10.0,30.93,national-grid,
UK,household,2023.0,11.0,51.29,national-grid,
UK,household,2023.0,12.0,58.0,national-grid,
UK,household,2024.0,1.0,67.75,national-grid,
UK,household,2024.0,2.0,51.38,national-grid,
UK,household,2024.0,3.0,50.55,national-grid,
UK,household,2024.0,4.0,38.62,national-grid,
UK,household,2024.0,5.0,22.79,national-grid,
UK,household,2024.0,6.0,19.34,national-grid,
UK,household,2024.0,7.0,17.61,national-grid,
UK,household,2024.0,8.0,16.24,national-grid,
UK,household,2024.0,9.0,22.1,national-grid,
UK,household,2024.0,10.0,34.37,national-grid,
UK,household,2024.0,11.0,51.41,national-grid,
UK,household,2024.0,12.0,58.02,national-grid,
UK,household,2025.0,1.0,72.16,national-grid,
UK,household,2025.0,2.0,59.38,national-grid,
UK,household,2025.0,3.0,48.5,national-grid,
UK,household,2025.0,4.0,30.24,national-grid,
UK,household,2025.0,5.0,21.27,national-grid,
UK,household,2025.0,6.0,16.71,national-grid,
UK,household,2025.0,7.0,15.19,national-grid,
UK,household,2025.0,8.0,15.46,national-grid,
UK,household,2025.0,9.0,21.23,national-grid,
UK,household,2025.0,10.0,34.14,national-grid,
UK,household,2025.0,11.0,48.9,national-grid,
UK,industry,2020.0,1.0,2.02,national-grid,
UK,industry,2020.0,2.0,3.66,national-grid,
UK,industry,2020.0,3.0,3.9,national-grid,
UK,industry,2020.0,4.0,3.39,national-grid,
UK,industry,2020.0,5.0,4.65,national-grid,
UK,industry,2020.0,6.0,3.45,national-grid,
UK,industry,2020.0,7.0,4.83,national-grid,
UK,industry,2020.0,8.0,4.21,national-grid,
UK,industry,2020.0,9.0,3.66,national-grid,
UK,industry,2020.0,10.0,5.68,national-grid,
UK,industry,2020.0,11.0,3.37,national-grid,
UK,industry,2020.0,12.0,3.74,national-grid,
UK,industry,2021.0,1.0,3.56,national-grid,
UK,industry,2021.0,2.0,3.29,national-grid,
UK,industry,2021.0,3.0,3.55,national-grid,
UK,industry,2021.0,4.0,3.28,national-grid,
UK,industry,2021.0,5.0,3.46,national-grid,
UK,industry,2021.0,6.0,2.66,national-grid,
UK,industry,2021.0,7.0,2.63,national-grid,
UK,industry,2021.0,8.0,2.1,national-grid,
UK,industry,2021.0,9.0,1.75,national-grid,
UK,industry,2021.0,10.0,2.01,national-grid,
UK,industry,2021.0,11.0,2.13,national-grid,
UK,industry,2021.0,12.0,1.75,national-grid,
UK,industry,2022.0,1.0,1.79,national-grid,
UK,industry,2022.0,2.0,1.36,national-grid,
UK,industry,2022.0,3.0,2.14,national-grid,
UK,industry,2022.0,4.0,1.89,national-grid,
UK,industry,2022.0,5.0,1.93,national-grid,
UK,industry,2022.0,6.0,2.12,national-grid,
UK,industry,2022.0,7.0,2.31,national-grid,
UK,industry,2022.0,8.0,2.26,national-grid,
UK,industry,2022.0,9.0,1.71,national-grid,
UK,industry,2022.0,10.0,1.44,national-grid,
UK,industry,2022.0,11.0,1.9,national-grid,
UK,industry,2022.0,12.0,1.99,national-grid,
UK,industry,2023.0,1.0,1.84,national-grid,
UK,industry,2023.0,2.0,1.64,national-grid,
UK,industry,2023.0,3.0,1.78,national-grid,
UK,industry,2023.0,4.0,1.34,national-grid,
UK,industry,2023.0,5.0,1.39,national-grid,
UK,industry,2023.0,6.0,1.35,national-grid,
UK,industry,2023.0,7.0,1.25,national-grid,
UK,industry,2023.0,8.0,1.52,national-grid,
UK,industry,2023.0,9.0,1.69,national-grid,
UK,industry,2023.0,10.0,1.63,national-grid,
UK,industry,2023.0,11.0,1.76,national-grid,
UK,industry,2023.0,12.0,1.65,national-grid,
UK,industry,2024.0,1.0,1.97,national-grid,
UK,industry,2024.0,2.0,1.82,national-grid,
UK,industry,2024.0,3.0,1.78,national-grid,
UK,industry,2024.0,4.0,1.26,national-grid,
UK,industry,2024.0,5.0,1.32,national-grid,
UK,industry,2024.0,6.0,1.37,national-grid,
UK,industry,2024.0,7.0,1.27,national-grid,
UK,industry,2024.0,8.0,1.05,national-grid,
UK,industry,2024.0,9.0,1.06,national-grid,
UK,industry,2024.0,10.0,1.13,national-grid,
UK,industry,2024.0,11.0,1.54,national-grid,
UK,industry,2024.0,12.0,1.72,national-grid,
UK,industry,2025.0,1.0,1.95,national-grid,
UK,industry,2025.0,2.0,1.22,national-grid,
UK,industry,2025.0,3.0,0.97,national-grid,
UK,industry,2025.0,4.0,0.87,national-grid,
UK,industry,2025.0,5.0,0.89,national-grid,
UK,industry,2025.0,6.0,0.79,national-grid,
UK,industry,2025.0,7.0,0.9,national-grid,
UK,industry,2025.0,8.0,0.96,national-grid,
UK,industry,2025.0,9.0,0.82,national-grid,
UK,industry,2025.0,10.0,0.97,national-grid,
UK,industry,2025.0,11.0,0.95,national-grid,
BE,total,2025.0,11.0,1.4,calculated,
DE,total,2019.0,1.0,71.05,calculated,
DE,total,2019.0,2.0,51.66,calculated,
DE,total,2019.0,3.0,46.04,calculated,
DE,total,2019.0,4.0,28.59,calculated,
DE,total,2019.0,5.0,23.99,calculated,
DE,total,2019.0,6.0,7.47,calculated,
DE,total,2019.0,7.0,7.56,calculated,
DE,total,2019.0,8.0,7.07,calculated,
DE,total,2019.0,9.0,13.17,calculated,
DE,total,2019.0,10.0,27.93,calculated,
DE,total,2019.0,11.0,49.77,calculated,
DE,total,2019.0,12.0,58.78,calculated,
DE,total,2020.0,1.0,61.04,calculated,
DE,total,2020.0,2.0,51.59,calculated,
DE,total,2020.0,3.0,48.58,calculated,
DE,total,2020.0,4.0,24.9,calculated,
DE,total,2020.0,5.0,19.5,calculated,
DE,total,2020.0,6.0,9.84,calculated,
DE,total,2020.0,7.0,8.49,calculated,
DE,total,2020.0,8.0,6.94,calculated,
DE,total,2020.0,9.0,12.42,calculated,
DE,total,2020.0,10.0,31.65,calculated,
DE,total,2020.0,11.0,44.91,calculated,
DE,total,2020.0,12.0,60.48,calculated,
DE,total,2021.0,1.0,70.49,calculated,
DE,total,2021.0,2.0,59.64,calculated,
DE,total,2021.0,3.0,52.42,calculated,
DE,total,2021.0,4.0,41.67,calculated,
DE,total,2021.0,5.0,26.78,calculated,
DE,total,2021.0,6.0,8.1,calculated,
DE,total,2021.0,7.0,7.84,calculated,
DE,total,2021.0,8.0,9.52,calculated,
DE,total,2021.0,9.0,12.33,calculated,
DE,total,2021.0,10.0,31.59,calculated,
DE,total,2021.0,11.0,50.07,calculated,
DE,total,2021.0,12.0,62.99,calculated,
DE,total,2022.0,1.0,63.86,calculated,
DE,total,2022.0,2.0,52.02,calculated,
DE,total,2022.0,3.0,46.04,calculated,
DE,total,2022.0,4.0,33.6,calculated,
DE,total,2022.0,5.0,13.18,calculated,
DE,total,2022.0,6.0,7.98,calculated,
DE,total,2022.0,7.0,6.57,calculated,
DE,total,2022.0,8.0,5.74,calculated,
DE,total,2022.0,9.0,12.15,calculated,
DE,total,2022.0,10.0,18.2,calculated,
DE,total,2022.0,11.0,35.52,calculated,
DE,total,2022.0,12.0,58.0,calculated,
DE,total,2023.0,1.0,52.98,calculated,
DE,total,2023.0,2.0,47.85,calculated,
DE,total,2023.0,3.0,43.68,calculated,
DE,total,2023.0,4.0,31.5,calculated,
DE,total,2023.0,5.0,14.72,calculated,
DE,total,2023.0,6.0,6.72,calculated,
DE,total,2023.0,7.0,6.51,calculated,
DE,total,2023.0,8.0,6.98,calculated,
DE,total,2023.0,9.0,7.29,calculated,
DE,total,2023.0,10.0,20.24,calculated,
DE,total,2023.0,11.0,42.24,calculated,
DE,total,2023.0,12.0,53.51,calculated,
DE,total,2024.0,1.0,63.27,calculated,
DE,total,2024.0,2.0,41.27,calculated,
DE,total,2024.0,3.0,36.8,calculated,
DE,total,2024.0,4.0,26.04,calculated,
DE,total,2024.0,5.0,11.16,calculated,
DE,total,2024.0,6.0,8.88,calculated,
DE,total,2024.0,7.0,6.7,calculated,
DE,total,2024.0,8.0,5.89,calculated,
DE,total,2024.0,9.0,10.59,calculated,
DE,total,2024.0,10.0,23.99,calculated,
DE,total,2024.0,11.0,43.92,calculated,
DE,total,2024.0,12.0,55.55,calculated,
DE,total,2025.0,1.0,61.63,calculated,
DE,total,2025.0,2.0,53.96,calculated,
DE,total,2025.0,3.0,39.8,calculated,
DE,total,2025.0,4.0,22.32,calculated,
DE,total,2025.0,5.0,14.17,calculated,
DE,total,2025.0,6.0,7.35,calculated,
DE,total,2025.0,7.0,6.51,calculated,
DE,total,2025.0,8.0,6.73,calculated,
DE,total,2025.0,9.0,10.98,calculated,
DE,total,2025.0,10.0,27.34,calculated,
DE,total,2025.0,11.0,44.01,calculated,
FR,total,2019.0,1.0,67.48,calculated,
FR,total,2019.0,2.0,51.15,calculated,
FR,total,2019.0,3.0,46.62,calculated,
FR,total,2019.0,4.0,33.87,calculated,
FR,total,2019.0,5.0,27.55,calculated,
FR,total,2019.0,6.0,17.93,calculated,
FR,total,2019.0,7.0,16.68,calculated,
FR,total,2019.0,8.0,14.98,calculated,
FR,total,2019.0,9.0,17.94,calculated,
FR,total,2019.0,10.0,28.33,calculated,
FR,total,2019.0,11.0,50.25,calculated,
FR,total,2019.0,12.0,55.86,calculated,
FR,total,2020.0,1.0,58.98,calculated,
FR,total,2020.0,2.0,48.85,calculated,
FR,total,2020.0,3.0,46.0,calculated,
FR,total,2020.0,4.0,23.61,calculated,
FR,total,2020.0,5.0,20.71,calculated,
FR,total,2020.0,6.0,17.36,calculated,
FR,total,2020.0,7.0,16.41,calculated,
FR,total,2020.0,8.0,14.18,calculated,
FR,total,2020.0,9.0,18.88,calculated,
FR,total,2020.0,10.0,34.7,calculated,
FR,total,2020.0,11.0,44.13,calculated,
FR,total,2020.0,12.0,56.16,calculated,
FR,total,2021.0,1.0,64.98,calculated,
FR,total,2021.0,2.0,50.15,calculated,
FR,total,2021.0,3.0,48.79,calculated,
FR,total,2021.0,4.0,36.36,calculated,
FR,total,2021.0,5.0,27.96,calculated,
FR,total,2021.0,6.0,16.99,calculated,
FR,total,2021.0,7.0,16.08,calculated,
FR,total,2021.0,8.0,14.85,calculated,
FR,total,2021.0,9.0,17.3,calculated,
FR,total,2021.0,10.0,30.46,calculated,
FR,total,2021.0,11.0,50.75,calculated,
FR,total,2021.0,12.0,56.74,calculated,
FR,total,2022.0,1.0,62.13,calculated,
FR,total,2022.0,2.0,46.87,calculated,
FR,total,2022.0,3.0,41.25,calculated,
FR,total,2022.0,4.0,30.59,calculated,
FR,total,2022.0,5.0,17.98,calculated,
FR,total,2022.0,6.0,15.22,calculated,
FR,total,2022.0,7.0,14.11,calculated,
FR,total,2022.0,8.0,12.73,calculated,
FR,total,2022.0,9.0,16.89,calculated,
FR,total,2022.0,10.0,20.05,calculated,
FR,total,2022.0,11.0,34.86,calculated,
FR,total,2022.0,12.0,51.34,calculated,
FR,total,2023.0,1.0,51.12,calculated,
FR,total,2023.0,2.0,44.55,calculated,
FR,total,2023.0,3.0,39.87,calculated,
FR,total,2023.0,4.0,27.95,calculated,
FR,total,2023.0,5.0,17.68,calculated,
FR,total,2023.0,6.0,13.62,calculated,
FR,total,2023.0,7.0,13.04,calculated,
FR,total,2023.0,8.0,12.14,calculated,
FR,total,2023.0,9.0,14.28,calculated,
FR,total,2023.0,10.0,20.86,calculated,
FR,total,2023.0,11.0,38.27,calculated,
FR,total,2023.0,12.0,45.61,calculated,
FR,total,2024.0,1.0,53.31,calculated,
FR,total,2024.0,2.0,38.66,calculated,
FR,total,2024.0,3.0,35.81,calculated,
FR,total,2024.0,4.0,25.86,calculated,
FR,total,2024.0,5.0,18.26,calculated,
FR,total,2024.0,6.0,14.7,calculated,
FR,total,2024.0,7.0,13.59,calculated,
FR,total,2024.0,8.0,11.53,calculated,
FR,total,2024.0,9.0,15.84,calculated,
FR,total,2024.0,10.0,22.7,calculated,
FR,total,2024.0,11.0,37.84,calculated,
FR,total,2024.0,12.0,47.58,calculated,
FR,total,2025.0,1.0,52.61,calculated,
FR,total,2025.0,2.0,43.07,calculated,
FR,total,2025.0,3.0,36.35,calculated,
FR,total,2025.0,4.0,21.42,calculated,
FR,total,2025.0,5.0,15.64,calculated,
FR,total,2025.0,6.0,12.13,calculated,
FR,total,2025.0,7.0,11.52,calculated,
FR,total,2025.0,8.0,10.3,calculated,
FR,total,2025.0,9.0,14.65,calculated,
FR,total,2025.0,10.0,22.76,calculated,
FR,total,2025.0,11.0,35.91,calculated,
HU,total,2019.0,1.0,17.58,calculated,
HU,total,2019.0,2.0,12.81,calculated,
HU,total,2019.0,3.0,10.33,calculated,
HU,total,2019.0,4.0,7.34,calculated,
HU,total,2019.0,5.0,6.61,calculated,
HU,total,2019.0,6.0,3.92,calculated,
HU,total,2019.0,7.0,4.17,calculated,
HU,total,2019.0,8.0,4.58,calculated,
HU,total,2019.0,9.0,5.44,calculated,
HU,total,2019.0,10.0,8.4,calculated,
HU,total,2019.0,11.0,10.78,calculated,
HU,total,2019.0,12.0,14.51,calculated,
HU,total,2020.0,1.0,17.61,calculated,
HU,total,2020.0,2.0,13.13,calculated,
HU,total,2020.0,3.0,11.86,calculated,
HU,total,2020.0,4.0,7.34,calculated,
HU,total,2020.0,5.0,5.48,calculated,
HU,total,2020.0,6.0,4.51,calculated,
HU,total,2020.0,7.0,4.73,calculated,
HU,total,2020.0,8.0,4.49,calculated,
HU,total,2020.0,9.0,5.29,calculated,
HU,total,2020.0,10.0,9.23,calculated,
HU,total,2020.0,11.0,13.06,calculated,
HU,total,2020.0,12.0,14.37,calculated,
HU,total,2021.0,1.0,16.29,calculated,
HU,total,2021.0,2.0,13.93,calculated,
HU,total,2021.0,3.0,12.91,calculated,
HU,total,2021.0,4.0,10.04,calculated,
HU,total,2021.0,5.0,6.49,calculated,
HU,total,2021.0,6.0,4.43,calculated,
HU,total,2021.0,7.0,4.63,calculated,
HU,total,2021.0,8.0,4.59,calculated,
HU,total,2021.0,9.0,4.85,calculated,
HU,total,2021.0,10.0,9.84,calculated,
HU,total,2021.0,11.0,13.12,calculated,
HU,total,2021.0,12.0,16.37,calculated,
HU,total,2022.0,1.0,16.37,calculated,
HU,total,2022.0,2.0,13.07,calculated,
HU,total,2022.0,3.0,12.75,calculated,
HU,total,2022.0,4.0,8.87,calculated,
HU,total,2022.0,5.0,4.41,calculated,
HU,total,2022.0,6.0,3.95,calculated,
HU,total,2022.0,7.0,4.16,calculated,
HU,total,2022.0,8.0,3.56,calculated,
HU,total,2022.0,9.0,4.42,calculated,
HU,total,2022.0,10.0,5.71,calculated,
HU,total,2022.0,11.0,9.7,calculated,
HU,total,2022.0,12.0,12.44,calculated,
HU,total,2023.0,1.0,11.85,calculated,
HU,total,2023.0,2.0,11.53,calculated,
HU,total,2023.0,3.0,9.46,calculated,
HU,total,2023.0,4.0,7.57,calculated,
HU,total,2023.0,5.0,4.79,calculated,
HU,total,2023.0,6.0,3.94,calculated,
HU,total,2023.0,7.0,4.04,calculated,
HU,total,2023.0,8.0,3.76,calculated,
HU,total,2023.0,9.0,3.94,calculated,
HU,total,2023.0,10.0,6.0,calculated,
HU,total,2023.0,11.0,9.78,calculated,
HU,total,2023.0,12.0,12.43,calculated,
HU,total,2024.0,1.0,13.73,calculated,
HU,total,2024.0,2.0,9.31,calculated,
HU,total,2024.0,3.0,8.49,calculated,
HU,total,2024.0,4.0,5.98,calculated,
HU,total,2024.0,5.0,4.41,calculated,
HU,total,2024.0,6.0,3.77,calculated,
HU,total,2024.0,7.0,3.74,calculated,
HU,total,2024.0,8.0,3.57,calculated,
HU,total,2024.0,9.0,4.45,calculated,
HU,total,2024.0,10.0,7.17,calculated,
HU,total,2024.0,11.0,11.65,calculated,
HU,total,2024.0,12.0,13.29,calculated,
HU,total,2025.0,1.0,13.17,calculated,
HU,total,2025.0,2.0,12.72,calculated,
HU,total,2025.0,3.0,8.91,calculated,
HU,total,2025.0,4.0,6.18,calculated,
HU,total,2025.0,5.0,4.97,calculated,
HU,total,2025.0,6.0,1.28,calculated,
HU,total,2025.0,10.0,3.27,calculated,
HU,total,2025.0,11.0,10.8,calculated,
IT,total,2019.0,1.0,80.45,calculated,
IT,total,2019.0,2.0,61.68,calculated,
IT,total,2019.0,3.0,49.19,calculated,
IT,total,2019.0,4.0,35.77,calculated,
IT,total,2019.0,5.0,30.85,calculated,
IT,total,2019.0,6.0,22.52,calculated,
IT,total,2019.0,7.0,22.81,calculated,
IT,total,2019.0,8.0,17.74,calculated,
IT,total,2019.0,9.0,23.55,calculated,
IT,total,2019.0,10.0,28.25,calculated,
IT,total,2019.0,11.0,47.86,calculated,
IT,total,2019.0,12.0,62.29,calculated,
IT,total,2020.0,1.0,72.68,calculated,
IT,total,2020.0,2.0,56.6,calculated,
IT,total,2020.0,3.0,50.32,calculated,
IT,total,2020.0,4.0,27.47,calculated,
IT,total,2020.0,5.0,22.54,calculated,
IT,total,2020.0,6.0,21.91,calculated,
IT,total,2020.0,7.0,22.47,calculated,
IT,total,2020.0,8.0,17.96,calculated,
IT,total,2020.0,9.0,23.9,calculated,
IT,total,2020.0,10.0,35.05,calculated,
IT,total,2020.0,11.0,48.69,calculated,
IT,total,2020.0,12.0,65.83,calculated,
IT,total,2021.0,1.0,76.32,calculated,
IT,total,2021.0,2.0,58.53,calculated,
IT,total,2021.0,3.0,55.08,calculated,
IT,total,2021.0,4.0,40.48,calculated,
IT,total,2021.0,5.0,27.45,calculated,
IT,total,2021.0,6.0,22.53,calculated,
IT,total,2021.0,7.0,22.94,calculated,
IT,total,2021.0,8.0,18.96,calculated,
IT,total,2021.0,9.0,24.54,calculated,
IT,total,2021.0,10.0,33.41,calculated,
IT,total,2021.0,11.0,49.77,calculated,
IT,total,2021.0,12.0,70.34,calculated,
IT,total,2022.0,1.0,71.95,calculated,
IT,total,2022.0,2.0,56.2,calculated,
IT,total,2022.0,3.0,54.85,calculated,
IT,total,2022.0,4.0,34.36,calculated,
IT,total,2022.0,5.0,24.15,calculated,
IT,total,2022.0,6.0,20.46,calculated,
IT,total,2022.0,7.0,19.98,calculated,
IT,total,2022.0,8.0,15.59,calculated,
IT,total,2022.0,9.0,20.28,calculated,
IT,total,2022.0,10.0,20.99,calculated,
IT,total,2022.0,11.0,37.5,calculated,
IT,total,2022.0,12.0,52.56,calculated,
IT,total,2023.0,1.0,58.0,calculated,
IT,total,2023.0,2.0,53.41,calculated,
IT,total,2023.0,3.0,42.09,calculated,
IT,total,2023.0,4.0,30.05,calculated,
IT,total,2023.0,5.0,23.43,calculated,
IT,total,2023.0,6.0,19.86,calculated,
IT,total,2023.0,7.0,19.63,calculated,
IT,total,2023.0,8.0,15.54,calculated,
IT,total,2023.0,9.0,20.86,calculated,
IT,total,2023.0,10.0,23.83,calculated,
IT,total,2023.0,11.0,41.67,calculated,
IT,total,2023.0,12.0,53.87,calculated,
IT,total,2024.0,1.0,60.91,calculated,
IT,total,2024.0,2.0,48.31,calculated,
IT,total,2024.0,3.0,42.64,calculated,
IT,total,2024.0,4.0,29.11,calculated,
IT,total,2024.0,5.0,23.66,calculated,
IT,total,2024.0,6.0,19.98,calculated,
IT,total,2024.0,7.0,20.09,calculated,
IT,total,2024.0,8.0,15.28,calculated,
IT,total,2024.0,9.0,21.19,calculated,
IT,total,2024.0,10.0,26.02,calculated,
IT,total,2024.0,11.0,44.3,calculated,
IT,total,2024.0,12.0,58.66,calculated,
IT,total,2025.0,1.0,59.97,calculated,
IT,total,2025.0,2.0,52.37,calculated,
IT,total,2025.0,3.0,43.73,calculated,
IT,total,2025.0,4.0,28.61,calculated,
IT,total,2025.0,5.0,22.79,calculated,
IT,total,2025.0,6.0,7.26,calculated,
IT,total,2025.0,10.0,12.62,calculated,
IT,total,2025.0,11.0,43.9,calculated,
LU,total,2019.0,1.0,1.22,calculated,
LU,total,2019.0,2.0,0.97,calculated,
LU,total,2019.0,3.0,0.93,calculated,
LU,total,2019.0,4.0,0.73,calculated,
LU,total,2019.0,5.0,0.65,calculated,
LU,total,2019.0,6.0,0.47,calculated,
LU,total,2019.0,7.0,0.45,calculated,
LU,total,2019.0,8.0,0.39,calculated,
LU,total,2019.0,9.0,0.5,calculated,
LU,total,2019.0,10.0,0.69,calculated,
LU,total,2019.0,11.0,0.95,calculated,
LU,total,2019.0,12.0,0.97,calculated,
LU,total,2020.0,1.0,1.09,calculated,
LU,total,2020.0,2.0,0.96,calculated,
LU,total,2020.0,3.0,0.87,calculated,
LU,total,2020.0,4.0,0.55,calculated,
LU,total,2020.0,5.0,0.52,calculated,
LU,total,2020.0,6.0,0.42,calculated,
LU,total,2020.0,7.0,0.4,calculated,
LU,total,2020.0,8.0,0.35,calculated,
LU,total,2020.0,9.0,0.45,calculated,
LU,total,2020.0,10.0,0.71,calculated,
LU,total,2020.0,11.0,0.86,calculated,
LU,total,2020.0,12.0,0.94,calculated,
LU,total,2021.0,1.0,1.15,calculated,
LU,total,2021.0,2.0,0.94,calculated,
LU,total,2021.0,3.0,0.94,calculated,
LU,total,2021.0,4.0,0.79,calculated,
LU,total,2021.0,5.0,0.66,calculated,
LU,total,2021.0,6.0,0.42,calculated,
LU,total,2021.0,7.0,0.42,calculated,
LU,total,2021.0,8.0,0.38,calculated,
LU,total,2021.0,9.0,0.45,calculated,
LU,total,2021.0,10.0,0.71,calculated,
LU,total,2021.0,11.0,0.93,calculated,
LU,total,2021.0,12.0,0.96,calculated,
LU,total,2022.0,1.0,1.09,calculated,
LU,total,2022.0,2.0,0.87,calculated,
LU,total,2022.0,3.0,0.8,calculated,
LU,total,2022.0,4.0,0.6,calculated,
LU,total,2022.0,5.0,0.4,calculated,
LU,total,2022.0,6.0,0.31,calculated,
LU,total,2022.0,7.0,0.28,calculated,
LU,total,2022.0,8.0,0.24,calculated,
LU,total,2022.0,9.0,0.37,calculated,
LU,total,2022.0,10.0,0.45,calculated,
LU,total,2022.0,11.0,0.61,calculated,
LU,total,2022.0,12.0,0.8,calculated,
LU,total,2023.0,1.0,0.83,calculated,
LU,total,2023.0,2.0,0.75,calculated,
LU,total,2023.0,3.0,0.73,calculated,
LU,total,2023.0,4.0,0.57,calculated,
LU,total,2023.0,5.0,0.39,calculated,
LU,total,2023.0,6.0,0.28,calculated,
LU,total,2023.0,7.0,0.29,calculated,
LU,total,2023.0,8.0,0.26,calculated,
LU,total,2023.0,9.0,0.06,calculated,
LU,total,2023.0,10.0,0.42,calculated,
LU,total,2023.0,11.0,0.73,calculated,
LU,total,2023.0,12.0,0.8,calculated,
LU,total,2024.0,1.0,0.93,calculated,
LU,total,2024.0,2.0,0.72,calculated,
LU,total,2024.0,3.0,0.65,calculated,
LU,total,2024.0,4.0,0.55,calculated,
LU,total,2024.0,5.0,0.42,calculated,
LU,total,2024.0,6.0,0.37,calculated,
LU,total,2024.0,7.0,0.32,calculated,
LU,total,2024.0,8.0,0.23,calculated,
LU,total,2024.0,9.0,0.37,calculated,
LU,total,2024.0,10.0,0.51,calculated,
LU,total,2024.0,11.0,0.74,calculated,
LU,total,2024.0,12.0,0.85,calculated,
LU,total,2025.0,1.0,0.96,calculated,
LU,total,2025.0,2.0,0.81,calculated,
LU,total,2025.0,3.0,0.7,calculated,
LU,total,2025.0,4.0,0.52,calculated,
LU,total,2025.0,5.0,0.42,calculated,
LU,total,2025.0,6.0,0.13,calculated,
LU,total,2025.0,10.0,0.24,calculated,
LU,total,2025.0,11.0,0.73,calculated,
NL,total,2019.0,1.0,49.79,calculated,
NL,total,2019.0,2.0,38.67,calculated,
NL,total,2019.0,3.0,38.39,calculated,
NL,total,2019.0,4.0,28.11,calculated,
NL,total,2019.0,5.0,28.19,calculated,
NL,total,2019.0,6.0,21.23,calculated,
NL,total,2019.0,7.0,22.8,calculated,
NL,total,2019.0,8.0,22.93,calculated,
NL,total,2019.0,9.0,25.55,calculated,
NL,total,2019.0,10.0,32.68,calculated,
NL,total,2019.0,11.0,40.11,calculated,
NL,total,2019.0,12.0,42.55,calculated,
NL,total,2020.0,1.0,45.44,calculated,
NL,total,2020.0,2.0,40.52,calculated,
NL,total,2020.0,3.0,38.14,calculated,
NL,total,2020.0,4.0,25.66,calculated,
NL,total,2020.0,5.0,24.83,calculated,
NL,total,2020.0,6.0,22.72,calculated,
NL,total,2020.0,7.0,25.3,calculated,
NL,total,2020.0,8.0,25.2,calculated,
NL,total,2020.0,9.0,24.83,calculated,
NL,total,2020.0,10.0,31.94,calculated,
NL,total,2020.0,11.0,35.24,calculated,
NL,total,2020.0,12.0,44.12,calculated,
NL,total,2021.0,1.0,49.89,calculated,
NL,total,2021.0,2.0,44.63,calculated,
NL,total,2021.0,3.0,42.49,calculated,
NL,total,2021.0,4.0,35.34,calculated,
NL,total,2021.0,5.0,28.57,calculated,
NL,total,2021.0,6.0,22.08,calculated,
NL,total,2021.0,7.0,20.75,calculated,
NL,total,2021.0,8.0,17.71,calculated,
NL,total,2021.0,9.0,20.56,calculated,
NL,total,2021.0,10.0,24.87,calculated,
NL,total,2021.0,11.0,35.17,calculated,
NL,total,2021.0,12.0,40.69,calculated,
NL,total,2022.0,1.0,40.89,calculated,
NL,total,2022.0,2.0,32.9,calculated,
NL,total,2022.0,3.0,31.27,calculated,
NL,total,2022.0,4.0,25.5,calculated,
NL,total,2022.0,5.0,19.81,calculated,
NL,total,2022.0,6.0,18.49,calculated,
NL,total,2022.0,7.0,11.6,calculated,
NL,total,2022.0,8.0,10.2,calculated,
NL,total,2022.0,9.0,11.64,calculated,
NL,total,2022.0,10.0,13.9,calculated,
NL,total,2022.0,11.0,20.08,calculated,
NL,total,2022.0,12.0,29.01,calculated,
NL,total,2023.0,1.0,27.43,calculated,
NL,total,2023.0,2.0,23.66,calculated,
NL,total,2023.0,3.0,24.64,calculated,
NL,total,2023.0,4.0,18.7,calculated,
NL,total,2023.0,5.0,13.24,calculated,
NL,total,2023.0,6.0,11.32,calculated,
NL,total,2023.0,7.0,11.34,calculated,
NL,total,2023.0,8.0,11.81,calculated,
NL,total,2023.0,9.0,12.15,calculated,
NL,total,2023.0,10.0,16.22,calculated,
NL,total,2023.0,11.0,22.76,calculated,
NL,total,2023.0,12.0,26.97,calculated,
NL,total,2024.0,1.0,32.55,calculated,
NL,total,2024.0,2.0,24.15,calculated,
NL,total,2024.0,3.0,22.11,calculated,
NL,total,2024.0,4.0,19.0,calculated,
NL,total,2024.0,5.0,14.03,calculated,
NL,total,2024.0,6.0,12.86,calculated,
NL,total,2024.0,7.0,11.7,calculated,
NL,total,2024.0,8.0,11.37,calculated,
NL,total,2024.0,9.0,12.76,calculated,
NL,total,2024.0,10.0,16.78,calculated,
NL,total,2024.0,11.0,23.71,calculated,
NL,total,2024.0,12.0,27.57,calculated,
NL,total,2025.0,1.0,31.61,calculated,
NL,total,2025.0,2.0,27.32,calculated,
NL,total,2025.0,3.0,21.5,calculated,
NL,total,2025.0,4.0,14.9,calculated,
NL,total,2025.0,5.0,12.79,calculated,
NL,total,2025.0,6.0,4.36,calculated,
NL,total,2025.0,10.0,7.11,calculated,
NL,total,2025.0,11.0,21.83,calculated,
PT,total,2019.0,1.0,5.56,calculated,
PT,total,2019.0,2.0,4.54,calculated,
PT,total,2019.0,3.0,4.29,calculated,
PT,total,2019.0,4.0,4.79,calculated,
PT,total,2019.0,5.0,5.65,calculated,
PT,total,2019.0,6.0,6.03,calculated,
PT,total,2019.0,7.0,6.51,calculated,
PT,total,2019.0,8.0,5.82,calculated,
PT,total,2019.0,9.0,5.78,calculated,
PT,total,2019.0,10.0,6.31,calculated,
PT,total,2019.0,11.0,5.66,calculated,
PT,total,2019.0,12.0,5.14,calculated,
PT,total,2020.0,1.0,6.55,calculated,
PT,total,2020.0,2.0,5.24,calculated,
PT,total,2020.0,3.0,5.16,calculated,
PT,total,2020.0,4.0,3.51,calculated,
PT,total,2020.0,5.0,3.81,calculated,
PT,total,2020.0,6.0,4.88,calculated,
PT,total,2020.0,7.0,6.38,calculated,
PT,total,2020.0,8.0,6.1,calculated,
PT,total,2020.0,9.0,6.57,calculated,
PT,total,2020.0,10.0,6.05,calculated,
PT,total,2020.0,11.0,5.79,calculated,
PT,total,2020.0,12.0,4.91,calculated,
PT,total,2021.0,1.0,5.77,calculated,
PT,total,2021.0,2.0,3.92,calculated,
PT,total,2021.0,3.0,4.82,calculated,
PT,total,2021.0,4.0,5.55,calculated,
PT,total,2021.0,5.0,4.73,calculated,
PT,total,2021.0,6.0,5.76,calculated,
PT,total,2021.0,7.0,5.18,calculated,
PT,total,2021.0,8.0,4.79,calculated,
PT,total,2021.0,9.0,5.79,calculated,
PT,total,2021.0,10.0,5.13,calculated,
PT,total,2021.0,11.0,5.42,calculated,
PT,total,2021.0,12.0,4.83,calculated,
PT,total,2022.0,1.0,5.39,calculated,
PT,total,2022.0,2.0,4.78,calculated,
PT,total,2022.0,3.0,5.18,calculated,
PT,total,2022.0,4.0,4.45,calculated,
PT,total,2022.0,5.0,4.9,calculated,
PT,total,2022.0,6.0,5.34,calculated,
PT,total,2022.0,7.0,5.49,calculated,
PT,total,2022.0,8.0,5.19,calculated,
PT,total,2022.0,9.0,4.96,calculated,
PT,total,2022.0,10.0,4.88,calculated,
PT,total,2022.0,11.0,5.17,calculated,
PT,total,2022.0,12.0,4.05,calculated,
PT,total,2023.0,1.0,3.79,calculated,
PT,total,2023.0,2.0,4.74,calculated,
PT,total,2023.0,3.0,3.88,calculated,
PT,total,2023.0,4.0,3.33,calculated,
PT,total,2023.0,5.0,3.66,calculated,
PT,total,2023.0,6.0,4.29,calculated,
PT,total,2023.0,7.0,4.57,calculated,
PT,total,2023.0,8.0,3.96,calculated,
PT,total,2023.0,9.0,4.32,calculated,
PT,total,2023.0,10.0,3.51,calculated,
PT,total,2023.0,11.0,3.49,calculated,
PT,total,2023.0,12.0,3.54,calculated,
PT,total,2024.0,1.0,4.02,calculated,
PT,total,2024.0,2.0,3.39,calculated,
PT,total,2024.0,3.0,3.62,calculated,
PT,total,2024.0,4.0,2.71,calculated,
PT,total,2024.0,5.0,2.64,calculated,
PT,total,2024.0,6.0,2.51,calculated,
PT,total,2024.0,7.0,3.01,calculated,
PT,total,2024.0,8.0,2.76,calculated,
PT,total,2024.0,9.0,3.09,calculated,
PT,total,2024.0,10.0,3.27,calculated,
PT,total,2024.0,11.0,3.49,calculated,
PT,total,2024.0,12.0,3.93,calculated,
PT,total,2025.0,1.0,3.67,calculated,
PT,total,2025.0,2.0,3.32,calculated,
PT,total,2025.0,3.0,3.27,calculated,
PT,total,2025.0,4.0,2.68,calculated,
PT,total,2025.0,5.0,3.75,calculated,
PT,total,2025.0,6.0,1.27,calculated,
PT,total,2025.0,10.0,1.5,calculated,
PT,total,2025.0,11.0,3.9,calculated,
RO,total,2019.0,1.0,18.4,calculated,
RO,total,2019.0,2.0,14.38,calculated,
RO,total,2019.0,3.0,11.44,calculated,
RO,total,2019.0,4.0,8.1,calculated,
RO,total,2019.0,5.0,5.42,calculated,
RO,total,2019.0,6.0,3.34,calculated,
RO,total,2019.0,7.0,4.74,calculated,
RO,total,2019.0,8.0,5.15,calculated,
RO,total,2019.0,9.0,5.68,calculated,
RO,total,2019.0,10.0,8.45,calculated,
RO,total,2019.0,11.0,10.44,calculated,
RO,total,2019.0,12.0,14.53,calculated,
RO,total,2020.0,1.0,17.88,calculated,
RO,total,2020.0,2.0,14.04,calculated,
RO,total,2020.0,3.0,11.58,calculated,
RO,total,2020.0,4.0,7.8,calculated,
RO,total,2020.0,5.0,5.74,calculated,
RO,total,2020.0,6.0,5.39,calculated,
RO,total,2020.0,7.0,5.88,calculated,
RO,total,2020.0,8.0,5.96,calculated,
RO,total,2020.0,9.0,6.12,calculated,
RO,total,2020.0,10.0,7.63,calculated,
RO,total,2020.0,11.0,13.41,calculated,
RO,total,2020.0,12.0,15.68,calculated,
RO,total,2021.0,1.0,16.61,calculated,
RO,total,2021.0,2.0,14.67,calculated,
RO,total,2021.0,3.0,14.81,calculated,
RO,total,2021.0,4.0,10.3,calculated,
RO,total,2021.0,5.0,5.79,calculated,
RO,total,2021.0,6.0,4.93,calculated,
RO,total,2021.0,7.0,4.94,calculated,
RO,total,2021.0,8.0,4.94,calculated,
RO,total,2021.0,9.0,5.66,calculated,
RO,total,2021.0,10.0,9.46,calculated,
RO,total,2021.0,11.0,12.1,calculated,
RO,total,2021.0,12.0,15.55,calculated,
RO,total,2022.0,1.0,16.03,calculated,
RO,total,2022.0,2.0,12.71,calculated,
RO,total,2022.0,3.0,12.49,calculated,
RO,total,2022.0,4.0,7.02,calculated,
RO,total,2022.0,5.0,5.45,calculated,
RO,total,2022.0,6.0,4.61,calculated,
RO,total,2022.0,7.0,4.19,calculated,
RO,total,2022.0,8.0,4.07,calculated,
RO,total,2022.0,9.0,4.65,calculated,
RO,total,2022.0,10.0,6.1,calculated,
RO,total,2022.0,11.0,9.58,calculated,
RO,total,2022.0,12.0,13.08,calculated,
RO,total,2023.0,1.0,12.95,calculated,
RO,total,2023.0,2.0,13.04,calculated,
RO,total,2023.0,3.0,9.86,calculated,
RO,total,2023.0,4.0,7.28,calculated,
RO,total,2023.0,5.0,4.41,calculated,
RO,total,2023.0,6.0,3.2,calculated,
RO,total,2023.0,7.0,3.9,calculated,
RO,total,2023.0,8.0,3.74,calculated,
RO,total,2023.0,9.0,4.03,calculated,
RO,total,2023.0,10.0,6.03,calculated,
RO,total,2023.0,11.0,10.84,calculated,
RO,total,2023.0,12.0,14.05,calculated,
RO,total,2024.0,1.0,15.76,calculated,
RO,total,2024.0,2.0,11.4,calculated,
RO,total,2024.0,3.0,10.98,calculated,
RO,total,2024.0,4.0,5.27,calculated,
RO,total,2024.0,5.0,4.33,calculated,
RO,total,2024.0,6.0,3.77,calculated,
RO,total,2024.0,7.0,4.41,calculated,
RO,total,2024.0,8.0,3.93,calculated,
RO,total,2024.0,9.0,4.09,calculated,
RO,total,2024.0,10.0,6.88,calculated,
RO,total,2024.0,11.0,12.32,calculated,
RO,total,2024.0,12.0,14.03,calculated,
RO,total,2025.0,1.0,14.4,calculated,
RO,total,2025.0,2.0,14.61,calculated,
RO,total,2025.0,3.0,9.77,calculated,
RO,total,2025.0,4.0,6.27,calculated,
RO,total,2025.0,5.0,4.85,calculated,
RO,total,2025.0,6.0,1.33,calculated,
RO,total,2025.0,10.0,3.49,calculated,
RO,total,2025.0,11.0,10.34,calculated,
UK,total,2020.0,1.0,32.5,calculated,
UK,total,2020.0,2.0,70.83,calculated,
UK,total,2020.0,3.0,67.22,calculated,
UK,total,2020.0,4.0,38.17,calculated,
UK,total,2020.0,5.0,31.53,calculated,
UK,total,2020.0,6.0,24.82,calculated,
UK,total,2020.0,7.0,25.29,calculated,
UK,total,2020.0,8.0,23.2,calculated,
UK,total,2020.0,9.0,28.6,calculated,
UK,total,2020.0,10.0,50.68,calculated,
UK,total,2020.0,11.0,57.41,calculated,
UK,total,2020.0,12.0,74.98,calculated,
UK,total,2021.0,1.0,85.97,calculated,
UK,total,2021.0,2.0,71.22,calculated,
UK,total,2021.0,3.0,65.65,calculated,
UK,total,2021.0,4.0,54.78,calculated,
UK,total,2021.0,5.0,44.24,calculated,
UK,total,2021.0,6.0,22.67,calculated,
UK,total,2021.0,7.0,20.67,calculated,
UK,total,2021.0,8.0,21.27,calculated,
UK,total,2021.0,9.0,22.67,calculated,
UK,total,2021.0,10.0,38.31,calculated,
UK,total,2021.0,11.0,59.19,calculated,
UK,total,2021.0,12.0,68.28,calculated,
UK,total,2022.0,1.0,74.79,calculated,
UK,total,2022.0,2.0,60.86,calculated,
UK,total,2022.0,3.0,55.12,calculated,
UK,total,2022.0,4.0,40.97,calculated,
UK,total,2022.0,5.0,27.1,calculated,
UK,total,2022.0,6.0,21.0,calculated,
UK,total,2022.0,7.0,19.36,calculated,
UK,total,2022.0,8.0,18.53,calculated,
UK,total,2022.0,9.0,22.4,calculated,
UK,total,2022.0,10.0,30.36,calculated,
UK,total,2022.0,11.0,46.5,calculated,
UK,total,2022.0,12.0,69.58,calculated,
UK,total,2023.0,1.0,67.05,calculated,
UK,total,2023.0,2.0,53.8,calculated,
UK,total,2023.0,3.0,56.8,calculated,
UK,total,2023.0,4.0,39.97,calculated,
UK,total,2023.0,5.0,25.07,calculated,
UK,total,2023.0,6.0,18.03,calculated,
UK,total,2023.0,7.0,18.2,calculated,
UK,total,2023.0,8.0,18.13,calculated,
UK,total,2023.0,9.0,19.47,calculated,
UK,total,2023.0,10.0,32.56,calculated,
UK,total,2023.0,11.0,53.05,calculated,
UK,total,2023.0,12.0,59.65,calculated,
UK,total,2024.0,1.0,69.72,calculated,
UK,total,2024.0,2.0,53.2,calculated,
UK,total,2024.0,3.0,52.33,calculated,
UK,total,2024.0,4.0,39.89,calculated,
UK,total,2024.0,5.0,24.11,calculated,
UK,total,2024.0,6.0,20.71,calculated,
UK,total,2024.0,7.0,18.88,calculated,
UK,total,2024.0,8.0,17.29,calculated,
UK,total,2024.0,9.0,23.15,calculated,
UK,total,2024.0,10.0,35.5,calculated,
UK,total,2024.0,11.0,52.95,calculated,
UK,total,2024.0,12.0,59.74,calculated,
UK,total,2025.0,1.0,74.11,calculated,
UK,total,2025.0,2.0,60.59,calculated,
UK,total,2025.0,3.0,49.47,calculated,
UK,total,2025.0,4.0,31.11,calculated,
UK,total,2025.0,5.0,22.16,calculated,
UK,total,2025.0,6.0,17.5,calculated,
UK,total,2025.0,7.0,16.09,calculated,
UK,total,2025.0,8.0,16.42,calculated,
UK,total,2025.0,9.0,22.05,calculated,
UK,total,2025.0,10.0,35.11,calculated,
UK,total,2025.0,11.0,49.85,calculated,
EU,household,2019.0,1.0,252.43,calculated,"{'DE': 28.1469789145, 'FR': 20.6168554354, 'HU': 5.8718712263, 'IT': 26.4189763219, 'LU': 0.3393842055, 'NL': 12.0096610024, 'PT': 0.9892415208, 'RO': 5.6070313731}"
EU,household,2019.0,2.0,184.64,calculated,"{'DE': 27.9781225152, 'FR': 20.7427216419, 'HU': 5.8576247995, 'IT': 26.3088144383, 'LU': 0.3489912327, 'NL': 11.6842297514, 'PT': 1.1975132851, 'RO': 5.881982336}"
EU,household,2019.0,3.0,154.64,calculated,"{'DE': 29.7694092191, 'FR': 21.5808579814, 'HU': 5.4324972679, 'IT': 22.7441425663, 'LU': 0.3784382199, 'NL': 13.2054944611, 'PT': 1.4596501343, 'RO': 5.4295101501}"
EU,household,2019.0,4.0,101.12,calculated,"{'DE': 28.273816411, 'FR': 22.5317256948, 'HU': 5.2264374808, 'IT': 23.2518924061, 'LU': 0.4047471732, 'NL': 12.3103463553, 'PT': 2.1020584789, 'RO': 5.898976}"
EU,household,2019.0,5.0,79.72,calculated,"{'DE': 30.0975833927, 'FR': 20.8485249593, 'HU': 5.677022795, 'IT': 22.576256206, 'LU': 0.4143925961, 'NL': 13.3048644653, 'PT': 2.5790038105, 'RO': 4.502351775}"
EU,household,2019.0,6.0,38.39,calculated,"{'DE': 19.4577711037, 'FR': 21.4260755333, 'HU': 5.8707087176, 'IT': 27.8204995869, 'LU': 0.4264171892, 'NL': 14.1563094866, 'PT': 4.8842141688, 'RO': 5.9580042139}"
EU,household,2019.0,7.0,36.86,calculated,"{'DE': 20.5202851168, 'FR': 18.6677126262, 'HU': 6.5467085757, 'IT': 28.177361203, 'LU': 0.3875128691, 'NL': 13.9307751972, 'PT': 5.311840879, 'RO': 6.457803533}"
EU,household,2019.0,8.0,33.08,calculated,"{'DE': 21.366687285, 'FR': 18.5273033059, 'HU': 7.1733680965, 'IT': 25.4325751489, 'LU': 0.4292016017, 'NL': 15.1660727371, 'PT': 5.0364806678, 'RO': 6.868311157}"
EU,household,2019.0,9.0,47.97,calculated,"{'DE': 27.4533918689, 'FR': 17.6753303654, 'HU': 6.2802028015, 'IT': 24.0663001383, 'LU': 0.4445527933, 'NL': 14.7985520483, 'PT': 4.0911711261, 'RO': 5.1904988582}"
EU,household,2019.0,10.0,87.56,calculated,"{'DE': 31.9005868476, 'FR': 20.0300453134, 'HU': 6.5481581153, 'IT': 18.1559781275, 'LU': 0.4299502436, 'NL': 15.1859933101, 'PT': 2.4241042198, 'RO': 5.3251838226}"
EU,household,2019.0,11.0,161.64,calculated,"{'DE': 30.7912732999, 'FR': 22.5685552673, 'HU': 5.1734624336, 'IT': 21.8677648319, 'LU': 0.3897797458, 'NL': 13.3465724872, 'PT': 1.3708666665, 'RO': 4.4917252679}"
EU,household,2019.0,12.0,202.0,calculated,"{'DE': 29.0969687681, 'FR': 20.6677225607, 'HU': 5.9040711599, 'IT': 25.0384220427, 'LU': 0.3480727206, 'NL': 12.231825223, 'PT': 1.0794109449, 'RO': 5.63350658}"
EU,household,2020.0,1.0,221.73,calculated,"{'DE': 27.5283856784, 'FR': 20.1836900267, 'HU': 6.6987190881, 'IT': 26.8168295967, 'LU': 0.3352331248, 'NL': 11.2851822115, 'PT': 1.1194868708, 'RO': 6.032473403}"
EU,household,2020.0,2.0,178.2,calculated,"{'DE': 28.9503804298, 'FR': 20.2986908234, 'HU': 5.9465724175, 'IT': 24.5390347581, 'LU': 0.3564916811, 'NL': 12.8336029549, 'PT': 1.2252716461, 'RO': 5.8499552892}"
EU,household,2020.0,3.0,163.32,calculated,"{'DE': 29.7425875256, 'FR': 20.8139566755, 'HU': 5.8527646516, 'IT': 23.7738455912, 'LU': 0.3646742606, 'NL': 12.7604428147, 'PT': 1.3578452493, 'RO': 5.3338832316}"
EU,household,2020.0,4.0,82.01,calculated,"{'DE': 30.3630667452, 'FR': 18.0145892028, 'HU': 6.8690026392, 'IT': 22.9557591309, 'LU': 0.3697185186, 'NL': 12.8972908788, 'PT': 2.0966896929, 'RO': 6.4338831916}"
EU,household,2020.0,5.0,59.12,calculated,"{'DE': 32.982998221, 'FR': 18.745844832, 'HU': 5.9594837798, 'IT': 19.711970845, 'LU': 0.4393074513, 'NL': 14.0031512116, 'PT': 2.8639124195, 'RO': 5.2933312398}"
EU,household,2020.0,6.0,41.33,calculated,"{'DE': 23.8060728447, 'FR': 19.6128335341, 'HU': 6.3138074639, 'IT': 25.7312749056, 'LU': 0.4155827564, 'NL': 14.0431557589, 'PT': 4.1000171099, 'RO': 5.9772556265}"
EU,household,2020.0,7.0,38.77,calculated,"{'DE': 21.909595286, 'FR': 18.4168270766, 'HU': 6.9166132789, 'IT': 26.7639478252, 'LU': 0.3866305209, 'NL': 14.8147914587, 'PT': 4.7439023719, 'RO': 6.0476921817}"
EU,household,2020.0,8.0,32.66,calculated,"{'DE': 21.261172393, 'FR': 18.3207598412, 'HU': 7.0905828212, 'IT': 26.4295674431, 'LU': 0.3726922163, 'NL': 14.5988043836, 'PT': 5.174255467, 'RO': 6.7521654346}"
EU,household,2020.0,9.0,47.32,calculated,"{'DE': 26.2480139104, 'FR': 19.0580470749, 'HU': 6.170964176, 'IT': 24.3659310485, 'LU': 0.406862082, 'NL': 14.6043293, 'PT': 4.1815530902, 'RO': 4.9642993179}"
EU,household,2020.0,10.0,104.68,calculated,"{'DE': 30.2359300783, 'FR': 21.8385607574, 'HU': 6.4896916819, 'IT': 21.1689397627, 'LU': 0.4142432489, 'NL': 13.4118274572, 'PT': 2.0206449708, 'RO': 4.4201620427}"
EU,household,2020.0,11.0,152.05,calculated,"{'DE': 29.5369536932, 'FR': 20.4930382359, 'HU': 6.9635438194, 'IT': 23.6197670354, 'LU': 0.3722403803, 'NL': 11.434719999, 'PT': 1.4302862807, 'RO': 6.1494505561}"
EU,household,2020.0,12.0,208.25,calculated,"{'DE': 29.042294675, 'FR': 20.4822018961, 'HU': 5.7741533065, 'IT': 25.9115729876, 'LU': 0.3433469046, 'NL': 11.9168473374, 'PT': 1.0620721737, 'RO': 5.467510719}"
EU,household,2021.0,1.0,244.18,calculated,"{'DE': 28.8697221581, 'FR': 20.8062108133, 'HU': 5.5533363785, 'IT': 26.0568131954, 'LU': 0.3466364761, 'NL': 12.0563474348, 'PT': 1.0354637733, 'RO': 5.2754697705}"
EU,household,2021.0,2.0,194.57,calculated,"{'DE': 30.6523958461, 'FR': 19.5536423572, 'HU': 6.043603711, 'IT': 23.5398074582, 'LU': 0.3383946344, 'NL': 12.9953979451, 'PT': 1.0773256903, 'RO': 5.7994323577}"
EU,household,2021.0,3.0,176.59,calculated,"{'DE': 29.6850595169, 'FR': 20.4979507235, 'HU': 6.0333559433, 'IT': 23.3447294393, 'LU': 0.3585385895, 'NL': 12.5017726573, 'PT': 1.2811911713, 'RO': 6.2974019588}"
EU,household,2021.0,4.0,131.92,calculated,"{'DE': 31.5865564223, 'FR': 19.5559072126, 'HU': 6.1171436266, 'IT': 21.2038868639, 'LU': 0.384093225, 'NL': 13.7865999352, 'PT': 1.5585772811, 'RO': 5.8072354333}"
EU,household,2021.0,5.0,81.66,calculated,"{'DE': 32.8001052289, 'FR': 21.8524641175, 'HU': 5.5445397906, 'IT': 17.9961692484, 'LU': 0.4811964016, 'NL': 14.5481503203, 'PT': 2.5775787586, 'RO': 4.1997961342}"
EU,household,2021.0,6.0,39.94,calculated,"{'DE': 20.2806530952, 'FR': 19.5337689808, 'HU': 7.2591163238, 'IT': 27.2167134926, 'LU': 0.3945667285, 'NL': 13.6665463425, 'PT': 4.8131377263, 'RO': 6.8354973104}"
EU,household,2021.0,7.0,38.04,calculated,"{'DE': 20.6173253548, 'FR': 18.8660578708, 'HU': 6.455357761, 'IT': 28.1039158846, 'LU': 0.4338334877, 'NL': 14.3287905621, 'PT': 5.2048069491, 'RO': 5.9899121299}"
EU,household,2021.0,8.0,37.06,calculated,"{'DE': 25.6766547827, 'FR': 17.4524761803, 'HU': 6.3973999127, 'IT': 24.3707774173, 'LU': 0.4415339075, 'NL': 15.0732495125, 'PT': 4.622013888, 'RO': 5.965894399}"
EU,household,2021.0,9.0,46.63,calculated,"{'DE': 26.440512173, 'FR': 17.4029394445, 'HU': 6.4315337446, 'IT': 25.4799110539, 'LU': 0.4231573192, 'NL': 13.2498550971, 'PT': 4.2938461419, 'RO': 6.2782450258}"
EU,household,2021.0,10.0,100.62,calculated,"{'DE': 31.3956320041, 'FR': 19.7147345089, 'HU': 7.5885393446, 'IT': 20.7256617103, 'LU': 0.4258475647, 'NL': 11.7492925035, 'PT': 1.9539085254, 'RO': 6.4463838385}"
EU,household,2021.0,11.0,165.59,calculated,"{'DE': 30.2366722875, 'FR': 22.8479089427, 'HU': 6.3488239859, 'IT': 22.3116331576, 'LU': 0.3898519259, 'NL': 11.1594675931, 'PT': 1.3451168905, 'RO': 5.3605252167}"
EU,household,2021.0,12.0,217.04,calculated,"{'DE': 29.0225810865, 'FR': 19.9687865262, 'HU': 6.2978610177, 'IT': 26.7750890623, 'LU': 0.3340953197, 'NL': 11.0020813725, 'PT': 0.9899323655, 'RO': 5.6095732496}"
EU,household,2022.0,1.0,226.77,calculated,"{'DE': 28.1610057063, 'FR': 21.464914309, 'HU': 6.0837914808, 'IT': 26.3831046253, 'LU': 0.3493043985, 'NL': 10.8760110488, 'PT': 0.9376990992, 'RO': 5.7441693321}"
EU,household,2022.0,2.0,176.34,calculated,"{'DE': 29.5021962878, 'FR': 20.2113909678, 'HU': 6.1047809377, 'IT': 25.3067537554, 'LU': 0.3591171413, 'NL': 11.6768809898, 'PT': 1.1378676839, 'RO': 5.7010122361}"
EU,household,2022.0,3.0,159.72,calculated,"{'DE': 28.8227136628, 'FR': 19.0720468623, 'HU': 6.8636099297, 'IT': 26.5703185301, 'LU': 0.3458612678, 'NL': 10.2696704743, 'PT': 1.3857040237, 'RO': 6.6700752494}"
EU,household,2022.0,4.0,105.67,calculated,"{'DE': 31.7974842266, 'FR': 20.3273671987, 'HU': 6.7951683559, 'IT': 21.7664038573, 'LU': 0.3745612903, 'NL': 11.8957041858, 'PT': 1.815431919, 'RO': 5.2278789663}"
EU,household,2022.0,5.0,49.03,calculated,"{'DE': 26.8707347276, 'FR': 18.7435092385, 'HU': 6.0639377103, 'IT': 25.4039788872, 'LU': 0.3957607532, 'NL': 12.8289763945, 'PT': 3.7798847616, 'RO': 5.9132175271}"
EU,household,2022.0,6.0,36.41,calculated,"{'DE': 21.9156427795, 'FR': 19.3516954903, 'HU': 6.7408205685, 'IT': 27.4377921423, 'LU': 0.3920295309, 'NL': 13.2442245891, 'PT': 4.8617277649, 'RO': 6.0560671344}"
EU,household,2022.0,7.0,32.7,calculated,"{'DE': 20.0998272188, 'FR': 18.5386302522, 'HU': 6.7517736164, 'IT': 29.4225091661, 'LU': 0.3671104652, 'NL': 13.2086136516, 'PT': 5.1356909643, 'RO': 6.4758446654}"
EU,household,2022.0,8.0,29.0,calculated,"{'DE': 19.7724830136, 'FR': 18.4375165483, 'HU': 7.3689965995, 'IT': 28.5552458808, 'LU': 0.3508977465, 'NL': 13.1532279129, 'PT': 5.0455582058, 'RO': 7.3160740926}"
EU,household,2022.0,9.0,44.18,calculated,"{'DE': 27.4996235114, 'FR': 18.8299985257, 'HU': 6.6675834006, 'IT': 24.0235537996, 'LU': 0.4404144511, 'NL': 12.9473547551, 'PT': 3.8499478755, 'RO': 5.741523681}"
EU,household,2022.0,10.0,57.84,calculated,"{'DE': 31.459493098, 'FR': 18.6240421641, 'HU': 7.6676095234, 'IT': 19.3264623197, 'LU': 0.4627896889, 'NL': 12.7389537189, 'PT': 2.9128500133, 'RO': 6.8077994737}"
EU,household,2022.0,11.0,117.58,calculated,"{'DE': 30.2094755346, 'FR': 20.6729766507, 'HU': 6.6234821117, 'IT': 23.1192101383, 'LU': 0.3637266466, 'NL': 11.365704322, 'PT': 1.5842194398, 'RO': 6.0612051564}"
EU,household,2022.0,12.0,187.17,calculated,"{'DE': 30.9881267662, 'FR': 21.2249330124, 'HU': 5.6167444232, 'IT': 23.3439757618, 'LU': 0.3548336426, 'NL': 11.6961378475, 'PT': 0.9606964534, 'RO': 5.814552093}"
EU,household,2023.0,1.0,184.69,calculated,"{'DE': 28.6854413882, 'FR': 21.7573449296, 'HU': 5.3567103167, 'IT': 25.9650056075, 'LU': 0.3525098096, 'NL': 11.1035308163, 'PT': 1.1089160305, 'RO': 5.6705411015}"
EU,household,2023.0,2.0,165.05,calculated,"{'DE': 28.9919270295, 'FR': 20.6819897099, 'HU': 5.7589573103, 'IT': 26.01022244, 'LU': 0.3410849874, 'NL': 10.616260959, 'PT': 1.1288052399, 'RO': 6.4707523241}"
EU,household,2023.0,3.0,139.93,calculated,"{'DE': 31.2141177614, 'FR': 21.0006640068, 'HU': 5.4456842912, 'IT': 22.0684912131, 'LU': 0.3788087783, 'NL': 12.4740484882, 'PT': 1.4322820362, 'RO': 5.9859034248}"
EU,household,2023.0,4.0,97.42,calculated,"{'DE': 32.3329256519, 'FR': 20.2849591636, 'HU': 5.9280068456, 'IT': 20.6181530859, 'LU': 0.401556473, 'NL': 12.387202067, 'PT': 1.6660255249, 'RO': 6.381171188}"
EU,household,2023.0,5.0,52.33,calculated,"{'DE': 28.1407214187, 'FR': 18.8558658031, 'HU': 5.6279676403, 'IT': 24.6070003874, 'LU': 0.402940154, 'NL': 12.6994544252, 'PT': 3.3331418828, 'RO': 6.3329082884}"
EU,household,2023.0,6.0,33.47,calculated,"{'DE': 20.0782141867, 'FR': 18.960427316, 'HU': 6.3839242075, 'IT': 29.8207502867, 'LU': 0.3309183073, 'NL': 13.4221162384, 'PT': 4.8179264586, 'RO': 6.1857229987}"
EU,household,2023.0,7.0,32.03,calculated,"{'DE': 20.327069565, 'FR': 17.9705865029, 'HU': 6.5180890989, 'IT': 29.4566596015, 'LU': 0.3489071361, 'NL': 14.1340592401, 'PT': 5.0895415992, 'RO': 6.1550872563}"
EU,household,2023.0,8.0,30.42,calculated,"{'DE': 22.931029562, 'FR': 17.3790383981, 'HU': 6.6283991968, 'IT': 26.8027093899, 'LU': 0.3755265651, 'NL': 15.4466835371, 'PT': 4.6547910931, 'RO': 5.7818222578}"
EU,household,2023.0,9.0,34.91,calculated,"{'DE': 20.8808156138, 'FR': 18.8822948495, 'HU': 5.686044024, 'IT': 29.725904575, 'LU': 0.064950178, 'NL': 14.1172962512, 'PT': 4.7750132712, 'RO': 5.8676812372}"
EU,household,2023.0,10.0,62.34,calculated,"{'DE': 32.472278139, 'FR': 18.302151885, 'HU': 6.0138818563, 'IT': 20.957856002, 'LU': 0.4049403047, 'NL': 13.7334963419, 'PT': 2.6502077841, 'RO': 5.4651876869}"
EU,household,2023.0,11.0,134.08,calculated,"{'DE': 31.502611454, 'FR': 20.4871148165, 'HU': 5.9425909328, 'IT': 22.9669171589, 'LU': 0.3793817695, 'NL': 11.6140057486, 'PT': 1.3278091689, 'RO': 5.7795689507}"
EU,household,2023.0,12.0,175.94,calculated,"{'DE': 30.4116956852, 'FR': 19.4587145133, 'HU': 6.0983962054, 'IT': 25.4583786599, 'LU': 0.3494469221, 'NL': 10.8546360002, 'PT': 1.0108971541, 'RO': 6.3578348598}"
EU,household,2024.0,1.0,206.87,calculated,"{'DE': 30.584677472, 'FR': 20.1006800743, 'HU': 5.6940724601, 'IT': 24.5087018858, 'LU': 0.3490958952, 'NL': 11.7053359178, 'PT': 0.9594469648, 'RO': 6.0979893301}"
EU,household,2024.0,2.0,142.38,calculated,"{'DE': 28.9843097962, 'FR': 20.0344594521, 'HU': 5.2413695799, 'IT': 26.5616767195, 'LU': 0.3429825686, 'NL': 11.5963829666, 'PT': 1.2656739259, 'RO': 5.9731449913}"
EU,household,2024.0,3.0,125.04,calculated,"{'DE': 29.4276206998, 'FR': 20.6043456225, 'HU': 5.2593228412, 'IT': 24.9985331259, 'LU': 0.3368076544, 'NL': 11.4109909815, 'PT': 1.5505441841, 'RO': 6.4118348906}"
EU,household,2024.0,4.0,82.73,calculated,"{'DE': 31.4762207523, 'FR': 21.2546171112, 'HU': 4.9992233067, 'IT': 22.504235865, 'LU': 0.4037953741, 'NL': 12.9669280038, 'PT': 2.0940940217, 'RO': 4.3008855651}"
EU,household,2024.0,5.0,47.1,calculated,"{'DE': 23.6967086835, 'FR': 21.262681334, 'HU': 5.3421038358, 'IT': 27.6388507005, 'LU': 0.4514109893, 'NL': 12.1132652033, 'PT': 3.7363775862, 'RO': 5.7586016675}"
EU,household,2024.0,6.0,36.94,calculated,"{'DE': 24.0418193154, 'FR': 18.9731234663, 'HU': 5.171851975, 'IT': 27.3299211921, 'LU': 0.4318486318, 'NL': 14.603440874, 'PT': 4.3186677577, 'RO': 5.1293267878}"
EU,household,2024.0,7.0,32.39,calculated,"{'DE': 20.6734025253, 'FR': 18.1438168758, 'HU': 6.0372088761, 'IT': 29.8034077273, 'LU': 0.3841680595, 'NL': 14.0987617702, 'PT': 4.9934707287, 'RO': 5.8657634373}"
EU,household,2024.0,8.0,27.69,calculated,"{'DE': 21.2744611839, 'FR': 17.2219347066, 'HU': 7.2761246774, 'IT': 27.8863223794, 'LU': 0.3727909313, 'NL': 14.4851127465, 'PT': 4.8352492582, 'RO': 6.6480041166}"
EU,household,2024.0,9.0,40.85,calculated,"{'DE': 25.9242253048, 'FR': 18.7989383322, 'HU': 5.808858087, 'IT': 26.0696886177, 'LU': 0.4210204618, 'NL': 13.4159892987, 'PT': 4.1025014696, 'RO': 5.458778428}"
EU,household,2024.0,10.0,73.19,calculated,"{'DE': 32.784804594, 'FR': 18.3509553656, 'HU': 6.692991879, 'IT': 20.2527696364, 'LU': 0.4037948588, 'NL': 12.5076860778, 'PT': 2.3798233009, 'RO': 6.6271742876}"
EU,household,2024.0,11.0,142.65,calculated,"{'DE': 30.7897180542, 'FR': 19.1996046819, 'HU': 6.6757685466, 'IT': 23.4903879165, 'LU': 0.3600834553, 'NL': 11.3208472167, 'PT': 1.2009793062, 'RO': 6.9626108225}"
EU,household,2024.0,12.0,186.08,calculated,"{'DE': 29.8544114711, 'FR': 19.7056642611, 'HU': 5.8389637918, 'IT': 26.5683733601, 'LU': 0.3560290602, 'NL': 10.5510683905, 'PT': 0.942798281, 'RO': 6.1826913842}"
EU,household,2025.0,1.0,201.04,calculated,"{'DE': 30.654612388, 'FR': 20.6066577207, 'HU': 5.3101780871, 'IT': 24.6299606971, 'LU': 0.3578459014, 'NL': 11.789148661, 'PT': 0.9023421721, 'RO': 5.7492543725}"
EU,household,2025.0,2.0,174.46,calculated,"{'DE': 30.927426305, 'FR': 19.2092627188, 'HU': 5.9171286347, 'IT': 24.0455702947, 'LU': 0.3341206251, 'NL': 11.6847809913, 'PT': 0.9662384959, 'RO': 6.9154719344}"
EU,household,2025.0,3.0,130.39,calculated,"{'DE': 30.5280473625, 'FR': 20.5351703021, 'HU': 5.368865954, 'IT': 24.8319025745, 'LU': 0.3563617275, 'NL': 10.9427529346, 'PT': 1.3826704424, 'RO': 6.0542287024}"
EU,household,2025.0,4.0,74.04,calculated,"{'DE': 30.1447593218, 'FR': 18.4166796016, 'HU': 5.834250632, 'IT': 24.6175179601, 'LU': 0.4041078765, 'NL': 11.325908689, 'PT': 2.071282218, 'RO': 7.1854937009}"
EU,household,2025.0,5.0,48.81,calculated,"{'DE': 29.0258010558, 'FR': 16.7617972655, 'HU': 6.4092608604, 'IT': 24.8050502732, 'LU': 0.4148181637, 'NL': 12.2482475643, 'PT': 3.4381831527, 'RO': 6.8968416643}"
EU,household,2025.0,6.0,20.57,calculated,"{'DE': 35.7351837121, 'FR': 27.2592953652, 'HU': 3.3908018924, 'IT': 17.667826267, 'LU': 0.2872118104, 'NL': 9.2250768527, 'PT': 2.7417444654, 'RO': 3.6928596347}"
EU,household,2025.0,7.0,11.53,calculated,"{'DE': 56.4431694025, 'FR': 43.5568305975}"
EU,household,2025.0,8.0,11.05,calculated,"{'DE': 60.8820207263, 'FR': 39.1179792737}"
EU,household,2025.0,9.0,17.99,calculated,"{'DE': 61.0393631154, 'FR': 38.9606368846}"
EU,household,2025.0,10.0,59.99,calculated,"{'DE': 45.5756834459, 'FR': 23.6301481015, 'HU': 3.9435136348, 'IT': 13.821576867, 'LU': 0.2480534248, 'NL': 7.504851321, 'PT': 1.1129108105, 'RO': 4.1632623944}"
EU,household,2025.0,11.0,137.68,calculated,"{'BE': 0.7421225128, 'DE': 31.965717171, 'FR': 19.1260553644, 'HU': 6.1277289533, 'IT': 23.7670546023, 'LU': 0.3649587021, 'NL': 10.8995616563, 'PT': 1.2730732043, 'RO': 5.7337278336}"
EU,industry,2019.0,1.0,39.49,calculated,"{'FR': 39.086158729, 'IT': 34.8399320695, 'NL': 26.0739092015}"
EU,industry,2019.0,2.0,34.89,calculated,"{'FR': 36.8313987918, 'IT': 37.5591454746, 'NL': 25.6094557336}"
EU,industry,2019.0,3.0,37.34,calculated,"{'FR': 35.4854772639, 'IT': 37.5378694727, 'NL': 26.9766532633}"
EU,industry,2019.0,4.0,32.5,calculated,"{'FR': 34.1076604808, 'IT': 37.7124305703, 'NL': 28.1799089489}"
EU,industry,2019.0,5.0,33.04,calculated,"{'FR': 33.0830336915, 'IT': 38.88930574, 'NL': 28.0276605685}"
EU,industry,2019.0,6.0,29.95,calculated,"{'FR': 32.3952361466, 'IT': 39.5288578555, 'NL': 28.0759059979}"
EU,industry,2019.0,7.0,31.05,calculated,"{'FR': 31.5402037828, 'IT': 40.0125782105, 'NL': 28.4472180067}"
EU,industry,2019.0,8.0,27.18,calculated,"{'FR': 32.5562043461, 'IT': 34.3228610634, 'NL': 33.1209345905}"
EU,industry,2019.0,9.0,30.72,calculated,"{'FR': 30.7882916134, 'IT': 39.0718785396, 'NL': 30.139829847}"
EU,industry,2019.0,10.0,32.94,calculated,"{'FR': 32.7650076528, 'IT': 37.5135791915, 'NL': 29.7214131558}"
EU,industry,2019.0,11.0,35.67,calculated,"{'FR': 38.5962695413, 'IT': 35.0972956479, 'NL': 26.3064348108}"
EU,industry,2019.0,12.0,36.03,calculated,"{'FR': 39.1579107012, 'IT': 32.5184237802, 'NL': 28.3236655186}"
EU,industry,2020.0,1.0,36.84,calculated,"{'FR': 38.6124786952, 'IT': 35.880154557, 'NL': 25.5073667478}"
EU,industry,2020.0,2.0,35.04,calculated,"{'FR': 36.1649647799, 'IT': 36.7335974905, 'NL': 27.1014377296}"
EU,industry,2020.0,3.0,33.56,calculated,"{'FR': 35.7611184227, 'IT': 34.2295829654, 'NL': 30.0092986118}"
EU,industry,2020.0,4.0,26.47,calculated,"{'FR': 33.3699595283, 'IT': 32.6387681364, 'NL': 33.9912723352}"
EU,industry,2020.0,5.0,29.34,calculated,"{'FR': 32.7959603474, 'IT': 37.0918755938, 'NL': 30.1121640588}"
EU,industry,2020.0,6.0,28.78,calculated,"{'FR': 32.1493356806, 'IT': 39.1687253115, 'NL': 28.6819390079}"
EU,industry,2020.0,7.0,30.38,calculated,"{'FR': 30.5140656328, 'IT': 39.8127408362, 'NL': 29.673193531}"
EU,industry,2020.0,8.0,26.7,calculated,"{'FR': 30.6902888199, 'IT': 34.9421770815, 'NL': 34.3675340986}"
EU,industry,2020.0,9.0,31.42,calculated,"{'FR': 31.3832526076, 'IT': 39.377219761, 'NL': 29.2395276314}"
EU,industry,2020.0,10.0,35.15,calculated,"{'FR': 33.6727248729, 'IT': 36.6721236691, 'NL': 29.655151458}"
EU,industry,2020.0,11.0,34.91,calculated,"{'FR': 37.1603952558, 'IT': 36.5975434315, 'NL': 26.2420613127}"
EU,industry,2020.0,12.0,36.1,calculated,"{'FR': 37.4073663617, 'IT': 32.8701775341, 'NL': 29.7224561042}"
EU,industry,2021.0,1.0,39.19,calculated,"{'FR': 36.172021515, 'IT': 32.4037898948, 'NL': 31.4241885901}"
EU,industry,2021.0,2.0,35.99,calculated,"{'FR': 33.6275033519, 'IT': 35.3737767766, 'NL': 30.9987198714}"
EU,industry,2021.0,3.0,38.53,calculated,"{'FR': 32.6766845413, 'IT': 35.9644141027, 'NL': 31.358901356}"
EU,industry,2021.0,4.0,34.28,calculated,"{'FR': 30.7982984565, 'IT': 36.470955982, 'NL': 32.7307455615}"
EU,industry,2021.0,5.0,34.22,calculated,"{'FR': 29.5528796895, 'IT': 37.2634089513, 'NL': 33.1837113592}"
EU,industry,2021.0,6.0,30.3,calculated,"{'FR': 30.3118063853, 'IT': 38.4686363486, 'NL': 31.2195572661}"
EU,industry,2021.0,7.0,31.05,calculated,"{'FR': 28.6727248826, 'IT': 39.4451059782, 'NL': 31.8821691392}"
EU,industry,2021.0,8.0,28.09,calculated,"{'FR': 29.8467502304, 'IT': 35.3276125254, 'NL': 34.8256372442}"
EU,industry,2021.0,9.0,31.44,calculated,"{'FR': 29.2188040816, 'IT': 40.2750628874, 'NL': 30.506133031}"
EU,industry,2021.0,10.0,32.49,calculated,"{'FR': 32.7056523021, 'IT': 38.6545521496, 'NL': 28.6397955483}"
EU,industry,2021.0,11.0,34.73,calculated,"{'FR': 37.1826068512, 'IT': 36.923846313, 'NL': 25.8935468358}"
EU,industry,2021.0,12.0,35.65,calculated,"{'FR': 37.5797005042, 'IT': 34.2911351256, 'NL': 28.1291643702}"
EU,industry,2022.0,1.0,35.19,calculated,"{'FR': 38.2219742976, 'IT': 34.4510878942, 'NL': 27.3269378082}"
EU,industry,2022.0,2.0,31.3,calculated,"{'FR': 35.8743341733, 'IT': 36.9944774613, 'NL': 27.1311883654}"
EU,industry,2022.0,3.0,32.14,calculated,"{'FR': 33.5782318525, 'IT': 38.6306875855, 'NL': 27.791080562}"
EU,industry,2022.0,4.0,29.39,calculated,"{'FR': 30.9955131561, 'IT': 38.6513598038, 'NL': 30.3531270401}"
EU,industry,2022.0,5.0,28.86,calculated,"{'FR': 30.4632130508, 'IT': 40.5284123906, 'NL': 29.0083745586}"
EU,industry,2022.0,6.0,26.57,calculated,"{'FR': 30.7477174432, 'IT': 39.4112890581, 'NL': 29.8409934986}"
EU,industry,2022.0,7.0,25.69,calculated,"{'FR': 31.3339913226, 'IT': 40.3293205514, 'NL': 28.336688126}"
EU,industry,2022.0,8.0,21.08,calculated,"{'FR': 35.0427549578, 'IT': 34.6654627365, 'NL': 30.2917823057}"
EU,industry,2022.0,9.0,24.16,calculated,"{'FR': 35.4884778748, 'IT': 40.0146487479, 'NL': 24.4968733773}"
EU,industry,2022.0,10.0,25.62,calculated,"{'FR': 36.2305072191, 'IT': 38.2826033861, 'NL': 25.4868893948}"
EU,industry,2022.0,11.0,27.59,calculated,"{'FR': 38.2503595006, 'IT': 37.3941902497, 'NL': 24.3554502497}"
EU,industry,2022.0,12.0,27.6,calculated,"{'FR': 42.0922580225, 'IT': 32.1174434749, 'NL': 25.7902985026}"
EU,industry,2023.0,1.0,27.91,calculated,"{'FR': 39.2046531164, 'IT': 35.9823500929, 'NL': 24.8129967907}"
EU,industry,2023.0,2.0,27.03,calculated,"{'FR': 38.5267436524, 'IT': 38.7850844976, 'NL': 22.68817185}"
EU,industry,2023.0,3.0,28.88,calculated,"{'FR': 36.3106051945, 'IT': 38.8170519046, 'NL': 24.8723429009}"
EU,industry,2023.0,4.0,24.79,calculated,"{'FR': 33.0320097049, 'IT': 40.2065206868, 'NL': 26.7614696083}"
EU,industry,2023.0,5.0,24.95,calculated,"{'FR': 31.3075559728, 'IT': 42.277960006, 'NL': 26.4144840212}"
EU,industry,2023.0,6.0,23.98,calculated,"{'FR': 30.3455375303, 'IT': 41.1772266594, 'NL': 28.4772358103}"
EU,industry,2023.0,7.0,24.3,calculated,"{'FR': 29.9924584989, 'IT': 41.9589754951, 'NL': 28.048566006}"
EU,industry,2023.0,8.0,21.35,calculated,"{'FR': 32.1074095686, 'IT': 34.6004520165, 'NL': 33.292138415}"
EU,industry,2023.0,9.0,25.4,calculated,"{'FR': 30.2860808166, 'IT': 41.2800019317, 'NL': 28.4339172517}"
EU,industry,2023.0,10.0,27.88,calculated,"{'FR': 33.9040143552, 'IT': 38.6274627382, 'NL': 27.4685229066}"
EU,industry,2023.0,11.0,28.86,calculated,"{'FR': 37.4106670622, 'IT': 37.670639824, 'NL': 24.9186931138}"
EU,industry,2023.0,12.0,28.32,calculated,"{'FR': 40.1401715352, 'IT': 32.0693041337, 'NL': 27.7905243311}"
EU,industry,2024.0,1.0,30.27,calculated,"{'FR': 38.7406066555, 'IT': 33.7283266298, 'NL': 27.5310667147}"
EU,industry,2024.0,2.0,28.28,calculated,"{'FR': 35.8578608319, 'IT': 37.1068593068, 'NL': 27.0352798613}"
EU,industry,2024.0,3.0,29.27,calculated,"{'FR': 34.3328367351, 'IT': 38.8949916479, 'NL': 26.7721716171}"
EU,industry,2024.0,4.0,27.04,calculated,"{'FR': 30.6188634361, 'IT': 38.792145722, 'NL': 30.5889908419}"
EU,industry,2024.0,5.0,27.21,calculated,"{'FR': 30.306654502, 'IT': 39.1050327849, 'NL': 30.5883127131}"
EU,industry,2024.0,6.0,25.04,calculated,"{'FR': 30.7194865692, 'IT': 39.4625172603, 'NL': 29.8179961704}"
EU,industry,2024.0,7.0,25.28,calculated,"{'FR': 30.5123770539, 'IT': 41.2847153738, 'NL': 28.2029075724}"
EU,industry,2024.0,8.0,21.68,calculated,"{'FR': 31.1899674112, 'IT': 34.8606832076, 'NL': 33.9493493812}"
EU,industry,2024.0,9.0,25.98,calculated,"{'FR': 31.4057063108, 'IT': 40.5858526551, 'NL': 28.0084410341}"
EU,industry,2024.0,10.0,28.1,calculated,"{'FR': 32.9811963932, 'IT': 39.8711916525, 'NL': 27.1476119543}"
EU,industry,2024.0,11.0,28.8,calculated,"{'FR': 36.2818126732, 'IT': 37.4562695851, 'NL': 26.2619177418}"
EU,industry,2024.0,12.0,28.07,calculated,"{'FR': 38.8858799663, 'IT': 32.8510166935, 'NL': 28.2631033402}"
EU,industry,2025.0,1.0,29.54,calculated,"{'FR': 37.8384691185, 'IT': 35.3997145135, 'NL': 26.761816368}"
EU,industry,2025.0,2.0,26.91,calculated,"{'FR': 35.51641918, 'IT': 38.723455123, 'NL': 25.760125697}"
EU,industry,2025.0,3.0,28.16,calculated,"{'FR': 33.9959789065, 'IT': 40.3119206582, 'NL': 25.6921004353}"
EU,industry,2025.0,4.0,24.68,calculated,"{'FR': 31.5378103472, 'IT': 42.0588383771, 'NL': 26.4033512758}"
EU,industry,2025.0,5.0,24.95,calculated,"{'FR': 29.8858511317, 'IT': 42.8031408074, 'NL': 27.3110080609}"
EU,industry,2025.0,6.0,12.61,calculated,"{'FR': 51.7411308563, 'IT': 28.766850862, 'NL': 19.4920182817}"
EU,industry,2025.0,7.0,6.49,calculated,{'FR': 100.0}
EU,industry,2025.0,8.0,5.98,calculated,{'FR': 100.0}
EU,industry,2025.0,9.0,7.64,calculated,{'FR': 100.0}
EU,industry,2025.0,10.0,15.52,calculated,"{'FR': 55.3236623159, 'IT': 27.9043711742, 'NL': 16.7719665099}"
EU,industry,2025.0,11.0,27.96,calculated,"{'BE': 1.3596017669, 'FR': 34.2598377827, 'IT': 39.9860651052, 'NL': 24.3944953452}"
EU,industry-power,2019.0,1.0,10.42,calculated,"{'HU': 26.469209737, 'LU': 3.4423608438, 'PT': 29.3453313351, 'RO': 40.7430980841}"
EU,industry-power,2019.0,2.0,8.17,calculated,"{'HU': 24.437144111, 'LU': 3.9757727956, 'PT': 28.4769013441, 'RO': 43.1101817492}"
EU,industry-power,2019.0,3.0,7.35,calculated,"{'HU': 26.2287047647, 'LU': 4.7375017223, 'PT': 27.622448465, 'RO': 41.411345048}"
EU,industry-power,2019.0,4.0,7.17,calculated,"{'HU': 28.6709428797, 'LU': 4.4182118858, 'PT': 37.198523839, 'RO': 29.7123213956}"
EU,industry-power,2019.0,5.0,7.83,calculated,"{'HU': 26.6359548618, 'LU': 4.1322926828, 'PT': 45.8241668317, 'RO': 23.4075856236}"
EU,industry-power,2019.0,6.0,7.18,calculated,"{'HU': 23.1489728337, 'LU': 4.2987291735, 'PT': 57.87515739, 'RO': 14.6771406028}"
EU,industry-power,2019.0,7.0,8.99,calculated,"{'HU': 19.5497767023, 'LU': 3.4685085023, 'PT': 50.6984259579, 'RO': 26.2832888374}"
EU,industry-power,2019.0,8.0,9.49,calculated,"{'HU': 23.3078758154, 'LU': 2.5945825109, 'PT': 43.7519151591, 'RO': 30.3456265146}"
EU,industry-power,2019.0,9.0,9.73,calculated,"{'HU': 24.9661468333, 'LU': 2.9710480039, 'PT': 39.2390258221, 'RO': 32.8237793407}"
EU,industry-power,2019.0,10.0,10.96,calculated,"{'HU': 24.3070037871, 'LU': 2.903840046, 'PT': 38.2274446081, 'RO': 34.5617115589}"
EU,industry-power,2019.0,11.0,9.36,calculated,"{'HU': 25.8504057841, 'LU': 3.3947504391, 'PT': 36.7953768109, 'RO': 33.9594669659}"
EU,industry-power,2019.0,12.0,8.96,calculated,"{'HU': 28.8816876596, 'LU': 2.928840207, 'PT': 33.0617821828, 'RO': 35.1276899506}"
EU,industry-power,2020.0,1.0,11.68,calculated,"{'HU': 23.5740713813, 'LU': 3.0060969675, 'PT': 34.8665891346, 'RO': 38.5532425166}"
EU,industry-power,2020.0,2.0,9.53,calculated,"{'HU': 26.5719151366, 'LU': 3.3764947709, 'PT': 32.1036595489, 'RO': 37.9479305436}"
EU,industry-power,2020.0,3.0,8.38,calculated,"{'HU': 27.4270301304, 'LU': 3.2275548787, 'PT': 35.0931177051, 'RO': 34.2522972858}"
EU,industry-power,2020.0,4.0,6.27,calculated,"{'HU': 27.2101878143, 'LU': 3.9293364226, 'PT': 28.6049914501, 'RO': 40.2554843131}"
EU,industry-power,2020.0,5.0,6.94,calculated,"{'HU': 28.1851325547, 'LU': 3.7247362133, 'PT': 30.467034114, 'RO': 37.623097118}"
EU,industry-power,2020.0,6.0,8.26,calculated,"{'HU': 23.0013919794, 'LU': 3.0275490251, 'PT': 38.6075864317, 'RO': 35.3634725638}"
EU,industry-power,2020.0,7.0,10.37,calculated,"{'HU': 19.7775694907, 'LU': 2.3727600314, 'PT': 43.7893541014, 'RO': 34.0603163765}"
EU,industry-power,2020.0,8.0,10.57,calculated,"{'HU': 20.5702196343, 'LU': 2.1176204338, 'PT': 41.768594016, 'RO': 35.5435659159}"
EU,industry-power,2020.0,9.0,10.98,calculated,"{'HU': 21.5592351975, 'LU': 2.3319324392, 'PT': 41.7658458354, 'RO': 34.3429865278}"
EU,industry-power,2020.0,10.0,9.66,calculated,"{'HU': 25.2666221862, 'LU': 2.8646630533, 'PT': 40.7613018061, 'RO': 31.1074129544}"
EU,industry-power,2020.0,11.0,10.45,calculated,"{'HU': 23.6774252289, 'LU': 2.7842500823, 'PT': 34.6442620934, 'RO': 38.8940625954}"
EU,industry-power,2020.0,12.0,9.56,calculated,"{'HU': 24.4947990023, 'LU': 2.3886234539, 'PT': 28.1789785794, 'RO': 44.9375989644}"
EU,industry-power,2021.0,1.0,10.0,calculated,"{'HU': 27.2723592131, 'LU': 3.0109250637, 'PT': 32.4404276137, 'RO': 37.2762881096}"
EU,industry-power,2021.0,2.0,7.66,calculated,"{'HU': 28.3295585388, 'LU': 3.6899371109, 'PT': 23.7511650408, 'RO': 44.2293393095}"
EU,industry-power,2021.0,3.0,8.81,calculated,"{'HU': 25.5926596172, 'LU': 3.4856719137, 'PT': 29.043582943, 'RO': 41.8780855261}"
EU,industry-power,2021.0,4.0,8.38,calculated,"{'HU': 23.5213206734, 'LU': 3.3437316243, 'PT': 41.6818897493, 'RO': 31.4530579529}"
EU,industry-power,2021.0,5.0,7.21,calculated,"{'HU': 27.1976910726, 'LU': 3.7301583682, 'PT': 36.3891244731, 'RO': 32.6830260861}"
EU,industry-power,2021.0,6.0,7.82,calculated,"{'HU': 19.5683861184, 'LU': 3.3228647116, 'PT': 49.0207589383, 'RO': 28.0879902316}"
EU,industry-power,2021.0,7.0,8.29,calculated,"{'HU': 26.2128994275, 'LU': 3.0496038465, 'PT': 38.6159953381, 'RO': 32.121501388}"
EU,industry-power,2021.0,8.0,8.23,calculated,"{'HU': 26.8873605505, 'LU': 2.6303552737, 'PT': 37.3871371857, 'RO': 33.0951469901}"
EU,industry-power,2021.0,9.0,8.63,calculated,"{'HU': 21.4903358333, 'LU': 2.9455178111, 'PT': 43.8879363962, 'RO': 31.6762099594}"
EU,industry-power,2021.0,10.0,8.62,calculated,"{'HU': 25.6130583682, 'LU': 3.214820691, 'PT': 36.7173135186, 'RO': 34.4548074221}"
EU,industry-power,2021.0,11.0,9.3,calculated,"{'HU': 28.0332550756, 'LU': 3.0770186532, 'PT': 34.2896375584, 'RO': 34.6000887128}"
EU,industry-power,2021.0,12.0,8.99,calculated,"{'HU': 30.0538720507, 'LU': 2.5771811422, 'PT': 29.8310177421, 'RO': 37.537929065}"
EU,industry-power,2022.0,1.0,9.14,calculated,"{'HU': 28.1053405965, 'LU': 3.3090478573, 'PT': 35.7174018386, 'RO': 32.8682097076}"
EU,industry-power,2022.0,2.0,7.98,calculated,"{'HU': 28.8662946808, 'LU': 3.0119256117, 'PT': 34.8103390078, 'RO': 33.3114406997}"
EU,industry-power,2022.0,3.0,6.84,calculated,"{'HU': 26.134393664, 'LU': 3.6078376443, 'PT': 43.3894008121, 'RO': 26.8683678795}"
EU,industry-power,2022.0,4.0,5.93,calculated,"{'HU': 28.5429985937, 'LU': 3.4925312568, 'PT': 42.7894583906, 'RO': 25.1750117588}"
EU,industry-power,2022.0,5.0,7.24,calculated,"{'HU': 19.8734071034, 'LU': 2.812791395, 'PT': 42.1110136552, 'RO': 35.2027878464}"
EU,industry-power,2022.0,6.0,7.63,calculated,"{'HU': 19.566927833, 'LU': 2.2220729185, 'PT': 46.695659009, 'RO': 31.5153402395}"
EU,industry-power,2022.0,7.0,8.0,calculated,"{'HU': 24.3907907856, 'LU': 2.0339814511, 'PT': 47.6601349615, 'RO': 25.9150928018}"
EU,industry-power,2022.0,8.0,7.24,calculated,"{'HU': 19.6192011199, 'LU': 1.9519971588, 'PT': 51.5549136044, 'RO': 26.8738881168}"
EU,industry-power,2022.0,9.0,7.02,calculated,"{'HU': 21.0464156698, 'LU': 2.4288940177, 'PT': 46.4082313133, 'RO': 30.1164589991}"
EU,industry-power,2022.0,10.0,6.82,calculated,"{'HU': 18.7555069587, 'LU': 2.6351473153, 'PT': 46.9155850846, 'RO': 31.6937606414}"
EU,industry-power,2022.0,11.0,7.85,calculated,"{'HU': 24.3821066456, 'LU': 2.2682816783, 'PT': 42.133584983, 'RO': 31.2160266931}"
EU,industry-power,2022.0,12.0,6.51,calculated,"{'HU': 29.6455649644, 'LU': 2.0127675641, 'PT': 34.6135113162, 'RO': 33.7281561554}"
EU,industry-power,2023.0,1.0,6.35,calculated,"{'HU': 30.7664607727, 'LU': 2.7568828267, 'PT': 27.5026294023, 'RO': 38.9740269984}"
EU,industry-power,2023.0,2.0,7.45,calculated,"{'HU': 27.1873419212, 'LU': 2.4938985219, 'PT': 38.6000862807, 'RO': 31.7186732762}"
EU,industry-power,2023.0,3.0,5.4,calculated,"{'HU': 34.1702945323, 'LU': 3.6476611142, 'PT': 34.7437378458, 'RO': 27.4383065077}"
EU,industry-power,2023.0,4.0,4.74,calculated,"{'HU': 37.7778672076, 'LU': 3.8696237446, 'PT': 35.9628163297, 'RO': 22.3896927181}"
EU,industry-power,2023.0,5.0,5.03,calculated,"{'HU': 36.6366535704, 'LU': 3.5336389981, 'PT': 38.0199792887, 'RO': 21.8097281429}"
EU,industry-power,2023.0,6.0,5.78,calculated,"{'HU': 31.2337246872, 'LU': 2.8954443859, 'PT': 46.3239010752, 'RO': 19.5469298517}"
EU,industry-power,2023.0,7.0,6.99,calculated,"{'HU': 27.8974050806, 'LU': 2.509829155, 'PT': 41.999965324, 'RO': 27.5928004405}"
EU,industry-power,2023.0,8.0,6.41,calculated,"{'HU': 27.2283155433, 'LU': 2.2121941613, 'PT': 39.6233810587, 'RO': 30.9361092366}"
EU,industry-power,2023.0,9.0,6.62,calculated,"{'HU': 29.5737462294, 'LU': 0.5549155384, 'PT': 40.0084904187, 'RO': 29.8628478135}"
EU,industry-power,2023.0,10.0,6.9,calculated,"{'HU': 32.6000007965, 'LU': 2.4668804619, 'PT': 26.893293249, 'RO': 38.0398254925}"
EU,industry-power,2023.0,11.0,6.84,calculated,"{'HU': 26.5153077783, 'LU': 3.2294100003, 'PT': 25.0271863153, 'RO': 45.2280959061}"
EU,industry-power,2023.0,12.0,6.5,calculated,"{'HU': 26.1047441791, 'LU': 2.7764195452, 'PT': 27.077723638, 'RO': 44.0411126377}"
EU,industry-power,2024.0,1.0,7.34,calculated,"{'HU': 26.5444153734, 'LU': 2.8988823962, 'PT': 27.7501271453, 'RO': 42.8065750852}"
EU,industry-power,2024.0,2.0,6.56,calculated,"{'HU': 28.1219371083, 'LU': 3.5443459242, 'PT': 24.2729328667, 'RO': 44.0607841007}"
EU,industry-power,2024.0,3.0,6.78,calculated,"{'HU': 28.176840709, 'LU': 3.3169042756, 'PT': 24.803414288, 'RO': 43.7028407275}"
EU,industry-power,2024.0,4.0,4.75,calculated,"{'HU': 38.8228102685, 'LU': 4.4631646118, 'PT': 20.6063302786, 'RO': 36.1076948411}"
EU,industry-power,2024.0,5.0,4.59,calculated,"{'HU': 41.1661121004, 'LU': 4.5848080148, 'PT': 19.0835905115, 'RO': 35.1654893734}"
EU,industry-power,2024.0,6.0,4.86,calculated,"{'HU': 38.2032374434, 'LU': 4.2952216485, 'PT': 18.8514347266, 'RO': 38.6501061815}"
EU,industry-power,2024.0,7.0,5.88,calculated,"{'HU': 30.3787988772, 'LU': 3.3761198235, 'PT': 23.6205087971, 'RO': 42.6245725023}"
EU,industry-power,2024.0,8.0,5.19,calculated,"{'HU': 30.038693922, 'LU': 2.3530160216, 'PT': 27.308820619, 'RO': 40.2994694374}"
EU,industry-power,2024.0,9.0,5.54,calculated,"{'HU': 37.4210806963, 'LU': 3.5657427243, 'PT': 25.4479898977, 'RO': 33.5651866816}"
EU,industry-power,2024.0,10.0,6.05,calculated,"{'HU': 37.5431187972, 'LU': 3.6117955698, 'PT': 25.3143829993, 'RO': 33.5307026337}"
EU,industry-power,2024.0,11.0,6.53,calculated,"{'HU': 32.5310730314, 'LU': 3.5405085719, 'PT': 27.3017681454, 'RO': 36.6266502514}"
EU,industry-power,2024.0,12.0,7.31,calculated,"{'HU': 33.1779908048, 'LU': 2.6169014428, 'PT': 29.7016807076, 'RO': 34.5034270447}"
EU,industry-power,2025.0,1.0,7.44,calculated,"{'HU': 33.5707651702, 'LU': 3.1970164528, 'PT': 24.960748443, 'RO': 38.271469934}"
EU,industry-power,2025.0,2.0,6.8,calculated,"{'HU': 35.2179956507, 'LU': 3.3370307088, 'PT': 24.0311748191, 'RO': 37.4137988214}"
EU,industry-power,2025.0,3.0,5.49,calculated,"{'HU': 34.8963016009, 'LU': 4.2266543481, 'PT': 26.6581053247, 'RO': 34.2189387262}"
EU,industry-power,2025.0,4.0,4.19,calculated,"{'HU': 44.4334705038, 'LU': 5.3805302866, 'PT': 27.452858619, 'RO': 22.7331405906}"
EU,industry-power,2025.0,5.0,5.62,calculated,"{'HU': 32.8268784718, 'LU': 3.8283703649, 'PT': 36.8715707295, 'RO': 26.4731804338}"
EU,industry-power,2025.0,6.0,1.93,calculated,"{'HU': 30.3255933521, 'LU': 3.8144950791, 'PT': 36.3698217893, 'RO': 29.4900897795}"
EU,industry-power,2025.0,10.0,2.81,calculated,"{'HU': 32.1099172022, 'LU': 3.1712456103, 'PT': 29.5221676335, 'RO': 35.1966695541}"
EU,industry-power,2025.0,11.0,7.18,calculated,"{'HU': 32.926672904, 'LU': 3.1117511721, 'PT': 29.8786116623, 'RO': 34.0829642616}"
EU,power,2019.0,1.0,9.17,calculated,{'NL': 100.0}
EU,power,2019.0,2.0,8.16,calculated,{'NL': 100.0}
EU,power,2019.0,3.0,7.89,calculated,{'NL': 100.0}
EU,power,2019.0,4.0,6.51,calculated,{'NL': 100.0}
EU,power,2019.0,5.0,8.32,calculated,{'NL': 100.0}
EU,power,2019.0,6.0,7.39,calculated,{'NL': 100.0}
EU,power,2019.0,7.0,8.83,calculated,{'NL': 100.0}
EU,power,2019.0,8.0,8.91,calculated,{'NL': 100.0}
EU,power,2019.0,9.0,9.19,calculated,{'NL': 100.0}
EU,power,2019.0,10.0,9.59,calculated,{'NL': 100.0}
EU,power,2019.0,11.0,9.15,calculated,{'NL': 100.0}
EU,power,2019.0,12.0,7.64,calculated,{'NL': 100.0}
EU,power,2020.0,1.0,11.02,calculated,{'NL': 100.0}
EU,power,2020.0,2.0,8.15,calculated,{'NL': 100.0}
EU,power,2020.0,3.0,7.23,calculated,{'NL': 100.0}
EU,power,2020.0,4.0,6.09,calculated,{'NL': 100.0}
EU,power,2020.0,5.0,7.72,calculated,{'NL': 100.0}
EU,power,2020.0,6.0,8.66,calculated,{'NL': 100.0}
EU,power,2020.0,7.0,10.54,calculated,{'NL': 100.0}
EU,power,2020.0,8.0,11.25,calculated,{'NL': 100.0}
EU,power,2020.0,9.0,8.73,calculated,{'NL': 100.0}
EU,power,2020.0,10.0,7.47,calculated,{'NL': 100.0}
EU,power,2020.0,11.0,8.69,calculated,{'NL': 100.0}
EU,power,2020.0,12.0,8.58,calculated,{'NL': 100.0}
EU,power,2021.0,1.0,8.14,calculated,{'NL': 100.0}
EU,power,2021.0,2.0,8.19,calculated,{'NL': 100.0}
EU,power,2021.0,3.0,8.33,calculated,{'NL': 100.0}
EU,power,2021.0,4.0,5.93,calculated,{'NL': 100.0}
EU,power,2021.0,5.0,5.33,calculated,{'NL': 100.0}
EU,power,2021.0,6.0,7.16,calculated,{'NL': 100.0}
EU,power,2021.0,7.0,5.4,calculated,{'NL': 100.0}
EU,power,2021.0,8.0,2.33,calculated,{'NL': 100.0}
EU,power,2021.0,9.0,4.79,calculated,{'NL': 100.0}
EU,power,2021.0,10.0,3.74,calculated,{'NL': 100.0}
EU,power,2021.0,11.0,7.7,calculated,{'NL': 100.0}
EU,power,2021.0,12.0,6.78,calculated,{'NL': 100.0}
EU,power,2022.0,1.0,6.61,calculated,{'NL': 100.0}
EU,power,2022.0,2.0,3.82,calculated,{'NL': 100.0}
EU,power,2022.0,3.0,5.93,calculated,{'NL': 100.0}
EU,power,2022.0,4.0,4.01,calculated,{'NL': 100.0}
EU,power,2022.0,5.0,5.15,calculated,{'NL': 100.0}
EU,power,2022.0,6.0,5.73,calculated,{'NL': 100.0}
EU,total,2019.0,1.0,3878.63,calculated,"{'CZ': 33.6183693819, 'FI': 10.0073285602, 'GR': 17.6952502406, 'LT': 7.4533749172, 'SE': 3.3878976897, 'SK': 19.8061711087, 'DE': 1.8318841637, 'FR': 1.7397413781, 'HU': 0.4532826001, 'IT': 2.0741285341, 'LU': 0.0313379603, 'NL': 1.2835966049, 'PT': 0.1432357519, 'RO': 0.4744011087}"
EU,total,2019.0,2.0,2940.76,calculated,"{'CZ': 34.5095618398, 'FI': 9.5554364457, 'GR': 17.0141764051, 'LT': 7.4243678858, 'SE': 3.5746956487, 'SK': 19.9014305829, 'DE': 1.7566890773, 'FR': 1.7393636561, 'HU': 0.4356585776, 'IT': 2.0974812797, 'LU': 0.0329545252, 'NL': 1.3148552371, 'PT': 0.1542794952, 'RO': 0.4890493437}"
EU,total,2019.0,3.0,2578.57,calculated,"{'CZ': 33.2808817134, 'FI': 10.5448258903, 'GR': 14.9744367662, 'LT': 8.4672207893, 'SE': 4.9392121271, 'SK': 19.7568485083, 'DE': 1.7852952421, 'FR': 1.8081192706, 'HU': 0.4005886466, 'IT': 1.9076049641, 'LU': 0.0362053656, 'NL': 1.4887458403, 'PT': 0.1663084263, 'RO': 0.4437064499}"
EU,total,2019.0,4.0,2002.12,calculated,"{'CZ': 30.8472916777, 'FI': 10.7536385063, 'GR': 18.2256502384, 'LT': 10.1477997172, 'SE': 5.0991431415, 'SK': 17.5693248835, 'DE': 1.4279886377, 'FR': 1.6916621812, 'HU': 0.3666838403, 'IT': 1.7865522158, 'LU': 0.0362711043, 'NL': 1.4041754905, 'PT': 0.2394365697, 'RO': 0.4043817959}"
EU,total,2019.0,5.0,1780.56,calculated,"{'CZ': 32.1310038098, 'FI': 8.799126485, 'GR': 18.6200870134, 'LT': 7.4934496517, 'SE': 7.039301188, 'SK': 18.6768555714, 'DE': 1.3475512266, 'FR': 1.5473165362, 'HU': 0.3713442666, 'IT': 1.7324098571, 'LU': 0.0367309573, 'NL': 1.5832294776, 'PT': 0.3170441447, 'RO': 0.3045498145}"
EU,total,2019.0,6.0,1457.6,calculated,"{'CZ': 27.253396387, 'FI': 10.7487950127, 'GR': 27.4614375808, 'LT': 11.2342244649, 'SE': 4.2995180051, 'SK': 13.3146364028, 'DE': 0.5124877053, 'FR': 1.2299613792, 'HU': 0.2686854284, 'IT': 1.5449566445, 'LU': 0.0324119422, 'NL': 1.4564408218, 'PT': 0.4138061222, 'RO': 0.2292421031}"
EU,total,2019.0,7.0,1538.25,calculated,"{'CZ': 26.2186819805, 'FI': 10.0537803083, 'GR': 31.6726935203, 'LT': 7.425341012, 'SE': 4.0740809093, 'SK': 14.9821039889, 'DE': 0.491727217, 'FR': 1.0840447491, 'HU': 0.2710810245, 'IT': 1.4829584165, 'LU': 0.0295476724, 'NL': 1.4822255024, 'PT': 0.423448485, 'RO': 0.3082852138}"
EU,total,2019.0,8.0,1481.64,calculated,"{'CZ': 26.9475140141, 'FI': 10.2332331699, 'GR': 30.2221486286, 'LT': 6.8221554466, 'SE': 5.116616585, 'SK': 15.3498497549, 'DE': 0.4770379372, 'FR': 1.0107796028, 'HU': 0.3094067651, 'IT': 1.1973518037, 'LU': 0.026196914, 'NL': 1.5474351932, 'PT': 0.3926118406, 'RO': 0.3476623442}"
EU,total,2019.0,9.0,1668.39,calculated,"{'CZ': 29.3838168417, 'FI': 10.2994821919, 'GR': 26.2333869947, 'LT': 8.6636820791, 'SE': 3.998622498, 'SK': 15.5703936666, 'DE': 0.7893816224, 'FR': 1.0750962222, 'HU': 0.3261483198, 'IT': 1.4113749481, 'LU': 0.0301057798, 'NL': 1.5314507635, 'PT': 0.3464269902, 'RO': 0.340631082}"
EU,total,2019.0,10.0,2146.48,calculated,"{'CZ': 33.9527158049, 'FI': 9.794958235, 'GR': 19.3073695978, 'LT': 9.1827733453, 'SE': 3.1080155938, 'SK': 18.0829998184, 'DE': 1.3012492887, 'FR': 1.3198425557, 'HU': 0.3912100674, 'IT': 1.3162680412, 'LU': 0.0323643056, 'NL': 1.5224900941, 'PT': 0.2940611747, 'RO': 0.3936820773}"
EU,total,2019.0,11.0,2534.59,calculated,"{'CZ': 36.2910229853, 'FI': 8.2950909681, 'GR': 15.2741338499, 'LT': 8.7736539085, 'SE': 3.9082640138, 'SK': 18.9431163934, 'DE': 1.9636325639, 'FR': 1.9823743687, 'HU': 0.4253444419, 'IT': 1.8884459802, 'LU': 0.0373880723, 'NL': 1.5824868107, 'PT': 0.2232445769, 'RO': 0.4118010662}"
EU,total,2019.0,12.0,2992.88,calculated,"{'CZ': 35.6647640214, 'FI': 7.6327998758, 'GR': 14.9278652438, 'LT': 7.9705343836, 'SE': 3.9852671918, 'SK': 21.3110474408, 'DE': 1.9638586693, 'FR': 1.86634926, 'HU': 0.4849097507, 'IT': 2.0814125889, 'LU': 0.0322566599, 'NL': 1.4218123214, 'PT': 0.1717842674, 'RO': 0.4853383253}"
EU,total,2020.0,1.0,3506.57,calculated,"{'CZ': 35.10353839, 'FI': 7.3506027285, 'GR': 17.6219602446, 'LT': 7.4370804076, 'SE': 3.3438035941, 'SK': 21.1217983978, 'DE': 1.740704082, 'FR': 1.6819252359, 'HU': 0.5021012818, 'IT': 2.0726541433, 'LU': 0.0312105567, 'NL': 1.2958330328, 'PT': 0.1869225923, 'RO': 0.5098653127}"
EU,total,2020.0,2.0,2874.91,calculated,"{'CZ': 34.5550204836, 'FI': 8.104219441, 'GR': 17.0630912298, 'LT': 8.1464106051, 'SE': 4.0398039643, 'SK': 20.0588396787, 'DE': 1.7945227773, 'FR': 1.6990841452, 'HU': 0.4567188474, 'IT': 1.9688583237, 'LU': 0.0332941598, 'NL': 1.4092759515, 'PT': 0.182407082, 'RO': 0.4884533105}"
EU,total,2020.0,3.0,2645.68,calculated,"{'CZ': 35.1277226078, 'FI': 9.1120564454, 'GR': 17.4559493398, 'LT': 6.5981222143, 'SE': 3.5913346158, 'SK': 20.0828959942, 'DE': 1.8360879273, 'FR': 1.738567926, 'HU': 0.4481947103, 'IT': 1.9018604759, 'LU': 0.032737118, 'NL': 1.4416879999, 'PT': 0.1949975366, 'RO': 0.4377850886}"
EU,total,2020.0,4.0,1921.26,calculated,"{'CZ': 30.6333139653, 'FI': 9.6278730108, 'GR': 19.767601631, 'LT': 11.4113970276, 'SE': 3.9179655908, 'SK': 18.3525673551, 'DE': 1.2960249955, 'FR': 1.2287407169, 'HU': 0.3819512022, 'IT': 1.4295758794, 'LU': 0.0285976865, 'NL': 1.3356638835, 'PT': 0.1827980671, 'RO': 0.4059289885}"
EU,total,2020.0,5.0,1767.3,calculated,"{'CZ': 28.4904816116, 'FI': 9.3799213548, 'GR': 21.2881318772, 'LT': 13.4750577511, 'SE': 4.4325847866, 'SK': 17.0989674886, 'DE': 1.1033224498, 'FR': 1.1716003329, 'HU': 0.3100279804, 'IT': 1.2752457745, 'LU': 0.0293214695, 'NL': 1.4050946024, 'PT': 0.2154376996, 'RO': 0.324804821}"
EU,total,2020.0,6.0,1625.16,calculated,"{'CZ': 25.7281724024, 'FI': 10.3247060814, 'GR': 27.5805863857, 'LT': 10.7849640633, 'SE': 5.2071348984, 'SK': 15.0193996942, 'DE': 0.6054795429, 'FR': 1.0682210017, 'HU': 0.2774226369, 'IT': 1.3481556345, 'LU': 0.025948661, 'NL': 1.3977604547, 'PT': 0.3003910255, 'RO': 0.3316575172}"
EU,total,2020.0,7.0,1701.22,calculated,"{'CZ': 25.2694478576, 'FI': 9.2095021301, 'GR': 32.6674706268, 'LT': 10.7424386137, 'SE': 3.1787636385, 'SK': 13.6387973256, 'DE': 0.499288402, 'FR': 0.9645795273, 'HU': 0.2781455234, 'IT': 1.3208439186, 'LU': 0.0232705098, 'NL': 1.4871059948, 'PT': 0.3749619022, 'RO': 0.3453840296}"
EU,total,2020.0,8.0,1637.98,calculated,"{'CZ': 24.9187865269, 'FI': 10.4290332738, 'GR': 31.5212902431, 'LT': 9.3491037928, 'SE': 5.2762268929, 'SK': 13.5495975021, 'DE': 0.4239374931, 'FR': 0.8654888124, 'HU': 0.2740909639, 'IT': 1.0964705965, 'LU': 0.021093069, 'NL': 1.538296624, 'PT': 0.3726410177, 'RO': 0.3639431919}"
EU,total,2020.0,9.0,1695.7,calculated,"{'CZ': 25.3204372849, 'FI': 12.1007240798, 'GR': 28.0667651657, 'LT': 8.3751316907, 'SE': 4.7926020494, 'SK': 15.5381642512, 'DE': 0.7324393743, 'FR': 1.1133319205, 'HU': 0.311832826, 'IT': 1.4095727291, 'LU': 0.026456759, 'NL': 1.4643894849, 'PT': 0.3871932682, 'RO': 0.3609591163}"
EU,total,2020.0,10.0,2355.51,calculated,"{'CZ': 32.1275929538, 'FI': 8.6896976203, 'GR': 18.8495204295, 'LT': 8.2949064198, 'SE': 6.9517580962, 'SK': 18.4228884604, 'DE': 1.343698522, 'FR': 1.4729879936, 'HU': 0.3920193802, 'IT': 1.4879874721, 'LU': 0.0301567004, 'NL': 1.3558310313, 'PT': 0.2569541985, 'RO': 0.3240007217}"
EU,total,2020.0,11.0,2916.03,calculated,"{'CZ': 35.5814784774, 'FI': 7.262021414, 'GR': 17.6974941905, 'LT': 7.7403789105, 'SE': 4.9222293116, 'SK': 19.7285030625, 'DE': 1.5401085069, 'FR': 1.513474107, 'HU': 0.4479087297, 'IT': 1.6697680508, 'LU': 0.029383016, 'NL': 1.2086022195, 'PT': 0.1986804306, 'RO': 0.4599695731}"
EU,total,2020.0,12.0,3414.9,calculated,"{'CZ': 34.8659292968, 'FI': 7.5331233629, 'GR': 17.8999738974, 'LT': 7.61008258, 'SE': 5.2391467003, 'SK': 19.1650946268, 'DE': 1.7710915982, 'FR': 1.6444899493, 'HU': 0.4207326891, 'IT': 1.927629264, 'LU': 0.0276285808, 'NL': 1.2920936019, 'PT': 0.1436938398, 'RO': 0.4592900127}"
EU,total,2021.0,1.0,3840.92,calculated,"{'CZ': 33.6603091791, 'FI': 9.4450377384, 'GR': 16.5374215796, 'LT': 8.4502692054, 'SE': 4.842259526, 'SK': 19.2147437148, 'DE': 1.8353426635, 'FR': 1.6917789362, 'HU': 0.4240788355, 'IT': 1.987129956, 'LU': 0.0298792346, 'NL': 1.2989547736, 'PT': 0.1503239307, 'RO': 0.4324707267}"
EU,total,2021.0,2.0,3349.25,calculated,"{'CZ': 35.3993284469, 'FI': 10.861753988, 'GR': 13.540765319, 'LT': 8.2391187517, 'SE': 4.677887936, 'SK': 19.923999937, 'DE': 1.7806990088, 'FR': 1.4972927052, 'HU': 0.415908292, 'IT': 1.7476274513, 'LU': 0.028100693, 'NL': 1.3324908444, 'PT': 0.1169258488, 'RO': 0.438100778}"
EU,total,2021.0,3.0,3140.93,calculated,"{'CZ': 35.1596174583, 'FI': 8.6214261223, 'GR': 17.3812649126, 'LT': 7.3019842745, 'SE': 3.7330549839, 'SK': 20.4076783332, 'DE': 1.6689620658, 'FR': 1.553329771, 'HU': 0.4110218323, 'IT': 1.7537171108, 'LU': 0.0299386202, 'NL': 1.3529131802, 'PT': 0.1535274948, 'RO': 0.4715638399}"
EU,total,2021.0,4.0,2684.64,calculated,"{'CZ': 33.1863917254, 'FI': 8.5807140717, 'GR': 20.747631978, 'LT': 8.1439598671, 'SE': 3.7651224536, 'SK': 18.8520057763, 'DE': 1.5521631642, 'FR': 1.354271223, 'HU': 0.374050508, 'IT': 1.5076927326, 'LU': 0.0293163898, 'NL': 1.3163329236, 'PT': 0.2067557519, 'RO': 0.3835914349}"
EU,total,2021.0,5.0,1843.13,calculated,"{'CZ': 32.3893843254, 'FI': 5.5883573503, 'GR': 22.12479484, 'LT': 11.1876830174, 'SE': 3.4879247054, 'SK': 18.2542952488, 'DE': 1.4531825982, 'FR': 1.5168320702, 'HU': 0.3520284477, 'IT': 1.4891349586, 'LU': 0.0359092986, 'NL': 1.5500356591, 'PT': 0.2565312969, 'RO': 0.3139061834}"
EU,total,2021.0,6.0,1681.04,calculated,"{'CZ': 24.981582015, 'FI': 7.2092089223, 'GR': 32.2653513364, 'LT': 9.1577006452, 'SE': 6.2354140309, 'SK': 15.0814642334, 'DE': 0.4818438554, 'FR': 1.0104115881, 'HU': 0.2634810939, 'IT': 1.3399604665, 'LU': 0.0248291891, 'NL': 1.313359626, 'PT': 0.3423516051, 'RO': 0.2930413927}"
EU,total,2021.0,7.0,1708.61,calculated,"{'CZ': 23.2803031861, 'FI': 9.0451360938, 'GR': 36.4104959369, 'LT': 8.3177745171, 'SE': 3.786184702, 'SK': 14.3150319259, 'DE': 0.4590276053, 'FR': 0.9411795766, 'HU': 0.2708320345, 'IT': 1.3426467328, 'LU': 0.0244467632, 'NL': 1.2146869126, 'PT': 0.3031333614, 'RO': 0.2891206518}"
EU,total,2021.0,8.0,1616.4,calculated,"{'CZ': 23.3630825191, 'FI': 8.9357738922, 'GR': 36.4645485476, 'LT': 6.8161891896, 'SE': 5.0474193619, 'SK': 14.6880122298, 'DE': 0.5887758313, 'FR': 0.9189419912, 'HU': 0.2836699328, 'IT': 1.1728411995, 'LU': 0.0235246344, 'NL': 1.0953706541, 'PT': 0.2964497149, 'RO': 0.3054003016}"
EU,total,2021.0,9.0,1713.42,calculated,"{'CZ': 25.8655894627, 'FI': 10.3176240599, 'GR': 30.7206747567, 'LT': 6.9199079575, 'SE': 4.3209604292, 'SK': 16.5159266113, 'DE': 0.7196149034, 'FR': 1.0097832359, 'HU': 0.283222352, 'IT': 1.4324813535, 'LU': 0.0263441291, 'NL': 1.199757506, 'PT': 0.3377886021, 'RO': 0.3303246406}"
EU,total,2021.0,10.0,2203.1,calculated,"{'CZ': 32.3254985708, 'FI': 6.7396691414, 'GR': 22.6350935877, 'LT': 7.4556399842, 'SE': 4.1369855144, 'SK': 20.1041676279, 'DE': 1.433845006, 'FR': 1.382722819, 'HU': 0.4467876853, 'IT': 1.5166271498, 'LU': 0.0320273398, 'NL': 1.1288136849, 'PT': 0.2329011179, 'RO': 0.4292207711}"
EU,total,2021.0,11.0,2688.82,calculated,"{'CZ': 37.1392696553, 'FI': 4.1688481233, 'GR': 19.2710967651, 'LT': 5.9998030613, 'SE': 3.8653994372, 'SK': 21.4730921556, 'DE': 1.8621577395, 'FR': 1.8873431448, 'HU': 0.4880024863, 'IT': 1.850974018, 'LU': 0.0346568449, 'NL': 1.3080035395, 'PT': 0.201492784, 'RO': 0.4498602453}"
EU,total,2021.0,12.0,3338.82,calculated,"{'CZ': 34.1769756937, 'FI': 7.7167302257, 'GR': 18.2331232972, 'LT': 7.0811243837, 'SE': 3.4798019668, 'SK': 21.2717703067, 'DE': 1.8866535862, 'FR': 1.699301305, 'HU': 0.4902956757, 'IT': 2.1066456961, 'LU': 0.0286551944, 'NL': 1.2185791871, 'PT': 0.1446464846, 'RO': 0.465696997}"
EU,total,2022.0,1.0,3190.03,calculated,"{'CZ': 35.5972263846, 'FI': 5.6685075907, 'GR': 18.1835533218, 'LT': 6.2675357133, 'SE': 3.2374768778, 'SK': 22.3399624707, 'DE': 2.001862347, 'FR': 1.9475327463, 'HU': 0.5130126543, 'IT': 2.2555477915, 'LU': 0.0343131286, 'NL': 1.2819415048, 'PT': 0.1690088901, 'RO': 0.5025185786}"
EU,total,2022.0,2.0,2810.23,calculated,"{'CZ': 40.408093911, 'FI': 5.3915033676, 'GR': 17.8427306985, 'LT': 5.6542535067, 'SE': 2.9402118235, 'SK': 19.9547310638, 'DE': 1.8512336765, 'FR': 1.6677566738, 'HU': 0.4650508063, 'IT': 1.9999600483, 'LU': 0.0310882769, 'NL': 1.1707836617, 'PT': 0.1702633119, 'RO': 0.4523391733}"
EU,total,2022.0,3.0,2734.18,calculated,"{'CZ': 33.3500743167, 'FI': 6.0013638199, 'GR': 23.549109852, 'LT': 7.3161665689, 'SE': 2.2047946337, 'SK': 20.0943930774, 'DE': 1.6836844645, 'FR': 1.5088257251, 'HU': 0.4663127372, 'IT': 2.0062327965, 'LU': 0.0292283432, 'NL': 1.1434881452, 'PT': 0.1894821564, 'RO': 0.4568433634}"
EU,total,2022.0,4.0,1868.09,calculated,"{'CZ': 37.2174812197, 'FI': 5.1995834095, 'GR': 16.0259390627, 'LT': 8.2299457473, 'SE': 2.9766323172, 'SK': 22.5889014531, 'DE': 1.7986298737, 'FR': 1.6374953873, 'HU': 0.4749120787, 'IT': 1.8393496348, 'LU': 0.0322659046, 'NL': 1.3648653403, 'PT': 0.2384241844, 'RO': 0.3755743867}"
EU,total,2022.0,5.0,1370.1,calculated,"{'CZ': 29.0901892209, 'FI': 7.591128283, 'GR': 25.2171977102, 'LT': 10.4244756925, 'SE': 3.7051522875, 'SK': 17.3823890083, 'DE': 0.9616066317, 'FR': 1.3124408843, 'HU': 0.3220672782, 'IT': 1.7628088158, 'LU': 0.0290326798, 'NL': 1.4459106985, 'PT': 0.3578884427, 'RO': 0.3977123665}"
EU,total,2022.0,6.0,1322.78,calculated,"{'CZ': 25.9585579593, 'FI': 7.1466919429, 'GR': 32.516015563, 'LT': 11.1030669799, 'SE': 2.843011748, 'SK': 14.6604040557, 'DE': 0.6032745488, 'FR': 1.1503785626, 'HU': 0.2984834578, 'IT': 1.5470055349, 'LU': 0.02361586, 'NL': 1.3975733337, 'PT': 0.4033275194, 'RO': 0.3485929339}"
EU,total,2022.0,7.0,1346.52,calculated,"{'CZ': 23.16632503, 'FI': 6.3669916433, 'GR': 39.8687464035, 'LT': 7.1539231947, 'SE': 3.9471189455, 'SK': 14.5666787837, 'DE': 0.4880717759, 'FR': 1.0479558071, 'HU': 0.3088708223, 'IT': 1.4838563258, 'LU': 0.0209995327, 'NL': 0.8613473758, 'PT': 0.4078868753, 'RO': 0.3112274843}"
EU,total,2022.0,8.0,1239.06,calculated,"{'CZ': 25.1529497725, 'FI': 8.2307872621, 'GR': 39.6099957811, 'LT': 4.494934121, 'SE': 4.3937777089, 'SK': 13.4915733165, 'DE': 0.4628496302, 'FR': 1.0277253707, 'HU': 0.2870687094, 'IT': 1.2581507707, 'LU': 0.0196130918, 'NL': 0.8232060325, 'PT': 0.4191736491, 'RO': 0.3281947834}"
EU,total,2022.0,9.0,1196.35,calculated,"{'CZ': 33.0639751704, 'FI': 6.2368454875, 'GR': 27.2382611316, 'LT': 7.6295046875, 'SE': 3.6297178447, 'SK': 15.9023210992, 'DE': 1.0155928591, 'FR': 1.4120598762, 'HU': 0.3697591254, 'IT': 1.6952643402, 'LU': 0.0305197497, 'NL': 0.9728450763, 'PT': 0.4145444543, 'RO': 0.3887890978}"
EU,total,2022.0,10.0,1385.14,calculated,"{'CZ': 38.4321241493, 'FI': 5.0529139663, 'GR': 17.7779497219, 'LT': 6.677184771, 'SE': 3.9922997208, 'SK': 21.5497928831, 'DE': 1.3137322521, 'FR': 1.4478052836, 'HU': 0.4125305389, 'IT': 1.5150910326, 'LU': 0.0322989352, 'NL': 1.0033462871, 'PT': 0.3526089161, 'RO': 0.4403215421}"
EU,total,2022.0,11.0,1980.07,calculated,"{'CZ': 38.8662421126, 'FI': 4.0274880233, 'GR': 18.1588941909, 'LT': 5.6919312326, 'SE': 2.7331479659, 'SK': 22.7943213088, 'DE': 1.7938763363, 'FR': 1.7606395518, 'HU': 0.4899277637, 'IT': 1.8939684756, 'LU': 0.0305868906, 'NL': 1.0143243267, 'PT': 0.261032505, 'RO': 0.4836193162}"
EU,total,2022.0,12.0,2649.37,calculated,"{'CZ': 37.123648868, 'FI': 3.3991976592, 'GR': 17.6847555145, 'LT': 8.1646366133, 'SE': 3.1170980184, 'SK': 22.1587474635, 'DE': 2.1892397999, 'FR': 1.9379266874, 'HU': 0.4696028338, 'IT': 1.9837342527, 'LU': 0.0300104008, 'NL': 1.0949376203, 'PT': 0.1528622383, 'RO': 0.4936020297}"
EU,total,2023.0,1.0,2381.72,calculated,"{'CZ': 37.9593037582, 'FI': 5.5609906376, 'GR': 15.7067683393, 'LT': 5.3983607753, 'SE': 3.2864218817, 'SK': 22.8954581185, 'DE': 2.224402207, 'FR': 2.1465079494, 'HU': 0.4974012721, 'IT': 2.43503527, 'LU': 0.0346845328, 'NL': 1.1517415071, 'PT': 0.1593068881, 'RO': 0.5436168629}"
EU,total,2023.0,2.0,2331.1,calculated,"{'CZ': 37.6642787625, 'FI': 6.2827277063, 'GR': 17.0168988575, 'LT': 4.3014561775, 'SE': 2.9590289416, 'SK': 23.2158955973, 'DE': 2.0527624339, 'FR': 1.9111388069, 'HU': 0.4946640424, 'IT': 2.2913980466, 'LU': 0.0321220401, 'NL': 1.0147736947, 'PT': 0.2033082545, 'RO': 0.5595466381}"
EU,total,2023.0,3.0,2186.75,calculated,"{'CZ': 35.9150423746, 'FI': 6.1825384793, 'GR': 16.9730908834, 'LT': 7.2802635512, 'SE': 3.9526053096, 'SK': 21.7296684085, 'DE': 1.9974411697, 'FR': 1.8234538069, 'HU': 0.4328235715, 'IT': 1.9248907383, 'LU': 0.0332444212, 'NL': 1.1267463479, 'PT': 0.1774150421, 'RO': 0.4507758958}"
EU,total,2023.0,4.0,1733.1,calculated,"{'CZ': 35.6385443434, 'FI': 4.491590858, 'GR': 20.6065407416, 'LT': 7.1445992846, 'SE': 2.8458834457, 'SK': 21.9477424163, 'DE': 1.8175530997, 'FR': 1.6126912513, 'HU': 0.436597438, 'IT': 1.7340257413, 'LU': 0.0331604718, 'NL': 1.0790526504, 'PT': 0.1920496584, 'RO': 0.4199685993}"
EU,total,2023.0,5.0,1316.69,calculated,"{'CZ': 28.4617493653, 'FI': 10.7239383418, 'GR': 22.3776193836, 'LT': 8.2372547037, 'SE': 4.0655803528, 'SK': 19.8827215214, 'DE': 1.1183373851, 'FR': 1.3426577455, 'HU': 0.3635938859, 'IT': 1.7791128541, 'LU': 0.0295099095, 'NL': 1.005267963, 'PT': 0.2776790645, 'RO': 0.3349775238}"
EU,total,2023.0,6.0,1244.64,calculated,"{'CZ': 26.1606712902, 'FI': 8.1140823028, 'GR': 31.7472647085, 'LT': 8.283653564, 'SE': 4.228399083, 'SK': 16.3857164478, 'DE': 0.5399155003, 'FR': 1.0946289091, 'HU': 0.3166261074, 'IT': 1.5954009035, 'LU': 0.0223366088, 'NL': 0.9096973588, 'PT': 0.344550305, 'RO': 0.2570569108}"
EU,total,2023.0,7.0,1295.68,calculated,"{'CZ': 22.5766279793, 'FI': 8.7961435336, 'GR': 37.5657708235, 'LT': 7.6842995074, 'SE': 3.7415127348, 'SK': 14.7486281703, 'DE': 0.5024395392, 'FR': 1.0067457274, 'HU': 0.3116449715, 'IT': 1.5151054975, 'LU': 0.0221670631, 'NL': 0.8754547894, 'PT': 0.3524309076, 'RO': 0.3010287554}"
EU,total,2023.0,8.0,1234.49,calculated,"{'CZ': 23.7262151677, 'FI': 10.9939949083, 'GR': 34.3072085841, 'LT': 9.1214048766, 'SE': 4.1711185568, 'SK': 12.9674608, 'DE': 0.5650092024, 'FR': 0.9834016003, 'HU': 0.3047660543, 'IT': 1.2587050482, 'LU': 0.020744689, 'NL': 0.9562752738, 'PT': 0.3205271833, 'RO': 0.3031680553}"
EU,total,2023.0,9.0,1260.41,calculated,"{'CZ': 24.8800643165, 'FI': 9.3035293896, 'GR': 32.6434309449, 'LT': 10.0004319876, 'SE': 5.1576405968, 'SK': 12.7042376369, 'DE': 0.5783817782, 'FR': 1.1333406487, 'HU': 0.3129309854, 'IT': 1.655246205, 'LU': 0.0047155636, 'NL': 0.9640297634, 'PT': 0.3425385485, 'RO': 0.3194816349}"
EU,total,2023.0,10.0,1812.35,calculated,"{'CZ': 26.4393355229, 'FI': 16.6147625946, 'GR': 22.1191626106, 'LT': 9.7546894186, 'SE': 3.5529601756, 'SK': 16.1607149871, 'DE': 1.1169488331, 'FR': 1.1510377551, 'HU': 0.3309066945, 'IT': 1.3150402934, 'LU': 0.0233155296, 'NL': 0.8949014358, 'PT': 0.1934916489, 'RO': 0.3327325002}"
EU,total,2023.0,11.0,2128.39,calculated,"{'CZ': 35.0207066666, 'FI': 7.4105534874, 'GR': 15.9641767767, 'LT': 7.5131348482, 'SE': 3.9235945749, 'SK': 22.1904854438, 'DE': 1.9846017998, 'FR': 1.7979459064, 'HU': 0.4596236957, 'IT': 1.9576938155, 'LU': 0.0342835294, 'NL': 1.0695632565, 'PT': 0.1641170087, 'RO': 0.5095191902}"
EU,total,2023.0,12.0,2649.28,calculated,"{'CZ': 33.8358758541, 'FI': 7.3209302098, 'GR': 16.979041063, 'LT': 7.8138758962, 'SE': 3.5058281957, 'SK': 22.5889690044, 'DE': 2.019639281, 'FR': 1.7214120809, 'HU': 0.4690374141, 'IT': 2.0335595907, 'LU': 0.0300181905, 'NL': 1.0179790334, 'PT': 0.1335638681, 'RO': 0.5302703179}"
EU,total,2024.0,1.0,3103.4,calculated,"{'CZ': 34.3007562231, 'FI': 7.5735667948, 'GR': 18.0521141831, 'LT': 6.9864148142, 'SE': 4.1077513451, 'SK': 21.1016435361, 'DE': 2.0387620307, 'FR': 1.7177494353, 'HU': 0.4423342119, 'IT': 1.9627003969, 'LU': 0.0301255873, 'NL': 1.0487899316, 'PT': 0.1295771735, 'RO': 0.5077143365}"
EU,total,2024.0,2.0,2276.54,calculated,"{'CZ': 31.6555558799, 'FI': 9.0762544551, 'GR': 19.8942589104, 'LT': 7.397153819, 'SE': 3.9378077905, 'SK': 20.2546148551, 'DE': 1.8127057708, 'FR': 1.6983398736, 'HU': 0.4088557352, 'IT': 2.1220710903, 'LU': 0.0316662844, 'NL': 1.061035424, 'PT': 0.1491180721, 'RO': 0.5005620395}"
EU,total,2024.0,3.0,2171.63,calculated,"{'CZ': 31.1448660059, 'FI': 8.0234135489, 'GR': 22.5830579814, 'LT': 7.2378612394, 'SE': 3.3308590878, 'SK': 20.26154308, 'DE': 1.6944432923, 'FR': 1.6492087235, 'HU': 0.3908526409, 'IT': 1.9637244518, 'LU': 0.0297549592, 'NL': 1.0179366055, 'PT': 0.1667629216, 'RO': 0.5057154619}"
EU,total,2024.0,4.0,1702.83,calculated,"{'CZ': 28.1125058904, 'FI': 7.3652173773, 'GR': 22.9600532332, 'LT': 11.4208743231, 'SE': 4.7314711567, 'SK': 18.6846453687, 'DE': 1.5292202188, 'FR': 1.5188747785, 'HU': 0.3511210427, 'IT': 1.7093843046, 'LU': 0.0320614986, 'NL': 1.1157566831, 'PT': 0.1591906922, 'RO': 0.3096234323}"
EU,total,2024.0,5.0,1340.2,calculated,"{'CZ': 24.0473267125, 'FI': 8.0736743506, 'GR': 34.2951844637, 'LT': 7.1499839177, 'SE': 4.4929503371, 'SK': 16.0539011265, 'DE': 0.83271366, 'FR': 1.3625073267, 'HU': 0.3287577575, 'IT': 1.7652054986, 'LU': 0.0315701916, 'NL': 1.046711079, 'PT': 0.1966778144, 'RO': 0.3228357641}"
EU,total,2024.0,6.0,1345.61,calculated,"{'CZ': 23.053490099, 'FI': 9.9131299459, 'GR': 37.1047341376, 'LT': 6.6404531983, 'SE': 3.8793317253, 'SK': 14.4418589326, 'DE': 0.6599228827, 'FR': 1.0924734714, 'HU': 0.2799269425, 'IT': 1.4845642018, 'LU': 0.0273653137, 'NL': 0.9557537557, 'PT': 0.1866219267, 'RO': 0.2803734668}"
EU,total,2024.0,7.0,1392.6,calculated,"{'CZ': 19.6728892909, 'FI': 9.6405047382, 'GR': 41.3439373915, 'LT': 6.9172339918, 'SE': 3.9947207762, 'SK': 13.8674936023, 'DE': 0.4808280311, 'FR': 0.9758242645, 'HU': 0.2687021856, 'IT': 1.4425351166, 'LU': 0.0231921525, 'NL': 0.8398240176, 'PT': 0.2158869493, 'RO': 0.3164274919}"
EU,total,2024.0,8.0,1338.78,calculated,"{'CZ': 21.6035988198, 'FI': 7.7386960942, 'GR': 39.7838002884, 'LT': 6.9763555919, 'SE': 4.5891433505, 'SK': 15.2334462478, 'DE': 0.4399534212, 'FR': 0.8611636905, 'HU': 0.2669622467, 'IT': 1.1411368361, 'LU': 0.0168344866, 'NL': 0.8492453858, 'PT': 0.2058985225, 'RO': 0.2937650179}"
EU,total,2024.0,9.0,1386.5,calculated,"{'CZ': 24.4825852163, 'FI': 9.7053320095, 'GR': 32.6288177917, 'LT': 6.9038958385, 'SE': 4.307608167, 'SK': 16.7521173501, 'DE': 0.7637917767, 'FR': 1.1423521659, 'HU': 0.3206660736, 'IT': 1.5285866118, 'LU': 0.0266518791, 'NL': 0.9200982651, 'PT': 0.222551921, 'RO': 0.2949449336}"
EU,total,2024.0,10.0,1832.14,calculated,"{'CZ': 31.2768775752, 'FI': 8.1866004472, 'GR': 23.8247633818, 'LT': 8.4024830215, 'SE': 2.771440132, 'SK': 19.6793545225, 'DE': 1.3096195859, 'FR': 1.2388032416, 'HU': 0.3914063725, 'IT': 1.4204290938, 'LU': 0.0280639222, 'NL': 0.9159320519, 'PT': 0.1787071, 'RO': 0.3755195518}"
EU,total,2024.0,11.0,2621.47,calculated,"{'CZ': 33.4150246679, 'FI': 4.1445371443, 'GR': 23.6224003555, 'LT': 7.7579695539, 'SE': 3.0548740251, 'SK': 21.2160802465, 'DE': 1.6753949139, 'FR': 1.4433817058, 'HU': 0.4442378629, 'IT': 1.6897653698, 'LU': 0.0284072568, 'NL': 0.9045709248, 'PT': 0.1333144345, 'RO': 0.4700415382}"
EU,total,2024.0,12.0,2896.24,calculated,"{'CZ': 33.1606588851, 'FI': 5.9462395676, 'GR': 22.7703314326, 'LT': 6.7148529015, 'SE': 2.5390450283, 'SK': 21.2224601174, 'DE': 1.9180763985, 'FR': 1.6429659806, 'HU': 0.4588610156, 'IT': 2.025382797, 'LU': 0.0294775151, 'NL': 0.9518373672, 'PT': 0.1355216808, 'RO': 0.4842893127}"
EU,total,2025.0,1.0,3122.72,calculated,"{'CZ': 34.18559101, 'FI': 5.0628655874, 'GR': 22.9643244741, 'LT': 6.6971861776, 'SE': 2.626565854, 'SK': 20.8412937974, 'DE': 1.9735344971, 'FR': 1.6846124496, 'HU': 0.4218254057, 'IT': 1.9205601753, 'LU': 0.0306525606, 'NL': 1.0121557958, 'PT': 0.117543225, 'RO': 0.4612889903}"
EU,total,2025.0,2.0,2939.51,calculated,"{'CZ': 33.3129765552, 'FI': 4.9754169474, 'GR': 24.6457651584, 'LT': 7.2212147277, 'SE': 2.7401758953, 'SK': 20.0227434898, 'DE': 1.8355468646, 'FR': 1.4652249602, 'HU': 0.4326043917, 'IT': 1.7816208581, 'LU': 0.0275451304, 'NL': 0.9293271445, 'PT': 0.1129051044, 'RO': 0.4969327724}"
EU,total,2025.0,3.0,2267.04,calculated,"{'CZ': 33.6523202029, 'FI': 7.4294956217, 'GR': 21.531135772, 'LT': 7.1383439298, 'SE': 2.4008199078, 'SK': 20.6125142855, 'DE': 1.7557699876, 'FR': 1.6032753025, 'HU': 0.393244131, 'IT': 1.92883854, 'LU': 0.030725712, 'NL': 0.9484494085, 'PT': 0.1440450498, 'RO': 0.4310221489}"
EU,total,2025.0,4.0,1667.55,calculated,"{'CZ': 30.6136070697, 'FI': 8.337907527, 'GR': 21.8807865452, 'LT': 9.4682133848, 'SE': 3.4147396467, 'SK': 20.1137099985, 'DE': 1.3384925693, 'FR': 1.2844318804, 'HU': 0.3705971239, 'IT': 1.7154510052, 'LU': 0.0314503034, 'NL': 0.8936074037, 'PT': 0.1608858236, 'RO': 0.3761197186}"
EU,total,2025.0,5.0,1443.84,calculated,"{'CZ': 29.3730086761, 'FI': 8.4967900002, 'GR': 27.3317880512, 'LT': 9.4650694001, 'SE': 3.2761601533, 'SK': 16.5592509282, 'DE': 0.9812050432, 'FR': 1.0831521629, 'HU': 0.3444058848, 'IT': 1.5783045689, 'LU': 0.0289205903, 'NL': 0.8860716782, 'PT': 0.2597094854, 'RO': 0.3361633771}"
EU,total,2025.0,6.0,1239.75,calculated,"{'CZ': 24.6587422865, 'FI': 7.143077674, 'GR': 40.924837119, 'LT': 7.0851894746, 'SE': 4.4054550389, 'SK': 12.9501609322, 'DE': 0.5928622504, 'FR': 0.9786720615, 'HU': 0.1035829608, 'IT': 0.5857987751, 'LU': 0.0107181166, 'NL': 0.3513651918, 'PT': 0.1022478293, 'RO': 0.1072902893}"
EU,total,2025.0,7.0,1310.86,calculated,"{'CZ': 22.5849146021, 'FI': 8.9092334877, 'GR': 44.8657863824, 'LT': 3.6704129653, 'SE': 3.8094414228, 'SK': 14.7850557223, 'DE': 0.4966194595, 'FR': 0.8785359579}"
EU,total,2025.0,8.0,1224.42,calculated,"{'CZ': 22.2899475713, 'FI': 7.8417595157, 'GR': 39.9398916122, 'LT': 7.2151782469, 'SE': 5.1855997892, 'SK': 16.1371506614, 'DE': 0.5494040118, 'FR': 0.8410685915}"
EU,total,2025.0,9.0,1276.81,calculated,"{'CZ': 25.2684674684, 'FI': 4.9423229988, 'GR': 35.8383729227, 'LT': 9.8561462975, 'SE': 3.5935746898, 'SK': 18.4935345849, 'DE': 0.8599533579, 'FR': 1.14762768}"
EU,total,2025.0,10.0,1910.76,calculated,"{'CZ': 30.2423198063, 'FI': 5.9676851716, 'GR': 27.2868317923, 'LT': 7.5488757556, 'SE': 3.5370212388, 'SK': 21.3185647172, 'DE': 1.4309463465, 'FR': 1.1912344532, 'HU': 0.170961908, 'IT': 0.6605854936, 'LU': 0.0124444942, 'NL': 0.3718456873, 'PT': 0.07828948, 'RO': 0.1823936554}"
EU,total,2025.0,11.0,2163.66,calculated,"{'CZ': 31.082376675, 'FI': 5.6859246552, 'GR': 23.298328253, 'LT': 7.4715028808, 'SE': 0.0, 'SK': 24.4745351421, 'BE': 0.0647941007, 'DE': 2.0340501787, 'FR': 1.6598000665, 'HU': 0.4991491772, 'IT': 2.029121698, 'LU': 0.0335457903, 'NL': 1.008832412, 'PT': 0.1801251874, 'RO': 0.4779137831}"
