date,country,type,year,month,demand,source,country_contributions
2016-01-01,AT,total,2016,1,1178.0,eurostat,
2016-01-01,BE,total,2016,1,2011.0,eurostat,
2016-01-01,BG,total,2016,1,408.0,eurostat,
2016-01-01,CY,total,2016,1,0.0,eurostat,
2016-01-01,CZ,total,2016,1,1211.0,eurostat,
2016-01-01,DE,total,2016,1,12853.0,eurostat,
2016-01-01,DK,total,2016,1,465.0,eurostat,
2016-01-01,EE,total,2016,1,97.0,eurostat,
2016-01-01,ES,total,2016,1,2709.0,eurostat,
2016-01-01,EU27_2020,total,2016,1,49373.0,eurostat,
2016-01-01,FI,total,2016,1,405.0,eurostat,
2016-01-01,FR,total,2016,1,5442.0,eurostat,
2016-01-01,GR,total,2016,1,408.0,eurostat,
2016-01-01,HR,total,2016,1,335.0,eurostat,
2016-01-01,HU,total,2016,1,1522.0,eurostat,
2016-01-01,IE,total,2016,1,439.0,eurostat,
2016-01-01,IT,total,2016,1,9132.0,eurostat,
2016-01-01,LT,total,2016,1,286.0,eurostat,
2016-01-01,LU,total,2016,1,97.0,eurostat,
2016-01-01,LV,total,2016,1,241.0,eurostat,
2016-01-01,MT,total,2016,1,0.0,eurostat,
2016-01-01,NL,total,2016,1,5055.0,eurostat,
2016-01-01,PL,total,2016,1,2285.0,eurostat,
2016-01-01,PT,total,2016,1,379.0,eurostat,
2016-01-01,RO,total,2016,1,1391.0,eurostat,
2016-01-01,SE,total,2016,1,157.0,eurostat,
2016-01-01,SI,total,2016,1,108.0,eurostat,
2016-01-01,SK,total,2016,1,759.0,eurostat,
2016-02-01,AT,total,2016,2,887.0,eurostat,
2016-02-01,BE,total,2016,2,1850.0,eurostat,
2016-02-01,BG,total,2016,2,304.0,eurostat,
2016-02-01,CY,total,2016,2,0.0,eurostat,
2016-02-01,CZ,total,2016,2,913.0,eurostat,
2016-02-01,DE,total,2016,2,9906.0,eurostat,
2016-02-01,DK,total,2016,2,355.0,eurostat,
2016-02-01,EE,total,2016,2,61.0,eurostat,
2016-02-01,ES,total,2016,2,2594.0,eurostat,
2016-02-01,EU27_2020,total,2016,2,40623.0,eurostat,
2016-02-01,FI,total,2016,2,273.0,eurostat,
2016-02-01,FR,total,2016,2,4902.0,eurostat,
2016-02-01,GR,total,2016,2,270.0,eurostat,
2016-02-01,HR,total,2016,2,256.0,eurostat,
2016-02-01,HU,total,2016,2,1071.0,eurostat,
2016-02-01,IE,total,2016,2,463.0,eurostat,
2016-02-01,IT,total,2016,2,7514.0,eurostat,
2016-02-01,LT,total,2016,2,199.0,eurostat,
2016-02-01,LU,total,2016,2,89.0,eurostat,
2016-02-01,LV,total,2016,2,129.0,eurostat,
2016-02-01,MT,total,2016,2,0.0,eurostat,
2016-02-01,NL,total,2016,2,4560.0,eurostat,
2016-02-01,PL,total,2016,2,1850.0,eurostat,
2016-02-01,PT,total,2016,2,331.0,eurostat,
2016-02-01,RO,total,2016,2,1112.0,eurostat,
2016-02-01,SE,total,2016,2,118.0,eurostat,
2016-02-01,SI,total,2016,2,88.0,eurostat,
2016-02-01,SK,total,2016,2,528.0,eurostat,
2016-03-01,AT,total,2016,3,874.0,eurostat,
2016-03-01,BE,total,2016,3,1846.0,eurostat,
2016-03-01,BG,total,2016,3,296.0,eurostat,
2016-03-01,CY,total,2016,3,0.0,eurostat,
2016-03-01,CZ,total,2016,3,917.0,eurostat,
2016-03-01,DE,total,2016,3,9472.0,eurostat,
2016-03-01,DK,total,2016,3,344.0,eurostat,
2016-03-01,EE,total,2016,3,59.0,eurostat,
2016-03-01,ES,total,2016,3,2606.0,eurostat,
2016-03-01,EU27_2020,total,2016,3,37129.0,eurostat,
2016-03-01,FI,total,2016,3,257.0,eurostat,
2016-03-01,FR,total,2016,3,4923.0,eurostat,
2016-03-01,GR,total,2016,3,286.0,eurostat,
2016-03-01,HR,total,2016,3,270.0,eurostat,
2016-03-01,HU,total,2016,3,1003.0,eurostat,
2016-03-01,IE,total,2016,3,450.0,eurostat,
2016-03-01,IT,total,2016,3,7026.0,eurostat,
2016-03-01,LT,total,2016,3,221.0,eurostat,
2016-03-01,LU,total,2016,3,90.0,eurostat,
2016-03-01,LV,total,2016,3,137.0,eurostat,
2016-03-01,MT,total,2016,3,0.0,eurostat,
2016-03-01,NL,total,2016,3,2038.0,eurostat,
2016-03-01,PL,total,2016,3,1899.0,eurostat,
2016-03-01,PT,total,2016,3,367.0,eurostat,
2016-03-01,RO,total,2016,3,1059.0,eurostat,
2016-03-01,SE,total,2016,3,95.0,eurostat,
2016-03-01,SI,total,2016,3,87.0,eurostat,
2016-03-01,SK,total,2016,3,507.0,eurostat,
2016-04-01,AT,total,2016,4,654.0,eurostat,
2016-04-01,BE,total,2016,4,1377.0,eurostat,
2016-04-01,BG,total,2016,4,231.0,eurostat,
2016-04-01,CY,total,2016,4,0.0,eurostat,
2016-04-01,CZ,total,2016,4,625.0,eurostat,
2016-04-01,DE,total,2016,4,5865.0,eurostat,
2016-04-01,DK,total,2016,4,272.0,eurostat,
2016-04-01,EE,total,2016,4,41.0,eurostat,
2016-04-01,ES,total,2016,4,2244.0,eurostat,
2016-04-01,EU27_2020,total,2016,4,27435.0,eurostat,
2016-04-01,FI,total,2016,4,179.0,eurostat,
2016-04-01,FR,total,2016,4,3373.0,eurostat,
2016-04-01,GR,total,2016,4,252.0,eurostat,
2016-04-01,HR,total,2016,4,189.0,eurostat,
2016-04-01,HU,total,2016,4,595.0,eurostat,
2016-04-01,IE,total,2016,4,451.0,eurostat,
2016-04-01,IT,total,2016,4,4410.0,eurostat,
2016-04-01,LT,total,2016,4,168.0,eurostat,
2016-04-01,LU,total,2016,4,70.0,eurostat,
2016-04-01,LV,total,2016,4,90.0,eurostat,
2016-04-01,MT,total,2016,4,0.0,eurostat,
2016-04-01,NL,total,2016,4,3325.0,eurostat,
2016-04-01,PL,total,2016,4,1536.0,eurostat,
2016-04-01,PT,total,2016,4,331.0,eurostat,
2016-04-01,RO,total,2016,4,763.0,eurostat,
2016-04-01,SE,total,2016,4,54.0,eurostat,
2016-04-01,SI,total,2016,4,61.0,eurostat,
2016-04-01,SK,total,2016,4,279.0,eurostat,
2016-05-01,AT,total,2016,5,505.0,eurostat,
2016-05-01,BE,total,2016,5,951.0,eurostat,
2016-05-01,BG,total,2016,5,230.0,eurostat,
2016-05-01,CY,total,2016,5,0.0,eurostat,
2016-05-01,CZ,total,2016,5,432.0,eurostat,
2016-05-01,DE,total,2016,5,5339.0,eurostat,
2016-05-01,DK,total,2016,5,175.0,eurostat,
2016-05-01,EE,total,2016,5,22.0,eurostat,
2016-05-01,ES,total,2016,5,2058.0,eurostat,
2016-05-01,EU27_2020,total,2016,5,22559.0,eurostat,
2016-05-01,FI,total,2016,5,132.0,eurostat,
2016-05-01,FR,total,2016,5,2206.0,eurostat,
2016-05-01,GR,total,2016,5,249.0,eurostat,
2016-05-01,HR,total,2016,5,169.0,eurostat,
2016-05-01,HU,total,2016,5,484.0,eurostat,
2016-05-01,IE,total,2016,5,405.0,eurostat,
2016-05-01,IT,total,2016,5,4175.0,eurostat,
2016-05-01,LT,total,2016,5,161.0,eurostat,
2016-05-01,LU,total,2016,5,53.0,eurostat,
2016-05-01,LV,total,2016,5,58.0,eurostat,
2016-05-01,MT,total,2016,5,0.0,eurostat,
2016-05-01,NL,total,2016,5,2336.0,eurostat,
2016-05-01,PL,total,2016,5,1272.0,eurostat,
2016-05-01,PT,total,2016,5,343.0,eurostat,
2016-05-01,RO,total,2016,5,649.0,eurostat,
2016-05-01,SE,total,2016,5,44.0,eurostat,
2016-05-01,SI,total,2016,5,54.0,eurostat,
2016-05-01,SK,total,2016,5,57.0,eurostat,
2016-06-01,AT,total,2016,6,374.0,eurostat,
2016-06-01,BE,total,2016,6,862.0,eurostat,
2016-06-01,BG,total,2016,6,200.0,eurostat,
2016-06-01,CY,total,2016,6,0.0,eurostat,
2016-06-01,CZ,total,2016,6,333.0,eurostat,
2016-06-01,DE,total,2016,6,4037.0,eurostat,
2016-06-01,DK,total,2016,6,159.0,eurostat,
2016-06-01,EE,total,2016,6,18.0,eurostat,
2016-06-01,ES,total,2016,6,1966.0,eurostat,
2016-06-01,EU27_2020,total,2016,6,19530.0,eurostat,
2016-06-01,FI,total,2016,6,133.0,eurostat,
2016-06-01,FR,total,2016,6,1774.0,eurostat,
2016-06-01,GR,total,2016,6,337.0,eurostat,
2016-06-01,HR,total,2016,6,132.0,eurostat,
2016-06-01,HU,total,2016,6,382.0,eurostat,
2016-06-01,IE,total,2016,6,347.0,eurostat,
2016-06-01,IT,total,2016,6,3716.0,eurostat,
2016-06-01,LT,total,2016,6,125.0,eurostat,
2016-06-01,LU,total,2016,6,44.0,eurostat,
2016-06-01,LV,total,2016,6,63.0,eurostat,
2016-06-01,MT,total,2016,6,0.0,eurostat,
2016-06-01,NL,total,2016,6,2178.0,eurostat,
2016-06-01,PL,total,2016,6,1058.0,eurostat,
2016-06-01,PT,total,2016,6,414.0,eurostat,
2016-06-01,RO,total,2016,6,572.0,eurostat,
2016-06-01,SE,total,2016,6,38.0,eurostat,
2016-06-01,SI,total,2016,6,47.0,eurostat,
2016-06-01,SK,total,2016,6,221.0,eurostat,
2016-07-01,AT,total,2016,7,381.0,eurostat,
2016-07-01,BE,total,2016,7,791.0,eurostat,
2016-07-01,BG,total,2016,7,163.0,eurostat,
2016-07-01,CY,total,2016,7,0.0,eurostat,
2016-07-01,CZ,total,2016,7,315.0,eurostat,
2016-07-01,DE,total,2016,7,4389.0,eurostat,
2016-07-01,DK,total,2016,7,135.0,eurostat,
2016-07-01,EE,total,2016,7,17.0,eurostat,
2016-07-01,ES,total,2016,7,2105.0,eurostat,
2016-07-01,EU27_2020,total,2016,7,20374.0,eurostat,
2016-07-01,FI,total,2016,7,129.0,eurostat,
2016-07-01,FR,total,2016,7,1701.0,eurostat,
2016-07-01,GR,total,2016,7,337.0,eurostat,
2016-07-01,HR,total,2016,7,98.0,eurostat,
2016-07-01,HU,total,2016,7,388.0,eurostat,
2016-07-01,IE,total,2016,7,361.0,eurostat,
2016-07-01,IT,total,2016,7,4191.0,eurostat,
2016-07-01,LT,total,2016,7,95.0,eurostat,
2016-07-01,LU,total,2016,7,40.0,eurostat,
2016-07-01,LV,total,2016,7,58.0,eurostat,
2016-07-01,MT,total,2016,7,0.0,eurostat,
2016-07-01,NL,total,2016,7,2209.0,eurostat,
2016-07-01,PL,total,2016,7,1093.0,eurostat,
2016-07-01,PT,total,2016,7,482.0,eurostat,
2016-07-01,RO,total,2016,7,602.0,eurostat,
2016-07-01,SE,total,2016,7,36.0,eurostat,
2016-07-01,SI,total,2016,7,46.0,eurostat,
2016-07-01,SK,total,2016,7,212.0,eurostat,
2016-08-01,AT,total,2016,8,369.0,eurostat,
2016-08-01,BE,total,2016,8,859.0,eurostat,
2016-08-01,BG,total,2016,8,167.0,eurostat,
2016-08-01,CY,total,2016,8,0.0,eurostat,
2016-08-01,CZ,total,2016,8,339.0,eurostat,
2016-08-01,DE,total,2016,8,4395.0,eurostat,
2016-08-01,DK,total,2016,8,151.0,eurostat,
2016-08-01,EE,total,2016,8,17.0,eurostat,
2016-08-01,ES,total,2016,8,1902.0,eurostat,
2016-08-01,EU27_2020,total,2016,8,19733.0,eurostat,
2016-08-01,FI,total,2016,8,138.0,eurostat,
2016-08-01,FR,total,2016,8,1568.0,eurostat,
2016-08-01,GR,total,2016,8,298.0,eurostat,
2016-08-01,HR,total,2016,8,148.0,eurostat,
2016-08-01,HU,total,2016,8,388.0,eurostat,
2016-08-01,IE,total,2016,8,370.0,eurostat,
2016-08-01,IT,total,2016,8,3559.0,eurostat,
2016-08-01,LT,total,2016,8,101.0,eurostat,
2016-08-01,LU,total,2016,8,35.0,eurostat,
2016-08-01,LV,total,2016,8,55.0,eurostat,
2016-08-01,MT,total,2016,8,0.0,eurostat,
2016-08-01,NL,total,2016,8,2287.0,eurostat,
2016-08-01,PL,total,2016,8,1159.0,eurostat,
2016-08-01,PT,total,2016,8,448.0,eurostat,
2016-08-01,RO,total,2016,8,640.0,eurostat,
2016-08-01,SE,total,2016,8,43.0,eurostat,
2016-08-01,SI,total,2016,8,46.0,eurostat,
2016-08-01,SK,total,2016,8,251.0,eurostat,
2016-09-01,AT,total,2016,9,501.0,eurostat,
2016-09-01,BE,total,2016,9,910.0,eurostat,
2016-09-01,BG,total,2016,9,198.0,eurostat,
2016-09-01,CY,total,2016,9,0.0,eurostat,
2016-09-01,CZ,total,2016,9,418.0,eurostat,
2016-09-01,DE,total,2016,9,4365.0,eurostat,
2016-09-01,DK,total,2016,9,148.0,eurostat,
2016-09-01,EE,total,2016,9,20.0,eurostat,
2016-09-01,ES,total,2016,9,2068.0,eurostat,
2016-09-01,EU27_2020,total,2016,9,22365.0,eurostat,
2016-09-01,FI,total,2016,9,130.0,eurostat,
2016-09-01,FR,total,2016,9,2046.0,eurostat,
2016-09-01,GR,total,2016,9,311.0,eurostat,
2016-09-01,HR,total,2016,9,165.0,eurostat,
2016-09-01,HU,total,2016,9,429.0,eurostat,
2016-09-01,IE,total,2016,9,423.0,eurostat,
2016-09-01,IT,total,2016,9,4655.0,eurostat,
2016-09-01,LT,total,2016,9,119.0,eurostat,
2016-09-01,LU,total,2016,9,42.0,eurostat,
2016-09-01,LV,total,2016,9,57.0,eurostat,
2016-09-01,MT,total,2016,9,0.0,eurostat,
2016-09-01,NL,total,2016,9,2398.0,eurostat,
2016-09-01,PL,total,2016,9,1182.0,eurostat,
2016-09-01,PT,total,2016,9,519.0,eurostat,
2016-09-01,RO,total,2016,9,786.0,eurostat,
2016-09-01,SE,total,2016,9,52.0,eurostat,
2016-09-01,SI,total,2016,9,49.0,eurostat,
2016-09-01,SK,total,2016,9,374.0,eurostat,
2016-10-01,AT,total,2016,10,805.0,eurostat,
2016-10-01,BE,total,2016,10,1538.0,eurostat,
2016-10-01,BG,total,2016,10,273.0,eurostat,
2016-10-01,CY,total,2016,10,0.0,eurostat,
2016-10-01,CZ,total,2016,10,791.0,eurostat,
2016-10-01,DE,total,2016,10,7189.0,eurostat,
2016-10-01,DK,total,2016,10,267.0,eurostat,
2016-10-01,EE,total,2016,10,46.0,eurostat,
2016-10-01,ES,total,2016,10,2407.0,eurostat,
2016-10-01,EU27_2020,total,2016,10,32328.0,eurostat,
2016-10-01,FI,total,2016,10,160.0,eurostat,
2016-10-01,FR,total,2016,10,3605.0,eurostat,
2016-10-01,GR,total,2016,10,374.0,eurostat,
2016-10-01,HR,total,2016,10,271.0,eurostat,
2016-10-01,HU,total,2016,10,840.0,eurostat,
2016-10-01,IE,total,2016,10,426.0,eurostat,
2016-10-01,IT,total,2016,10,5635.0,eurostat,
2016-10-01,LT,total,2016,10,212.0,eurostat,
2016-10-01,LU,total,2016,10,66.0,eurostat,
2016-10-01,LV,total,2016,10,139.0,eurostat,
2016-10-01,MT,total,2016,10,0.0,eurostat,
2016-10-01,NL,total,2016,10,3549.0,eurostat,
2016-10-01,PL,total,2016,10,1650.0,eurostat,
2016-10-01,PT,total,2016,10,519.0,eurostat,
2016-10-01,RO,total,2016,10,1046.0,eurostat,
2016-10-01,SE,total,2016,10,64.0,eurostat,
2016-10-01,SI,total,2016,10,73.0,eurostat,
2016-10-01,SK,total,2016,10,383.0,eurostat,
2016-11-01,AT,total,2016,11,1008.0,eurostat,
2016-11-01,BE,total,2016,11,1887.0,eurostat,
2016-11-01,BG,total,2016,11,334.0,eurostat,
2016-11-01,CY,total,2016,11,0.0,eurostat,
2016-11-01,CZ,total,2016,11,999.0,eurostat,
2016-11-01,DE,total,2016,11,10116.0,eurostat,
2016-11-01,DK,total,2016,11,390.0,eurostat,
2016-11-01,EE,total,2016,11,59.0,eurostat,
2016-11-01,ES,total,2016,11,2890.0,eurostat,
2016-11-01,EU27_2020,total,2016,11,42086.0,eurostat,
2016-11-01,FI,total,2016,11,276.0,eurostat,
2016-11-01,FR,total,2016,11,5043.0,eurostat,
2016-11-01,GR,total,2016,11,386.0,eurostat,
2016-11-01,HR,total,2016,11,301.0,eurostat,
2016-11-01,HU,total,2016,11,1130.0,eurostat,
2016-11-01,IE,total,2016,11,489.0,eurostat,
2016-11-01,IT,total,2016,11,7463.0,eurostat,
2016-11-01,LT,total,2016,11,89.0,eurostat,
2016-11-01,LU,total,2016,11,84.0,eurostat,
2016-11-01,LV,total,2016,11,183.0,eurostat,
2016-11-01,MT,total,2016,11,0.0,eurostat,
2016-11-01,NL,total,2016,11,4535.0,eurostat,
2016-11-01,PL,total,2016,11,1923.0,eurostat,
2016-11-01,PT,total,2016,11,502.0,eurostat,
2016-11-01,RO,total,2016,11,1302.0,eurostat,
2016-11-01,SE,total,2016,11,106.0,eurostat,
2016-11-01,SI,total,2016,11,89.0,eurostat,
2016-11-01,SK,total,2016,11,502.0,eurostat,
2016-12-01,AT,total,2016,12,1210.0,eurostat,
2016-12-01,BE,total,2016,12,2137.0,eurostat,
2016-12-01,BG,total,2016,12,405.0,eurostat,
2016-12-01,CY,total,2016,12,0.0,eurostat,
2016-12-01,CZ,total,2016,12,1198.0,eurostat,
2016-12-01,DE,total,2016,12,11207.0,eurostat,
2016-12-01,DK,total,2016,12,362.0,eurostat,
2016-12-01,EE,total,2016,12,61.0,eurostat,
2016-12-01,ES,total,2016,12,3009.0,eurostat,
2016-12-01,EU27_2020,total,2016,12,48929.0,eurostat,
2016-12-01,FI,total,2016,12,278.0,eurostat,
2016-12-01,FR,total,2016,12,6116.0,eurostat,
2016-12-01,GR,total,2016,12,553.0,eurostat,
2016-12-01,HR,total,2016,12,388.0,eurostat,
2016-12-01,HU,total,2016,12,1485.0,eurostat,
2016-12-01,IE,total,2016,12,453.0,eurostat,
2016-12-01,IT,total,2016,12,9438.0,eurostat,
2016-12-01,LT,total,2016,12,259.0,eurostat,
2016-12-01,LU,total,2016,12,95.0,eurostat,
2016-12-01,LV,total,2016,12,162.0,eurostat,
2016-12-01,MT,total,2016,12,0.0,eurostat,
2016-12-01,NL,total,2016,12,5032.0,eurostat,
2016-12-01,PL,total,2016,12,2201.0,eurostat,
2016-12-01,PT,total,2016,12,509.0,eurostat,
2016-12-01,RO,total,2016,12,1492.0,eurostat,
2016-12-01,SE,total,2016,12,111.0,eurostat,
2016-12-01,SI,total,2016,12,110.0,eurostat,
2016-12-01,SK,total,2016,12,658.0,eurostat,
2017-01-01,AT,total,2017,1,1574.0,eurostat,
2017-01-01,BE,total,2017,1,2518.2,eurostat,
2017-01-01,BG,total,2017,1,469.0,eurostat,
2017-01-01,CY,total,2017,1,0.0,eurostat,
2017-01-01,CZ,total,2017,1,1480.0,eurostat,
2017-01-01,DE,total,2017,1,13392.0,eurostat,
2017-01-01,DK,total,2017,1,431.0,eurostat,
2017-01-01,EE,total,2017,1,70.0,eurostat,
2017-01-01,ES,total,2017,1,3422.0,eurostat,
2017-01-01,EU27_2020,total,2017,1,57741.2,eurostat,
2017-01-01,FI,total,2017,1,316.0,eurostat,
2017-01-01,FR,total,2017,1,7061.0,eurostat,
2017-01-01,GR,total,2017,1,637.0,eurostat,
2017-01-01,HR,total,2017,1,460.0,eurostat,
2017-01-01,HU,total,2017,1,1897.0,eurostat,
2017-01-01,IE,total,2017,1,503.0,eurostat,
2017-01-01,IT,total,2017,1,11141.0,eurostat,
2017-01-01,LT,total,2017,1,274.0,eurostat,
2017-01-01,LU,total,2017,1,115.0,eurostat,
2017-01-01,LV,total,2017,1,199.0,eurostat,
2017-01-01,MT,total,2017,1,3.0,eurostat,
2017-01-01,NL,total,2017,1,5929.0,eurostat,
2017-01-01,PL,total,2017,1,2512.0,eurostat,
2017-01-01,PT,total,2017,1,511.0,eurostat,
2017-01-01,RO,total,2017,1,1754.0,eurostat,
2017-01-01,SE,total,2017,1,92.0,eurostat,
2017-01-01,SI,total,2017,1,135.0,eurostat,
2017-01-01,SK,total,2017,1,846.0,eurostat,
2017-02-01,AT,total,2017,2,1093.0,eurostat,
2017-02-01,BE,total,2017,2,1859.1,eurostat,
2017-02-01,BG,total,2017,2,363.0,eurostat,
2017-02-01,CY,total,2017,2,0.0,eurostat,
2017-02-01,CZ,total,2017,2,1039.0,eurostat,
2017-02-01,DE,total,2017,2,9227.0,eurostat,
2017-02-01,DK,total,2017,2,378.0,eurostat,
2017-02-01,EE,total,2017,2,64.0,eurostat,
2017-02-01,ES,total,2017,2,2603.0,eurostat,
2017-02-01,EU27_2020,total,2017,2,42015.1,eurostat,
2017-02-01,FI,total,2017,2,281.0,eurostat,
2017-02-01,FR,total,2017,2,4845.0,eurostat,
2017-02-01,GR,total,2017,2,436.0,eurostat,
2017-02-01,HR,total,2017,2,318.0,eurostat,
2017-02-01,HU,total,2017,2,1234.0,eurostat,
2017-02-01,IE,total,2017,2,418.0,eurostat,
2017-02-01,IT,total,2017,2,8078.0,eurostat,
2017-02-01,LT,total,2017,2,243.0,eurostat,
2017-02-01,LU,total,2017,2,84.0,eurostat,
2017-02-01,LV,total,2017,2,176.0,eurostat,
2017-02-01,MT,total,2017,2,9.0,eurostat,
2017-02-01,NL,total,2017,2,4536.0,eurostat,
2017-02-01,PL,total,2017,2,2075.0,eurostat,
2017-02-01,PT,total,2017,2,488.0,eurostat,
2017-02-01,RO,total,2017,2,1394.0,eurostat,
2017-02-01,SE,total,2017,2,83.0,eurostat,
2017-02-01,SI,total,2017,2,97.0,eurostat,
2017-02-01,SK,total,2017,2,594.0,eurostat,
2017-03-01,AT,total,2017,3,861.0,eurostat,
2017-03-01,BE,total,2017,3,1638.9,eurostat,
2017-03-01,BG,total,2017,3,315.0,eurostat,
2017-03-01,CY,total,2017,3,0.0,eurostat,
2017-03-01,CZ,total,2017,3,827.0,eurostat,
2017-03-01,DE,total,2017,3,8176.0,eurostat,
2017-03-01,DK,total,2017,3,346.0,eurostat,
2017-03-01,EE,total,2017,3,58.0,eurostat,
2017-03-01,ES,total,2017,3,2602.0,eurostat,
2017-03-01,EU27_2020,total,2017,3,36573.9,eurostat,
2017-03-01,FI,total,2017,3,244.0,eurostat,
2017-03-01,FR,total,2017,3,4208.0,eurostat,
2017-03-01,GR,total,2017,3,328.0,eurostat,
2017-03-01,HR,total,2017,3,248.0,eurostat,
2017-03-01,HU,total,2017,3,895.0,eurostat,
2017-03-01,IE,total,2017,3,460.0,eurostat,
2017-03-01,IT,total,2017,3,6491.0,eurostat,
2017-03-01,LT,total,2017,3,219.0,eurostat,
2017-03-01,LU,total,2017,3,76.0,eurostat,
2017-03-01,LV,total,2017,3,128.0,eurostat,
2017-03-01,MT,total,2017,3,10.0,eurostat,
2017-03-01,NL,total,2017,3,3976.0,eurostat,
2017-03-01,PL,total,2017,3,1896.0,eurostat,
2017-03-01,PT,total,2017,3,497.0,eurostat,
2017-03-01,RO,total,2017,3,1113.0,eurostat,
2017-03-01,SE,total,2017,3,410.0,eurostat,
2017-03-01,SI,total,2017,3,83.0,eurostat,
2017-03-01,SK,total,2017,3,468.0,eurostat,
2017-04-01,AT,total,2017,4,708.0,eurostat,
2017-04-01,BE,total,2017,4,1477.6,eurostat,
2017-04-01,BG,total,2017,4,261.0,eurostat,
2017-04-01,CY,total,2017,4,0.0,eurostat,
2017-04-01,CZ,total,2017,4,701.0,eurostat,
2017-04-01,DE,total,2017,4,7677.0,eurostat,
2017-04-01,DK,total,2017,4,268.0,eurostat,
2017-04-01,EE,total,2017,4,44.0,eurostat,
2017-04-01,ES,total,2017,4,2110.0,eurostat,
2017-04-01,EU27_2020,total,2017,4,30512.6,eurostat,
2017-04-01,FI,total,2017,4,185.0,eurostat,
2017-04-01,FR,total,2017,4,3114.0,eurostat,
2017-04-01,GR,total,2017,4,286.0,eurostat,
2017-04-01,HR,total,2017,4,208.0,eurostat,
2017-04-01,HU,total,2017,4,756.0,eurostat,
2017-04-01,IE,total,2017,4,447.0,eurostat,
2017-04-01,IT,total,2017,4,4835.0,eurostat,
2017-04-01,LT,total,2017,4,217.0,eurostat,
2017-04-01,LU,total,2017,4,63.0,eurostat,
2017-04-01,LV,total,2017,4,104.0,eurostat,
2017-04-01,MT,total,2017,4,19.0,eurostat,
2017-04-01,NL,total,2017,4,3469.0,eurostat,
2017-04-01,PL,total,2017,4,1708.0,eurostat,
2017-04-01,PT,total,2017,4,465.0,eurostat,
2017-04-01,RO,total,2017,4,886.0,eurostat,
2017-04-01,SE,total,2017,4,52.0,eurostat,
2017-04-01,SI,total,2017,4,65.0,eurostat,
2017-04-01,SK,total,2017,4,387.0,eurostat,
2017-05-01,AT,total,2017,5,496.0,eurostat,
2017-05-01,BE,total,2017,5,1119.0,eurostat,
2017-05-01,BG,total,2017,5,220.0,eurostat,
2017-05-01,CY,total,2017,5,0.0,eurostat,
2017-05-01,CZ,total,2017,5,443.0,eurostat,
2017-05-01,DE,total,2017,5,6099.0,eurostat,
2017-05-01,DK,total,2017,5,190.0,eurostat,
2017-05-01,EE,total,2017,5,29.0,eurostat,
2017-05-01,ES,total,2017,5,2081.0,eurostat,
2017-05-01,EU27_2020,total,2017,5,24884.0,eurostat,
2017-05-01,FI,total,2017,5,148.0,eurostat,
2017-05-01,FR,total,2017,5,2268.0,eurostat,
2017-05-01,GR,total,2017,5,317.0,eurostat,
2017-05-01,HR,total,2017,5,178.0,eurostat,
2017-05-01,HU,total,2017,5,492.0,eurostat,
2017-05-01,IE,total,2017,5,400.0,eurostat,
2017-05-01,IT,total,2017,5,4510.0,eurostat,
2017-05-01,LT,total,2017,5,146.0,eurostat,
2017-05-01,LU,total,2017,5,48.0,eurostat,
2017-05-01,LV,total,2017,5,60.0,eurostat,
2017-05-01,MT,total,2017,5,21.0,eurostat,
2017-05-01,NL,total,2017,5,2730.0,eurostat,
2017-05-01,PL,total,2017,5,1348.0,eurostat,
2017-05-01,PT,total,2017,5,493.0,eurostat,
2017-05-01,RO,total,2017,5,692.0,eurostat,
2017-05-01,SE,total,2017,5,48.0,eurostat,
2017-05-01,SI,total,2017,5,54.0,eurostat,
2017-05-01,SK,total,2017,5,254.0,eurostat,
2017-06-01,AT,total,2017,6,450.0,eurostat,
2017-06-01,BE,total,2017,6,896.3,eurostat,
2017-06-01,BG,total,2017,6,213.0,eurostat,
2017-06-01,CY,total,2017,6,0.0,eurostat,
2017-06-01,CZ,total,2017,6,360.0,eurostat,
2017-06-01,DE,total,2017,6,4917.0,eurostat,
2017-06-01,DK,total,2017,6,155.0,eurostat,
2017-06-01,EE,total,2017,6,17.0,eurostat,
2017-06-01,ES,total,2017,6,2220.0,eurostat,
2017-06-01,EU27_2020,total,2017,6,21951.3,eurostat,
2017-06-01,FI,total,2017,6,128.0,eurostat,
2017-06-01,FR,total,2017,6,1640.0,eurostat,
2017-06-01,GR,total,2017,6,393.0,eurostat,
2017-06-01,HR,total,2017,6,159.0,eurostat,
2017-06-01,HU,total,2017,6,432.0,eurostat,
2017-06-01,IE,total,2017,6,388.0,eurostat,
2017-06-01,IT,total,2017,6,4358.0,eurostat,
2017-06-01,LT,total,2017,6,120.0,eurostat,
2017-06-01,LU,total,2017,6,40.0,eurostat,
2017-06-01,LV,total,2017,6,52.0,eurostat,
2017-06-01,MT,total,2017,6,30.0,eurostat,
2017-06-01,NL,total,2017,6,2258.0,eurostat,
2017-06-01,PL,total,2017,6,1143.0,eurostat,
2017-06-01,PT,total,2017,6,546.0,eurostat,
2017-06-01,RO,total,2017,6,751.0,eurostat,
2017-06-01,SE,total,2017,6,41.0,eurostat,
2017-06-01,SI,total,2017,6,48.0,eurostat,
2017-06-01,SK,total,2017,6,196.0,eurostat,
2017-07-01,AT,total,2017,7,432.0,eurostat,
2017-07-01,BE,total,2017,7,888.4,eurostat,
2017-07-01,BG,total,2017,7,177.0,eurostat,
2017-07-01,CY,total,2017,7,0.0,eurostat,
2017-07-01,CZ,total,2017,7,355.0,eurostat,
2017-07-01,DE,total,2017,7,5434.0,eurostat,
2017-07-01,DK,total,2017,7,137.0,eurostat,
2017-07-01,EE,total,2017,7,18.0,eurostat,
2017-07-01,ES,total,2017,7,2380.0,eurostat,
2017-07-01,EU27_2020,total,2017,7,23142.4,eurostat,
2017-07-01,FI,total,2017,7,128.0,eurostat,
2017-07-01,FR,total,2017,7,1712.0,eurostat,
2017-07-01,GR,total,2017,7,406.0,eurostat,
2017-07-01,HR,total,2017,7,193.0,eurostat,
2017-07-01,HU,total,2017,7,435.0,eurostat,
2017-07-01,IE,total,2017,7,422.0,eurostat,
2017-07-01,IT,total,2017,7,4565.0,eurostat,
2017-07-01,LT,total,2017,7,122.0,eurostat,
2017-07-01,LU,total,2017,7,40.0,eurostat,
2017-07-01,LV,total,2017,7,49.0,eurostat,
2017-07-01,MT,total,2017,7,35.0,eurostat,
2017-07-01,NL,total,2017,7,2454.0,eurostat,
2017-07-01,PL,total,2017,7,1212.0,eurostat,
2017-07-01,PT,total,2017,7,599.0,eurostat,
2017-07-01,RO,total,2017,7,661.0,eurostat,
2017-07-01,SE,total,2017,7,36.0,eurostat,
2017-07-01,SI,total,2017,7,48.0,eurostat,
2017-07-01,SK,total,2017,7,204.0,eurostat,
2017-08-01,AT,total,2017,8,457.0,eurostat,
2017-08-01,BE,total,2017,8,880.9,eurostat,
2017-08-01,BG,total,2017,8,167.0,eurostat,
2017-08-01,CY,total,2017,8,0.0,eurostat,
2017-08-01,CZ,total,2017,8,701.0,eurostat,
2017-08-01,DE,total,2017,8,4565.0,eurostat,
2017-08-01,DK,total,2017,8,156.0,eurostat,
2017-08-01,EE,total,2017,8,19.0,eurostat,
2017-08-01,ES,total,2017,8,2198.0,eurostat,
2017-08-01,EU27_2020,total,2017,8,21633.9,eurostat,
2017-08-01,FI,total,2017,8,143.0,eurostat,
2017-08-01,FR,total,2017,8,1543.0,eurostat,
2017-08-01,GR,total,2017,8,423.0,eurostat,
2017-08-01,HR,total,2017,8,195.0,eurostat,
2017-08-01,HU,total,2017,8,443.0,eurostat,
2017-08-01,IE,total,2017,8,418.0,eurostat,
2017-08-01,IT,total,2017,8,3972.0,eurostat,
2017-08-01,LT,total,2017,8,128.0,eurostat,
2017-08-01,LU,total,2017,8,35.0,eurostat,
2017-08-01,LV,total,2017,8,52.0,eurostat,
2017-08-01,MT,total,2017,8,36.0,eurostat,
2017-08-01,NL,total,2017,8,2308.0,eurostat,
2017-08-01,PL,total,2017,8,1203.0,eurostat,
2017-08-01,PT,total,2017,8,600.0,eurostat,
2017-08-01,RO,total,2017,8,691.0,eurostat,
2017-08-01,SE,total,2017,8,46.0,eurostat,
2017-08-01,SI,total,2017,8,48.0,eurostat,
2017-08-01,SK,total,2017,8,206.0,eurostat,
2017-09-01,AT,total,2017,9,560.0,eurostat,
2017-09-01,BE,total,2017,9,1044.3,eurostat,
2017-09-01,BG,total,2017,9,186.0,eurostat,
2017-09-01,CY,total,2017,9,0.0,eurostat,
2017-09-01,CZ,total,2017,9,476.0,eurostat,
2017-09-01,DE,total,2017,9,5632.0,eurostat,
2017-09-01,DK,total,2017,9,183.0,eurostat,
2017-09-01,EE,total,2017,9,23.0,eurostat,
2017-09-01,ES,total,2017,9,2287.0,eurostat,
2017-09-01,EU27_2020,total,2017,9,24607.3,eurostat,
2017-09-01,FI,total,2017,9,142.0,eurostat,
2017-09-01,FR,total,2017,9,2220.0,eurostat,
2017-09-01,GR,total,2017,9,372.0,eurostat,
2017-09-01,HR,total,2017,9,200.0,eurostat,
2017-09-01,HU,total,2017,9,520.0,eurostat,
2017-09-01,IE,total,2017,9,397.0,eurostat,
2017-09-01,IT,total,2017,9,4327.0,eurostat,
2017-09-01,LT,total,2017,9,161.0,eurostat,
2017-09-01,LU,total,2017,9,49.0,eurostat,
2017-09-01,LV,total,2017,9,57.0,eurostat,
2017-09-01,MT,total,2017,9,42.0,eurostat,
2017-09-01,NL,total,2017,9,2799.0,eurostat,
2017-09-01,PL,total,2017,9,1322.0,eurostat,
2017-09-01,PT,total,2017,9,541.0,eurostat,
2017-09-01,RO,total,2017,9,712.0,eurostat,
2017-09-01,SE,total,2017,9,48.0,eurostat,
2017-09-01,SI,total,2017,9,57.0,eurostat,
2017-09-01,SK,total,2017,9,250.0,eurostat,
2017-10-01,AT,total,2017,10,739.0,eurostat,
2017-10-01,BE,total,2017,10,1366.6,eurostat,
2017-10-01,BG,total,2017,10,248.0,eurostat,
2017-10-01,CY,total,2017,10,0.0,eurostat,
2017-10-01,CZ,total,2017,10,667.0,eurostat,
2017-10-01,DE,total,2017,10,6691.0,eurostat,
2017-10-01,DK,total,2017,10,217.0,eurostat,
2017-10-01,EE,total,2017,10,44.0,eurostat,
2017-10-01,ES,total,2017,10,2542.0,eurostat,
2017-10-01,EU27_2020,total,2017,10,30286.6,eurostat,
2017-10-01,FI,total,2017,10,166.0,eurostat,
2017-10-01,FR,total,2017,10,3160.0,eurostat,
2017-10-01,GR,total,2017,10,362.0,eurostat,
2017-10-01,HR,total,2017,10,269.0,eurostat,
2017-10-01,HU,total,2017,10,802.0,eurostat,
2017-10-01,IE,total,2017,10,423.0,eurostat,
2017-10-01,IT,total,2017,10,5237.0,eurostat,
2017-10-01,LT,total,2017,10,206.0,eurostat,
2017-10-01,LU,total,2017,10,60.0,eurostat,
2017-10-01,LV,total,2017,10,106.0,eurostat,
2017-10-01,MT,total,2017,10,35.0,eurostat,
2017-10-01,NL,total,2017,10,3247.0,eurostat,
2017-10-01,PL,total,2017,10,1723.0,eurostat,
2017-10-01,PT,total,2017,10,494.0,eurostat,
2017-10-01,RO,total,2017,10,954.0,eurostat,
2017-10-01,SE,total,2017,10,63.0,eurostat,
2017-10-01,SI,total,2017,10,71.0,eurostat,
2017-10-01,SK,total,2017,10,394.0,eurostat,
2017-11-01,AT,total,2017,11,1006.0,eurostat,
2017-11-01,BE,total,2017,11,1903.0,eurostat,
2017-11-01,BG,total,2017,11,330.0,eurostat,
2017-11-01,CY,total,2017,11,0.0,eurostat,
2017-11-01,CZ,total,2017,11,959.0,eurostat,
2017-11-01,DE,total,2017,11,10035.0,eurostat,
2017-11-01,DK,total,2017,11,301.0,eurostat,
2017-11-01,EE,total,2017,11,50.0,eurostat,
2017-11-01,ES,total,2017,11,3242.0,eurostat,
2017-11-01,EU27_2020,total,2017,11,42839.0,eurostat,
2017-11-01,FI,total,2017,11,185.0,eurostat,
2017-11-01,FR,total,2017,11,5132.0,eurostat,
2017-11-01,GR,total,2017,11,473.0,eurostat,
2017-11-01,HR,total,2017,11,324.0,eurostat,
2017-11-01,HU,total,2017,11,1167.0,eurostat,
2017-11-01,IE,total,2017,11,495.0,eurostat,
2017-11-01,IT,total,2017,11,7930.0,eurostat,
2017-11-01,LT,total,2017,11,221.0,eurostat,
2017-11-01,LU,total,2017,11,82.0,eurostat,
2017-11-01,LV,total,2017,11,177.0,eurostat,
2017-11-01,MT,total,2017,11,19.0,eurostat,
2017-11-01,NL,total,2017,11,4384.0,eurostat,
2017-11-01,PL,total,2017,11,1993.0,eurostat,
2017-11-01,PT,total,2017,11,496.0,eurostat,
2017-11-01,RO,total,2017,11,1235.0,eurostat,
2017-11-01,SE,total,2017,11,80.0,eurostat,
2017-11-01,SI,total,2017,11,91.0,eurostat,
2017-11-01,SK,total,2017,11,529.0,eurostat,
2017-12-01,AT,total,2017,12,1118.0,eurostat,
2017-12-01,BE,total,2017,12,2195.6,eurostat,
2017-12-01,BG,total,2017,12,365.0,eurostat,
2017-12-01,CY,total,2017,12,0.0,eurostat,
2017-12-01,CZ,total,2017,12,1084.0,eurostat,
2017-12-01,DE,total,2017,12,10628.0,eurostat,
2017-12-01,DK,total,2017,12,333.0,eurostat,
2017-12-01,EE,total,2017,12,57.0,eurostat,
2017-12-01,ES,total,2017,12,3320.0,eurostat,
2017-12-01,EU27_2020,total,2017,12,48467.6,eurostat,
2017-12-01,FI,total,2017,12,248.0,eurostat,
2017-12-01,FR,total,2017,12,5971.0,eurostat,
2017-12-01,GR,total,2017,12,489.0,eurostat,
2017-12-01,HR,total,2017,12,343.0,eurostat,
2017-12-01,HU,total,2017,12,1377.0,eurostat,
2017-12-01,IE,total,2017,12,480.0,eurostat,
2017-12-01,IT,total,2017,12,9706.0,eurostat,
2017-12-01,LT,total,2017,12,249.0,eurostat,
2017-12-01,LU,total,2017,12,93.0,eurostat,
2017-12-01,LV,total,2017,12,140.0,eurostat,
2017-12-01,MT,total,2017,12,27.0,eurostat,
2017-12-01,NL,total,2017,12,5238.0,eurostat,
2017-12-01,PL,total,2017,12,2246.0,eurostat,
2017-12-01,PT,total,2017,12,476.0,eurostat,
2017-12-01,RO,total,2017,12,1446.0,eurostat,
2017-12-01,SE,total,2017,12,89.0,eurostat,
2017-12-01,SI,total,2017,12,105.0,eurostat,
2017-12-01,SK,total,2017,12,644.0,eurostat,
2018-01-01,AT,total,2018,1,1101.0,eurostat,
2018-01-01,BE,total,2018,1,2063.0,eurostat,
2018-01-01,BG,total,2018,1,391.0,eurostat,
2018-01-01,CY,total,2018,1,0.0,eurostat,
2018-01-01,CZ,total,2018,1,1088.0,eurostat,
2018-01-01,DE,total,2018,1,10138.0,eurostat,
2018-01-01,DK,total,2018,1,400.0,eurostat,
2018-01-01,EE,total,2018,1,67.0,eurostat,
2018-01-01,ES,total,2018,1,3135.0,eurostat,
2018-01-01,EU27_2020,total,2018,1,46011.0,eurostat,
2018-01-01,FI,total,2018,1,293.0,eurostat,
2018-01-01,FR,total,2018,1,5137.0,eurostat,
2018-01-01,GR,total,2018,1,494.0,eurostat,
2018-01-01,HR,total,2018,1,342.0,eurostat,
2018-01-01,HU,total,2018,1,1370.0,eurostat,
2018-01-01,IE,total,2018,1,468.0,eurostat,
2018-01-01,IT,total,2018,1,8824.0,eurostat,
2018-01-01,LT,total,2018,1,260.0,eurostat,
2018-01-01,LU,total,2018,1,93.0,eurostat,
2018-01-01,LV,total,2018,1,177.0,eurostat,
2018-01-01,MT,total,2018,1,21.0,eurostat,
2018-01-01,NL,total,2018,1,5076.0,eurostat,
2018-01-01,PL,total,2018,1,2362.0,eurostat,
2018-01-01,PT,total,2018,1,567.0,eurostat,
2018-01-01,RO,total,2018,1,1295.0,eurostat,
2018-01-01,SE,total,2018,1,105.0,eurostat,
2018-01-01,SI,total,2018,1,102.0,eurostat,
2018-01-01,SK,total,2018,1,642.0,eurostat,
2018-02-01,AT,total,2018,2,1182.0,eurostat,
2018-02-01,BE,total,2018,2,2260.4,eurostat,
2018-02-01,BG,total,2018,2,354.0,eurostat,
2018-02-01,CY,total,2018,2,0.0,eurostat,
2018-02-01,CZ,total,2018,2,1158.0,eurostat,
2018-02-01,DE,total,2018,2,11431.0,eurostat,
2018-02-01,DK,total,2018,2,404.0,eurostat,
2018-02-01,EE,total,2018,2,73.0,eurostat,
2018-02-01,ES,total,2018,2,3066.0,eurostat,
2018-02-01,EU27_2020,total,2018,2,49467.4,eurostat,
2018-02-01,FI,total,2018,2,339.0,eurostat,
2018-02-01,FR,total,2018,2,6080.0,eurostat,
2018-02-01,GR,total,2018,2,425.0,eurostat,
2018-02-01,HR,total,2018,2,358.0,eurostat,
2018-02-01,HU,total,2018,2,1401.0,eurostat,
2018-02-01,IE,total,2018,2,454.0,eurostat,
2018-02-01,IT,total,2018,2,8978.0,eurostat,
2018-02-01,LT,total,2018,2,249.0,eurostat,
2018-02-01,LU,total,2018,2,101.0,eurostat,
2018-02-01,LV,total,2018,2,205.0,eurostat,
2018-02-01,MT,total,2018,2,28.0,eurostat,
2018-02-01,NL,total,2018,2,5388.0,eurostat,
2018-02-01,PL,total,2018,2,2323.0,eurostat,
2018-02-01,PT,total,2018,2,468.0,eurostat,
2018-02-01,RO,total,2018,2,1833.0,eurostat,
2018-02-01,SE,total,2018,2,141.0,eurostat,
2018-02-01,SI,total,2018,2,110.0,eurostat,
2018-02-01,SK,total,2018,2,658.0,eurostat,
2018-03-01,AT,total,2018,3,1094.0,eurostat,
2018-03-01,BE,total,2018,3,2060.8,eurostat,
2018-03-01,BG,total,2018,3,333.0,eurostat,
2018-03-01,CY,total,2018,3,0.0,eurostat,
2018-03-01,CZ,total,2018,3,1109.0,eurostat,
2018-03-01,DE,total,2018,3,10405.0,eurostat,
2018-03-01,DK,total,2018,3,412.0,eurostat,
2018-03-01,EE,total,2018,3,72.0,eurostat,
2018-03-01,ES,total,2018,3,2799.0,eurostat,
2018-03-01,EU27_2020,total,2018,3,45008.8,eurostat,
2018-03-01,FI,total,2018,3,342.0,eurostat,
2018-03-01,FR,total,2018,3,5118.0,eurostat,
2018-03-01,GR,total,2018,3,339.0,eurostat,
2018-03-01,HR,total,2018,3,321.0,eurostat,
2018-03-01,HU,total,2018,3,1304.0,eurostat,
2018-03-01,IE,total,2018,3,502.0,eurostat,
2018-03-01,IT,total,2018,3,8254.0,eurostat,
2018-03-01,LT,total,2018,3,258.0,eurostat,
2018-03-01,LU,total,2018,3,95.0,eurostat,
2018-03-01,LV,total,2018,3,185.0,eurostat,
2018-03-01,MT,total,2018,3,19.0,eurostat,
2018-03-01,NL,total,2018,3,4909.0,eurostat,
2018-03-01,PL,total,2018,3,2360.0,eurostat,
2018-03-01,PT,total,2018,3,388.0,eurostat,
2018-03-01,RO,total,2018,3,1476.0,eurostat,
2018-03-01,SE,total,2018,3,117.0,eurostat,
2018-03-01,SI,total,2018,3,106.0,eurostat,
2018-03-01,SK,total,2018,3,631.0,eurostat,
2018-04-01,AT,total,2018,4,536.0,eurostat,
2018-04-01,BE,total,2018,4,1213.5,eurostat,
2018-04-01,BG,total,2018,4,201.0,eurostat,
2018-04-01,CY,total,2018,4,0.0,eurostat,
2018-04-01,CZ,total,2018,4,467.0,eurostat,
2018-04-01,DE,total,2018,4,6032.0,eurostat,
2018-04-01,DK,total,2018,4,225.0,eurostat,
2018-04-01,EE,total,2018,4,37.0,eurostat,
2018-04-01,ES,total,2018,4,2364.0,eurostat,
2018-04-01,EU27_2020,total,2018,4,26180.5,eurostat,
2018-04-01,FI,total,2018,4,168.0,eurostat,
2018-04-01,FR,total,2018,4,2620.0,eurostat,
2018-04-01,GR,total,2018,4,304.0,eurostat,
2018-04-01,HR,total,2018,4,172.0,eurostat,
2018-04-01,HU,total,2018,4,569.0,eurostat,
2018-04-01,IE,total,2018,4,443.0,eurostat,
2018-04-01,IT,total,2018,4,4720.0,eurostat,
2018-04-01,LT,total,2018,4,180.0,eurostat,
2018-04-01,LU,total,2018,4,56.0,eurostat,
2018-04-01,LV,total,2018,4,73.0,eurostat,
2018-04-01,MT,total,2018,4,18.0,eurostat,
2018-04-01,NL,total,2018,4,2864.0,eurostat,
2018-04-01,PL,total,2018,4,1469.0,eurostat,
2018-04-01,PT,total,2018,4,352.0,eurostat,
2018-04-01,RO,total,2018,4,632.0,eurostat,
2018-04-01,SE,total,2018,4,89.0,eurostat,
2018-04-01,SI,total,2018,4,62.0,eurostat,
2018-04-01,SK,total,2018,4,314.0,eurostat,
2018-05-01,AT,total,2018,5,410.0,eurostat,
2018-05-01,BE,total,2018,5,1060.0,eurostat,
2018-05-01,BG,total,2018,5,207.0,eurostat,
2018-05-01,CY,total,2018,5,0.0,eurostat,
2018-05-01,CZ,total,2018,5,346.0,eurostat,
2018-05-01,DE,total,2018,5,4751.0,eurostat,
2018-05-01,DK,total,2018,5,155.0,eurostat,
2018-05-01,EE,total,2018,5,21.0,eurostat,
2018-05-01,ES,total,2018,5,2331.0,eurostat,
2018-05-01,EU27_2020,total,2018,5,22093.0,eurostat,
2018-05-01,FI,total,2018,5,130.0,eurostat,
2018-05-01,FR,total,2018,5,1934.0,eurostat,
2018-05-01,GR,total,2018,5,327.0,eurostat,
2018-05-01,HR,total,2018,5,145.0,eurostat,
2018-05-01,HU,total,2018,5,427.0,eurostat,
2018-05-01,IE,total,2018,5,439.0,eurostat,
2018-05-01,IT,total,2018,5,4051.0,eurostat,
2018-05-01,LT,total,2018,5,152.0,eurostat,
2018-05-01,LU,total,2018,5,46.0,eurostat,
2018-05-01,LV,total,2018,5,47.0,eurostat,
2018-05-01,MT,total,2018,5,29.0,eurostat,
2018-05-01,NL,total,2018,5,2402.0,eurostat,
2018-05-01,PL,total,2018,5,1304.0,eurostat,
2018-05-01,PT,total,2018,5,449.0,eurostat,
2018-05-01,RO,total,2018,5,556.0,eurostat,
2018-05-01,SE,total,2018,5,74.0,eurostat,
2018-05-01,SI,total,2018,5,56.0,eurostat,
2018-05-01,SK,total,2018,5,244.0,eurostat,
2018-06-01,AT,total,2018,6,407.0,eurostat,
2018-06-01,BE,total,2018,6,980.4,eurostat,
2018-06-01,BG,total,2018,6,186.0,eurostat,
2018-06-01,CY,total,2018,6,0.0,eurostat,
2018-06-01,CZ,total,2018,6,337.0,eurostat,
2018-06-01,DE,total,2018,6,4793.0,eurostat,
2018-06-01,DK,total,2018,6,128.0,eurostat,
2018-06-01,EE,total,2018,6,18.0,eurostat,
2018-06-01,ES,total,2018,6,2169.0,eurostat,
2018-06-01,EU27_2020,total,2018,6,21272.4,eurostat,
2018-06-01,FI,total,2018,6,134.0,eurostat,
2018-06-01,FR,total,2018,6,1603.0,eurostat,
2018-06-01,GR,total,2018,6,351.0,eurostat,
2018-06-01,HR,total,2018,6,149.0,eurostat,
2018-06-01,HU,total,2018,6,403.0,eurostat,
2018-06-01,IE,total,2018,6,441.0,eurostat,
2018-06-01,IT,total,2018,6,3959.0,eurostat,
2018-06-01,LT,total,2018,6,117.0,eurostat,
2018-06-01,LU,total,2018,6,40.0,eurostat,
2018-06-01,LV,total,2018,6,56.0,eurostat,
2018-06-01,MT,total,2018,6,27.0,eurostat,
2018-06-01,NL,total,2018,6,2385.0,eurostat,
2018-06-01,PL,total,2018,6,1219.0,eurostat,
2018-06-01,PT,total,2018,6,511.0,eurostat,
2018-06-01,RO,total,2018,6,557.0,eurostat,
2018-06-01,SE,total,2018,6,41.0,eurostat,
2018-06-01,SI,total,2018,6,50.0,eurostat,
2018-06-01,SK,total,2018,6,211.0,eurostat,
2018-07-01,AT,total,2018,7,420.0,eurostat,
2018-07-01,BE,total,2018,7,951.1,eurostat,
2018-07-01,BG,total,2018,7,168.0,eurostat,
2018-07-01,CY,total,2018,7,0.0,eurostat,
2018-07-01,CZ,total,2018,7,337.0,eurostat,
2018-07-01,DE,total,2018,7,4215.0,eurostat,
2018-07-01,DK,total,2018,7,124.0,eurostat,
2018-07-01,EE,total,2018,7,19.0,eurostat,
2018-07-01,ES,total,2018,7,2177.0,eurostat,
2018-07-01,EU27_2020,total,2018,7,20884.1,eurostat,
2018-07-01,FI,total,2018,7,128.0,eurostat,
2018-07-01,FR,total,2018,7,1746.0,eurostat,
2018-07-01,GR,total,2018,7,390.0,eurostat,
2018-07-01,HR,total,2018,7,115.0,eurostat,
2018-07-01,HU,total,2018,7,423.0,eurostat,
2018-07-01,IE,total,2018,7,0.0,eurostat,
2018-07-01,IT,total,2018,7,4452.0,eurostat,
2018-07-01,LT,total,2018,7,70.0,eurostat,
2018-07-01,LU,total,2018,7,38.0,eurostat,
2018-07-01,LV,total,2018,7,75.0,eurostat,
2018-07-01,MT,total,2018,7,38.0,eurostat,
2018-07-01,NL,total,2018,7,2404.0,eurostat,
2018-07-01,PL,total,2018,7,1192.0,eurostat,
2018-07-01,PT,total,2018,7,555.0,eurostat,
2018-07-01,RO,total,2018,7,533.0,eurostat,
2018-07-01,SE,total,2018,7,59.0,eurostat,
2018-07-01,SI,total,2018,7,48.0,eurostat,
2018-07-01,SK,total,2018,7,207.0,eurostat,
2018-08-01,AT,total,2018,8,443.0,eurostat,
2018-08-01,BE,total,2018,8,991.6,eurostat,
2018-08-01,BG,total,2018,8,159.0,eurostat,
2018-08-01,CY,total,2018,8,0.0,eurostat,
2018-08-01,CZ,total,2018,8,336.0,eurostat,
2018-08-01,DE,total,2018,8,4441.0,eurostat,
2018-08-01,DK,total,2018,8,133.0,eurostat,
2018-08-01,EE,total,2018,8,25.0,eurostat,
2018-08-01,ES,total,2018,8,2116.0,eurostat,
2018-08-01,EU27_2020,total,2018,8,21257.6,eurostat,
2018-08-01,FI,total,2018,8,171.0,eurostat,
2018-08-01,FR,total,2018,8,1606.0,eurostat,
2018-08-01,GR,total,2018,8,373.0,eurostat,
2018-08-01,HR,total,2018,8,169.0,eurostat,
2018-08-01,HU,total,2018,8,379.0,eurostat,
2018-08-01,IE,total,2018,8,415.0,eurostat,
2018-08-01,IT,total,2018,8,3962.0,eurostat,
2018-08-01,LT,total,2018,8,92.0,eurostat,
2018-08-01,LU,total,2018,8,34.0,eurostat,
2018-08-01,LV,total,2018,8,87.0,eurostat,
2018-08-01,MT,total,2018,8,37.0,eurostat,
2018-08-01,NL,total,2018,8,2532.0,eurostat,
2018-08-01,PL,total,2018,8,1331.0,eurostat,
2018-08-01,PT,total,2018,8,535.0,eurostat,
2018-08-01,RO,total,2018,8,565.0,eurostat,
2018-08-01,SE,total,2018,8,77.0,eurostat,
2018-08-01,SI,total,2018,8,46.0,eurostat,
2018-08-01,SK,total,2018,8,202.0,eurostat,
2018-09-01,AT,total,2018,9,552.0,eurostat,
2018-09-01,BE,total,2018,9,1046.1,eurostat,
2018-09-01,BG,total,2018,9,185.0,eurostat,
2018-09-01,CY,total,2018,9,0.0,eurostat,
2018-09-01,CZ,total,2018,9,398.0,eurostat,
2018-09-01,DE,total,2018,9,4789.0,eurostat,
2018-09-01,DK,total,2018,9,168.0,eurostat,
2018-09-01,EE,total,2018,9,21.0,eurostat,
2018-09-01,ES,total,2018,9,2177.0,eurostat,
2018-09-01,EU27_2020,total,2018,9,23347.1,eurostat,
2018-09-01,FI,total,2018,9,193.0,eurostat,
2018-09-01,FR,total,2018,9,1906.0,eurostat,
2018-09-01,GR,total,2018,9,399.0,eurostat,
2018-09-01,HR,total,2018,9,161.0,eurostat,
2018-09-01,HU,total,2018,9,486.0,eurostat,
2018-09-01,IE,total,2018,9,383.0,eurostat,
2018-09-01,IT,total,2018,9,4613.0,eurostat,
2018-09-01,LT,total,2018,9,266.0,eurostat,
2018-09-01,LU,total,2018,9,44.0,eurostat,
2018-09-01,LV,total,2018,9,85.0,eurostat,
2018-09-01,MT,total,2018,9,35.0,eurostat,
2018-09-01,NL,total,2018,9,2656.0,eurostat,
2018-09-01,PL,total,2018,9,1283.0,eurostat,
2018-09-01,PT,total,2018,9,541.0,eurostat,
2018-09-01,RO,total,2018,9,612.0,eurostat,
2018-09-01,SE,total,2018,9,60.0,eurostat,
2018-09-01,SI,total,2018,9,53.0,eurostat,
2018-09-01,SK,total,2018,9,235.0,eurostat,
2018-10-01,AT,total,2018,10,704.0,eurostat,
2018-10-01,BE,total,2018,10,1548.3,eurostat,
2018-10-01,BG,total,2018,10,226.0,eurostat,
2018-10-01,CY,total,2018,10,0.0,eurostat,
2018-10-01,CZ,total,2018,10,659.0,eurostat,
2018-10-01,DE,total,2018,10,7017.0,eurostat,
2018-10-01,DK,total,2018,10,224.0,eurostat,
2018-10-01,EE,total,2018,10,38.0,eurostat,
2018-10-01,ES,total,2018,10,2477.0,eurostat,
2018-10-01,EU27_2020,total,2018,10,30103.3,eurostat,
2018-10-01,FI,total,2018,10,189.0,eurostat,
2018-10-01,FR,total,2018,10,3061.0,eurostat,
2018-10-01,GR,total,2018,10,431.0,eurostat,
2018-10-01,HR,total,2018,10,240.0,eurostat,
2018-10-01,HU,total,2018,10,726.0,eurostat,
2018-10-01,IE,total,2018,10,472.0,eurostat,
2018-10-01,IT,total,2018,10,5022.0,eurostat,
2018-10-01,LT,total,2018,10,189.0,eurostat,
2018-10-01,LU,total,2018,10,61.0,eurostat,
2018-10-01,LV,total,2018,10,108.0,eurostat,
2018-10-01,MT,total,2018,10,32.0,eurostat,
2018-10-01,NL,total,2018,10,3219.0,eurostat,
2018-10-01,PL,total,2018,10,1645.0,eurostat,
2018-10-01,PT,total,2018,10,470.0,eurostat,
2018-10-01,RO,total,2018,10,843.0,eurostat,
2018-10-01,SE,total,2018,10,84.0,eurostat,
2018-10-01,SI,total,2018,10,70.0,eurostat,
2018-10-01,SK,total,2018,10,348.0,eurostat,
2018-11-01,AT,total,2018,11,952.0,eurostat,
2018-11-01,BE,total,2018,11,2045.3,eurostat,
2018-11-01,BG,total,2018,11,308.0,eurostat,
2018-11-01,CY,total,2018,11,0.0,eurostat,
2018-11-01,CZ,total,2018,11,919.0,eurostat,
2018-11-01,DE,total,2018,11,9739.0,eurostat,
2018-11-01,DK,total,2018,11,304.0,eurostat,
2018-11-01,EE,total,2018,11,47.0,eurostat,
2018-11-01,ES,total,2018,11,3019.0,eurostat,
2018-11-01,EU27_2020,total,2018,11,40886.3,eurostat,
2018-11-01,FI,total,2018,11,205.0,eurostat,
2018-11-01,FR,total,2018,11,4814.0,eurostat,
2018-11-01,GR,total,2018,11,433.0,eurostat,
2018-11-01,HR,total,2018,11,291.0,eurostat,
2018-11-01,HU,total,2018,11,1056.0,eurostat,
2018-11-01,IE,total,2018,11,485.0,eurostat,
2018-11-01,IT,total,2018,11,6898.0,eurostat,
2018-11-01,LT,total,2018,11,225.0,eurostat,
2018-11-01,LU,total,2018,11,82.0,eurostat,
2018-11-01,LV,total,2018,11,149.0,eurostat,
2018-11-01,MT,total,2018,11,32.0,eurostat,
2018-11-01,NL,total,2018,11,4405.0,eurostat,
2018-11-01,PL,total,2018,11,2015.0,eurostat,
2018-11-01,PT,total,2018,11,466.0,eurostat,
2018-11-01,RO,total,2018,11,1309.0,eurostat,
2018-11-01,SE,total,2018,11,118.0,eurostat,
2018-11-01,SI,total,2018,11,84.0,eurostat,
2018-11-01,SK,total,2018,11,486.0,eurostat,
2018-12-01,AT,total,2018,12,1181.0,eurostat,
2018-12-01,BE,total,2018,12,2104.7,eurostat,
2018-12-01,BG,total,2018,12,403.0,eurostat,
2018-12-01,CY,total,2018,12,0.0,eurostat,
2018-12-01,CZ,total,2018,12,1115.0,eurostat,
2018-12-01,DE,total,2018,12,7586.0,eurostat,
2018-12-01,DK,total,2018,12,330.0,eurostat,
2018-12-01,EE,total,2018,12,66.0,eurostat,
2018-12-01,ES,total,2018,12,3095.0,eurostat,
2018-12-01,EU27_2020,total,2018,12,44069.7,eurostat,
2018-12-01,FI,total,2018,12,286.0,eurostat,
2018-12-01,FR,total,2018,12,5236.0,eurostat,
2018-12-01,GR,total,2018,12,563.0,eurostat,
2018-12-01,HR,total,2018,12,376.0,eurostat,
2018-12-01,HU,total,2018,12,1506.0,eurostat,
2018-12-01,IE,total,2018,12,480.0,eurostat,
2018-12-01,IT,total,2018,12,8934.0,eurostat,
2018-12-01,LT,total,2018,12,260.0,eurostat,
2018-12-01,LU,total,2018,12,89.0,eurostat,
2018-12-01,LV,total,2018,12,182.0,eurostat,
2018-12-01,MT,total,2018,12,29.0,eurostat,
2018-12-01,NL,total,2018,12,4810.0,eurostat,
2018-12-01,PL,total,2018,12,2333.0,eurostat,
2018-12-01,PT,total,2018,12,446.0,eurostat,
2018-12-01,RO,total,2018,12,1761.0,eurostat,
2018-12-01,SE,total,2018,12,123.0,eurostat,
2018-12-01,SI,total,2018,12,104.0,eurostat,
2018-12-01,SK,total,2018,12,671.0,eurostat,
2019-01-01,AT,total,2019,1,1314.0,eurostat,
2019-01-01,BE,total,2019,1,2485.6,eurostat,
2019-01-01,BG,total,2019,1,406.0,eurostat,
2019-01-01,CY,total,2019,1,0.0,eurostat,
2019-01-01,CZ,total,2019,1,1290.0,eurostat,
2019-01-01,DE,total,2019,1,12995.0,eurostat,
2019-01-01,DK,total,2019,1,387.0,eurostat,
2019-01-01,EE,total,2019,1,74.0,eurostat,
2019-01-01,ES,total,2019,1,3575.0,eurostat,
2019-01-01,EU27_2020,total,2019,1,55393.269,eurostat,
2019-01-01,FI,total,2019,1,384.0,eurostat,
2019-01-01,FR,total,2019,1,6426.0,eurostat,
2019-01-01,GR,total,2019,1,679.0,eurostat,
2019-01-01,HR,total,2019,1,397.0,eurostat,
2019-01-01,HU,total,2019,1,1673.0,eurostat,
2019-01-01,IE,total,2019,1,509.0,eurostat,
2019-01-01,IT,total,2019,1,10598.0,eurostat,
2019-01-01,LT,total,2019,1,286.0,eurostat,
2019-01-01,LU,total,2019,1,107.0,eurostat,
2019-01-01,LV,total,2019,1,206.0,eurostat,
2019-01-01,MT,total,2019,1,33.866,eurostat,
2019-01-01,NL,total,2019,1,5614.803,eurostat,
2019-01-01,PL,total,2019,1,2586.0,eurostat,
2019-01-01,PT,total,2019,1,498.0,eurostat,
2019-01-01,RO,total,2019,1,1860.0,eurostat,
2019-01-01,SE,total,2019,1,130.0,eurostat,
2019-01-01,SI,total,2019,1,119.0,eurostat,
2019-01-01,SK,total,2019,1,760.0,eurostat,
2019-02-01,AT,total,2019,2,1005.0,eurostat,
2019-02-01,BE,total,2019,2,1872.7,eurostat,
2019-02-01,BG,total,2019,2,324.0,eurostat,
2019-02-01,CY,total,2019,2,0.0,eurostat,
2019-02-01,CZ,total,2019,2,1004.0,eurostat,
2019-02-01,DE,total,2019,2,10669.0,eurostat,
2019-02-01,DK,total,2019,2,299.0,eurostat,
2019-02-01,EE,total,2019,2,53.0,eurostat,
2019-02-01,ES,total,2019,2,2936.0,eurostat,
2019-02-01,EU27_2020,total,2019,2,43403.07,eurostat,
2019-02-01,FI,total,2019,2,278.0,eurostat,
2019-02-01,FR,total,2019,2,4842.0,eurostat,
2019-02-01,GR,total,2019,2,495.0,eurostat,
2019-02-01,HR,total,2019,2,313.0,eurostat,
2019-02-01,HU,total,2019,2,1220.0,eurostat,
2019-02-01,IE,total,2019,2,416.0,eurostat,
2019-02-01,IT,total,2019,2,8064.0,eurostat,
2019-02-01,LT,total,2019,2,216.0,eurostat,
2019-02-01,LU,total,2019,2,85.0,eurostat,
2019-02-01,LV,total,2019,2,139.0,eurostat,
2019-02-01,MT,total,2019,2,26.062,eurostat,
2019-02-01,NL,total,2019,2,4399.308,eurostat,
2019-02-01,PL,total,2019,2,2083.0,eurostat,
2019-02-01,PT,total,2019,2,441.0,eurostat,
2019-02-01,RO,total,2019,2,1445.0,eurostat,
2019-02-01,SE,total,2019,2,104.0,eurostat,
2019-02-01,SI,total,2019,2,95.0,eurostat,
2019-02-01,SK,total,2019,2,579.0,eurostat,
2019-03-01,AT,total,2019,3,830.0,eurostat,
2019-03-01,BE,total,2019,3,1738.0,eurostat,
2019-03-01,BG,total,2019,3,290.0,eurostat,
2019-03-01,CY,total,2019,3,0.0,eurostat,
2019-03-01,CZ,total,2019,3,849.0,eurostat,
2019-03-01,DE,total,2019,3,9450.0,eurostat,
2019-03-01,DK,total,2019,3,293.0,eurostat,
2019-03-01,EE,total,2019,3,53.0,eurostat,
2019-03-01,ES,total,2019,3,2769.0,eurostat,
2019-03-01,EU27_2020,total,2019,3,39106.78,eurostat,
2019-03-01,FI,total,2019,3,269.0,eurostat,
2019-03-01,FR,total,2019,3,4236.0,eurostat,
2019-03-01,GR,total,2019,3,382.0,eurostat,
2019-03-01,HR,total,2019,3,242.0,eurostat,
2019-03-01,HU,total,2019,3,989.0,eurostat,
2019-03-01,IE,total,2019,3,493.0,eurostat,
2019-03-01,IT,total,2019,3,6992.0,eurostat,
2019-03-01,LT,total,2019,3,216.0,eurostat,
2019-03-01,LU,total,2019,3,82.0,eurostat,
2019-03-01,LV,total,2019,3,132.0,eurostat,
2019-03-01,MT,total,2019,3,25.598,eurostat,
2019-03-01,NL,total,2019,3,4396.182,eurostat,
2019-03-01,PL,total,2019,3,2119.0,eurostat,
2019-03-01,PT,total,2019,3,381.0,eurostat,
2019-03-01,RO,total,2019,3,1162.0,eurostat,
2019-03-01,SE,total,2019,3,126.0,eurostat,
2019-03-01,SI,total,2019,3,88.0,eurostat,
2019-03-01,SK,total,2019,3,504.0,eurostat,
2019-04-01,AT,total,2019,4,670.0,eurostat,
2019-04-01,BE,total,2019,4,1366.4,eurostat,
2019-04-01,BG,total,2019,4,250.0,eurostat,
2019-04-01,CY,total,2019,4,0.0,eurostat,
2019-04-01,CZ,total,2019,4,611.0,eurostat,
2019-04-01,DE,total,2019,4,6512.0,eurostat,
2019-04-01,DK,total,2019,4,215.0,eurostat,
2019-04-01,EE,total,2019,4,34.0,eurostat,
2019-04-01,ES,total,2019,4,2716.0,eurostat,
2019-04-01,EU27_2020,total,2019,4,30222.605,eurostat,
2019-04-01,FI,total,2019,4,213.0,eurostat,
2019-04-01,FR,total,2019,4,3213.0,eurostat,
2019-04-01,GR,total,2019,4,361.0,eurostat,
2019-04-01,HR,total,2019,4,203.0,eurostat,
2019-04-01,HU,total,2019,4,709.0,eurostat,
2019-04-01,IE,total,2019,4,484.0,eurostat,
2019-04-01,IT,total,2019,4,5536.0,eurostat,
2019-04-01,LT,total,2019,4,201.0,eurostat,
2019-04-01,LU,total,2019,4,63.0,eurostat,
2019-04-01,LV,total,2019,4,81.0,eurostat,
2019-04-01,MT,total,2019,4,26.48,eurostat,
2019-04-01,NL,total,2019,4,3223.725,eurostat,
2019-04-01,PL,total,2019,4,1721.0,eurostat,
2019-04-01,PT,total,2019,4,448.0,eurostat,
2019-04-01,RO,total,2019,4,844.0,eurostat,
2019-04-01,SE,total,2019,4,101.0,eurostat,
2019-04-01,SI,total,2019,4,72.0,eurostat,
2019-04-01,SK,total,2019,4,348.0,eurostat,
2019-05-01,AT,total,2019,5,587.0,eurostat,
2019-05-01,BE,total,2019,5,1269.3,eurostat,
2019-05-01,BG,total,2019,5,204.0,eurostat,
2019-05-01,CY,total,2019,5,0.0,eurostat,
2019-05-01,CZ,total,2019,5,566.0,eurostat,
2019-05-01,DE,total,2019,5,6111.0,eurostat,
2019-05-01,DK,total,2019,5,202.0,eurostat,
2019-05-01,EE,total,2019,5,26.0,eurostat,
2019-05-01,ES,total,2019,5,2751.0,eurostat,
2019-05-01,EU27_2020,total,2019,5,27768.011,eurostat,
2019-05-01,FI,total,2019,5,155.0,eurostat,
2019-05-01,FR,total,2019,5,2659.0,eurostat,
2019-05-01,GR,total,2019,5,328.0,eurostat,
2019-05-01,HR,total,2019,5,204.0,eurostat,
2019-05-01,HU,total,2019,5,639.0,eurostat,
2019-05-01,IE,total,2019,5,480.0,eurostat,
2019-05-01,IT,total,2019,5,4922.0,eurostat,
2019-05-01,LT,total,2019,5,132.0,eurostat,
2019-05-01,LU,total,2019,5,57.0,eurostat,
2019-05-01,LV,total,2019,5,70.0,eurostat,
2019-05-01,MT,total,2019,5,28.968,eurostat,
2019-05-01,NL,total,2019,5,3237.743,eurostat,
2019-05-01,PL,total,2019,5,1528.0,eurostat,
2019-05-01,PT,total,2019,5,513.0,eurostat,
2019-05-01,RO,total,2019,5,577.0,eurostat,
2019-05-01,SE,total,2019,5,124.0,eurostat,
2019-05-01,SI,total,2019,5,68.0,eurostat,
2019-05-01,SK,total,2019,5,329.0,eurostat,
2019-06-01,AT,total,2019,6,412.0,eurostat,
2019-06-01,BE,total,2019,6,1015.3,eurostat,
2019-06-01,BG,total,2019,6,176.0,eurostat,
2019-06-01,CY,total,2019,6,0.0,eurostat,
2019-06-01,CZ,total,2019,6,393.0,eurostat,
2019-06-01,DE,total,2019,6,3639.0,eurostat,
2019-06-01,DK,total,2019,6,146.0,eurostat,
2019-06-01,EE,total,2019,6,16.0,eurostat,
2019-06-01,ES,total,2019,6,2738.0,eurostat,
2019-06-01,EU27_2020,total,2019,6,21388.858,eurostat,
2019-06-01,FI,total,2019,6,155.0,eurostat,
2019-06-01,FR,total,2019,6,1813.0,eurostat,
2019-06-01,GR,total,2019,6,396.0,eurostat,
2019-06-01,HR,total,2019,6,149.0,eurostat,
2019-06-01,HU,total,2019,6,381.0,eurostat,
2019-06-01,IE,total,2019,6,433.0,eurostat,
2019-06-01,IT,total,2019,6,4327.0,eurostat,
2019-06-01,LT,total,2019,6,162.0,eurostat,
2019-06-01,LU,total,2019,6,41.0,eurostat,
2019-06-01,LV,total,2019,6,72.0,eurostat,
2019-06-01,MT,total,2019,6,33.454,eurostat,
2019-06-01,NL,total,2019,6,2482.104,eurostat,
2019-06-01,PL,total,2019,6,1177.0,eurostat,
2019-06-01,PT,total,2019,6,555.0,eurostat,
2019-06-01,RO,total,2019,6,373.0,eurostat,
2019-06-01,SE,total,2019,6,62.0,eurostat,
2019-06-01,SI,total,2019,6,50.0,eurostat,
2019-06-01,SK,total,2019,6,192.0,eurostat,
2019-07-01,AT,total,2019,7,453.0,eurostat,
2019-07-01,BE,total,2019,7,986.9,eurostat,
2019-07-01,BG,total,2019,7,183.0,eurostat,
2019-07-01,CY,total,2019,7,0.0,eurostat,
2019-07-01,CZ,total,2019,7,399.0,eurostat,
2019-07-01,DE,total,2019,7,5287.0,eurostat,
2019-07-01,DK,total,2019,7,142.0,eurostat,
2019-07-01,EE,total,2019,7,17.0,eurostat,
2019-07-01,ES,total,2019,7,3041.0,eurostat,
2019-07-01,EU27_2020,total,2019,7,24668.602,eurostat,
2019-07-01,FI,total,2019,7,153.0,eurostat,
2019-07-01,FR,total,2019,7,1859.0,eurostat,
2019-07-01,GR,total,2019,7,482.0,eurostat,
2019-07-01,HR,total,2019,7,170.0,eurostat,
2019-07-01,HU,total,2019,7,418.0,eurostat,
2019-07-01,IE,total,2019,7,443.0,eurostat,
2019-07-01,IT,total,2019,7,4982.0,eurostat,
2019-07-01,LT,total,2019,7,113.0,eurostat,
2019-07-01,LU,total,2019,7,39.0,eurostat,
2019-07-01,LV,total,2019,7,72.0,eurostat,
2019-07-01,MT,total,2019,7,35.541,eurostat,
2019-07-01,NL,total,2019,7,2691.161,eurostat,
2019-07-01,PL,total,2019,7,1277.0,eurostat,
2019-07-01,PT,total,2019,7,587.0,eurostat,
2019-07-01,RO,total,2019,7,499.0,eurostat,
2019-07-01,SE,total,2019,7,62.0,eurostat,
2019-07-01,SI,total,2019,7,49.0,eurostat,
2019-07-01,SK,total,2019,7,228.0,eurostat,
2019-08-01,AT,total,2019,8,496.0,eurostat,
2019-08-01,BE,total,2019,8,956.9,eurostat,
2019-08-01,BG,total,2019,8,151.0,eurostat,
2019-08-01,CY,total,2019,8,0.0,eurostat,
2019-08-01,CZ,total,2019,8,395.0,eurostat,
2019-08-01,DE,total,2019,8,4040.0,eurostat,
2019-08-01,DK,total,2019,8,159.0,eurostat,
2019-08-01,EE,total,2019,8,19.0,eurostat,
2019-08-01,ES,total,2019,8,2960.0,eurostat,
2019-08-01,EU27_2020,total,2019,8,22272.242,eurostat,
2019-08-01,FI,total,2019,8,150.0,eurostat,
2019-08-01,FR,total,2019,8,1590.0,eurostat,
2019-08-01,GR,total,2019,8,443.0,eurostat,
2019-08-01,HR,total,2019,8,183.0,eurostat,
2019-08-01,HU,total,2019,8,450.0,eurostat,
2019-08-01,IE,total,2019,8,371.0,eurostat,
2019-08-01,IT,total,2019,8,4174.0,eurostat,
2019-08-01,LT,total,2019,8,100.0,eurostat,
2019-08-01,LU,total,2019,8,34.0,eurostat,
2019-08-01,LV,total,2019,8,102.0,eurostat,
2019-08-01,MT,total,2019,8,39.686,eurostat,
2019-08-01,NL,total,2019,8,2695.656,eurostat,
2019-08-01,PL,total,2019,8,1332.0,eurostat,
2019-08-01,PT,total,2019,8,543.0,eurostat,
2019-08-01,RO,total,2019,8,533.0,eurostat,
2019-08-01,SE,total,2019,8,75.0,eurostat,
2019-08-01,SI,total,2019,8,55.0,eurostat,
2019-08-01,SK,total,2019,8,225.0,eurostat,
2019-09-01,AT,total,2019,9,641.0,eurostat,
2019-09-01,BE,total,2019,9,1140.1,eurostat,
2019-09-01,BG,total,2019,9,160.0,eurostat,
2019-09-01,CY,total,2019,9,0.0,eurostat,
2019-09-01,CZ,total,2019,9,485.0,eurostat,
2019-09-01,DE,total,2019,9,5220.0,eurostat,
2019-09-01,DK,total,2019,9,170.0,eurostat,
2019-09-01,EE,total,2019,9,24.0,eurostat,
2019-09-01,ES,total,2019,9,2743.0,eurostat,
2019-09-01,EU27_2020,total,2019,9,25193.591,eurostat,
2019-09-01,FI,total,2019,9,170.0,eurostat,
2019-09-01,FR,total,2019,9,1969.0,eurostat,
2019-09-01,GR,total,2019,9,433.0,eurostat,
2019-09-01,HR,total,2019,9,185.0,eurostat,
2019-09-01,HU,total,2019,9,537.0,eurostat,
2019-09-01,IE,total,2019,9,382.0,eurostat,
2019-09-01,IT,total,2019,9,4766.0,eurostat,
2019-09-01,LT,total,2019,9,143.0,eurostat,
2019-09-01,LU,total,2019,9,44.0,eurostat,
2019-09-01,LV,total,2019,9,118.0,eurostat,
2019-09-01,MT,total,2019,9,31.039,eurostat,
2019-09-01,NL,total,2019,9,2980.452,eurostat,
2019-09-01,PL,total,2019,9,1351.0,eurostat,
2019-09-01,PT,total,2019,9,529.0,eurostat,
2019-09-01,RO,total,2019,9,592.0,eurostat,
2019-09-01,SE,total,2019,9,66.0,eurostat,
2019-09-01,SI,total,2019,9,57.0,eurostat,
2019-09-01,SK,total,2019,9,257.0,eurostat,
2019-10-01,AT,total,2019,10,809.0,eurostat,
2019-10-01,BE,total,2019,10,1548.8,eurostat,
2019-10-01,BG,total,2019,10,183.0,eurostat,
2019-10-01,CY,total,2019,10,0.0,eurostat,
2019-10-01,CZ,total,2019,10,721.0,eurostat,
2019-10-01,DE,total,2019,10,7260.0,eurostat,
2019-10-01,DK,total,2019,10,246.0,eurostat,
2019-10-01,EE,total,2019,10,36.0,eurostat,
2019-10-01,ES,total,2019,10,2960.0,eurostat,
2019-10-01,EU27_2020,total,2019,10,31867.592,eurostat,
2019-10-01,FI,total,2019,10,208.0,eurostat,
2019-10-01,FR,total,2019,10,2922.0,eurostat,
2019-10-01,GR,total,2019,10,410.0,eurostat,
2019-10-01,HR,total,2019,10,268.0,eurostat,
2019-10-01,HU,total,2019,10,809.0,eurostat,
2019-10-01,IE,total,2019,10,403.0,eurostat,
2019-10-01,IT,total,2019,10,5219.0,eurostat,
2019-10-01,LT,total,2019,10,195.0,eurostat,
2019-10-01,LU,total,2019,10,61.0,eurostat,
2019-10-01,LV,total,2019,10,114.0,eurostat,
2019-10-01,MT,total,2019,10,31.004,eurostat,
2019-10-01,NL,total,2019,10,3789.788,eurostat,
2019-10-01,PL,total,2019,10,1759.0,eurostat,
2019-10-01,PT,total,2019,10,542.0,eurostat,
2019-10-01,RO,total,2019,10,851.0,eurostat,
2019-10-01,SE,total,2019,10,66.0,eurostat,
2019-10-01,SI,total,2019,10,72.0,eurostat,
2019-10-01,SK,total,2019,10,384.0,eurostat,
2019-11-01,AT,total,2019,11,961.0,eurostat,
2019-11-01,BE,total,2019,11,2023.2,eurostat,
2019-11-01,BG,total,2019,11,259.0,eurostat,
2019-11-01,CY,total,2019,11,0.0,eurostat,
2019-11-01,CZ,total,2019,11,910.0,eurostat,
2019-11-01,DE,total,2019,11,9827.0,eurostat,
2019-11-01,DK,total,2019,11,299.0,eurostat,
2019-11-01,EE,total,2019,11,44.0,eurostat,
2019-11-01,ES,total,2019,11,3101.0,eurostat,
2019-11-01,EU27_2020,total,2019,11,40803.192,eurostat,
2019-11-01,FI,total,2019,11,208.0,eurostat,
2019-11-01,FR,total,2019,11,4901.0,eurostat,
2019-11-01,GR,total,2019,11,383.0,eurostat,
2019-11-01,HR,total,2019,11,331.0,eurostat,
2019-11-01,HU,total,2019,11,1029.0,eurostat,
2019-11-01,IE,total,2019,11,515.0,eurostat,
2019-11-01,IT,total,2019,11,6692.0,eurostat,
2019-11-01,LT,total,2019,11,220.0,eurostat,
2019-11-01,LU,total,2019,11,83.0,eurostat,
2019-11-01,LV,total,2019,11,127.0,eurostat,
2019-11-01,MT,total,2019,11,25.388,eurostat,
2019-11-01,NL,total,2019,11,4600.604,eurostat,
2019-11-01,PL,total,2019,11,2027.0,eurostat,
2019-11-01,PT,total,2019,11,529.0,eurostat,
2019-11-01,RO,total,2019,11,1052.0,eurostat,
2019-11-01,SE,total,2019,11,98.0,eurostat,
2019-11-01,SI,total,2019,11,83.0,eurostat,
2019-11-01,SK,total,2019,11,475.0,eurostat,
2019-12-01,AT,total,2019,12,1089.0,eurostat,
2019-12-01,BE,total,2019,12,2081.3,eurostat,
2019-12-01,BG,total,2019,12,334.0,eurostat,
2019-12-01,CY,total,2019,12,0.0,eurostat,
2019-12-01,CZ,total,2019,12,1056.0,eurostat,
2019-12-01,DE,total,2019,12,10782.0,eurostat,
2019-12-01,DK,total,2019,12,298.0,eurostat,
2019-12-01,EE,total,2019,12,65.0,eurostat,
2019-12-01,ES,total,2019,12,3109.0,eurostat,
2019-12-01,EU27_2020,total,2019,12,45324.968,eurostat,
2019-12-01,FI,total,2019,12,226.0,eurostat,
2019-12-01,FR,total,2019,12,5184.0,eurostat,
2019-12-01,GR,total,2019,12,442.0,eurostat,
2019-12-01,HR,total,2019,12,339.0,eurostat,
2019-12-01,HU,total,2019,12,1379.0,eurostat,
2019-12-01,IE,total,2019,12,485.0,eurostat,
2019-12-01,IT,total,2019,12,8044.0,eurostat,
2019-12-01,LT,total,2019,12,236.0,eurostat,
2019-12-01,LU,total,2019,12,84.0,eurostat,
2019-12-01,LV,total,2019,12,129.0,eurostat,
2019-12-01,MT,total,2019,12,29.186,eurostat,
2019-12-01,NL,total,2019,12,4821.482,eurostat,
2019-12-01,PL,total,2019,12,2351.0,eurostat,
2019-12-01,PT,total,2019,12,461.0,eurostat,
2019-12-01,RO,total,2019,12,1452.0,eurostat,
2019-12-01,SE,total,2019,12,118.0,eurostat,
2019-12-01,SI,total,2019,12,99.0,eurostat,
2019-12-01,SK,total,2019,12,631.0,eurostat,
2020-01-01,AT,total,2020,1,1280.803,eurostat,
2020-01-01,BE,total,2020,1,2215.0,eurostat,
2020-01-01,BG,total,2020,1,360.287,eurostat,
2020-01-01,CY,total,2020,1,0.0,eurostat,
2020-01-01,CZ,total,2020,1,1217.778,eurostat,
2020-01-01,DE,total,2020,1,11635.709,eurostat,
2020-01-01,DK,total,2020,1,306.725,eurostat,
2020-01-01,EE,total,2020,1,53.9,eurostat,
2020-01-01,ES,total,2020,1,3492.0,eurostat,
2020-01-01,EU27_2020,total,2020,1,50800.794,eurostat,
2020-01-01,FI,total,2020,1,255.0,eurostat,
2020-01-01,FR,total,2020,1,5623.079,eurostat,
2020-01-01,GR,total,2020,1,611.324,eurostat,
2020-01-01,HR,total,2020,1,390.3,eurostat,
2020-01-01,HU,total,2020,1,1665.537,eurostat,
2020-01-01,IE,total,2020,1,505.878,eurostat,
2020-01-01,IT,total,2020,1,9692.0,eurostat,
2020-01-01,LT,total,2020,1,258.0,eurostat,
2020-01-01,LU,total,2020,1,94.98,eurostat,
2020-01-01,LV,total,2020,1,122.459,eurostat,
2020-01-01,MT,total,2020,1,37.525,eurostat,
2020-01-01,NL,total,2020,1,5262.039,eurostat,
2020-01-01,PL,total,2020,1,2401.468,eurostat,
2020-01-01,PT,total,2020,1,581.962,eurostat,
2020-01-01,RO,total,2020,1,1772.0,eurostat,
2020-01-01,SE,total,2020,1,116.0,eurostat,
2020-01-01,SI,total,2020,1,116.304,eurostat,
2020-01-01,SK,total,2020,1,732.737,eurostat,
2020-02-01,AT,total,2020,2,937.36,eurostat,
2020-02-01,BE,total,2020,2,1938.3,eurostat,
2020-02-01,BG,total,2020,2,316.337,eurostat,
2020-02-01,CY,total,2020,2,0.0,eurostat,
2020-02-01,CZ,total,2020,2,982.813,eurostat,
2020-02-01,DE,total,2020,2,9593.787,eurostat,
2020-02-01,DK,total,2020,2,302.758,eurostat,
2020-02-01,EE,total,2020,2,49.7,eurostat,
2020-02-01,ES,total,2020,2,2855.0,eurostat,
2020-02-01,EU27_2020,total,2020,2,41751.593,eurostat,
2020-02-01,FI,total,2020,2,230.5,eurostat,
2020-02-01,FR,total,2020,2,4511.826,eurostat,
2020-02-01,GR,total,2020,2,485.308,eurostat,
2020-02-01,HR,total,2020,2,303.76,eurostat,
2020-02-01,HU,total,2020,2,1248.0,eurostat,
2020-02-01,IE,total,2020,2,465.445,eurostat,
2020-02-01,IT,total,2020,2,7566.0,eurostat,
2020-02-01,LT,total,2020,2,231.7,eurostat,
2020-02-01,LU,total,2020,2,82.813,eurostat,
2020-02-01,LV,total,2020,2,121.27,eurostat,
2020-02-01,MT,total,2020,2,35.719,eurostat,
2020-02-01,NL,total,2020,2,4598.053,eurostat,
2020-02-01,PL,total,2020,2,2200.646,eurostat,
2020-02-01,PT,total,2020,2,519.791,eurostat,
2020-02-01,RO,total,2020,2,1397.0,eurostat,
2020-02-01,SE,total,2020,2,114.9,eurostat,
2020-02-01,SI,total,2020,2,92.294,eurostat,
2020-02-01,SK,total,2020,2,570.513,eurostat,
2020-03-01,AT,total,2020,3,903.939,eurostat,
2020-03-01,BE,total,2020,3,1873.6,eurostat,
2020-03-01,BG,total,2020,3,301.987,eurostat,
2020-03-01,CY,total,2020,3,0.0,eurostat,
2020-03-01,CZ,total,2020,3,919.437,eurostat,
2020-03-01,DE,total,2020,3,9889.998,eurostat,
2020-03-01,DK,total,2020,3,297.487,eurostat,
2020-03-01,EE,total,2020,3,50.6,eurostat,
2020-03-01,ES,total,2020,3,2585.0,eurostat,
2020-03-01,EU27_2020,total,2020,3,39617.111,eurostat,
2020-03-01,FI,total,2020,3,238.5,eurostat,
2020-03-01,FR,total,2020,3,4243.432,eurostat,
2020-03-01,GR,total,2020,3,456.894,eurostat,
2020-03-01,HR,total,2020,3,296.651,eurostat,
2020-03-01,HU,total,2020,3,1129.608,eurostat,
2020-03-01,IE,total,2020,3,492.49,eurostat,
2020-03-01,IT,total,2020,3,6692.0,eurostat,
2020-03-01,LT,total,2020,3,172.7,eurostat,
2020-03-01,LU,total,2020,3,75.134,eurostat,
2020-03-01,LV,total,2020,3,105.723,eurostat,
2020-03-01,MT,total,2020,3,30.082,eurostat,
2020-03-01,NL,total,2020,3,4336.508,eurostat,
2020-03-01,PL,total,2020,3,2207.76,eurostat,
2020-03-01,PT,total,2020,3,447.835,eurostat,
2020-03-01,RO,total,2020,3,1158.0,eurostat,
2020-03-01,SE,total,2020,3,94.0,eurostat,
2020-03-01,SI,total,2020,3,92.094,eurostat,
2020-03-01,SK,total,2020,3,525.652,eurostat,
2020-04-01,AT,total,2020,4,590.152,eurostat,
2020-04-01,BE,total,2020,4,1161.2,eurostat,
2020-04-01,BG,total,2020,4,231.398,eurostat,
2020-04-01,CY,total,2020,4,0.0,eurostat,
2020-04-01,CZ,total,2020,4,582.257,eurostat,
2020-04-01,DE,total,2020,4,5393.0,eurostat,
2020-04-01,DK,total,2020,4,226.707,eurostat,
2020-04-01,EE,total,2020,4,36.9,eurostat,
2020-04-01,ES,total,2020,4,2115.0,eurostat,
2020-04-01,EU27_2020,total,2020,4,25235.971,eurostat,
2020-04-01,FI,total,2020,4,183.0,eurostat,
2020-04-01,FR,total,2020,4,2097.061,eurostat,
2020-04-01,GR,total,2020,4,375.729,eurostat,
2020-04-01,HR,total,2020,4,195.674,eurostat,
2020-04-01,HU,total,2020,4,698.505,eurostat,
2020-04-01,IE,total,2020,4,432.134,eurostat,
2020-04-01,IT,total,2020,4,4268.0,eurostat,
2020-04-01,LT,total,2020,4,216.9,eurostat,
2020-04-01,LU,total,2020,4,47.748,eurostat,
2020-04-01,LV,total,2020,4,80.389,eurostat,
2020-04-01,MT,total,2020,4,27.376,eurostat,
2020-04-01,NL,total,2020,4,2959.204,eurostat,
2020-04-01,PL,total,2020,4,1678.83,eurostat,
2020-04-01,PT,total,2020,4,362.218,eurostat,
2020-04-01,RO,total,2020,4,787.0,eurostat,
2020-04-01,SE,total,2020,4,74.47,eurostat,
2020-04-01,SI,total,2020,4,66.286,eurostat,
2020-04-01,SK,total,2020,4,348.833,eurostat,
2020-05-01,AT,total,2020,5,475.169,eurostat,
2020-05-01,BE,total,2020,5,1149.3,eurostat,
2020-05-01,BG,total,2020,5,184.99,eurostat,
2020-05-01,CY,total,2020,5,0.0,eurostat,
2020-05-01,CZ,total,2020,5,498.132,eurostat,
2020-05-01,DE,total,2020,5,5529.806,eurostat,
2020-05-01,DK,total,2020,5,194.919,eurostat,
2020-05-01,EE,total,2020,5,25.9,eurostat,
2020-05-01,ES,total,2020,5,2005.0,eurostat,
2020-05-01,EU27_2020,total,2020,5,23636.816,eurostat,
2020-05-01,FI,total,2020,5,164.0,eurostat,
2020-05-01,FR,total,2020,5,1955.508,eurostat,
2020-05-01,GR,total,2020,5,372.205,eurostat,
2020-05-01,HR,total,2020,5,192.0,eurostat,
2020-05-01,HU,total,2020,5,521.507,eurostat,
2020-05-01,IE,total,2020,5,439.133,eurostat,
2020-05-01,IT,total,2020,5,3743.0,eurostat,
2020-05-01,LT,total,2020,5,235.6,eurostat,
2020-05-01,LU,total,2020,5,44.922,eurostat,
2020-05-01,LV,total,2020,5,69.243,eurostat,
2020-05-01,MT,total,2020,5,30.055,eurostat,
2020-05-01,NL,total,2020,5,2897.178,eurostat,
2020-05-01,PL,total,2020,5,1492.981,eurostat,
2020-05-01,PT,total,2020,5,385.449,eurostat,
2020-05-01,RO,total,2020,5,601.0,eurostat,
2020-05-01,SE,total,2020,5,77.5,eurostat,
2020-05-01,SI,total,2020,5,53.358,eurostat,
2020-05-01,SK,total,2020,5,298.961,eurostat,
2020-06-01,AT,total,2020,6,392.105,eurostat,
2020-06-01,BE,total,2020,6,1097.8,eurostat,
2020-06-01,BG,total,2020,6,173.283,eurostat,
2020-06-01,CY,total,2020,6,0.0,eurostat,
2020-06-01,CZ,total,2020,6,413.656,eurostat,
2020-06-01,DE,total,2020,6,4529.803,eurostat,
2020-06-01,DK,total,2020,6,169.537,eurostat,
2020-06-01,EE,total,2020,6,16.5,eurostat,
2020-06-01,ES,total,2020,6,2245.0,eurostat,
2020-06-01,EU27_2020,total,2020,6,22297.217,eurostat,
2020-06-01,FI,total,2020,6,166.0,eurostat,
2020-06-01,FR,total,2020,6,1879.555,eurostat,
2020-06-01,GR,total,2020,6,443.439,eurostat,
2020-06-01,HR,total,2020,6,181.7,eurostat,
2020-06-01,HU,total,2020,6,436.483,eurostat,
2020-06-01,IE,total,2020,6,417.553,eurostat,
2020-06-01,IT,total,2020,6,4094.0,eurostat,
2020-06-01,LT,total,2020,6,173.4,eurostat,
2020-06-01,LU,total,2020,6,36.77,eurostat,
2020-06-01,LV,total,2020,6,69.251,eurostat,
2020-06-01,MT,total,2020,6,33.188,eurostat,
2020-06-01,NL,total,2020,6,2653.998,eurostat,
2020-06-01,PL,total,2020,6,1295.133,eurostat,
2020-06-01,PT,total,2020,6,447.829,eurostat,
2020-06-01,RO,total,2020,6,561.0,eurostat,
2020-06-01,SE,total,2020,6,83.72,eurostat,
2020-06-01,SI,total,2020,6,45.033,eurostat,
2020-06-01,SK,total,2020,6,241.481,eurostat,
2020-07-01,AT,total,2020,7,426.415,eurostat,
2020-07-01,BE,total,2020,7,1203.8,eurostat,
2020-07-01,BG,total,2020,7,170.575,eurostat,
2020-07-01,CY,total,2020,7,0.0,eurostat,
2020-07-01,CZ,total,2020,7,425.296,eurostat,
2020-07-01,DE,total,2020,7,4388.111,eurostat,
2020-07-01,DK,total,2020,7,145.942,eurostat,
2020-07-01,EE,total,2020,7,17.0,eurostat,
2020-07-01,ES,total,2020,7,2675.0,eurostat,
2020-07-01,EU27_2020,total,2020,7,23956.234,eurostat,
2020-07-01,FI,total,2020,7,155.0,eurostat,
2020-07-01,FR,total,2020,7,1805.971,eurostat,
2020-07-01,GR,total,2020,7,549.808,eurostat,
2020-07-01,HR,total,2020,7,195.2,eurostat,
2020-07-01,HU,total,2020,7,460.503,eurostat,
2020-07-01,IE,total,2020,7,436.733,eurostat,
2020-07-01,IT,total,2020,7,4784.0,eurostat,
2020-07-01,LT,total,2020,7,180.8,eurostat,
2020-07-01,LU,total,2020,7,34.708,eurostat,
2020-07-01,LV,total,2020,7,40.201,eurostat,
2020-07-01,MT,total,2020,7,38.28,eurostat,
2020-07-01,NL,total,2020,7,2961.846,eurostat,
2020-07-01,PL,total,2020,7,1338.568,eurostat,
2020-07-01,PT,total,2020,7,578.712,eurostat,
2020-07-01,RO,total,2020,7,609.0,eurostat,
2020-07-01,SE,total,2020,7,53.5,eurostat,
2020-07-01,SI,total,2020,7,51.718,eurostat,
2020-07-01,SK,total,2020,7,229.547,eurostat,
2020-08-01,AT,total,2020,8,415.155,eurostat,
2020-08-01,BE,total,2020,8,1076.1,eurostat,
2020-08-01,BG,total,2020,8,156.315,eurostat,
2020-08-01,CY,total,2020,8,0.0,eurostat,
2020-08-01,CZ,total,2020,8,403.803,eurostat,
2020-08-01,DE,total,2020,8,4287.749,eurostat,
2020-08-01,DK,total,2020,8,146.58,eurostat,
2020-08-01,EE,total,2020,8,18.5,eurostat,
2020-08-01,ES,total,2020,8,2665.0,eurostat,
2020-08-01,EU27_2020,total,2020,8,22706.947,eurostat,
2020-08-01,FI,total,2020,8,169.0,eurostat,
2020-08-01,FR,total,2020,8,1615.409,eurostat,
2020-08-01,GR,total,2020,8,510.795,eurostat,
2020-08-01,HR,total,2020,8,186.425,eurostat,
2020-08-01,HU,total,2020,8,437.391,eurostat,
2020-08-01,IE,total,2020,8,438.056,eurostat,
2020-08-01,IT,total,2020,8,4110.0,eurostat,
2020-08-01,LT,total,2020,8,151.5,eurostat,
2020-08-01,LU,total,2020,8,29.864,eurostat,
2020-08-01,LV,total,2020,8,74.353,eurostat,
2020-08-01,MT,total,2020,8,39.263,eurostat,
2020-08-01,NL,total,2020,8,2920.007,eurostat,
2020-08-01,PL,total,2020,8,1341.348,eurostat,
2020-08-01,PT,total,2020,8,545.85,eurostat,
2020-08-01,RO,total,2020,8,614.0,eurostat,
2020-08-01,SE,total,2020,8,85.5,eurostat,
2020-08-01,SI,total,2020,8,49.416,eurostat,
2020-08-01,SK,total,2020,8,219.568,eurostat,
2020-09-01,AT,total,2020,9,484.511,eurostat,
2020-09-01,BE,total,2020,9,1127.7,eurostat,
2020-09-01,BG,total,2020,9,170.758,eurostat,
2020-09-01,CY,total,2020,9,0.0,eurostat,
2020-09-01,CZ,total,2020,9,424.772,eurostat,
2020-09-01,DE,total,2020,9,5143.642,eurostat,
2020-09-01,DK,total,2020,9,178.598,eurostat,
2020-09-01,EE,total,2020,9,22.6,eurostat,
2020-09-01,ES,total,2020,9,2585.0,eurostat,
2020-09-01,EU27_2020,total,2020,9,24952.635,eurostat,
2020-09-01,FI,total,2020,9,203.0,eurostat,
2020-09-01,FR,total,2020,9,2014.428,eurostat,
2020-09-01,GR,total,2020,9,470.844,eurostat,
2020-09-01,HR,total,2020,9,201.198,eurostat,
2020-09-01,HU,total,2020,9,508.424,eurostat,
2020-09-01,IE,total,2020,9,423.162,eurostat,
2020-09-01,IT,total,2020,9,4822.0,eurostat,
2020-09-01,LT,total,2020,9,140.5,eurostat,
2020-09-01,LU,total,2020,9,39.545,eurostat,
2020-09-01,LV,total,2020,9,61.867,eurostat,
2020-09-01,MT,total,2020,9,32.642,eurostat,
2020-09-01,NL,total,2020,9,2846.482,eurostat,
2020-09-01,PL,total,2020,9,1423.241,eurostat,
2020-09-01,PT,total,2020,9,595.745,eurostat,
2020-09-01,RO,total,2020,9,634.0,eurostat,
2020-09-01,SE,total,2020,9,80.4,eurostat,
2020-09-01,SI,total,2020,9,56.91,eurostat,
2020-09-01,SK,total,2020,9,260.666,eurostat,
2020-10-01,AT,total,2020,10,774.436,eurostat,
2020-10-01,BE,total,2020,10,1497.2,eurostat,
2020-10-01,BG,total,2020,10,246.599,eurostat,
2020-10-01,CY,total,2020,10,0.0,eurostat,
2020-10-01,CZ,total,2020,10,748.684,eurostat,
2020-10-01,DE,total,2020,10,7533.737,eurostat,
2020-10-01,DK,total,2020,10,232.791,eurostat,
2020-10-01,EE,total,2020,10,29.6,eurostat,
2020-10-01,ES,total,2020,10,2503.0,eurostat,
2020-10-01,EU27_2020,total,2020,10,32312.946,eurostat,
2020-10-01,FI,total,2020,10,202.5,eurostat,
2020-10-01,FR,total,2020,10,3321.203,eurostat,
2020-10-01,GR,total,2020,10,439.259,eurostat,
2020-10-01,HR,total,2020,10,269.277,eurostat,
2020-10-01,HU,total,2020,10,885.435,eurostat,
2020-10-01,IE,total,2020,10,438.925,eurostat,
2020-10-01,IT,total,2020,10,5346.0,eurostat,
2020-10-01,LT,total,2020,10,193.3,eurostat,
2020-10-01,LU,total,2020,10,62.859,eurostat,
2020-10-01,LV,total,2020,10,78.619,eurostat,
2020-10-01,MT,total,2020,10,28.822,eurostat,
2020-10-01,NL,total,2020,10,3605.329,eurostat,
2020-10-01,PL,total,2020,10,1869.921,eurostat,
2020-10-01,PT,total,2020,10,548.997,eurostat,
2020-10-01,RO,total,2020,10,789.0,eurostat,
2020-10-01,SE,total,2020,10,162.0,eurostat,
2020-10-01,SI,total,2020,10,76.136,eurostat,
2020-10-01,SK,total,2020,10,429.317,eurostat,
2020-11-01,AT,total,2020,11,983.052,eurostat,
2020-11-01,BE,total,2020,11,1773.4,eurostat,
2020-11-01,BG,total,2020,11,323.38,eurostat,
2020-11-01,CY,total,2020,11,0.0,eurostat,
2020-11-01,CZ,total,2020,11,1026.48,eurostat,
2020-11-01,DE,total,2020,11,9757.998,eurostat,
2020-11-01,DK,total,2020,11,279.405,eurostat,
2020-11-01,EE,total,2020,11,40.6,eurostat,
2020-11-01,ES,total,2020,11,2826.0,eurostat,
2020-11-01,EU27_2020,total,2020,11,40293.76,eurostat,
2020-11-01,FI,total,2020,11,209.5,eurostat,
2020-11-01,FR,total,2020,11,4226.437,eurostat,
2020-11-01,GR,total,2020,11,510.55,eurostat,
2020-11-01,HR,total,2020,11,335.5,eurostat,
2020-11-01,HU,total,2020,11,1240.511,eurostat,
2020-11-01,IE,total,2020,11,465.245,eurostat,
2020-11-01,IT,total,2020,11,6950.0,eurostat,
2020-11-01,LT,total,2020,11,223.3,eurostat,
2020-11-01,LU,total,2020,11,75.828,eurostat,
2020-11-01,LV,total,2020,11,115.779,eurostat,
2020-11-01,MT,total,2020,11,20.351,eurostat,
2020-11-01,NL,total,2020,11,4021.608,eurostat,
2020-11-01,PL,total,2020,11,2196.974,eurostat,
2020-11-01,PT,total,2020,11,528.362,eurostat,
2020-11-01,RO,total,2020,11,1351.0,eurostat,
2020-11-01,SE,total,2020,11,142.0,eurostat,
2020-11-01,SI,total,2020,11,101.358,eurostat,
2020-11-01,SK,total,2020,11,569.142,eurostat,
2020-12-01,AT,total,2020,12,1160.767,eurostat,
2020-12-01,BE,total,2020,12,2162.6,eurostat,
2020-12-01,BG,total,2020,12,384.111,eurostat,
2020-12-01,CY,total,2020,12,0.0,eurostat,
2020-12-01,CZ,total,2020,12,1177.915,eurostat,
2020-12-01,DE,total,2020,12,11606.609,eurostat,
2020-12-01,DK,total,2020,12,335.981,eurostat,
2020-12-01,EE,total,2020,12,59.2,eurostat,
2020-12-01,ES,total,2020,12,3187.0,eurostat,
2020-12-01,EU27_2020,total,2020,12,48378.784,eurostat,
2020-12-01,FI,total,2020,12,254.5,eurostat,
2020-12-01,FR,total,2020,12,5268.869,eurostat,
2020-12-01,GR,total,2020,12,604.735,eurostat,
2020-12-01,HR,total,2020,12,354.8,eurostat,
2020-12-01,HU,total,2020,12,1366.47,eurostat,
2020-12-01,IE,total,2020,12,514.897,eurostat,
2020-12-01,IT,total,2020,12,8853.4,eurostat,
2020-12-01,LT,total,2020,12,257.1,eurostat,
2020-12-01,LU,total,2020,12,83.52,eurostat,
2020-12-01,LV,total,2020,12,150.689,eurostat,
2020-12-01,MT,total,2020,12,25.711,eurostat,
2020-12-01,NL,total,2020,12,5089.229,eurostat,
2020-12-01,PL,total,2020,12,2545.86,eurostat,
2020-12-01,PT,total,2020,12,443.818,eurostat,
2020-12-01,RO,total,2020,12,1562.0,eurostat,
2020-12-01,SE,total,2020,12,177.0,eurostat,
2020-12-01,SI,total,2020,12,104.527,eurostat,
2020-12-01,SK,total,2020,12,647.476,eurostat,
2021-01-01,AT,total,2021,1,1249.298,eurostat,
2021-01-01,BE,total,2021,1,2459.4,eurostat,
2021-01-01,BG,total,2021,1,381.38,eurostat,
2021-01-01,CY,total,2021,1,0.0,eurostat,
2021-01-01,CZ,total,2021,1,1279.051,eurostat,
2021-01-01,DE,total,2021,1,13130.666,eurostat,
2021-01-01,DK,total,2021,1,395.328,eurostat,
2021-01-01,EE,total,2021,1,65.0,eurostat,
2021-01-01,ES,total,2021,1,3421.921,eurostat,
2021-01-01,EU27_2020,total,2021,1,54143.962,eurostat,
2021-01-01,FI,total,2021,1,358.9,eurostat,
2021-01-01,FR,total,2021,1,6068.591,eurostat,
2021-01-01,GR,total,2021,1,628.402,eurostat,
2021-01-01,HR,total,2021,1,313.4,eurostat,
2021-01-01,HU,total,2021,1,1543.542,eurostat,
2021-01-01,IE,total,2021,1,553.688,eurostat,
2021-01-01,IT,total,2021,1,9823.0,eurostat,
2021-01-01,LT,total,2021,1,321.1,eurostat,
2021-01-01,LU,total,2021,1,101.417,eurostat,
2021-01-01,LV,total,2021,1,183.509,eurostat,
2021-01-01,MT,total,2021,1,26.759,eurostat,
2021-01-01,NL,total,2021,1,5903.567,eurostat,
2021-01-01,PL,total,2021,1,2731.659,eurostat,
2021-01-01,PT,total,2021,1,527.035,eurostat,
2021-01-01,RO,total,2021,1,1650.0,eurostat,
2021-01-01,SE,total,2021,1,184.0,eurostat,
2021-01-01,SI,total,2021,1,113.212,eurostat,
2021-01-01,SK,total,2021,1,730.137,eurostat,
2021-02-01,AT,total,2021,2,1024.985,eurostat,
2021-02-01,BE,total,2021,2,2035.1,eurostat,
2021-02-01,BG,total,2021,2,347.362,eurostat,
2021-02-01,CY,total,2021,2,0.0,eurostat,
2021-02-01,CZ,total,2021,2,1172.943,eurostat,
2021-02-01,DE,total,2021,2,11238.43,eurostat,
2021-02-01,DK,total,2021,2,375.45,eurostat,
2021-02-01,EE,total,2021,2,70.6,eurostat,
2021-02-01,ES,total,2021,2,2576.536,eurostat,
2021-02-01,EU27_2020,total,2021,2,44752.25,eurostat,
2021-02-01,FI,total,2021,2,359.9,eurostat,
2021-02-01,FR,total,2021,2,4649.302,eurostat,
2021-02-01,GR,total,2021,2,448.668,eurostat,
2021-02-01,HR,total,2021,2,295.0,eurostat,
2021-02-01,HU,total,2021,2,1330.476,eurostat,
2021-02-01,IE,total,2021,2,439.708,eurostat,
2021-02-01,IT,total,2021,2,7677.5,eurostat,
2021-02-01,LT,total,2021,2,273.0,eurostat,
2021-02-01,LU,total,2021,2,83.134,eurostat,
2021-02-01,LV,total,2021,2,178.833,eurostat,
2021-02-01,MT,total,2021,2,27.039,eurostat,
2021-02-01,NL,total,2021,2,4877.077,eurostat,
2021-02-01,PL,total,2021,2,2513.831,eurostat,
2021-02-01,PT,total,2021,2,386.643,eurostat,
2021-02-01,RO,total,2021,2,1458.0,eurostat,
2021-02-01,SE,total,2021,2,155.0,eurostat,
2021-02-01,SI,total,2021,2,97.559,eurostat,
2021-02-01,SK,total,2021,2,660.174,eurostat,
2021-03-01,AT,total,2021,3,1005.607,eurostat,
2021-03-01,BE,total,2021,3,1959.8,eurostat,
2021-03-01,BG,total,2021,3,377.433,eurostat,
2021-03-01,CY,total,2021,3,0.0,eurostat,
2021-03-01,CZ,total,2021,3,1092.541,eurostat,
2021-03-01,DE,total,2021,3,10149.76,eurostat,
2021-03-01,DK,total,2021,3,312.603,eurostat,
2021-03-01,EE,total,2021,3,52.6,eurostat,
2021-03-01,ES,total,2021,3,2848.078,eurostat,
2021-03-01,EU27_2020,total,2021,3,43129.75,eurostat,
2021-03-01,FI,total,2021,3,267.9,eurostat,
2021-03-01,FR,total,2021,3,4547.173,eurostat,
2021-03-01,GR,total,2021,3,540.101,eurostat,
2021-03-01,HR,total,2021,3,321.6,eurostat,
2021-03-01,HU,total,2021,3,1231.594,eurostat,
2021-03-01,IE,total,2021,3,500.179,eurostat,
2021-03-01,IT,total,2021,3,7638.0,eurostat,
2021-03-01,LT,total,2021,3,226.9,eurostat,
2021-03-01,LU,total,2021,3,81.899,eurostat,
2021-03-01,LV,total,2021,3,136.977,eurostat,
2021-03-01,MT,total,2021,3,29.024,eurostat,
2021-03-01,NL,total,2021,3,4657.76,eurostat,
2021-03-01,PL,total,2021,3,2395.204,eurostat,
2021-03-01,PT,total,2021,3,435.485,eurostat,
2021-03-01,RO,total,2021,3,1472.0,eurostat,
2021-03-01,SE,total,2021,3,116.0,eurostat,
2021-03-01,SI,total,2021,3,99.389,eurostat,
2021-03-01,SK,total,2021,3,634.143,eurostat,
2021-04-01,AT,total,2021,4,828.029,eurostat,
2021-04-01,BE,total,2021,4,1733.3,eurostat,
2021-04-01,BG,total,2021,4,294.204,eurostat,
2021-04-01,CY,total,2021,4,0.0,eurostat,
2021-04-01,CZ,total,2021,4,881.416,eurostat,
2021-04-01,DE,total,2021,4,8456.133,eurostat,
2021-04-01,DK,total,2021,4,253.029,eurostat,
2021-04-01,EE,total,2021,4,39.2,eurostat,
2021-04-01,ES,total,2021,4,2730.148,eurostat,
2021-04-01,EU27_2020,total,2021,4,35910.314,eurostat,
2021-04-01,FI,total,2021,4,227.9,eurostat,
2021-04-01,FR,total,2021,4,3544.711,eurostat,
2021-04-01,GR,total,2021,4,551.048,eurostat,
2021-04-01,HR,total,2021,4,270.6,eurostat,
2021-04-01,HU,total,2021,4,953.549,eurostat,
2021-04-01,IE,total,2021,4,462.687,eurostat,
2021-04-01,IT,total,2021,4,6161.0,eurostat,
2021-04-01,LT,total,2021,4,216.3,eurostat,
2021-04-01,LU,total,2021,4,68.398,eurostat,
2021-04-01,LV,total,2021,4,79.661,eurostat,
2021-04-01,MT,total,2021,4,32.75,eurostat,
2021-04-01,NL,total,2021,4,3857.954,eurostat,
2021-04-01,PL,total,2021,4,2020.853,eurostat,
2021-04-01,PT,total,2021,4,521.285,eurostat,
2021-04-01,RO,total,2021,4,1039.0,eurostat,
2021-04-01,SE,total,2021,4,100.0,eurostat,
2021-04-01,SI,total,2021,4,86.458,eurostat,
2021-04-01,SK,total,2021,4,500.701,eurostat,
2021-05-01,AT,total,2021,5,568.365,eurostat,
2021-05-01,BE,total,2021,5,1285.0,eurostat,
2021-05-01,BG,total,2021,5,234.655,eurostat,
2021-05-01,CY,total,2021,5,0.0,eurostat,
2021-05-01,CZ,total,2021,5,590.599,eurostat,
2021-05-01,DE,total,2021,5,6311.638,eurostat,
2021-05-01,DK,total,2021,5,213.097,eurostat,
2021-05-01,EE,total,2021,5,25.7,eurostat,
2021-05-01,ES,total,2021,5,2402.509,eurostat,
2021-05-01,EU27_2020,total,2021,5,26715.104,eurostat,
2021-05-01,FI,total,2021,5,101.9,eurostat,
2021-05-01,FR,total,2021,5,2561.115,eurostat,
2021-05-01,GR,total,2021,5,403.431,eurostat,
2021-05-01,HR,total,2021,5,182.3,eurostat,
2021-05-01,HU,total,2021,5,634.348,eurostat,
2021-05-01,IE,total,2021,5,391.53,eurostat,
2021-05-01,IT,total,2021,5,4215.0,eurostat,
2021-05-01,LT,total,2021,5,204.0,eurostat,
2021-05-01,LU,total,2021,5,57.59,eurostat,
2021-05-01,LV,total,2021,5,45.803,eurostat,
2021-05-01,MT,total,2021,5,32.04,eurostat,
2021-05-01,NL,total,2021,5,3142.31,eurostat,
2021-05-01,PL,total,2021,5,1593.402,eurostat,
2021-05-01,PT,total,2021,5,439.409,eurostat,
2021-05-01,RO,total,2021,5,616.0,eurostat,
2021-05-01,SE,total,2021,5,63.6,eurostat,
2021-05-01,SI,total,2021,5,66.908,eurostat,
2021-05-01,SK,total,2021,5,332.855,eurostat,
2021-06-01,AT,total,2021,6,397.566,eurostat,
2021-06-01,BE,total,2021,6,953.5,eurostat,
2021-06-01,BG,total,2021,6,230.255,eurostat,
2021-06-01,CY,total,2021,6,0.0,eurostat,
2021-06-01,CZ,total,2021,6,415.464,eurostat,
2021-06-01,DE,total,2021,6,4273.432,eurostat,
2021-06-01,DK,total,2021,6,151.354,eurostat,
2021-06-01,EE,total,2021,6,16.8,eurostat,
2021-06-01,ES,total,2021,6,2440.036,eurostat,
2021-06-01,EU27_2020,total,2021,6,21938.172,eurostat,
2021-06-01,FI,total,2021,6,119.895,eurostat,
2021-06-01,FR,total,2021,6,1655.453,eurostat,
2021-06-01,GR,total,2021,6,536.599,eurostat,
2021-06-01,HR,total,2021,6,131.3,eurostat,
2021-06-01,HU,total,2021,6,426.477,eurostat,
2021-06-01,IE,total,2021,6,371.718,eurostat,
2021-06-01,IT,total,2021,6,4317.0,eurostat,
2021-06-01,LT,total,2021,6,152.3,eurostat,
2021-06-01,LU,total,2021,6,36.079,eurostat,
2021-06-01,LV,total,2021,6,42.409,eurostat,
2021-06-01,MT,total,2021,6,36.842,eurostat,
2021-06-01,NL,total,2021,6,2432.989,eurostat,
2021-06-01,PL,total,2021,6,1332.069,eurostat,
2021-06-01,PT,total,2021,6,534.458,eurostat,
2021-06-01,RO,total,2021,6,526.0,eurostat,
2021-06-01,SE,total,2021,6,103.7,eurostat,
2021-06-01,SI,total,2021,6,53.66,eurostat,
2021-06-01,SK,total,2021,6,250.817,eurostat,
2021-07-01,AT,total,2021,7,395.884,eurostat,
2021-07-01,BE,total,2021,7,903.2,eurostat,
2021-07-01,BG,total,2021,7,258.789,eurostat,
2021-07-01,CY,total,2021,7,0.0,eurostat,
2021-07-01,CZ,total,2021,7,393.52,eurostat,
2021-07-01,DE,total,2021,7,3741.781,eurostat,
2021-07-01,DK,total,2021,7,132.596,eurostat,
2021-07-01,EE,total,2021,7,15.2,eurostat,
2021-07-01,ES,total,2021,7,2471.415,eurostat,
2021-07-01,EU27_2020,total,2021,7,21534.941,eurostat,
2021-07-01,FI,total,2021,7,152.895,eurostat,
2021-07-01,FR,total,2021,7,1573.423,eurostat,
2021-07-01,GR,total,2021,7,615.467,eurostat,
2021-07-01,HR,total,2021,7,179.7,eurostat,
2021-07-01,HU,total,2021,7,445.309,eurostat,
2021-07-01,IE,total,2021,7,390.76,eurostat,
2021-07-01,IT,total,2021,7,4571.0,eurostat,
2021-07-01,LT,total,2021,7,140.6,eurostat,
2021-07-01,LU,total,2021,7,36.373,eurostat,
2021-07-01,LV,total,2021,7,53.969,eurostat,
2021-07-01,MT,total,2021,7,42.727,eurostat,
2021-07-01,NL,total,2021,7,2268.674,eurostat,
2021-07-01,PL,total,2021,7,1404.706,eurostat,
2021-07-01,PT,total,2021,7,479.506,eurostat,
2021-07-01,RO,total,2021,7,513.0,eurostat,
2021-07-01,SE,total,2021,7,64.0,eurostat,
2021-07-01,SI,total,2021,7,48.472,eurostat,
2021-07-01,SK,total,2021,7,241.975,eurostat,
2021-08-01,AT,total,2021,8,394.475,eurostat,
2021-08-01,BE,total,2021,8,906.3,eurostat,
2021-08-01,BG,total,2021,8,195.625,eurostat,
2021-08-01,CY,total,2021,8,0.0,eurostat,
2021-08-01,CZ,total,2021,8,373.607,eurostat,
2021-08-01,DE,total,2021,8,3596.963,eurostat,
2021-08-01,DK,total,2021,8,154.906,eurostat,
2021-08-01,EE,total,2021,8,20.2,eurostat,
2021-08-01,ES,total,2021,8,2425.265,eurostat,
2021-08-01,EU27_2020,total,2021,8,19934.653,eurostat,
2021-08-01,FI,total,2021,8,142.895,eurostat,
2021-08-01,FR,total,2021,8,1364.665,eurostat,
2021-08-01,GR,total,2021,8,583.117,eurostat,
2021-08-01,HR,total,2021,8,177.5,eurostat,
2021-08-01,HU,total,2021,8,442.221,eurostat,
2021-08-01,IE,total,2021,8,400.507,eurostat,
2021-08-01,IT,total,2021,8,3881.0,eurostat,
2021-08-01,LT,total,2021,8,109.0,eurostat,
2021-08-01,LU,total,2021,8,33.082,eurostat,
2021-08-01,LV,total,2021,8,29.707,eurostat,
2021-08-01,MT,total,2021,8,41.756,eurostat,
2021-08-01,NL,total,2021,8,1939.127,eurostat,
2021-08-01,PL,total,2021,8,1402.0,eurostat,
2021-08-01,PT,total,2021,8,449.359,eurostat,
2021-08-01,RO,total,2021,8,508.0,eurostat,
2021-08-01,SE,total,2021,8,80.715,eurostat,
2021-08-01,SI,total,2021,8,47.78,eurostat,
2021-08-01,SK,total,2021,8,234.881,eurostat,
2021-09-01,AT,total,2021,9,463.227,eurostat,
2021-09-01,BE,total,2021,9,924.8,eurostat,
2021-09-01,BG,total,2021,9,205.652,eurostat,
2021-09-01,CY,total,2021,9,0.0,eurostat,
2021-09-01,CZ,total,2021,9,438.45,eurostat,
2021-09-01,DE,total,2021,9,4193.666,eurostat,
2021-09-01,DK,total,2021,9,161.916,eurostat,
2021-09-01,EE,total,2021,9,25.6,eurostat,
2021-09-01,ES,total,2021,9,2686.329,eurostat,
2021-09-01,EU27_2020,total,2021,9,22904.625,eurostat,
2021-09-01,FI,total,2021,9,174.895,eurostat,
2021-09-01,FR,total,2021,9,1717.031,eurostat,
2021-09-01,GR,total,2021,9,520.749,eurostat,
2021-09-01,HR,total,2021,9,173.9,eurostat,
2021-09-01,HU,total,2021,9,472.863,eurostat,
2021-09-01,IE,total,2021,9,383.741,eurostat,
2021-09-01,IT,total,2021,9,4914.0,eurostat,
2021-09-01,LT,total,2021,9,117.3,eurostat,
2021-09-01,LU,total,2021,9,39.366,eurostat,
2021-09-01,LV,total,2021,9,69.486,eurostat,
2021-09-01,MT,total,2021,9,29.807,eurostat,
2021-09-01,NL,total,2021,9,2251.588,eurostat,
2021-09-01,PL,total,2021,9,1432.164,eurostat,
2021-09-01,PT,total,2021,9,523.579,eurostat,
2021-09-01,RO,total,2021,9,579.0,eurostat,
2021-09-01,SE,total,2021,9,73.245,eurostat,
2021-09-01,SI,total,2021,9,52.308,eurostat,
2021-09-01,SK,total,2021,9,279.963,eurostat,
2021-10-01,AT,total,2021,10,771.613,eurostat,
2021-10-01,BE,total,2021,10,1278.0,eurostat,
2021-10-01,BG,total,2021,10,238.12,eurostat,
2021-10-01,CY,total,2021,10,0.0,eurostat,
2021-10-01,CZ,total,2021,10,704.553,eurostat,
2021-10-01,DE,total,2021,10,6774.846,eurostat,
2021-10-01,DK,total,2021,10,207.803,eurostat,
2021-10-01,EE,total,2021,10,30.6,eurostat,
2021-10-01,ES,total,2021,10,2711.1,eurostat,
2021-10-01,EU27_2020,total,2021,10,30375.608,eurostat,
2021-10-01,FI,total,2021,10,146.895,eurostat,
2021-10-01,FR,total,2021,10,2888.06,eurostat,
2021-10-01,GR,total,2021,10,493.345,eurostat,
2021-10-01,HR,total,2021,10,238.6,eurostat,
2021-10-01,HU,total,2021,10,948.266,eurostat,
2021-10-01,IE,total,2021,10,392.314,eurostat,
2021-10-01,IT,total,2021,10,5566.0,eurostat,
2021-10-01,LT,total,2021,10,162.5,eurostat,
2021-10-01,LU,total,2021,10,60.871,eurostat,
2021-10-01,LV,total,2021,10,75.941,eurostat,
2021-10-01,MT,total,2021,10,28.47,eurostat,
2021-10-01,NL,total,2021,10,2726.305,eurostat,
2021-10-01,PL,total,2021,10,1862.632,eurostat,
2021-10-01,PT,total,2021,10,504.971,eurostat,
2021-10-01,RO,total,2021,10,956.0,eurostat,
2021-10-01,SE,total,2021,10,90.168,eurostat,
2021-10-01,SI,total,2021,10,79.453,eurostat,
2021-10-01,SK,total,2021,10,438.182,eurostat,
2021-11-01,AT,total,2021,11,1074.348,eurostat,
2021-11-01,BE,total,2021,11,1894.9,eurostat,
2021-11-01,BG,total,2021,11,283.437,eurostat,
2021-11-01,CY,total,2021,11,0.0,eurostat,
2021-11-01,CZ,total,2021,11,987.937,eurostat,
2021-11-01,DE,total,2021,11,10146.488,eurostat,
2021-11-01,DK,total,2021,11,262.515,eurostat,
2021-11-01,EE,total,2021,11,43.5,eurostat,
2021-11-01,ES,total,2021,11,3474.288,eurostat,
2021-11-01,EU27_2020,total,2021,11,42197.037,eurostat,
2021-11-01,FI,total,2021,11,110.895,eurostat,
2021-11-01,FR,total,2021,11,4908.4,eurostat,
2021-11-01,GR,total,2021,11,512.628,eurostat,
2021-11-01,HR,total,2021,11,314.4,eurostat,
2021-11-01,HU,total,2021,11,1252.49,eurostat,
2021-11-01,IE,total,2021,11,460.122,eurostat,
2021-11-01,IT,total,2021,11,7633.0,eurostat,
2021-11-01,LT,total,2021,11,159.6,eurostat,
2021-11-01,LU,total,2021,11,80.727,eurostat,
2021-11-01,LV,total,2021,11,110.108,eurostat,
2021-11-01,MT,total,2021,11,25.029,eurostat,
2021-11-01,NL,total,2021,11,3870.735,eurostat,
2021-11-01,PL,total,2021,11,2102.838,eurostat,
2021-11-01,PT,total,2021,11,510.773,eurostat,
2021-11-01,RO,total,2021,11,1209.0,eurostat,
2021-11-01,SE,total,2021,11,102.823,eurostat,
2021-11-01,SI,total,2021,11,94.853,eurostat,
2021-11-01,SK,total,2021,11,571.203,eurostat,
2021-12-01,AT,total,2021,12,1169.719,eurostat,
2021-12-01,BE,total,2021,12,2010.1,eurostat,
2021-12-01,BG,total,2021,12,368.079,eurostat,
2021-12-01,CY,total,2021,12,0.0,eurostat,
2021-12-01,CZ,total,2021,12,1128.916,eurostat,
2021-12-01,DE,total,2021,12,11612.877,eurostat,
2021-12-01,DK,total,2021,12,339.59,eurostat,
2021-12-01,EE,total,2021,12,72.4,eurostat,
2021-12-01,ES,total,2021,12,3393.886,eurostat,
2021-12-01,EU27_2020,total,2021,12,48909.345,eurostat,
2021-12-01,FI,total,2021,12,254.895,eurostat,
2021-12-01,FR,total,2021,12,5388.731,eurostat,
2021-12-01,GR,total,2021,12,602.267,eurostat,
2021-12-01,HR,total,2021,12,327.8,eurostat,
2021-12-01,HU,total,2021,12,1551.927,eurostat,
2021-12-01,IE,total,2021,12,467.911,eurostat,
2021-12-01,IT,total,2021,12,9711.0,eurostat,
2021-12-01,LT,total,2021,12,233.9,eurostat,
2021-12-01,LU,total,2021,12,82.631,eurostat,
2021-12-01,LV,total,2021,12,180.941,eurostat,
2021-12-01,MT,total,2021,12,25.865,eurostat,
2021-12-01,NL,total,2021,12,4438.67,eurostat,
2021-12-01,PL,total,2021,12,2625.271,eurostat,
2021-12-01,PT,total,2021,12,449.873,eurostat,
2021-12-01,RO,total,2021,12,1543.0,eurostat,
2021-12-01,SE,total,2021,12,114.943,eurostat,
2021-12-01,SI,total,2021,12,111.515,eurostat,
2021-12-01,SK,total,2021,12,702.638,eurostat,
2022-01-01,AT,total,2022,1,1158.614,eurostat,
2022-01-01,BE,total,2022,1,2191.7,eurostat,
2022-01-01,BG,total,2022,1,387.006,eurostat,
2022-01-01,CY,total,2022,1,0.0,eurostat,
2022-01-01,CZ,total,2022,1,1123.429,eurostat,
2022-01-01,DE,total,2022,1,12107.641,eurostat,
2022-01-01,DK,total,2022,1,300.081,eurostat,
2022-01-01,EE,total,2022,1,60.4,eurostat,
2022-01-01,ES,total,2022,1,3613.996,eurostat,
2022-01-01,EU27_2020,total,2022,1,50201.833,eurostat,
2022-01-01,FI,total,2022,1,178.895,eurostat,
2022-01-01,FR,total,2022,1,5895.421,eurostat,
2022-01-01,GR,total,2022,1,573.863,eurostat,
2022-01-01,HR,total,2022,1,375.5,eurostat,
2022-01-01,HU,total,2022,1,1606.124,eurostat,
2022-01-01,IE,total,2022,1,518.258,eurostat,
2022-01-01,IT,total,2022,1,9733.0,eurostat,
2022-01-01,LT,total,2022,1,197.8,eurostat,
2022-01-01,LU,total,2022,1,94.578,eurostat,
2022-01-01,LV,total,2022,1,138.237,eurostat,
2022-01-01,MT,total,2022,1,28.881,eurostat,
2022-01-01,NL,total,2022,1,4494.695,eurostat,
2022-01-01,PL,total,2022,1,2390.306,eurostat,
2022-01-01,PT,total,2022,1,518.778,eurostat,
2022-01-01,RO,total,2022,1,1591.0,eurostat,
2022-01-01,SE,total,2022,1,102.173,eurostat,
2022-01-01,SI,total,2022,1,116.42,eurostat,
2022-01-01,SK,total,2022,1,705.037,eurostat,
2022-02-01,AT,total,2022,2,976.866,eurostat,
2022-02-01,BE,total,2022,2,1686.4,eurostat,
2022-02-01,BG,total,2022,2,317.77,eurostat,
2022-02-01,CY,total,2022,2,0.0,eurostat,
2022-02-01,CZ,total,2022,2,1123.429,eurostat,
2022-02-01,DE,total,2022,2,9883.82,eurostat,
2022-02-01,DK,total,2022,2,259.3,eurostat,
2022-02-01,EE,total,2022,2,49.8,eurostat,
2022-02-01,ES,total,2022,2,3108.162,eurostat,
2022-02-01,EU27_2020,total,2022,2,40504.224,eurostat,
2022-02-01,FI,total,2022,2,149.895,eurostat,
2022-02-01,FR,total,2022,2,4375.41,eurostat,
2022-02-01,GR,total,2022,2,496.065,eurostat,
2022-02-01,HR,total,2022,2,300.1,eurostat,
2022-02-01,HU,total,2022,2,1240.082,eurostat,
2022-02-01,IE,total,2022,2,402.523,eurostat,
2022-02-01,IT,total,2022,2,7672.0,eurostat,
2022-02-01,LT,total,2022,2,157.2,eurostat,
2022-02-01,LU,total,2022,2,75.357,eurostat,
2022-02-01,LV,total,2022,2,103.631,eurostat,
2022-02-01,MT,total,2022,2,26.451,eurostat,
2022-02-01,NL,total,2022,2,3603.509,eurostat,
2022-02-01,PL,total,2022,2,2070.959,eurostat,
2022-02-01,PT,total,2022,2,433.394,eurostat,
2022-02-01,RO,total,2022,2,1263.0,eurostat,
2022-02-01,SE,total,2022,2,81.744,eurostat,
2022-02-01,SI,total,2022,2,92.574,eurostat,
2022-02-01,SK,total,2022,2,554.783,eurostat,
2022-03-01,AT,total,2022,3,994.523,eurostat,
2022-03-01,BE,total,2022,3,1543.4,eurostat,
2022-03-01,BG,total,2022,3,350.257,eurostat,
2022-03-01,CY,total,2022,3,0.0,eurostat,
2022-03-01,CZ,total,2022,3,902.109,eurostat,
2022-03-01,DE,total,2022,3,9444.382,eurostat,
2022-03-01,DK,total,2022,3,265.736,eurostat,
2022-03-01,EE,total,2022,3,45.3,eurostat,
2022-03-01,ES,total,2022,3,3025.498,eurostat,
2022-03-01,EU27_2020,total,2022,3,39689.691,eurostat,
2022-03-01,FI,total,2022,3,162.335,eurostat,
2022-03-01,FR,total,2022,3,4097.12,eurostat,
2022-03-01,GR,total,2022,3,636.996,eurostat,
2022-03-01,HR,total,2022,3,268.3,eurostat,
2022-03-01,HU,total,2022,3,1212.987,eurostat,
2022-03-01,IE,total,2022,3,463.862,eurostat,
2022-03-01,IT,total,2022,3,7970.0,eurostat,
2022-03-01,LT,total,2022,3,197.9,eurostat,
2022-03-01,LU,total,2022,3,69.434,eurostat,
2022-03-01,LV,total,2022,3,93.463,eurostat,
2022-03-01,MT,total,2022,3,29.254,eurostat,
2022-03-01,NL,total,2022,3,3426.085,eurostat,
2022-03-01,PL,total,2022,3,2075.844,eurostat,
2022-03-01,PT,total,2022,3,468.95,eurostat,
2022-03-01,RO,total,2022,3,1247.0,eurostat,
2022-03-01,SE,total,2022,3,59.639,eurostat,
2022-03-01,SI,total,2022,3,95.77,eurostat,
2022-03-01,SK,total,2022,3,543.547,eurostat,
2022-04-01,AT,total,2022,4,707.085,eurostat,
2022-04-01,BE,total,2022,4,1256.6,eurostat,
2022-04-01,BG,total,2022,4,202.221,eurostat,
2022-04-01,CY,total,2022,4,0.0,eurostat,
2022-04-01,CZ,total,2022,4,687.827,eurostat,
2022-04-01,DE,total,2022,4,6966.618,eurostat,
2022-04-01,DK,total,2022,4,199.154,eurostat,
2022-04-01,EE,total,2022,4,31.1,eurostat,
2022-04-01,ES,total,2022,4,2374.658,eurostat,
2022-04-01,EU27_2020,total,2022,4,29271.615,eurostat,
2022-04-01,FI,total,2022,4,96.095,eurostat,
2022-04-01,FR,total,2022,4,3104.231,eurostat,
2022-04-01,GR,total,2022,4,296.18,eurostat,
2022-04-01,HR,total,2022,4,193.616,eurostat,
2022-04-01,HU,total,2022,4,847.955,eurostat,
2022-04-01,IE,total,2022,4,460.803,eurostat,
2022-04-01,IT,total,2022,4,5268.0,eurostat,
2022-04-01,LT,total,2022,4,152.1,eurostat,
2022-04-01,LU,total,2022,4,54.788,eurostat,
2022-04-01,LV,total,2022,4,61.101,eurostat,
2022-04-01,MT,total,2022,4,22.06,eurostat,
2022-04-01,NL,total,2022,4,2801.916,eurostat,
2022-04-01,PL,total,2022,4,1798.391,eurostat,
2022-04-01,PT,total,2022,4,415.498,eurostat,
2022-04-01,RO,total,2022,4,729.0,eurostat,
2022-04-01,SE,total,2022,4,55.012,eurostat,
2022-04-01,SI,total,2022,4,72.134,eurostat,
2022-04-01,SK,total,2022,4,417.472,eurostat,
2022-05-01,AT,total,2022,5,469.171,eurostat,
2022-05-01,BE,total,2022,5,993.3,eurostat,
2022-05-01,BG,total,2022,5,199.452,eurostat,
2022-05-01,CY,total,2022,5,0.0,eurostat,
2022-05-01,CZ,total,2022,5,394.307,eurostat,
2022-05-01,DE,total,2022,5,4325.02,eurostat,
2022-05-01,DK,total,2022,5,155.366,eurostat,
2022-05-01,EE,total,2022,5,21.4,eurostat,
2022-05-01,ES,total,2022,5,2310.52,eurostat,
2022-05-01,EU27_2020,total,2022,5,21604.011,eurostat,
2022-05-01,FI,total,2022,5,102.895,eurostat,
2022-05-01,FR,total,2022,5,1965.541,eurostat,
2022-05-01,GR,total,2022,5,341.81,eurostat,
2022-05-01,HR,total,2022,5,131.8,eurostat,
2022-05-01,HU,total,2022,5,432.788,eurostat,
2022-05-01,IE,total,2022,5,427.532,eurostat,
2022-05-01,IT,total,2022,5,4199.0,eurostat,
2022-05-01,LT,total,2022,5,141.3,eurostat,
2022-05-01,LU,total,2022,5,34.143,eurostat,
2022-05-01,LV,total,2022,5,31.573,eurostat,
2022-05-01,MT,total,2022,5,27.658,eurostat,
2022-05-01,NL,total,2022,5,2198.972,eurostat,
2022-05-01,PL,total,2022,5,1332.324,eurostat,
2022-05-01,PT,total,2022,5,453.593,eurostat,
2022-05-01,RO,total,2022,5,576.0,eurostat,
2022-05-01,SE,total,2022,5,50.222,eurostat,
2022-05-01,SI,total,2022,5,52.712,eurostat,
2022-05-01,SK,total,2022,5,235.612,eurostat,
2022-06-01,AT,total,2022,6,377.996,eurostat,
2022-06-01,BE,total,2022,6,906.1,eurostat,
2022-06-01,BG,total,2022,6,180.272,eurostat,
2022-06-01,CY,total,2022,6,0.0,eurostat,
2022-06-01,CZ,total,2022,6,339.706,eurostat,
2022-06-01,DE,total,2022,6,3491.114,eurostat,
2022-06-01,DK,total,2022,6,138.668,eurostat,
2022-06-01,EE,total,2022,6,14.8,eurostat,
2022-06-01,ES,total,2022,6,2620.431,eurostat,
2022-06-01,EU27_2020,total,2022,6,20045.344,eurostat,
2022-06-01,FI,total,2022,6,93.525,eurostat,
2022-06-01,FR,total,2022,6,1664.55,eurostat,
2022-06-01,GR,total,2022,6,425.52,eurostat,
2022-06-01,HR,total,2022,6,127.0,eurostat,
2022-06-01,HU,total,2022,6,383.785,eurostat,
2022-06-01,IE,total,2022,6,415.72,eurostat,
2022-06-01,IT,total,2022,6,4232.0,eurostat,
2022-06-01,LT,total,2022,6,145.3,eurostat,
2022-06-01,LU,total,2022,6,26.821,eurostat,
2022-06-01,LV,total,2022,6,19.099,eurostat,
2022-06-01,MT,total,2022,6,35.637,eurostat,
2022-06-01,NL,total,2022,6,2030.922,eurostat,
2022-06-01,PL,total,2022,6,1148.113,eurostat,
2022-06-01,PT,total,2022,6,460.922,eurostat,
2022-06-01,RO,total,2022,6,490.0,eurostat,
2022-06-01,SE,total,2022,6,37.205,eurostat,
2022-06-01,SI,total,2022,6,48.285,eurostat,
2022-06-01,SK,total,2022,6,191.853,eurostat,
2022-07-01,AT,total,2022,7,349.904,eurostat,
2022-07-01,BE,total,2022,7,892.0,eurostat,
2022-07-01,BG,total,2022,7,188.754,eurostat,
2022-07-01,CY,total,2022,7,0.0,eurostat,
2022-07-01,CZ,total,2022,7,308.607,eurostat,
2022-07-01,DE,total,2022,7,3679.419,eurostat,
2022-07-01,DK,total,2022,7,119.655,eurostat,
2022-07-01,EE,total,2022,7,11.3,eurostat,
2022-07-01,ES,total,2022,7,2773.083,eurostat,
2022-07-01,EU27_2020,total,2022,7,20422.202,eurostat,
2022-07-01,FI,total,2022,7,84.817,eurostat,
2022-07-01,FR,total,2022,7,1665.933,eurostat,
2022-07-01,GR,total,2022,7,531.106,eurostat,
2022-07-01,HR,total,2022,7,151.4,eurostat,
2022-07-01,HU,total,2022,7,397.974,eurostat,
2022-07-01,IE,total,2022,7,442.788,eurostat,
2022-07-01,IT,total,2022,7,4443.0,eurostat,
2022-07-01,LT,total,2022,7,95.3,eurostat,
2022-07-01,LU,total,2022,7,24.655,eurostat,
2022-07-01,LV,total,2022,7,19.119,eurostat,
2022-07-01,MT,total,2022,7,42.125,eurostat,
2022-07-01,NL,total,2022,7,1849.43,eurostat,
2022-07-01,PL,total,2022,7,1103.351,eurostat,
2022-07-01,PT,total,2022,7,501.005,eurostat,
2022-07-01,RO,total,2022,7,455.0,eurostat,
2022-07-01,SE,total,2022,7,52.581,eurostat,
2022-07-01,SI,total,2022,7,45.848,eurostat,
2022-07-01,SK,total,2022,7,194.048,eurostat,
2022-08-01,AT,total,2022,8,318.551,eurostat,
2022-08-01,BE,total,2022,8,945.8,eurostat,
2022-08-01,BG,total,2022,8,136.429,eurostat,
2022-08-01,CY,total,2022,8,0.0,eurostat,
2022-08-01,CZ,total,2022,8,308.331,eurostat,
2022-08-01,DE,total,2022,8,3017.858,eurostat,
2022-08-01,DK,total,2022,8,122.871,eurostat,
2022-08-01,EE,total,2022,8,12.6,eurostat,
2022-08-01,ES,total,2022,8,2528.133,eurostat,
2022-08-01,EU27_2020,total,2022,8,18328.087,eurostat,
2022-08-01,FI,total,2022,8,100.895,eurostat,
2022-08-01,FR,total,2022,8,1518.339,eurostat,
2022-08-01,GR,total,2022,8,485.549,eurostat,
2022-08-01,HR,total,2022,8,142.7,eurostat,
2022-08-01,HU,total,2022,8,345.375,eurostat,
2022-08-01,IE,total,2022,8,445.434,eurostat,
2022-08-01,IT,total,2022,8,3810.0,eurostat,
2022-08-01,LT,total,2022,8,55.1,eurostat,
2022-08-01,LU,total,2022,8,20.893,eurostat,
2022-08-01,LV,total,2022,8,40.963,eurostat,
2022-08-01,MT,total,2022,8,41.463,eurostat,
2022-08-01,NL,total,2022,8,1764.264,eurostat,
2022-08-01,PL,total,2022,8,988.722,eurostat,
2022-08-01,PT,total,2022,8,481.715,eurostat,
2022-08-01,RO,total,2022,8,435.0,eurostat,
2022-08-01,SE,total,2022,8,53.86,eurostat,
2022-08-01,SI,total,2022,8,41.859,eurostat,
2022-08-01,SK,total,2022,8,165.383,eurostat,
2022-09-01,AT,total,2022,9,470.221,eurostat,
2022-09-01,BE,total,2022,9,979.8,eurostat,
2022-09-01,BG,total,2022,9,139.42,eurostat,
2022-09-01,CY,total,2022,9,0.0,eurostat,
2022-09-01,CZ,total,2022,9,391.333,eurostat,
2022-09-01,DE,total,2022,9,4260.761,eurostat,
2022-09-01,DK,total,2022,9,132.49,eurostat,
2022-09-01,EE,total,2022,9,15.6,eurostat,
2022-09-01,ES,total,2022,9,2526.58,eurostat,
2022-09-01,EU27_2020,total,2022,9,20533.58,eurostat,
2022-09-01,FI,total,2022,9,73.817,eurostat,
2022-09-01,FR,total,2022,9,1915.682,eurostat,
2022-09-01,GR,total,2022,9,322.382,eurostat,
2022-09-01,HR,total,2022,9,137.5,eurostat,
2022-09-01,HU,total,2022,9,428.805,eurostat,
2022-09-01,IE,total,2022,9,396.515,eurostat,
2022-09-01,IT,total,2022,9,4034.0,eurostat,
2022-09-01,LT,total,2022,9,90.3,eurostat,
2022-09-01,LU,total,2022,9,31.336,eurostat,
2022-09-01,LV,total,2022,9,37.05,eurostat,
2022-09-01,MT,total,2022,9,33.683,eurostat,
2022-09-01,NL,total,2022,9,1835.936,eurostat,
2022-09-01,PL,total,2022,9,1049.966,eurostat,
2022-09-01,PT,total,2022,9,457.85,eurostat,
2022-09-01,RO,total,2022,9,493.0,eurostat,
2022-09-01,SE,total,2022,9,42.96,eurostat,
2022-09-01,SI,total,2022,9,48.379,eurostat,
2022-09-01,SK,total,2022,9,188.214,eurostat,
2022-10-01,AT,total,2022,10,556.726,eurostat,
2022-10-01,BE,total,2022,10,1137.8,eurostat,
2022-10-01,BG,total,2022,10,141.856,eurostat,
2022-10-01,CY,total,2022,10,0.0,eurostat,
2022-10-01,CZ,total,2022,10,526.65,eurostat,
2022-10-01,DE,total,2022,10,5039.309,eurostat,
2022-10-01,DK,total,2022,10,158.716,eurostat,
2022-10-01,EE,total,2022,10,18.5,eurostat,
2022-10-01,ES,total,2022,10,2532.022,eurostat,
2022-10-01,EU27_2020,total,2022,10,23323.187,eurostat,
2022-10-01,FI,total,2022,10,69.242,eurostat,
2022-10-01,FR,total,2022,10,2279.372,eurostat,
2022-10-01,GR,total,2022,10,243.618,eurostat,
2022-10-01,HR,total,2022,10,203.35,eurostat,
2022-10-01,HU,total,2022,10,545.067,eurostat,
2022-10-01,IE,total,2022,10,380.036,eurostat,
2022-10-01,IT,total,2022,10,4235.0,eurostat,
2022-10-01,LT,total,2022,10,91.5,eurostat,
2022-10-01,LU,total,2022,10,38.728,eurostat,
2022-10-01,LV,total,2022,10,28.512,eurostat,
2022-10-01,MT,total,2022,10,26.92,eurostat,
2022-10-01,NL,total,2022,10,2220.991,eurostat,
2022-10-01,PL,total,2022,10,1356.637,eurostat,
2022-10-01,PT,total,2022,10,449.75,eurostat,
2022-10-01,RO,total,2022,10,637.0,eurostat,
2022-10-01,SE,total,2022,10,54.708,eurostat,
2022-10-01,SI,total,2022,10,55.872,eurostat,
2022-10-01,SK,total,2022,10,295.305,eurostat,
2022-11-01,AT,total,2022,11,804.768,eurostat,
2022-11-01,BE,total,2022,11,1336.2,eurostat,
2022-11-01,BG,total,2022,11,222.01,eurostat,
2022-11-01,CY,total,2022,11,0.0,eurostat,
2022-11-01,CZ,total,2022,11,761.356,eurostat,
2022-11-01,DE,total,2022,11,7100.69,eurostat,
2022-11-01,DK,total,2022,11,195.077,eurostat,
2022-11-01,EE,total,2022,11,29.8,eurostat,
2022-11-01,ES,total,2022,11,2455.038,eurostat,
2022-11-01,EU27_2020,total,2022,11,30985.768,eurostat,
2022-11-01,FI,total,2022,11,78.895,eurostat,
2022-11-01,FR,total,2022,11,3538.257,eurostat,
2022-11-01,GR,total,2022,11,355.717,eurostat,
2022-11-01,HR,total,2022,11,234.9,eurostat,
2022-11-01,HU,total,2022,11,914.681,eurostat,
2022-11-01,IE,total,2022,11,415.088,eurostat,
2022-11-01,IT,total,2022,11,5578.0,eurostat,
2022-11-01,LT,total,2022,11,111.5,eurostat,
2022-11-01,LU,total,2022,11,52.876,eurostat,
2022-11-01,LV,total,2022,11,101.631,eurostat,
2022-11-01,MT,total,2022,11,35.413,eurostat,
2022-11-01,NL,total,2022,11,2749.837,eurostat,
2022-11-01,PL,total,2022,11,1895.289,eurostat,
2022-11-01,PT,total,2022,11,474.722,eurostat,
2022-11-01,RO,total,2022,11,965.0,eurostat,
2022-11-01,SE,total,2022,11,53.54,eurostat,
2022-11-01,SI,total,2022,11,78.962,eurostat,
2022-11-01,SK,total,2022,11,446.521,eurostat,
2022-12-01,AT,total,2022,12,965.238,eurostat,
2022-12-01,BE,total,2022,12,1868.2,eurostat,
2022-12-01,BG,total,2022,12,280.17,eurostat,
2022-12-01,CY,total,2022,12,0.0,eurostat,
2022-12-01,CZ,total,2022,12,973.033,eurostat,
2022-12-01,DE,total,2022,12,9942.489,eurostat,
2022-12-01,DK,total,2022,12,281.755,eurostat,
2022-12-01,EE,total,2022,12,42.8,eurostat,
2022-12-01,ES,total,2022,12,2441.447,eurostat,
2022-12-01,EU27_2020,total,2022,12,40776.243,eurostat,
2022-12-01,FI,total,2022,12,89.095,eurostat,
2022-12-01,FR,total,2022,12,4944.227,eurostat,
2022-12-01,GR,total,2022,12,463.528,eurostat,
2022-12-01,HR,total,2022,12,254.2,eurostat,
2022-12-01,HU,total,2022,12,1182.236,eurostat,
2022-12-01,IE,total,2022,12,519.09,eurostat,
2022-12-01,IT,total,2022,12,7372.0,eurostat,
2022-12-01,LT,total,2022,12,214.0,eurostat,
2022-12-01,LU,total,2022,12,69.671,eurostat,
2022-12-01,LV,total,2022,12,151.658,eurostat,
2022-12-01,MT,total,2022,12,34.637,eurostat,
2022-12-01,NL,total,2022,12,4017.465,eurostat,
2022-12-01,PL,total,2022,12,2229.949,eurostat,
2022-12-01,PT,total,2022,12,377.06,eurostat,
2022-12-01,RO,total,2022,12,1309.0,eurostat,
2022-12-01,SE,total,2022,12,81.701,eurostat,
2022-12-01,SI,total,2022,12,90.8,eurostat,
2022-12-01,SK,total,2022,12,580.794,eurostat,
2023-01-01,AT,total,2023,1,925.725,eurostat,
2023-01-01,BE,total,2023,1,1824.0,eurostat,
2023-01-01,BG,total,2023,1,259.96,eurostat,
2023-01-01,CY,total,2023,1,0.0,eurostat,
2023-01-01,CZ,total,2023,1,894.424,eurostat,
2023-01-01,DE,total,2023,1,11338.309,eurostat,
2023-01-01,DK,total,2023,1,257.569,eurostat,
2023-01-01,EE,total,2023,1,38.7,eurostat,
2023-01-01,ES,total,2023,1,2613.865,eurostat,
2023-01-01,EU27_2020,total,2023,1,41382.121,eurostat,
2023-01-01,FI,total,2023,1,131.032,eurostat,
2023-01-01,FR,total,2023,1,4836.159,eurostat,
2023-01-01,GR,total,2023,1,370.094,eurostat,
2023-01-01,HR,total,2023,1,268.9,eurostat,
2023-01-01,HU,total,2023,1,1126.55,eurostat,
2023-01-01,IE,total,2023,1,479.883,eurostat,
2023-01-01,IT,total,2023,1,7524.0,eurostat,
2023-01-01,LT,total,2023,1,127.2,eurostat,
2023-01-01,LU,total,2023,1,72.042,eurostat,
2023-01-01,LV,total,2023,1,105.061,eurostat,
2023-01-01,MT,total,2023,1,36.04,eurostat,
2023-01-01,NL,total,2023,1,3573.294,eurostat,
2023-01-01,PL,total,2023,1,2215.622,eurostat,
2023-01-01,PT,total,2023,1,356.663,eurostat,
2023-01-01,RO,total,2023,1,1295.0,eurostat,
2023-01-01,SE,total,2023,1,77.437,eurostat,
2023-01-01,SI,total,2023,1,95.114,eurostat,
2023-01-01,SK,total,2023,1,539.479,eurostat,
2023-02-01,AT,total,2023,2,805.119,eurostat,
2023-02-01,BE,total,2023,2,1676.1,eurostat,
2023-02-01,BG,total,2023,2,257.579,eurostat,
2023-02-01,CY,total,2023,2,0.0,eurostat,
2023-02-01,CZ,total,2023,2,868.612,eurostat,
2023-02-01,DE,total,2023,2,8974.879,eurostat,
2023-02-01,DK,total,2023,2,235.779,eurostat,
2023-02-01,EE,total,2023,2,35.1,eurostat,
2023-02-01,ES,total,2023,2,2996.606,eurostat,
2023-02-01,EU27_2020,total,2023,2,37651.179,eurostat,
2023-02-01,FI,total,2023,2,144.892,eurostat,
2023-02-01,FR,total,2023,2,4369.696,eurostat,
2023-02-01,GR,total,2023,2,392.443,eurostat,
2023-02-01,HR,total,2023,2,266.9,eurostat,
2023-02-01,HU,total,2023,2,1091.989,eurostat,
2023-02-01,IE,total,2023,2,424.24,eurostat,
2023-02-01,IT,total,2023,2,7071.0,eurostat,
2023-02-01,LT,total,2023,2,99.2,eurostat,
2023-02-01,LU,total,2023,2,65.506,eurostat,
2023-02-01,LV,total,2023,2,113.465,eurostat,
2023-02-01,MT,total,2023,2,29.847,eurostat,
2023-02-01,NL,total,2023,2,3227.56,eurostat,
2023-02-01,PL,total,2023,2,2072.881,eurostat,
2023-02-01,PT,total,2023,2,440.176,eurostat,
2023-02-01,RO,total,2023,2,1300.0,eurostat,
2023-02-01,SE,total,2023,2,68.241,eurostat,
2023-02-01,SI,total,2023,2,87.964,eurostat,
2023-02-01,SK,total,2023,2,535.404,eurostat,
2023-03-01,AT,total,2023,3,691.863,eurostat,
2023-03-01,BE,total,2023,3,1665.7,eurostat,
2023-03-01,BG,total,2023,3,258.94,eurostat,
2023-03-01,CY,total,2023,3,0.0,eurostat,
2023-03-01,CZ,total,2023,3,776.98,eurostat,
2023-03-01,DE,total,2023,3,8442.917,eurostat,
2023-03-01,DK,total,2023,3,242.096,eurostat,
2023-03-01,EE,total,2023,3,37.0,eurostat,
2023-03-01,ES,total,2023,3,2580.768,eurostat,
2023-03-01,EU27_2020,total,2023,3,34199.981,eurostat,
2023-03-01,FI,total,2023,3,133.752,eurostat,
2023-03-01,FR,total,2023,3,3786.393,eurostat,
2023-03-01,GR,total,2023,3,367.193,eurostat,
2023-03-01,HR,total,2023,3,244.5,eurostat,
2023-03-01,HU,total,2023,3,907.711,eurostat,
2023-03-01,IE,total,2023,3,482.935,eurostat,
2023-03-01,IT,total,2023,3,5884.0,eurostat,
2023-03-01,LT,total,2023,3,157.5,eurostat,
2023-03-01,LU,total,2023,3,63.839,eurostat,
2023-03-01,LV,total,2023,3,95.611,eurostat,
2023-03-01,MT,total,2023,3,33.099,eurostat,
2023-03-01,NL,total,2023,3,3289.985,eurostat,
2023-03-01,PL,total,2023,3,2055.487,eurostat,
2023-03-01,PT,total,2023,3,363.688,eurostat,
2023-03-01,RO,total,2023,3,1004.0,eurostat,
2023-03-01,SE,total,2023,3,85.51,eurostat,
2023-03-01,SI,total,2023,3,78.418,eurostat,
2023-03-01,SK,total,2023,3,470.096,eurostat,
2023-04-01,AT,total,2023,4,610.554,eurostat,
2023-04-01,BE,total,2023,4,1286.2,eurostat,
2023-04-01,BG,total,2023,4,211.784,eurostat,
2023-04-01,CY,total,2023,4,0.0,eurostat,
2023-04-01,CZ,total,2023,4,611.052,eurostat,
2023-04-01,DE,total,2023,4,6463.027,eurostat,
2023-04-01,DK,total,2023,4,174.049,eurostat,
2023-04-01,EE,total,2023,4,23.7,eurostat,
2023-04-01,ES,total,2023,4,2160.114,eurostat,
2023-04-01,EU27_2020,total,2023,4,26673.49,eurostat,
2023-04-01,FI,total,2023,4,77.012,eurostat,
2023-04-01,FR,total,2023,4,2704.045,eurostat,
2023-04-01,GR,total,2023,4,353.316,eurostat,
2023-04-01,HR,total,2023,4,208.0,eurostat,
2023-04-01,HU,total,2023,4,718.394,eurostat,
2023-04-01,IE,total,2023,4,416.127,eurostat,
2023-04-01,IT,total,2023,4,4621.0,eurostat,
2023-04-01,LT,total,2023,4,122.5,eurostat,
2023-04-01,LU,total,2023,4,50.075,eurostat,
2023-04-01,LV,total,2023,4,39.419,eurostat,
2023-04-01,MT,total,2023,4,31.841,eurostat,
2023-04-01,NL,total,2023,4,2568.354,eurostat,
2023-04-01,PL,total,2023,4,1663.94,eurostat,
2023-04-01,PT,total,2023,4,310.58,eurostat,
2023-04-01,RO,total,2023,4,754.0,eurostat,
2023-04-01,SE,total,2023,4,48.795,eurostat,
2023-04-01,SI,total,2023,4,69.299,eurostat,
2023-04-01,SK,total,2023,4,376.312,eurostat,
2023-05-01,AT,total,2023,5,453.41,eurostat,
2023-05-01,BE,total,2023,5,915.0,eurostat,
2023-05-01,BG,total,2023,5,149.879,eurostat,
2023-05-01,CY,total,2023,5,0.0,eurostat,
2023-05-01,CZ,total,2023,5,370.748,eurostat,
2023-05-01,DE,total,2023,5,4445.945,eurostat,
2023-05-01,DK,total,2023,5,142.193,eurostat,
2023-05-01,EE,total,2023,5,16.3,eurostat,
2023-05-01,ES,total,2023,5,2186.879,eurostat,
2023-05-01,EU27_2020,total,2023,5,20304.658,eurostat,
2023-05-01,FI,total,2023,5,139.692,eurostat,
2023-05-01,FR,total,2023,5,1693.354,eurostat,
2023-05-01,GR,total,2023,5,291.495,eurostat,
2023-05-01,HR,total,2023,5,158.4,eurostat,
2023-05-01,HU,total,2023,5,457.4,eurostat,
2023-05-01,IE,total,2023,5,417.426,eurostat,
2023-05-01,IT,total,2023,5,3814.0,eurostat,
2023-05-01,LT,total,2023,5,107.3,eurostat,
2023-05-01,LU,total,2023,5,33.502,eurostat,
2023-05-01,LV,total,2023,5,21.123,eurostat,
2023-05-01,MT,total,2023,5,34.143,eurostat,
2023-05-01,NL,total,2023,5,1994.583,eurostat,
2023-05-01,PL,total,2023,5,1275.994,eurostat,
2023-05-01,PT,total,2023,5,342.016,eurostat,
2023-05-01,RO,total,2023,5,473.0,eurostat,
2023-05-01,SE,total,2023,5,52.959,eurostat,
2023-05-01,SI,total,2023,5,58.92,eurostat,
2023-05-01,SK,total,2023,5,258.996,eurostat,
2023-06-01,AT,total,2023,6,316.697,eurostat,
2023-06-01,BE,total,2023,6,839.4,eurostat,
2023-06-01,BG,total,2023,6,144.585,eurostat,
2023-06-01,CY,total,2023,6,0.0,eurostat,
2023-06-01,CZ,total,2023,6,322.127,eurostat,
2023-06-01,DE,total,2023,6,3357.473,eurostat,
2023-06-01,DK,total,2023,6,135.169,eurostat,
2023-06-01,EE,total,2023,6,12.5,eurostat,
2023-06-01,ES,total,2023,6,2337.152,eurostat,
2023-06-01,EU27_2020,total,2023,6,18276.64,eurostat,
2023-06-01,FI,total,2023,6,99.912,eurostat,
2023-06-01,FR,total,2023,6,1433.547,eurostat,
2023-06-01,GR,total,2023,6,390.917,eurostat,
2023-06-01,HR,total,2023,6,127.1,eurostat,
2023-06-01,HU,total,2023,6,381.118,eurostat,
2023-06-01,IE,total,2023,6,374.764,eurostat,
2023-06-01,IT,total,2023,6,3649.0,eurostat,
2023-06-01,LT,total,2023,6,102.0,eurostat,
2023-06-01,LU,total,2023,6,24.088,eurostat,
2023-06-01,LV,total,2023,6,33.655,eurostat,
2023-06-01,MT,total,2023,6,33.357,eurostat,
2023-06-01,NL,total,2023,6,1967.922,eurostat,
2023-06-01,PL,total,2023,6,1133.62,eurostat,
2023-06-01,PT,total,2023,6,399.213,eurostat,
2023-06-01,RO,total,2023,6,357.0,eurostat,
2023-06-01,SE,total,2023,6,52.066,eurostat,
2023-06-01,SI,total,2023,6,50.494,eurostat,
2023-06-01,SK,total,2023,6,201.764,eurostat,
2023-07-01,AT,total,2023,7,318.051,eurostat,
2023-07-01,BE,total,2023,7,779.9,eurostat,
2023-07-01,BG,total,2023,7,178.769,eurostat,
2023-07-01,CY,total,2023,7,0.0,eurostat,
2023-07-01,CZ,total,2023,7,289.395,eurostat,
2023-07-01,DE,total,2023,7,3329.633,eurostat,
2023-07-01,DK,total,2023,7,133.81,eurostat,
2023-07-01,EE,total,2023,7,11.0,eurostat,
2023-07-01,ES,total,2023,7,2324.092,eurostat,
2023-07-01,EU27_2020,total,2023,7,18783.752,eurostat,
2023-07-01,FI,total,2023,7,112.752,eurostat,
2023-07-01,FR,total,2023,7,1387.517,eurostat,
2023-07-01,GR,total,2023,7,481.531,eurostat,
2023-07-01,HR,total,2023,7,174.1,eurostat,
2023-07-01,HU,total,2023,7,390.267,eurostat,
2023-07-01,IE,total,2023,7,348.304,eurostat,
2023-07-01,IT,total,2023,7,4278.0,eurostat,
2023-07-01,LT,total,2023,7,98.5,eurostat,
2023-07-01,LU,total,2023,7,25.065,eurostat,
2023-07-01,LV,total,2023,7,19.901,eurostat,
2023-07-01,MT,total,2023,7,40.208,eurostat,
2023-07-01,NL,total,2023,7,1820.812,eurostat,
2023-07-01,PL,total,2023,7,1112.089,eurostat,
2023-07-01,PT,total,2023,7,425.564,eurostat,
2023-07-01,RO,total,2023,7,423.0,eurostat,
2023-07-01,SE,total,2023,7,47.96,eurostat,
2023-07-01,SI,total,2023,7,44.479,eurostat,
2023-07-01,SK,total,2023,7,189.053,eurostat,
2023-08-01,AT,total,2023,8,300.256,eurostat,
2023-08-01,BE,total,2023,8,823.4,eurostat,
2023-08-01,BG,total,2023,8,167.394,eurostat,
2023-08-01,CY,total,2023,8,0.0,eurostat,
2023-08-01,CZ,total,2023,8,289.769,eurostat,
2023-08-01,DE,total,2023,8,3342.161,eurostat,
2023-08-01,DK,total,2023,8,145.914,eurostat,
2023-08-01,EE,total,2023,8,13.4,eurostat,
2023-08-01,ES,total,2023,8,2239.51,eurostat,
2023-08-01,EU27_2020,total,2023,8,17920.236,eurostat,
2023-08-01,FI,total,2023,8,134.27,eurostat,
2023-08-01,FR,total,2023,8,1280.547,eurostat,
2023-08-01,GR,total,2023,8,418.995,eurostat,
2023-08-01,HR,total,2023,8,172.1,eurostat,
2023-08-01,HU,total,2023,8,356.838,eurostat,
2023-08-01,IE,total,2023,8,345.176,eurostat,
2023-08-01,IT,total,2023,8,3413.0,eurostat,
2023-08-01,LT,total,2023,8,111.4,eurostat,
2023-08-01,LU,total,2023,8,22.131,eurostat,
2023-08-01,LV,total,2023,8,37.575,eurostat,
2023-08-01,MT,total,2023,8,40.803,eurostat,
2023-08-01,NL,total,2023,8,2029.321,eurostat,
2023-08-01,PL,total,2023,8,1204.108,eurostat,
2023-08-01,PT,total,2023,8,375.507,eurostat,
2023-08-01,RO,total,2023,8,407.0,eurostat,
2023-08-01,SE,total,2023,8,50.942,eurostat,
2023-08-01,SI,total,2023,8,40.347,eurostat,
2023-08-01,SK,total,2023,8,158.372,eurostat,
2023-09-01,AT,total,2023,9,362.711,eurostat,
2023-09-01,BE,total,2023,9,836.3,eurostat,
2023-09-01,BG,total,2023,9,178.318,eurostat,
2023-09-01,CY,total,2023,9,0.0,eurostat,
2023-09-01,CZ,total,2023,9,310.241,eurostat,
2023-09-01,DE,total,2023,9,3601.035,eurostat,
2023-09-01,DK,total,2023,9,131.144,eurostat,
2023-09-01,EE,total,2023,9,12.6,eurostat,
2023-09-01,ES,total,2023,9,2335.928,eurostat,
2023-09-01,EU27_2020,total,2023,9,19332.473,eurostat,
2023-09-01,FI,total,2023,9,116.01,eurostat,
2023-09-01,FR,total,2023,9,1401.895,eurostat,
2023-09-01,GR,total,2023,9,407.046,eurostat,
2023-09-01,HR,total,2023,9,174.0,eurostat,
2023-09-01,HU,total,2023,9,382.487,eurostat,
2023-09-01,IE,total,2023,9,345.847,eurostat,
2023-09-01,IT,total,2023,9,4146.0,eurostat,
2023-09-01,LT,total,2023,9,124.7,eurostat,
2023-09-01,LU,total,2023,9,26.14,eurostat,
2023-09-01,LV,total,2023,9,46.116,eurostat,
2023-09-01,MT,total,2023,9,37.613,eurostat,
2023-09-01,NL,total,2023,9,2030.057,eurostat,
2023-09-01,PL,total,2023,9,1217.559,eurostat,
2023-09-01,PT,total,2023,9,405.99,eurostat,
2023-09-01,RO,total,2023,9,434.0,eurostat,
2023-09-01,SE,total,2023,9,64.313,eurostat,
2023-09-01,SI,total,2023,9,46.008,eurostat,
2023-09-01,SK,total,2023,9,158.415,eurostat,
2023-10-01,AT,total,2023,10,494.026,eurostat,
2023-10-01,BE,total,2023,10,1012.8,eurostat,
2023-10-01,BG,total,2023,10,191.492,eurostat,
2023-10-01,CY,total,2023,10,0.0,eurostat,
2023-10-01,CZ,total,2023,10,474.053,eurostat,
2023-10-01,DE,total,2023,10,5089.803,eurostat,
2023-10-01,DK,total,2023,10,186.332,eurostat,
2023-10-01,EE,total,2023,10,30.2,eurostat,
2023-10-01,ES,total,2023,10,2227.994,eurostat,
2023-10-01,EU27_2020,total,2023,10,23408.1,eurostat,
2023-10-01,FI,total,2023,10,297.9,eurostat,
2023-10-01,FR,total,2023,10,1974.158,eurostat,
2023-10-01,GR,total,2023,10,396.593,eurostat,
2023-10-01,HR,total,2023,10,208.2,eurostat,
2023-10-01,HU,total,2023,10,578.467,eurostat,
2023-10-01,IE,total,2023,10,391.22,eurostat,
2023-10-01,IT,total,2023,10,4335.0,eurostat,
2023-10-01,LT,total,2023,10,174.9,eurostat,
2023-10-01,LU,total,2023,10,40.663,eurostat,
2023-10-01,LV,total,2023,10,62.038,eurostat,
2023-10-01,MT,total,2023,10,31.965,eurostat,
2023-10-01,NL,total,2023,10,2251.836,eurostat,
2023-10-01,PL,total,2023,10,1594.445,eurostat,
2023-10-01,PT,total,2023,10,329.055,eurostat,
2023-10-01,RO,total,2023,10,623.0,eurostat,
2023-10-01,SE,total,2023,10,63.704,eurostat,
2023-10-01,SI,total,2023,10,58.497,eurostat,
2023-10-01,SK,total,2023,10,289.759,eurostat,
2023-11-01,AT,total,2023,11,764.46,eurostat,
2023-11-01,BE,total,2023,11,1475.5,eurostat,
2023-11-01,BG,total,2023,11,259.67,eurostat,
2023-11-01,CY,total,2023,11,0.0,eurostat,
2023-11-01,CZ,total,2023,11,737.412,eurostat,
2023-11-01,DE,total,2023,11,8277.881,eurostat,
2023-11-01,DK,total,2023,11,249.543,eurostat,
2023-11-01,EE,total,2023,11,37.1,eurostat,
2023-11-01,ES,total,2023,11,2342.809,eurostat,
2023-11-01,EU27_2020,total,2023,11,33124.989,eurostat,
2023-11-01,FI,total,2023,11,156.04,eurostat,
2023-11-01,FR,total,2023,11,3551.434,eurostat,
2023-11-01,GR,total,2023,11,336.149,eurostat,
2023-11-01,HR,total,2023,11,279.44,eurostat,
2023-11-01,HU,total,2023,11,929.186,eurostat,
2023-11-01,IE,total,2023,11,437.264,eurostat,
2023-11-01,IT,total,2023,11,5744.0,eurostat,
2023-11-01,LT,total,2023,11,158.2,eurostat,
2023-11-01,LU,total,2023,11,63.358,eurostat,
2023-11-01,LV,total,2023,11,96.265,eurostat,
2023-11-01,MT,total,2023,11,26.676,eurostat,
2023-11-01,NL,total,2023,11,3025.804,eurostat,
2023-11-01,PL,total,2023,11,2131.401,eurostat,
2023-11-01,PT,total,2023,11,329.851,eurostat,
2023-11-01,RO,total,2023,11,1083.0,eurostat,
2023-11-01,SE,total,2023,11,82.617,eurostat,
2023-11-01,SI,total,2023,11,82.676,eurostat,
2023-11-01,SK,total,2023,11,467.253,eurostat,
2023-12-01,AT,total,2023,12,915.552,eurostat,
2023-12-01,BE,total,2023,12,1644.9,eurostat,
2023-12-01,BG,total,2023,12,292.376,eurostat,
2023-12-01,CY,total,2023,12,0.0,eurostat,
2023-12-01,CZ,total,2023,12,886.831,eurostat,
2023-12-01,DE,total,2023,12,9551.108,eurostat,
2023-12-01,DK,total,2023,12,275.574,eurostat,
2023-12-01,EE,total,2023,12,50.8,eurostat,
2023-12-01,ES,total,2023,12,2667.344,eurostat,
2023-12-01,EU27_2020,total,2023,12,39142.897,eurostat,
2023-12-01,FI,total,2023,12,191.88,eurostat,
2023-12-01,FR,total,2023,12,4214.08,eurostat,
2023-12-01,GR,total,2023,12,445.017,eurostat,
2023-12-01,HR,total,2023,12,254.0,eurostat,
2023-12-01,HU,total,2023,12,1176.279,eurostat,
2023-12-01,IE,total,2023,12,405.423,eurostat,
2023-12-01,IT,total,2023,12,7235.0,eurostat,
2023-12-01,LT,total,2023,12,204.8,eurostat,
2023-12-01,LU,total,2023,12,69.334,eurostat,
2023-12-01,LV,total,2023,12,115.664,eurostat,
2023-12-01,MT,total,2023,12,25.513,eurostat,
2023-12-01,NL,total,2023,12,3554.411,eurostat,
2023-12-01,PL,total,2023,12,2458.414,eurostat,
2023-12-01,PT,total,2023,12,334.906,eurostat,
2023-12-01,RO,total,2023,12,1392.0,eurostat,
2023-12-01,SE,total,2023,12,91.887,eurostat,
2023-12-01,SI,total,2023,12,97.751,eurostat,
2023-12-01,SK,total,2023,12,592.052,eurostat,
2024-01-01,AT,total,2024,1,1040.509,eurostat,
2024-01-01,BE,total,2024,1,1999.7,eurostat,
2024-01-01,BG,total,2024,1,297.003,eurostat,
2024-01-01,CY,total,2024,1,0.0,eurostat,
2024-01-01,CZ,total,2024,1,1053.117,eurostat,
2024-01-01,DE,total,2024,1,11489.879,eurostat,
2024-01-01,DK,total,2024,1,339.457,eurostat,
2024-01-01,EE,total,2024,1,68.4,eurostat,
2024-01-01,ES,total,2024,1,2951.022,eurostat,
2024-01-01,EU27_2020,total,2024,1,45309.605,eurostat,
2024-01-01,FI,total,2024,1,232.527,eurostat,
2024-01-01,FR,total,2024,1,4977.41,eurostat,
2024-01-01,GR,total,2024,1,554.244,eurostat,
2024-01-01,HR,total,2024,1,277.5,eurostat,
2024-01-01,HU,total,2024,1,1293.895,eurostat,
2024-01-01,IE,total,2024,1,518.229,eurostat,
2024-01-01,IT,total,2024,1,7867.0,eurostat,
2024-01-01,LT,total,2024,1,214.5,eurostat,
2024-01-01,LU,total,2024,1,83.746,eurostat,
2024-01-01,LV,total,2024,1,183.33,eurostat,
2024-01-01,MT,total,2024,1,29.6,eurostat,
2024-01-01,NL,total,2024,1,4352.417,eurostat,
2024-01-01,PL,total,2024,1,2665.404,eurostat,
2024-01-01,PT,total,2024,1,381.678,eurostat,
2024-01-01,RO,total,2024,1,1554.0,eurostat,
2024-01-01,SE,total,2024,1,126.118,eurostat,
2024-01-01,SI,total,2024,1,111.048,eurostat,
2024-01-01,SK,total,2024,1,647.872,eurostat,
2024-02-01,AT,total,2024,2,686.809,eurostat,
2024-02-01,BE,total,2024,2,1423.3,eurostat,
2024-02-01,BG,total,2024,2,249.33,eurostat,
2024-02-01,CY,total,2024,2,0.0,eurostat,
2024-02-01,CZ,total,2024,2,712.952,eurostat,
2024-02-01,DE,total,2024,2,8078.875,eurostat,
2024-02-01,DK,total,2024,2,236.32,eurostat,
2024-02-01,EE,total,2024,2,43.4,eurostat,
2024-02-01,ES,total,2024,2,2468.546,eurostat,
2024-02-01,EU27_2020,total,2024,2,33702.361,eurostat,
2024-02-01,FI,total,2024,2,204.417,eurostat,
2024-02-01,FR,total,2024,2,3498.578,eurostat,
2024-02-01,GR,total,2024,2,448.062,eurostat,
2024-02-01,HR,total,2024,2,221.7,eurostat,
2024-02-01,HU,total,2024,2,886.472,eurostat,
2024-02-01,IE,total,2024,2,415.683,eurostat,
2024-02-01,IT,total,2024,2,6372.442,eurostat,
2024-02-01,LT,total,2024,2,166.6,eurostat,
2024-02-01,LU,total,2024,2,62.888,eurostat,
2024-02-01,LV,total,2024,2,126.104,eurostat,
2024-02-01,MT,total,2024,2,29.61,eurostat,
2024-02-01,NL,total,2024,2,3161.46,eurostat,
2024-02-01,PL,total,2024,2,2114.183,eurostat,
2024-02-01,PT,total,2024,2,322.535,eurostat,
2024-02-01,RO,total,2024,2,1142.0,eurostat,
2024-02-01,SE,total,2024,2,88.688,eurostat,
2024-02-01,SI,total,2024,2,85.228,eurostat,
2024-02-01,SK,total,2024,2,456.178,eurostat,
2024-03-01,AT,total,2024,3,617.26,eurostat,
2024-03-01,BE,total,2024,3,1386.4,eurostat,
2024-03-01,BG,total,2024,3,273.04,eurostat,
2024-03-01,CY,total,2024,3,0.0,eurostat,
2024-03-01,CZ,total,2024,3,669.124,eurostat,
2024-03-01,DE,total,2024,3,7738.392,eurostat,
2024-03-01,DK,total,2024,3,231.381,eurostat,
2024-03-01,EE,total,2024,3,34.7,eurostat,
2024-03-01,ES,total,2024,3,2387.421,eurostat,
2024-03-01,EU27_2020,total,2024,3,31893.085,eurostat,
2024-03-01,FI,total,2024,3,172.377,eurostat,
2024-03-01,FR,total,2024,3,3259.096,eurostat,
2024-03-01,GR,total,2024,3,485.18,eurostat,
2024-03-01,HR,total,2024,3,207.8,eurostat,
2024-03-01,HU,total,2024,3,838.413,eurostat,
2024-03-01,IE,total,2024,3,438.941,eurostat,
2024-03-01,IT,total,2024,3,5698.976,eurostat,
2024-03-01,LT,total,2024,3,155.5,eurostat,
2024-03-01,LU,total,2024,3,58.072,eurostat,
2024-03-01,LV,total,2024,3,77.975,eurostat,
2024-03-01,MT,total,2024,3,28.531,eurostat,
2024-03-01,NL,total,2024,3,3006.76,eurostat,
2024-03-01,PL,total,2024,3,2090.742,eurostat,
2024-03-01,PT,total,2024,3,343.56,eurostat,
2024-03-01,RO,total,2024,3,1103.0,eurostat,
2024-03-01,SE,total,2024,3,71.561,eurostat,
2024-03-01,SI,total,2024,3,83.579,eurostat,
2024-03-01,SK,total,2024,3,435.304,eurostat,
2024-04-01,AT,total,2024,4,478.681,eurostat,
2024-04-01,BE,total,2024,4,1145.5,eurostat,
2024-04-01,BG,total,2024,4,203.549,eurostat,
2024-04-01,CY,total,2024,4,0.0,eurostat,
2024-04-01,CZ,total,2024,4,473.593,eurostat,
2024-04-01,DE,total,2024,4,6130.83,eurostat,
2024-04-01,DK,total,2024,4,201.396,eurostat,
2024-04-01,EE,total,2024,4,31.1,eurostat,
2024-04-01,ES,total,2024,4,2019.996,eurostat,
2024-04-01,EU27_2020,total,2024,4,24459.782,eurostat,
2024-04-01,FI,total,2024,4,124.077,eurostat,
2024-04-01,FR,total,2024,4,2292.356,eurostat,
2024-04-01,GR,total,2024,4,386.793,eurostat,
2024-04-01,HR,total,2024,4,157.4,eurostat,
2024-04-01,HU,total,2024,4,575.0,eurostat,
2024-04-01,IE,total,2024,4,411.516,eurostat,
2024-04-01,IT,total,2024,4,4140.33,eurostat,
2024-04-01,LT,total,2024,4,192.4,eurostat,
2024-04-01,LU,total,2024,4,50.527,eurostat,
2024-04-01,LV,total,2024,4,46.4,eurostat,
2024-04-01,MT,total,2024,4,22.73,eurostat,
2024-04-01,NL,total,2024,4,2459.867,eurostat,
2024-04-01,PL,total,2024,4,1647.744,eurostat,
2024-04-01,PT,total,2024,4,259.067,eurostat,
2024-04-01,RO,total,2024,4,541.0,eurostat,
2024-04-01,SE,total,2024,4,79.708,eurostat,
2024-04-01,SI,total,2024,4,73.454,eurostat,
2024-04-01,SK,total,2024,4,314.768,eurostat,
2024-05-01,AT,total,2024,5,354.519,eurostat,
2024-05-01,BE,total,2024,5,838.4,eurostat,
2024-05-01,BG,total,2024,5,202.617,eurostat,
2024-05-01,CY,total,2024,5,0.0,eurostat,
2024-05-01,CZ,total,2024,5,318.838,eurostat,
2024-05-01,DE,total,2024,5,4251.241,eurostat,
2024-05-01,DK,total,2024,5,140.425,eurostat,
2024-05-01,EE,total,2024,5,16.6,eurostat,
2024-05-01,ES,total,2024,5,1989.498,eurostat,
2024-05-01,EU27_2020,total,2024,5,19267.157,eurostat,
2024-05-01,FI,total,2024,5,107.047,eurostat,
2024-05-01,FR,total,2024,5,1594.938,eurostat,
2024-05-01,GR,total,2024,5,454.712,eurostat,
2024-05-01,HR,total,2024,5,129.454,eurostat,
2024-05-01,HU,total,2024,5,430.164,eurostat,
2024-05-01,IE,total,2024,5,420.096,eurostat,
2024-05-01,IT,total,2024,5,3553.936,eurostat,
2024-05-01,LT,total,2024,5,94.8,eurostat,
2024-05-01,LU,total,2024,5,37.009,eurostat,
2024-05-01,LV,total,2024,5,21.001,eurostat,
2024-05-01,MT,total,2024,5,27.348,eurostat,
2024-05-01,NL,total,2024,5,1972.817,eurostat,
2024-05-01,PL,total,2024,5,1252.464,eurostat,
2024-05-01,PT,total,2024,5,252.558,eurostat,
2024-05-01,RO,total,2024,5,472.0,eurostat,
2024-05-01,SE,total,2024,5,59.571,eurostat,
2024-05-01,SI,total,2024,5,62.249,eurostat,
2024-05-01,SK,total,2024,5,212.855,eurostat,
2024-06-01,AT,total,2024,6,329.903,eurostat,
2024-06-01,BE,total,2024,6,779.0,eurostat,
2024-06-01,BG,total,2024,6,182.867,eurostat,
2024-06-01,CY,total,2024,6,0.0,eurostat,
2024-06-01,CZ,total,2024,6,306.896,eurostat,
2024-06-01,DE,total,2024,6,3739.0,eurostat,
2024-06-01,DK,total,2024,6,134.21,eurostat,
2024-06-01,EE,total,2024,6,10.6,eurostat,
2024-06-01,ES,total,2024,6,1880.347,eurostat,
2024-06-01,EU27_2020,total,2024,6,17713.871,eurostat,
2024-06-01,FI,total,2024,6,131.967,eurostat,
2024-06-01,FR,total,2024,6,1303.607,eurostat,
2024-06-01,GR,total,2024,6,493.951,eurostat,
2024-06-01,HR,total,2024,6,107.36,eurostat,
2024-06-01,HU,total,2024,6,367.296,eurostat,
2024-06-01,IE,total,2024,6,349.096,eurostat,
2024-06-01,IT,total,2024,6,3441.414,eurostat,
2024-06-01,LT,total,2024,6,88.4,eurostat,
2024-06-01,LU,total,2024,6,31.701,eurostat,
2024-06-01,LV,total,2024,6,15.534,eurostat,
2024-06-01,MT,total,2024,6,31.568,eurostat,
2024-06-01,NL,total,2024,6,1861.819,eurostat,
2024-06-01,PL,total,2024,6,1177.354,eurostat,
2024-06-01,PT,total,2024,6,239.625,eurostat,
2024-06-01,RO,total,2024,6,414.0,eurostat,
2024-06-01,SE,total,2024,6,51.643,eurostat,
2024-06-01,SI,total,2024,6,52.458,eurostat,
2024-06-01,SK,total,2024,6,192.255,eurostat,
2024-07-01,AT,total,2024,7,305.208,eurostat,
2024-07-01,BE,total,2024,7,711.8,eurostat,
2024-07-01,BG,total,2024,7,154.62,eurostat,
2024-07-01,CY,total,2024,7,0.0,eurostat,
2024-07-01,CZ,total,2024,7,271.037,eurostat,
2024-07-01,DE,total,2024,7,3508.439,eurostat,
2024-07-01,DK,total,2024,7,113.522,eurostat,
2024-07-01,EE,total,2024,7,12.7,eurostat,
2024-07-01,ES,total,2024,7,2131.72,eurostat,
2024-07-01,EU27_2020,total,2024,7,18578.466,eurostat,
2024-07-01,FI,total,2024,7,132.819,eurostat,
2024-07-01,FR,total,2024,7,1243.611,eurostat,
2024-07-01,GR,total,2024,7,569.603,eurostat,
2024-07-01,HR,total,2024,7,135.93,eurostat,
2024-07-01,HU,total,2024,7,365.269,eurostat,
2024-07-01,IE,total,2024,7,378.294,eurostat,
2024-07-01,IT,total,2024,7,4201.994,eurostat,
2024-07-01,LT,total,2024,7,95.3,eurostat,
2024-07-01,LU,total,2024,7,27.899,eurostat,
2024-07-01,LV,total,2024,7,32.823,eurostat,
2024-07-01,MT,total,2024,7,37.642,eurostat,
2024-07-01,NL,total,2024,7,1801.25,eurostat,
2024-07-01,PL,total,2024,7,1294.62,eurostat,
2024-07-01,PT,total,2024,7,285.301,eurostat,
2024-07-01,RO,total,2024,7,471.0,eurostat,
2024-07-01,SE,total,2024,7,55.036,eurostat,
2024-07-01,SI,total,2024,7,49.974,eurostat,
2024-07-01,SK,total,2024,7,191.055,eurostat,
2024-08-01,AT,total,2024,8,292.866,eurostat,
2024-08-01,BE,total,2024,8,681.2,eurostat,
2024-08-01,BG,total,2024,8,183.803,eurostat,
2024-08-01,CY,total,2024,8,0.0,eurostat,
2024-08-01,CZ,total,2024,8,286.134,eurostat,
2024-08-01,DE,total,2024,8,3416.856,eurostat,
2024-08-01,DK,total,2024,8,123.086,eurostat,
2024-08-01,EE,total,2024,8,13.4,eurostat,
2024-08-01,ES,total,2024,8,2038.709,eurostat,
2024-08-01,EU27_2020,total,2024,8,17568.259,eurostat,
2024-08-01,FI,total,2024,8,102.497,eurostat,
2024-08-01,FR,total,2024,8,1072.184,eurostat,
2024-08-01,GR,total,2024,8,526.926,eurostat,
2024-08-01,HR,total,2024,8,152.8,eurostat,
2024-08-01,HU,total,2024,8,358.367,eurostat,
2024-08-01,IE,total,2024,8,343.399,eurostat,
2024-08-01,IT,total,2024,8,3725.563,eurostat,
2024-08-01,LT,total,2024,8,92.4,eurostat,
2024-08-01,LU,total,2024,8,19.566,eurostat,
2024-08-01,LV,total,2024,8,40.494,eurostat,
2024-08-01,MT,total,2024,8,41.452,eurostat,
2024-08-01,NL,total,2024,8,1754.75,eurostat,
2024-08-01,PL,total,2024,8,1289.801,eurostat,
2024-08-01,PT,total,2024,8,267.028,eurostat,
2024-08-01,RO,total,2024,8,433.0,eurostat,
2024-08-01,SE,total,2024,8,60.782,eurostat,
2024-08-01,SI,total,2024,8,49.433,eurostat,
2024-08-01,SK,total,2024,8,201.763,eurostat,
2024-09-01,AT,total,2024,9,376.43,eurostat,
2024-09-01,BE,total,2024,9,806.0,eurostat,
2024-09-01,BG,total,2024,9,189.735,eurostat,
2024-09-01,CY,total,2024,9,0.0,eurostat,
2024-09-01,CZ,total,2024,9,335.825,eurostat,
2024-09-01,DE,total,2024,9,4035.568,eurostat,
2024-09-01,DK,total,2024,9,135.045,eurostat,
2024-09-01,EE,total,2024,9,12.7,eurostat,
2024-09-01,ES,total,2024,9,2005.834,eurostat,
2024-09-01,EU27_2020,total,2024,9,19782.132,eurostat,
2024-09-01,FI,total,2024,9,133.127,eurostat,
2024-09-01,FR,total,2024,9,1450.434,eurostat,
2024-09-01,GR,total,2024,9,447.566,eurostat,
2024-09-01,HR,total,2024,9,194.931,eurostat,
2024-09-01,HU,total,2024,9,434.453,eurostat,
2024-09-01,IE,total,2024,9,386.422,eurostat,
2024-09-01,IT,total,2024,9,4265.656,eurostat,
2024-09-01,LT,total,2024,9,94.7,eurostat,
2024-09-01,LU,total,2024,9,32.012,eurostat,
2024-09-01,LV,total,2024,9,47.362,eurostat,
2024-09-01,MT,total,2024,9,30.891,eurostat,
2024-09-01,NL,total,2024,9,1896.787,eurostat,
2024-09-01,PL,total,2024,9,1389.476,eurostat,
2024-09-01,PT,total,2024,9,299.706,eurostat,
2024-09-01,RO,total,2024,9,438.0,eurostat,
2024-09-01,SE,total,2024,9,59.087,eurostat,
2024-09-01,SI,total,2024,9,54.599,eurostat,
2024-09-01,SK,total,2024,9,229.787,eurostat,
2024-10-01,AT,total,2024,10,534.51,eurostat,
2024-10-01,BE,total,2024,10,1048.9,eurostat,
2024-10-01,BG,total,2024,10,219.06,eurostat,
2024-10-01,CY,total,2024,10,0.0,eurostat,
2024-10-01,CZ,total,2024,10,566.912,eurostat,
2024-10-01,DE,total,2024,10,5334.185,eurostat,
2024-10-01,DK,total,2024,10,179.016,eurostat,
2024-10-01,EE,total,2024,10,22.2,eurostat,
2024-10-01,ES,total,2024,10,2121.784,eurostat,
2024-10-01,EU27_2020,total,2024,10,24334.717,eurostat,
2024-10-01,FI,total,2024,10,148.387,eurostat,
2024-10-01,FR,total,2024,10,2035.853,eurostat,
2024-10-01,GR,total,2024,10,431.838,eurostat,
2024-10-01,HR,total,2024,10,242.383,eurostat,
2024-10-01,HU,total,2024,10,680.769,eurostat,
2024-10-01,IE,total,2024,10,425.735,eurostat,
2024-10-01,IT,total,2024,10,4366.377,eurostat,
2024-10-01,LT,total,2024,10,152.3,eurostat,
2024-10-01,LU,total,2024,10,44.614,eurostat,
2024-10-01,LV,total,2024,10,53.616,eurostat,
2024-10-01,MT,total,2024,10,33.283,eurostat,
2024-10-01,NL,total,2024,10,2369.263,eurostat,
2024-10-01,PL,total,2024,10,1834.953,eurostat,
2024-10-01,PT,total,2024,10,311.854,eurostat,
2024-10-01,RO,total,2024,10,710.0,eurostat,
2024-10-01,SE,total,2024,10,50.234,eurostat,
2024-10-01,SI,total,2024,10,59.992,eurostat,
2024-10-01,SK,total,2024,10,356.7,eurostat,
2024-11-01,AT,total,2024,11,956.178,eurostat,
2024-11-01,BE,total,2024,11,1591.3,eurostat,
2024-11-01,BG,total,2024,11,290.269,eurostat,
2024-11-01,CY,total,2024,11,0.0,eurostat,
2024-11-01,CZ,total,2024,11,866.606,eurostat,
2024-11-01,DE,total,2024,11,9147.129,eurostat,
2024-11-01,DK,total,2024,11,245.902,eurostat,
2024-11-01,EE,total,2024,11,34.3,eurostat,
2024-11-01,ES,total,2024,11,2634.935,eurostat,
2024-11-01,EU27_2020,total,2024,11,36689.588,eurostat,
2024-11-01,FI,total,2024,11,107.487,eurostat,
2024-11-01,FR,total,2024,11,3547.082,eurostat,
2024-11-01,GR,total,2024,11,612.638,eurostat,
2024-11-01,HR,total,2024,11,258.822,eurostat,
2024-11-01,HU,total,2024,11,1096.031,eurostat,
2024-11-01,IE,total,2024,11,516.995,eurostat,
2024-11-01,IT,total,2024,11,6318.921,eurostat,
2024-11-01,LT,total,2024,11,201.2,eurostat,
2024-11-01,LU,total,2024,11,64.501,eurostat,
2024-11-01,LV,total,2024,11,88.611,eurostat,
2024-11-01,MT,total,2024,11,30.855,eurostat,
2024-11-01,NL,total,2024,11,3468.612,eurostat,
2024-11-01,PL,total,2024,11,2327.207,eurostat,
2024-11-01,PT,total,2024,11,331.113,eurostat,
2024-11-01,RO,total,2024,11,1233.0,eurostat,
2024-11-01,SE,total,2024,11,79.227,eurostat,
2024-11-01,SI,total,2024,11,90.437,eurostat,
2024-11-01,SK,total,2024,11,550.231,eurostat,
2024-12-01,AT,total,2024,12,1009.993,eurostat,
2024-12-01,BE,total,2024,12,1721.9,eurostat,
2024-12-01,BG,total,2024,12,296.464,eurostat,
2024-12-01,CY,total,2024,12,0.0,eurostat,
2024-12-01,CZ,total,2024,12,950.149,eurostat,
2024-12-01,DE,total,2024,12,10864.5,eurostat,
2024-12-01,DK,total,2024,12,255.334,eurostat,
2024-12-01,EE,total,2024,12,44.1,eurostat,
2024-12-01,ES,total,2024,12,3118.126,eurostat,
2024-12-01,EU27_2020,total,2024,12,42455.175,eurostat,
2024-12-01,FI,total,2024,12,170.377,eurostat,
2024-12-01,FR,total,2024,12,4345.725,eurostat,
2024-12-01,GR,total,2024,12,652.436,eurostat,
2024-12-01,HR,total,2024,12,315.243,eurostat,
2024-12-01,HU,total,2024,12,1249.717,eurostat,
2024-12-01,IE,total,2024,12,485.413,eurostat,
2024-12-01,IT,total,2024,12,7915.026,eurostat,
2024-12-01,LT,total,2024,12,192.4,eurostat,
2024-12-01,LU,total,2024,12,74.271,eurostat,
2024-12-01,LV,total,2024,12,96.573,eurostat,
2024-12-01,MT,total,2024,12,29.092,eurostat,
2024-12-01,NL,total,2024,12,3652.829,eurostat,
2024-12-01,PL,total,2024,12,2464.675,eurostat,
2024-12-01,PT,total,2024,12,372.198,eurostat,
2024-12-01,RO,total,2024,12,1393.0,eurostat,
2024-12-01,SE,total,2024,12,72.751,eurostat,
2024-12-01,SI,total,2024,12,104.798,eurostat,
2024-12-01,SK,total,2024,12,608.085,eurostat,
2025-01-01,AT,total,2025,1,1098.29,eurostat,
2025-01-01,BE,total,2025,1,1990.7,eurostat,
2025-01-01,BG,total,2025,1,298.958,eurostat,
2025-01-01,CY,total,2025,1,0.0,eurostat,
2025-01-01,CZ,total,2025,1,1056.115,eurostat,
2025-01-01,DE,total,2025,1,11411.316,eurostat,
2025-01-01,DK,total,2025,1,310.604,eurostat,
2025-01-01,EE,total,2025,1,42.0,eurostat,
2025-01-01,ES,total,2025,1,2892.316,eurostat,
2025-01-01,EU27_2020,total,2025,1,45019.758,eurostat,
2025-01-01,FI,total,2025,1,156.41,eurostat,
2025-01-01,FR,total,2025,1,4823.356,eurostat,
2025-01-01,GR,total,2025,1,709.45,eurostat,
2025-01-01,HR,total,2025,1,322.05,eurostat,
2025-01-01,HU,total,2025,1,1319.838,eurostat,
2025-01-01,IE,total,2025,1,542.664,eurostat,
2025-01-01,IT,total,2025,1,8111.636,eurostat,
2025-01-01,LT,total,2025,1,206.9,eurostat,
2025-01-01,LU,total,2025,1,83.086,eurostat,
2025-01-01,LV,total,2025,1,111.774,eurostat,
2025-01-01,MT,total,2025,1,27.098,eurostat,
2025-01-01,NL,total,2025,1,4282.29,eurostat,
2025-01-01,PL,total,2025,1,2580.959,eurostat,
2025-01-01,PT,total,2025,1,377.129,eurostat,
2025-01-01,RO,total,2025,1,1430.0,eurostat,
2025-01-01,SE,total,2025,1,81.144,eurostat,
2025-01-01,SI,total,2025,1,109.813,eurostat,
2025-01-01,SK,total,2025,1,643.862,eurostat,
2025-02-01,AT,total,2025,2,999.086,eurostat,
2025-02-01,BE,total,2025,2,1716.1,eurostat,
2025-02-01,BG,total,2025,2,307.529,eurostat,
2025-02-01,CY,total,2025,2,0.0,eurostat,
2025-02-01,CZ,total,2025,2,968.774,eurostat,
2025-02-01,DE,total,2025,2,10823.921,eurostat,
2025-02-01,DK,total,2025,2,276.537,eurostat,
2025-02-01,EE,total,2025,2,44.3,eurostat,
2025-02-01,ES,total,2025,2,2544.499,eurostat,
2025-02-01,EU27_2020,total,2025,2,41028.372,eurostat,
2025-02-01,FI,total,2025,2,144.69,eurostat,
2025-02-01,FR,total,2025,2,3996.13,eurostat,
2025-02-01,GR,total,2025,2,716.723,eurostat,
2025-02-01,HR,total,2025,2,292.78,eurostat,
2025-02-01,HU,total,2025,2,1264.867,eurostat,
2025-02-01,IE,total,2025,2,401.243,eurostat,
2025-02-01,IT,total,2025,2,7321.972,eurostat,
2025-02-01,LT,total,2025,2,210.0,eurostat,
2025-02-01,LU,total,2025,2,72.471,eurostat,
2025-02-01,LV,total,2025,2,137.325,eurostat,
2025-02-01,MT,total,2025,2,26.533,eurostat,
2025-02-01,NL,total,2025,2,3746.289,eurostat,
2025-02-01,PL,total,2025,2,2484.902,eurostat,
2025-02-01,PT,total,2025,2,332.46,eurostat,
2025-02-01,RO,total,2025,2,1439.0,eurostat,
2025-02-01,SE,total,2025,2,79.687,eurostat,
2025-02-01,SI,total,2025,2,98.273,eurostat,
2025-02-01,SK,total,2025,2,582.281,eurostat,
2025-03-01,AT,total,2025,3,768.746,eurostat,
2025-03-01,BE,total,2025,3,1380.6,eurostat,
2025-03-01,BG,total,2025,3,260.55,eurostat,
2025-03-01,CY,total,2025,3,0.0,eurostat,
2025-03-01,CZ,total,2025,3,754.76,eurostat,
2025-03-01,DE,total,2025,3,8215.523,eurostat,
2025-03-01,DK,total,2025,3,206.949,eurostat,
2025-03-01,EE,total,2025,3,31.6,eurostat,
2025-03-01,ES,total,2025,3,2497.12,eurostat,
2025-03-01,EU27_2020,total,2025,3,33253.524,eurostat,
2025-03-01,FI,total,2025,3,166.63,eurostat,
2025-03-01,FR,total,2025,3,3294.231,eurostat,
2025-03-01,GR,total,2025,3,482.904,eurostat,
2025-03-01,HR,total,2025,3,249.477,eurostat,
2025-03-01,HU,total,2025,3,927.232,eurostat,
2025-03-01,IE,total,2025,3,450.036,eurostat,
2025-03-01,IT,total,2025,3,6205.47,eurostat,
2025-03-01,LT,total,2025,3,160.1,eurostat,
2025-03-01,LU,total,2025,3,59.716,eurostat,
2025-03-01,LV,total,2025,3,89.726,eurostat,
2025-03-01,MT,total,2025,3,23.988,eurostat,
2025-03-01,NL,total,2025,3,2968.36,eurostat,
2025-03-01,PL,total,2025,3,2131.554,eurostat,
2025-03-01,PT,total,2025,3,328.362,eurostat,
2025-03-01,RO,total,2025,3,996.0,eurostat,
2025-03-01,SE,total,2025,3,53.846,eurostat,
2025-03-01,SI,total,2025,3,87.744,eurostat,
2025-03-01,SK,total,2025,3,462.301,eurostat,
2025-04-01,AT,total,2025,4,530.492,eurostat,
2025-04-01,BE,total,2025,4,1043.5,eurostat,
2025-04-01,BG,total,2025,4,219.374,eurostat,
2025-04-01,CY,total,2025,4,0.0,eurostat,
2025-04-01,CZ,total,2025,4,505.042,eurostat,
2025-04-01,DE,total,2025,4,5503.277,eurostat,
2025-04-01,DK,total,2025,4,158.417,eurostat,
2025-04-01,EE,total,2025,4,23.4,eurostat,
2025-04-01,ES,total,2025,4,2067.655,eurostat,
2025-04-01,EU27_2020,total,2025,4,23375.366,eurostat,
2025-04-01,FI,total,2025,4,137.553,eurostat,
2025-04-01,FR,total,2025,4,1910.195,eurostat,
2025-04-01,GR,total,2025,4,360.974,eurostat,
2025-04-01,HR,total,2025,4,208.445,eurostat,
2025-04-01,HU,total,2025,4,613.582,eurostat,
2025-04-01,IE,total,2025,4,397.326,eurostat,
2025-04-01,IT,total,2025,4,4199.51,eurostat,
2025-04-01,LT,total,2025,4,156.2,eurostat,
2025-04-01,LU,total,2025,4,45.519,eurostat,
2025-04-01,LV,total,2025,4,52.409,eurostat,
2025-04-01,MT,total,2025,4,23.609,eurostat,
2025-04-01,NL,total,2025,4,2175.194,eurostat,
2025-04-01,PL,total,2025,4,1674.905,eurostat,
2025-04-01,PT,total,2025,4,267.812,eurostat,
2025-04-01,RO,total,2025,4,650.0,eurostat,
2025-04-01,SE,total,2025,4,56.334,eurostat,
2025-04-01,SI,total,2025,4,62.82,eurostat,
2025-04-01,SK,total,2025,4,331.822,eurostat,
2025-05-01,AT,total,2025,5,411.122,eurostat,
2025-05-01,BE,total,2025,5,838.0,eurostat,
2025-05-01,BG,total,2025,5,179.383,eurostat,
2025-05-01,CY,total,2025,5,0.0,eurostat,
2025-05-01,CZ,total,2025,5,419.567,eurostat,
2025-05-01,DE,total,2025,5,4442.416,eurostat,
2025-05-01,DK,total,2025,5,139.696,eurostat,
2025-05-01,EE,total,2025,5,18.2,eurostat,
2025-05-01,ES,total,2025,5,2182.973,eurostat,
2025-05-01,EU27_2020,total,2025,5,19621.04,eurostat,
2025-05-01,FI,total,2025,5,121.369,eurostat,
2025-05-01,FR,total,2025,5,1381.748,eurostat,
2025-05-01,GR,total,2025,5,390.41,eurostat,
2025-05-01,HR,total,2025,5,119.959,eurostat,
2025-05-01,HU,total,2025,5,465.924,eurostat,
2025-05-01,IE,total,2025,5,353.678,eurostat,
2025-05-01,IT,total,2025,5,3352.215,eurostat,
2025-05-01,LT,total,2025,5,135.2,eurostat,
2025-05-01,LU,total,2025,5,36.414,eurostat,
2025-05-01,LV,total,2025,5,32.923,eurostat,
2025-05-01,MT,total,2025,5,26.226,eurostat,
2025-05-01,NL,total,2025,5,1829.398,eurostat,
2025-05-01,PL,total,2025,5,1530.721,eurostat,
2025-05-01,PT,total,2025,5,350.713,eurostat,
2025-05-01,RO,total,2025,5,512.0,eurostat,
2025-05-01,SE,total,2025,5,46.797,eurostat,
2025-05-01,SI,total,2025,5,67.454,eurostat,
2025-05-01,SK,total,2025,5,236.534,eurostat,
2025-06-01,AT,total,2025,6,315.507,eurostat,
2025-06-01,BE,total,2025,6,730.5,eurostat,
2025-06-01,BG,total,2025,6,147.938,eurostat,
2025-06-01,CY,total,2025,6,0.0,eurostat,
2025-06-01,CZ,total,2025,6,302.44,eurostat,
2025-06-01,DE,total,2025,6,3203.834,eurostat,
2025-06-01,DK,total,2025,6,126.248,eurostat,
2025-06-01,EE,total,2025,6,12.4,eurostat,
2025-06-01,ES,total,2025,6,2276.024,eurostat,
2025-06-01,EU27_2020,total,2025,6,17137.71,eurostat,
2025-06-01,FI,total,2025,6,87.61,eurostat,
2025-06-01,FR,total,2025,6,1177.549,eurostat,
2025-06-01,GR,total,2025,6,501.944,eurostat,
2025-06-01,HR,total,2025,6,83.036,eurostat,
2025-06-01,HU,total,2025,6,318.259,eurostat,
2025-06-01,IE,total,2025,6,323.559,eurostat,
2025-06-01,IT,total,2025,6,3612.263,eurostat,
2025-06-01,LT,total,2025,6,86.9,eurostat,
2025-06-01,LU,total,2025,6,28.52,eurostat,
2025-06-01,LV,total,2025,6,17.486,eurostat,
2025-06-01,MT,total,2025,6,31.739,eurostat,
2025-06-01,NL,total,2025,6,1583.092,eurostat,
2025-06-01,PL,total,2025,6,1199.796,eurostat,
2025-06-01,PT,total,2025,6,315.341,eurostat,
2025-06-01,RO,total,2025,6,384.0,eurostat,
2025-06-01,SE,total,2025,6,54.033,eurostat,
2025-06-01,SI,total,2025,6,58.858,eurostat,
2025-06-01,SK,total,2025,6,158.834,eurostat,
2025-07-01,AT,total,2025,7,316.736,eurostat,
2025-07-01,BE,total,2025,7,708.9,eurostat,
2025-07-01,BG,total,2025,7,158.292,eurostat,
2025-07-01,CY,total,2025,7,0.0,eurostat,
2025-07-01,CZ,total,2025,7,292.894,eurostat,
2025-07-01,DE,total,2025,7,3288.644,eurostat,
2025-07-01,DK,total,2025,7,108.614,eurostat,
2025-07-01,EE,total,2025,7,11.7,eurostat,
2025-07-01,ES,total,2025,7,2260.588,eurostat,
2025-07-01,EU27_2020,total,2025,7,18328.322,eurostat,
2025-07-01,FI,total,2025,7,115.54,eurostat,
2025-07-01,FR,total,2025,7,1180.066,eurostat,
2025-07-01,GR,total,2025,7,581.845,eurostat,
2025-07-01,HR,total,2025,7,157.1,eurostat,
2025-07-01,HU,total,2025,7,330.645,eurostat,
2025-07-01,IE,total,2025,7,397.359,eurostat,
2025-07-01,IT,total,2025,7,4078.521,eurostat,
2025-07-01,LT,total,2025,7,47.6,eurostat,
2025-07-01,LU,total,2025,7,28.356,eurostat,
2025-07-01,LV,total,2025,7,30.226,eurostat,
2025-07-01,MT,total,2025,7,38.552,eurostat,
2025-07-01,NL,total,2025,7,1821.08,eurostat,
2025-07-01,PL,total,2025,7,1328.875,eurostat,
2025-07-01,PT,total,2025,7,331.556,eurostat,
2025-07-01,RO,total,2025,7,416.0,eurostat,
2025-07-01,SE,total,2025,7,49.403,eurostat,
2025-07-01,SI,total,2025,7,57.49,eurostat,
2025-07-01,SK,total,2025,7,191.741,eurostat,
2025-08-01,AT,total,2025,8,293.798,eurostat,
2025-08-01,BE,total,2025,8,709.7,eurostat,
2025-08-01,BG,total,2025,8,155.086,eurostat,
2025-08-01,CY,total,2025,8,0.0,eurostat,
2025-08-01,CZ,total,2025,8,270.006,eurostat,
2025-08-01,DE,total,2025,8,3260.532,eurostat,
2025-08-01,DK,total,2025,8,119.492,eurostat,
2025-08-01,EE,total,2025,8,13.5,eurostat,
2025-08-01,ES,total,2025,8,2059.987,eurostat,
2025-08-01,EU27_2020,total,2025,8,16912.381,eurostat,
2025-08-01,FI,total,2025,8,94.99,eurostat,
2025-08-01,FR,total,2025,8,1052.065,eurostat,
2025-08-01,GR,total,2025,8,483.806,eurostat,
2025-08-01,HR,total,2025,8,157.05,eurostat,
2025-08-01,HU,total,2025,8,282.124,eurostat,
2025-08-01,IE,total,2025,8,361.499,eurostat,
2025-08-01,IT,total,2025,8,3198.394,eurostat,
2025-08-01,LT,total,2025,8,87.4,eurostat,
2025-08-01,LU,total,2025,8,23.417,eurostat,
2025-08-01,LV,total,2025,8,33.382,eurostat,
2025-08-01,MT,total,2025,8,38.02,eurostat,
2025-08-01,NL,total,2025,8,1841.346,eurostat,
2025-08-01,PL,total,2025,8,1312.585,eurostat,
2025-08-01,PT,total,2025,8,312.603,eurostat,
2025-08-01,RO,total,2025,8,440.0,eurostat,
2025-08-01,SE,total,2025,8,62.815,eurostat,
2025-08-01,SI,total,2025,8,53.309,eurostat,
2025-08-01,SK,total,2025,8,195.475,eurostat,
2025-09-01,AT,total,2025,9,350.589,eurostat,
2025-09-01,BE,total,2025,9,805.2,eurostat,
2025-09-01,BG,total,2025,9,178.869,eurostat,
2025-09-01,CY,total,2025,9,0.0,eurostat,
2025-09-01,CZ,total,2025,9,319.184,eurostat,
2025-09-01,DE,total,2025,9,3710.577,eurostat,
2025-09-01,DK,total,2025,9,135.741,eurostat,
2025-09-01,EE,total,2025,9,13.9,eurostat,
2025-09-01,ES,total,2025,9,2183.539,eurostat,
2025-09-01,EU27_2020,total,2025,9,19138.726,eurostat,
2025-09-01,FI,total,2025,9,56.5,eurostat,
2025-09-01,FR,total,2025,9,1400.239,eurostat,
2025-09-01,GR,total,2025,9,452.7,eurostat,
2025-09-01,HR,total,2025,9,149.7,eurostat,
2025-09-01,HU,total,2025,9,387.336,eurostat,
2025-09-01,IE,total,2025,9,352.315,eurostat,
2025-09-01,IT,total,2025,9,4005.802,eurostat,
2025-09-01,LT,total,2025,9,124.5,eurostat,
2025-09-01,LU,total,2025,9,34.4,eurostat,
2025-09-01,LV,total,2025,9,38.007,eurostat,
2025-09-01,MT,total,2025,9,33.141,eurostat,
2025-09-01,NL,total,2025,9,1858.846,eurostat,
2025-09-01,PL,total,2025,9,1401.005,eurostat,
2025-09-01,PT,total,2025,9,350.337,eurostat,
2025-09-01,RO,total,2025,9,457.0,eurostat,
2025-09-01,SE,total,2025,9,45.393,eurostat,
2025-09-01,SI,total,2025,9,60.3,eurostat,
2025-09-01,SK,total,2025,9,233.605,eurostat,
2025-10-01,AT,total,2025,10,652.228,eurostat,
2025-10-01,BE,total,2025,10,1165.0,eurostat,
2025-10-01,BG,total,2025,10,231.53,eurostat,
2025-10-01,CY,total,2025,10,0.0,eurostat,
2025-10-01,CZ,total,2025,10,571.685,eurostat,
2025-10-01,DE,total,2025,10,6703.416,eurostat,
2025-10-01,DK,total,2025,10,183.243,eurostat,
2025-10-01,EE,total,2025,10,25.1,eurostat,
2025-10-01,ES,total,2025,10,2594.115,eurostat,
2025-10-01,EU27_2020,total,2025,10,27752.708,eurostat,
2025-10-01,FI,total,2025,10,111.03,eurostat,
2025-10-01,FR,total,2025,10,2190.357,eurostat,
2025-10-01,GR,total,2025,10,515.816,eurostat,
2025-10-01,HR,total,2025,10,247.04,eurostat,
2025-10-01,HU,total,2025,10,785.419,eurostat,
2025-10-01,IE,total,2025,10,411.043,eurostat,
2025-10-01,IT,total,2025,10,4698.598,eurostat,
2025-10-01,LT,total,2025,10,142.7,eurostat,
2025-10-01,LU,total,2025,10,48.574,eurostat,
2025-10-01,LV,total,2025,10,71.173,eurostat,
2025-10-01,MT,total,2025,10,29.841,eurostat,
2025-10-01,NL,total,2025,10,2522.622,eurostat,
2025-10-01,PL,total,2025,10,2056.805,eurostat,
2025-10-01,PT,total,2025,10,365.555,eurostat,
2025-10-01,RO,total,2025,10,871.0,eurostat,
2025-10-01,SE,total,2025,10,66.862,eurostat,
2025-10-01,SI,total,2025,10,88.961,eurostat,
2025-10-01,SK,total,2025,10,402.995,eurostat,
2025-11-01,AT,total,2025,11,0.0,eurostat,
2025-11-01,BE,total,2025,11,1448.5,eurostat,
2025-11-01,BG,total,2025,11,,eurostat,
2025-11-01,CY,total,2025,11,0.0,eurostat,
2025-11-01,CZ,total,2025,11,672.276,eurostat,
2025-11-01,DE,total,2025,11,,eurostat,
2025-11-01,DK,total,2025,11,244.308,eurostat,
2025-11-01,EE,total,2025,11,,eurostat,
2025-11-01,ES,total,2025,11,2767.07,eurostat,
2025-11-01,EU27_2020,total,2025,11,,eurostat,
2025-11-01,FI,total,2025,11,117.7,eurostat,
2025-11-01,FR,total,2025,11,,eurostat,
2025-11-01,GR,total,2025,11,,eurostat,
2025-11-01,HR,total,2025,11,315.4,eurostat,
2025-11-01,HU,total,2025,11,1015.655,eurostat,
2025-11-01,IE,total,2025,11,470.166,eurostat,
2025-11-01,IT,total,2025,11,5018.207,eurostat,
2025-11-01,LT,total,2025,11,161.6,eurostat,
2025-11-01,LU,total,2025,11,62.784,eurostat,
2025-11-01,LV,total,2025,11,99.238,eurostat,
2025-11-01,MT,total,2025,11,30.697,eurostat,
2025-11-01,NL,total,2025,11,3201.823,eurostat,
2025-11-01,PL,total,2025,11,2401.488,eurostat,
2025-11-01,PT,total,2025,11,365.489,eurostat,
2025-11-01,RO,total,2025,11,1045.0,eurostat,
2025-11-01,SE,total,2025,11,,eurostat,
2025-11-01,SI,total,2025,11,102.371,eurostat,
2025-11-01,SK,total,2025,11,529.356,eurostat,
2019-01-01,AT,power,2019,1,3.15,energy-charts,
2019-02-01,AT,power,2019,2,2.49,energy-charts,
2019-03-01,AT,power,2019,3,1.33,energy-charts,
2019-04-01,AT,power,2019,4,1.06,energy-charts,
2019-05-01,AT,power,2019,5,0.16,energy-charts,
2019-06-01,AT,power,2019,6,0.36,energy-charts,
2019-07-01,AT,power,2019,7,0.98,energy-charts,
2019-08-01,AT,power,2019,8,1.41,energy-charts,
2019-09-01,AT,power,2019,9,1.86,energy-charts,
2019-10-01,AT,power,2019,10,2.47,energy-charts,
2019-11-01,AT,power,2019,11,2.54,energy-charts,
2019-12-01,AT,power,2019,12,2.54,energy-charts,
2020-01-01,AT,power,2020,1,3.65,energy-charts,
2020-02-01,AT,power,2020,2,1.99,energy-charts,
2020-03-01,AT,power,2020,3,1.89,energy-charts,
2020-04-01,AT,power,2020,4,0.82,energy-charts,
2020-05-01,AT,power,2020,5,0.17,energy-charts,
2020-06-01,AT,power,2020,6,0.19,energy-charts,
2020-07-01,AT,power,2020,7,0.88,energy-charts,
2020-08-01,AT,power,2020,8,0.8,energy-charts,
2020-09-01,AT,power,2020,9,0.79,energy-charts,
2020-10-01,AT,power,2020,10,1.61,energy-charts,
2020-11-01,AT,power,2020,11,2.37,energy-charts,
2020-12-01,AT,power,2020,12,2.95,energy-charts,
2021-01-01,AT,power,2021,1,2.91,energy-charts,
2021-02-01,AT,power,2021,2,2.3,energy-charts,
2021-03-01,AT,power,2021,3,2.21,energy-charts,
2021-04-01,AT,power,2021,4,1.7,energy-charts,
2021-05-01,AT,power,2021,5,0.54,energy-charts,
2021-06-01,AT,power,2021,6,0.15,energy-charts,
2021-07-01,AT,power,2021,7,0.16,energy-charts,
2021-08-01,AT,power,2021,8,0.11,energy-charts,
2021-09-01,AT,power,2021,9,0.37,energy-charts,
2021-10-01,AT,power,2021,10,1.87,energy-charts,
2021-11-01,AT,power,2021,11,3.33,energy-charts,
2021-12-01,AT,power,2021,12,3.14,energy-charts,
2022-01-01,AT,power,2022,1,3.16,energy-charts,
2022-02-01,AT,power,2022,2,2.53,energy-charts,
2022-03-01,AT,power,2022,3,3.0,energy-charts,
2022-04-01,AT,power,2022,4,1.47,energy-charts,
2022-05-01,AT,power,2022,5,1.13,energy-charts,
2022-06-01,AT,power,2022,6,0.26,energy-charts,
2022-07-01,AT,power,2022,7,0.4,energy-charts,
2022-08-01,AT,power,2022,8,0.38,energy-charts,
2022-09-01,AT,power,2022,9,1.45,energy-charts,
2022-10-01,AT,power,2022,10,1.55,energy-charts,
2022-11-01,AT,power,2022,11,2.41,energy-charts,
2022-12-01,AT,power,2022,12,2.57,energy-charts,
2023-01-01,AT,power,2023,1,2.08,energy-charts,
2023-02-01,AT,power,2023,2,2.17,energy-charts,
2023-03-01,AT,power,2023,3,1.6,energy-charts,
2023-04-01,AT,power,2023,4,1.26,energy-charts,
2023-05-01,AT,power,2023,5,0.5,energy-charts,
2023-06-01,AT,power,2023,6,0.06,energy-charts,
2023-07-01,AT,power,2023,7,0.25,energy-charts,
2023-08-01,AT,power,2023,8,0.06,energy-charts,
2023-09-01,AT,power,2023,9,0.57,energy-charts,
2023-10-01,AT,power,2023,10,0.91,energy-charts,
2023-11-01,AT,power,2023,11,1.53,energy-charts,
2023-12-01,AT,power,2023,12,1.91,energy-charts,
2024-01-01,AT,power,2024,1,2.42,energy-charts,
2024-02-01,AT,power,2024,2,1.28,energy-charts,
2024-03-01,AT,power,2024,3,0.99,energy-charts,
2024-04-01,AT,power,2024,4,0.41,energy-charts,
2024-05-01,AT,power,2024,5,0.02,energy-charts,
2024-06-01,AT,power,2024,6,0.07,energy-charts,
2024-07-01,AT,power,2024,7,0.03,energy-charts,
2024-08-01,AT,power,2024,8,0.16,energy-charts,
2024-09-01,AT,power,2024,9,0.18,energy-charts,
2024-10-01,AT,power,2024,10,0.81,energy-charts,
2024-11-01,AT,power,2024,11,2.97,energy-charts,
2024-12-01,AT,power,2024,12,2.96,energy-charts,
2025-01-01,AT,power,2025,1,3.23,energy-charts,
2025-02-01,AT,power,2025,2,2.81,energy-charts,
2025-03-01,AT,power,2025,3,1.77,energy-charts,
2025-04-01,AT,power,2025,4,0.94,energy-charts,
2025-05-01,AT,power,2025,5,0.05,energy-charts,
2025-06-01,AT,power,2025,6,0.06,energy-charts,
2025-07-01,AT,power,2025,7,0.1,energy-charts,
2025-08-01,AT,power,2025,8,0.02,energy-charts,
2025-09-01,AT,power,2025,9,0.24,energy-charts,
2025-10-01,AT,power,2025,10,1.42,energy-charts,
2025-11-01,AT,power,2025,11,1.57,energy-charts,
2019-01-01,BE,household,2019,1,15.43,entsog,
2019-02-01,BE,household,2019,2,11.18,entsog,
2019-03-01,BE,household,2019,3,10.35,entsog,
2019-04-01,BE,household,2019,4,6.89,entsog,
2019-05-01,BE,household,2019,5,5.83,entsog,
2019-06-01,BE,household,2019,6,3.09,entsog,
2019-07-01,BE,household,2019,7,2.61,entsog,
2019-08-01,BE,household,2019,8,2.68,entsog,
2019-09-01,BE,household,2019,9,3.57,entsog,
2019-10-01,BE,household,2019,10,6.94,entsog,
2019-11-01,BE,household,2019,11,11.43,entsog,
2019-12-01,BE,household,2019,12,12.93,entsog,
2020-01-01,BE,household,2020,1,13.4,entsog,
2020-02-01,BE,household,2020,2,11.89,entsog,
2020-03-01,BE,household,2020,3,11.08,entsog,
2020-04-01,BE,household,2020,4,5.44,entsog,
2020-05-01,BE,household,2020,5,4.38,entsog,
2020-06-01,BE,household,2020,6,3.16,entsog,
2020-07-01,BE,household,2020,7,2.9,entsog,
2020-08-01,BE,household,2020,8,2.62,entsog,
2020-09-01,BE,household,2020,9,3.78,entsog,
2020-10-01,BE,household,2020,10,7.78,entsog,
2020-11-01,BE,household,2020,11,9.62,entsog,
2020-12-01,BE,household,2020,12,13.15,entsog,
2021-01-01,BE,household,2021,1,15.79,entsog,
2021-02-01,BE,household,2021,2,12.87,entsog,
2021-03-01,BE,household,2021,3,11.58,entsog,
2021-04-01,BE,household,2021,4,9.72,entsog,
2021-05-01,BE,household,2021,5,6.8,entsog,
2021-06-01,BE,household,2021,6,3.25,entsog,
2021-07-01,BE,household,2021,7,2.99,entsog,
2021-08-01,BE,household,2021,8,3.26,entsog,
2021-09-01,BE,household,2021,9,3.62,entsog,
2021-10-01,BE,household,2021,10,7.26,entsog,
2021-11-01,BE,household,2021,11,11.35,entsog,
2021-12-01,BE,household,2021,12,13.23,entsog,
2022-01-01,BE,household,2022,1,14.22,entsog,
2022-02-01,BE,household,2022,2,11.35,entsog,
2022-03-01,BE,household,2022,3,9.38,entsog,
2022-04-01,BE,household,2022,4,7.12,entsog,
2022-05-01,BE,household,2022,5,3.83,entsog,
2022-06-01,BE,household,2022,6,3.06,entsog,
2022-07-01,BE,household,2022,7,2.45,entsog,
2022-08-01,BE,household,2022,8,2.45,entsog,
2022-09-01,BE,household,2022,9,3.46,entsog,
2022-10-01,BE,household,2022,10,4.31,entsog,
2022-11-01,BE,household,2022,11,7.66,entsog,
2022-12-01,BE,household,2022,12,12.41,entsog,
2023-01-01,BE,household,2023,1,12.0,entsog,
2023-02-01,BE,household,2023,2,10.17,entsog,
2023-03-01,BE,household,2023,3,10.04,entsog,
2023-04-01,BE,household,2023,4,7.36,entsog,
2023-05-01,BE,household,2023,5,4.16,entsog,
2023-06-01,BE,household,2023,6,2.7,entsog,
2023-07-01,BE,household,2023,7,2.43,entsog,
2023-08-01,BE,household,2023,8,2.71,entsog,
2023-09-01,BE,household,2023,9,2.81,entsog,
2023-10-01,BE,household,2023,10,5.03,entsog,
2023-11-01,BE,household,2023,11,9.44,entsog,
2023-12-01,BE,household,2023,12,11.04,entsog,
2024-01-01,BE,household,2024,1,14.01,entsog,
2024-02-01,BE,household,2024,2,9.52,entsog,
2024-03-01,BE,household,2024,3,8.62,entsog,
2024-04-01,BE,household,2024,4,6.64,entsog,
2024-05-01,BE,household,2024,5,3.87,entsog,
2024-06-01,BE,household,2024,6,3.35,entsog,
2024-07-01,BE,household,2024,7,2.59,entsog,
2024-08-01,BE,household,2024,8,2.41,entsog,
2024-09-01,BE,household,2024,9,3.45,entsog,
2024-10-01,BE,household,2024,10,5.8,entsog,
2024-11-01,BE,household,2024,11,9.85,entsog,
2024-12-01,BE,household,2024,12,11.94,entsog,
2025-01-01,BE,household,2025,1,13.29,entsog,
2025-02-01,BE,household,2025,2,11.89,entsog,
2025-03-01,BE,household,2025,3,8.84,entsog,
2025-04-01,BE,household,2025,4,5.22,entsog,
2025-05-01,BE,household,2025,5,3.78,entsog,
2025-06-01,BE,household,2025,6,1.17,entsog,
2025-10-01,BE,household,2025,10,2.83,entsog,
2025-11-01,BE,household,2025,11,9.23,entsog,
2019-01-01,BE,industry,2019,1,4.65,entsog,
2019-02-01,BE,industry,2019,2,4.19,entsog,
2019-03-01,BE,industry,2019,3,4.38,entsog,
2019-04-01,BE,industry,2019,4,3.97,entsog,
2019-05-01,BE,industry,2019,5,4.26,entsog,
2019-06-01,BE,industry,2019,6,3.85,entsog,
2019-07-01,BE,industry,2019,7,3.54,entsog,
2019-08-01,BE,industry,2019,8,3.56,entsog,
2019-09-01,BE,industry,2019,9,3.86,entsog,
2019-10-01,BE,industry,2019,10,3.94,entsog,
2019-11-01,BE,industry,2019,11,4.35,entsog,
2019-12-01,BE,industry,2019,12,4.62,entsog,
2020-01-01,BE,industry,2020,1,4.7,entsog,
2020-02-01,BE,industry,2020,2,4.47,entsog,
2020-03-01,BE,industry,2020,3,4.33,entsog,
2020-04-01,BE,industry,2020,4,3.8,entsog,
2020-05-01,BE,industry,2020,5,4.08,entsog,
2020-06-01,BE,industry,2020,6,3.75,entsog,
2020-07-01,BE,industry,2020,7,4.03,entsog,
2020-08-01,BE,industry,2020,8,3.61,entsog,
2020-09-01,BE,industry,2020,9,3.64,entsog,
2020-10-01,BE,industry,2020,10,3.93,entsog,
2020-11-01,BE,industry,2020,11,4.34,entsog,
2020-12-01,BE,industry,2020,12,4.3,entsog,
2021-01-01,BE,industry,2021,1,4.58,entsog,
2021-02-01,BE,industry,2021,2,4.31,entsog,
2021-03-01,BE,industry,2021,3,4.24,entsog,
2021-04-01,BE,industry,2021,4,3.84,entsog,
2021-05-01,BE,industry,2021,5,3.56,entsog,
2021-06-01,BE,industry,2021,6,3.41,entsog,
2021-07-01,BE,industry,2021,7,3.83,entsog,
2021-08-01,BE,industry,2021,8,4.02,entsog,
2021-09-01,BE,industry,2021,9,3.59,entsog,
2021-10-01,BE,industry,2021,10,3.52,entsog,
2021-11-01,BE,industry,2021,11,3.79,entsog,
2021-12-01,BE,industry,2021,12,3.75,entsog,
2022-01-01,BE,industry,2022,1,4.31,entsog,
2022-02-01,BE,industry,2022,2,3.57,entsog,
2022-03-01,BE,industry,2022,3,3.28,entsog,
2022-04-01,BE,industry,2022,4,3.4,entsog,
2022-05-01,BE,industry,2022,5,3.51,entsog,
2022-06-01,BE,industry,2022,6,3.18,entsog,
2022-07-01,BE,industry,2022,7,2.77,entsog,
2022-08-01,BE,industry,2022,8,2.75,entsog,
2022-09-01,BE,industry,2022,9,2.84,entsog,
2022-10-01,BE,industry,2022,10,3.4,entsog,
2022-11-01,BE,industry,2022,11,3.23,entsog,
2022-12-01,BE,industry,2022,12,2.72,entsog,
2023-01-01,BE,industry,2023,1,3.43,entsog,
2023-02-01,BE,industry,2023,2,3.24,entsog,
2023-03-01,BE,industry,2023,3,3.6,entsog,
2023-04-01,BE,industry,2023,4,3.14,entsog,
2023-05-01,BE,industry,2023,5,2.92,entsog,
2023-06-01,BE,industry,2023,6,2.84,entsog,
2023-07-01,BE,industry,2023,7,3.1,entsog,
2023-08-01,BE,industry,2023,8,3.1,entsog,
2023-09-01,BE,industry,2023,9,3.22,entsog,
2023-10-01,BE,industry,2023,10,3.51,entsog,
2023-11-01,BE,industry,2023,11,3.8,entsog,
2023-12-01,BE,industry,2023,12,3.85,entsog,
2024-01-01,BE,industry,2024,1,3.93,entsog,
2024-02-01,BE,industry,2024,2,3.64,entsog,
2024-03-01,BE,industry,2024,3,3.76,entsog,
2024-04-01,BE,industry,2024,4,3.72,entsog,
2024-05-01,BE,industry,2024,5,3.42,entsog,
2024-06-01,BE,industry,2024,6,3.16,entsog,
2024-07-01,BE,industry,2024,7,3.3,entsog,
2024-08-01,BE,industry,2024,8,3.24,entsog,
2024-09-01,BE,industry,2024,9,3.48,entsog,
2024-10-01,BE,industry,2024,10,3.53,entsog,
2024-11-01,BE,industry,2024,11,3.79,entsog,
2024-12-01,BE,industry,2024,12,3.93,entsog,
2025-01-01,BE,industry,2025,1,3.62,entsog,
2025-02-01,BE,industry,2025,2,3.23,entsog,
2025-03-01,BE,industry,2025,3,3.35,entsog,
2025-04-01,BE,industry,2025,4,3.49,entsog,
2025-05-01,BE,industry,2025,5,3.62,entsog,
2025-06-01,BE,industry,2025,6,1.24,entsog,
2025-10-01,BE,industry,2025,10,1.35,entsog,
2025-11-01,BE,industry,2025,11,3.46,entsog,
2019-01-01,BE,power,2019,1,5.79,entsog,
2019-02-01,BE,power,2019,2,4.08,entsog,
2019-03-01,BE,power,2019,3,3.29,entsog,
2019-04-01,BE,power,2019,4,3.42,entsog,
2019-05-01,BE,power,2019,5,3.15,entsog,
2019-06-01,BE,power,2019,6,3.73,entsog,
2019-07-01,BE,power,2019,7,4.14,entsog,
2019-08-01,BE,power,2019,8,3.7,entsog,
2019-09-01,BE,power,2019,9,4.0,entsog,
2019-10-01,BE,power,2019,10,5.32,entsog,
2019-11-01,BE,power,2019,11,5.37,entsog,
2019-12-01,BE,power,2019,12,3.97,entsog,
2020-01-01,BE,power,2020,1,4.98,entsog,
2020-02-01,BE,power,2020,2,3.85,entsog,
2020-03-01,BE,power,2020,3,4.04,entsog,
2020-04-01,BE,power,2020,4,2.8,entsog,
2020-05-01,BE,power,2020,5,3.5,entsog,
2020-06-01,BE,power,2020,6,4.61,entsog,
2020-07-01,BE,power,2020,7,5.75,entsog,
2020-08-01,BE,power,2020,8,5.05,entsog,
2020-09-01,BE,power,2020,9,4.38,entsog,
2020-10-01,BE,power,2020,10,3.92,entsog,
2020-11-01,BE,power,2020,11,4.56,entsog,
2020-12-01,BE,power,2020,12,5.05,entsog,
2021-01-01,BE,power,2021,1,5.1,entsog,
2021-02-01,BE,power,2021,2,3.89,entsog,
2021-03-01,BE,power,2021,3,4.43,entsog,
2021-04-01,BE,power,2021,4,4.36,entsog,
2021-05-01,BE,power,2021,5,2.85,entsog,
2021-06-01,BE,power,2021,6,3.2,entsog,
2021-07-01,BE,power,2021,7,2.48,entsog,
2021-08-01,BE,power,2021,8,2.03,entsog,
2021-09-01,BE,power,2021,9,2.33,entsog,
2021-10-01,BE,power,2021,10,2.39,entsog,
2021-11-01,BE,power,2021,11,4.73,entsog,
2021-12-01,BE,power,2021,12,4.02,entsog,
2022-01-01,BE,power,2022,1,4.41,entsog,
2022-02-01,BE,power,2022,2,2.4,entsog,
2022-03-01,BE,power,2022,3,3.08,entsog,
2022-04-01,BE,power,2022,4,2.21,entsog,
2022-05-01,BE,power,2022,5,2.73,entsog,
2022-06-01,BE,power,2022,6,2.9,entsog,
2022-07-01,BE,power,2022,7,3.76,entsog,
2022-08-01,BE,power,2022,8,4.4,entsog,
2022-09-01,BE,power,2022,9,3.71,entsog,
2022-10-01,BE,power,2022,10,3.95,entsog,
2022-11-01,BE,power,2022,11,2.83,entsog,
2022-12-01,BE,power,2022,12,4.28,entsog,
2023-01-01,BE,power,2023,1,3.54,entsog,
2023-02-01,BE,power,2023,2,3.96,entsog,
2023-03-01,BE,power,2023,3,3.51,entsog,
2023-04-01,BE,power,2023,4,2.61,entsog,
2023-05-01,BE,power,2023,5,2.15,entsog,
2023-06-01,BE,power,2023,6,2.98,entsog,
2023-07-01,BE,power,2023,7,2.37,entsog,
2023-08-01,BE,power,2023,8,2.63,entsog,
2023-09-01,BE,power,2023,9,2.53,entsog,
2023-10-01,BE,power,2023,10,1.89,entsog,
2023-11-01,BE,power,2023,11,2.04,entsog,
2023-12-01,BE,power,2023,12,2.23,entsog,
2024-01-01,BE,power,2024,1,3.13,entsog,
2024-02-01,BE,power,2024,2,1.79,entsog,
2024-03-01,BE,power,2024,3,2.19,entsog,
2024-04-01,BE,power,2024,4,1.63,entsog,
2024-05-01,BE,power,2024,5,1.46,entsog,
2024-06-01,BE,power,2024,6,1.63,entsog,
2024-07-01,BE,power,2024,7,1.51,entsog,
2024-08-01,BE,power,2024,8,1.44,entsog,
2024-09-01,BE,power,2024,9,1.58,entsog,
2024-10-01,BE,power,2024,10,1.79,entsog,
2024-11-01,BE,power,2024,11,3.4,entsog,
2024-12-01,BE,power,2024,12,2.55,entsog,
2025-01-01,BE,power,2025,1,2.81,entsog,
2025-02-01,BE,power,2025,2,3.27,entsog,
2025-03-01,BE,power,2025,3,2.52,entsog,
2025-04-01,BE,power,2025,4,2.2,entsog,
2025-05-01,BE,power,2025,5,1.31,entsog,
2025-06-01,BE,power,2025,6,0.42,entsog,
2025-10-01,BE,power,2025,10,0.65,entsog,
2025-11-01,BE,power,2025,11,2.69,entsog,
2019-01-01,BG,power,2019,1,0.54,energy-charts,
2019-02-01,BG,power,2019,2,0.52,energy-charts,
2019-03-01,BG,power,2019,3,0.47,energy-charts,
2019-04-01,BG,power,2019,4,0.43,energy-charts,
2019-05-01,BG,power,2019,5,0.3,energy-charts,
2019-06-01,BG,power,2019,6,0.23,energy-charts,
2019-07-01,BG,power,2019,7,0.25,energy-charts,
2019-08-01,BG,power,2019,8,0.23,energy-charts,
2019-09-01,BG,power,2019,9,0.23,energy-charts,
2019-10-01,BG,power,2019,10,0.27,energy-charts,
2019-11-01,BG,power,2019,11,0.38,energy-charts,
2019-12-01,BG,power,2019,12,0.54,energy-charts,
2020-01-01,BG,power,2020,1,0.6,energy-charts,
2020-02-01,BG,power,2020,2,0.52,energy-charts,
2020-03-01,BG,power,2020,3,0.46,energy-charts,
2020-04-01,BG,power,2020,4,0.32,energy-charts,
2020-05-01,BG,power,2020,5,0.2,energy-charts,
2020-06-01,BG,power,2020,6,0.21,energy-charts,
2020-07-01,BG,power,2020,7,0.22,energy-charts,
2020-08-01,BG,power,2020,8,0.26,energy-charts,
2020-09-01,BG,power,2020,9,0.25,energy-charts,
2020-10-01,BG,power,2020,10,0.32,energy-charts,
2020-11-01,BG,power,2020,11,0.48,energy-charts,
2020-12-01,BG,power,2020,12,0.55,energy-charts,
2021-01-01,BG,power,2021,1,0.59,energy-charts,
2021-02-01,BG,power,2021,2,0.51,energy-charts,
2021-03-01,BG,power,2021,3,0.57,energy-charts,
2021-04-01,BG,power,2021,4,0.44,energy-charts,
2021-05-01,BG,power,2021,5,0.29,energy-charts,
2021-06-01,BG,power,2021,6,0.27,energy-charts,
2021-07-01,BG,power,2021,7,0.31,energy-charts,
2021-08-01,BG,power,2021,8,0.31,energy-charts,
2021-09-01,BG,power,2021,9,0.53,energy-charts,
2021-10-01,BG,power,2021,10,0.48,energy-charts,
2021-11-01,BG,power,2021,11,0.54,energy-charts,
2021-12-01,BG,power,2021,12,0.73,energy-charts,
2022-01-01,BG,power,2022,1,0.84,energy-charts,
2022-02-01,BG,power,2022,2,0.6,energy-charts,
2022-03-01,BG,power,2022,3,0.59,energy-charts,
2022-04-01,BG,power,2022,4,0.41,energy-charts,
2022-05-01,BG,power,2022,5,0.3,energy-charts,
2022-06-01,BG,power,2022,6,0.3,energy-charts,
2022-07-01,BG,power,2022,7,0.36,energy-charts,
2022-08-01,BG,power,2022,8,0.29,energy-charts,
2022-09-01,BG,power,2022,9,0.23,energy-charts,
2022-10-01,BG,power,2022,10,0.32,energy-charts,
2022-11-01,BG,power,2022,11,0.47,energy-charts,
2022-12-01,BG,power,2022,12,0.56,energy-charts,
2023-01-01,BG,power,2023,1,0.53,energy-charts,
2023-02-01,BG,power,2023,2,0.47,energy-charts,
2023-03-01,BG,power,2023,3,0.49,energy-charts,
2023-04-01,BG,power,2023,4,0.44,energy-charts,
2023-05-01,BG,power,2023,5,0.25,energy-charts,
2023-06-01,BG,power,2023,6,0.22,energy-charts,
2023-07-01,BG,power,2023,7,0.23,energy-charts,
2023-08-01,BG,power,2023,8,0.23,energy-charts,
2023-09-01,BG,power,2023,9,0.26,energy-charts,
2023-10-01,BG,power,2023,10,0.28,energy-charts,
2023-11-01,BG,power,2023,11,0.4,energy-charts,
2023-12-01,BG,power,2023,12,0.52,energy-charts,
2024-01-01,BG,power,2024,1,0.53,energy-charts,
2024-02-01,BG,power,2024,2,0.48,energy-charts,
2024-03-01,BG,power,2024,3,0.45,energy-charts,
2024-04-01,BG,power,2024,4,0.28,energy-charts,
2024-05-01,BG,power,2024,5,0.25,energy-charts,
2024-06-01,BG,power,2024,6,0.24,energy-charts,
2024-07-01,BG,power,2024,7,0.27,energy-charts,
2024-08-01,BG,power,2024,8,0.28,energy-charts,
2024-09-01,BG,power,2024,9,0.25,energy-charts,
2024-10-01,BG,power,2024,10,0.28,energy-charts,
2024-11-01,BG,power,2024,11,0.36,energy-charts,
2024-12-01,BG,power,2024,12,0.44,energy-charts,
2025-01-01,BG,power,2025,1,0.45,energy-charts,
2025-02-01,BG,power,2025,2,0.4,energy-charts,
2025-03-01,BG,power,2025,3,0.4,energy-charts,
2025-04-01,BG,power,2025,4,0.34,energy-charts,
2025-05-01,BG,power,2025,5,0.24,energy-charts,
2025-06-01,BG,power,2025,6,0.24,energy-charts,
2025-07-01,BG,power,2025,7,0.2,energy-charts,
2025-08-01,BG,power,2025,8,0.18,energy-charts,
2025-09-01,BG,power,2025,9,0.2,energy-charts,
2025-10-01,BG,power,2025,10,0.29,energy-charts,
2025-11-01,BG,power,2025,11,0.39,energy-charts,
2019-01-01,CZ,power,2019,1,0.0,energy-charts,
2019-02-01,CZ,power,2019,2,0.0,energy-charts,
2019-03-01,CZ,power,2019,3,0.0,energy-charts,
2019-04-01,CZ,power,2019,4,0.0,energy-charts,
2019-05-01,CZ,power,2019,5,0.0,energy-charts,
2019-06-01,CZ,power,2019,6,0.0,energy-charts,
2019-07-01,CZ,power,2019,7,0.0,energy-charts,
2019-08-01,CZ,power,2019,8,0.0,energy-charts,
2019-09-01,CZ,power,2019,9,0.0,energy-charts,
2019-10-01,CZ,power,2019,10,0.0,energy-charts,
2019-11-01,CZ,power,2019,11,0.0,energy-charts,
2019-12-01,CZ,power,2019,12,0.0,energy-charts,
2020-01-01,CZ,power,2020,1,0.0,energy-charts,
2020-02-01,CZ,power,2020,2,0.0,energy-charts,
2020-03-01,CZ,power,2020,3,0.0,energy-charts,
2020-04-01,CZ,power,2020,4,0.0,energy-charts,
2020-05-01,CZ,power,2020,5,0.0,energy-charts,
2020-06-01,CZ,power,2020,6,0.0,energy-charts,
2020-07-01,CZ,power,2020,7,0.0,energy-charts,
2020-08-01,CZ,power,2020,8,0.0,energy-charts,
2020-09-01,CZ,power,2020,9,0.0,energy-charts,
2020-10-01,CZ,power,2020,10,0.0,energy-charts,
2020-11-01,CZ,power,2020,11,0.0,energy-charts,
2020-12-01,CZ,power,2020,12,0.0,energy-charts,
2021-01-01,CZ,power,2021,1,0.0,energy-charts,
2021-02-01,CZ,power,2021,2,0.0,energy-charts,
2021-03-01,CZ,power,2021,3,0.0,energy-charts,
2021-04-01,CZ,power,2021,4,0.0,energy-charts,
2021-05-01,CZ,power,2021,5,0.0,energy-charts,
2021-06-01,CZ,power,2021,6,0.0,energy-charts,
2021-07-01,CZ,power,2021,7,0.0,energy-charts,
2021-08-01,CZ,power,2021,8,0.0,energy-charts,
2021-09-01,CZ,power,2021,9,0.0,energy-charts,
2021-10-01,CZ,power,2021,10,0.0,energy-charts,
2021-11-01,CZ,power,2021,11,0.0,energy-charts,
2021-12-01,CZ,power,2021,12,0.0,energy-charts,
2022-01-01,CZ,power,2022,1,0.0,energy-charts,
2022-02-01,CZ,power,2022,2,0.0,energy-charts,
2022-03-01,CZ,power,2022,3,0.0,energy-charts,
2022-04-01,CZ,power,2022,4,0.0,energy-charts,
2022-05-01,CZ,power,2022,5,0.0,energy-charts,
2022-06-01,CZ,power,2022,6,0.0,energy-charts,
2022-07-01,CZ,power,2022,7,0.0,energy-charts,
2022-08-01,CZ,power,2022,8,0.0,energy-charts,
2022-09-01,CZ,power,2022,9,0.0,energy-charts,
2022-10-01,CZ,power,2022,10,0.0,energy-charts,
2022-11-01,CZ,power,2022,11,0.0,energy-charts,
2022-12-01,CZ,power,2022,12,0.0,energy-charts,
2023-01-01,CZ,power,2023,1,0.0,energy-charts,
2023-02-01,CZ,power,2023,2,0.0,energy-charts,
2023-03-01,CZ,power,2023,3,0.0,energy-charts,
2023-04-01,CZ,power,2023,4,0.0,energy-charts,
2023-05-01,CZ,power,2023,5,0.0,energy-charts,
2023-06-01,CZ,power,2023,6,0.0,energy-charts,
2023-07-01,CZ,power,2023,7,0.0,energy-charts,
2023-08-01,CZ,power,2023,8,0.0,energy-charts,
2023-09-01,CZ,power,2023,9,0.0,energy-charts,
2023-10-01,CZ,power,2023,10,0.0,energy-charts,
2023-11-01,CZ,power,2023,11,0.0,energy-charts,
2023-12-01,CZ,power,2023,12,0.0,energy-charts,
2024-01-01,CZ,power,2024,1,0.0,energy-charts,
2024-02-01,CZ,power,2024,2,0.0,energy-charts,
2024-03-01,CZ,power,2024,3,0.0,energy-charts,
2024-04-01,CZ,power,2024,4,0.0,energy-charts,
2024-05-01,CZ,power,2024,5,0.0,energy-charts,
2024-06-01,CZ,power,2024,6,0.0,energy-charts,
2024-07-01,CZ,power,2024,7,0.0,energy-charts,
2024-08-01,CZ,power,2024,8,0.0,energy-charts,
2024-09-01,CZ,power,2024,9,0.0,energy-charts,
2024-10-01,CZ,power,2024,10,0.0,energy-charts,
2024-11-01,CZ,power,2024,11,0.0,energy-charts,
2024-12-01,CZ,power,2024,12,0.0,energy-charts,
2025-01-01,CZ,power,2025,1,0.0,energy-charts,
2025-02-01,CZ,power,2025,2,0.0,energy-charts,
2025-03-01,CZ,power,2025,3,0.0,energy-charts,
2025-04-01,CZ,power,2025,4,0.0,energy-charts,
2025-05-01,CZ,power,2025,5,0.0,energy-charts,
2025-06-01,CZ,power,2025,6,0.0,energy-charts,
2025-07-01,CZ,power,2025,7,0.0,energy-charts,
2025-08-01,CZ,power,2025,8,0.0,energy-charts,
2025-09-01,CZ,power,2025,9,0.0,energy-charts,
2025-10-01,CZ,power,2025,10,0.0,energy-charts,
2019-01-01,DE,household,2019,1,71.05,bundesnetzagentur,
2019-02-01,DE,household,2019,2,51.66,bundesnetzagentur,
2019-03-01,DE,household,2019,3,46.04,bundesnetzagentur,
2019-04-01,DE,household,2019,4,28.59,bundesnetzagentur,
2019-05-01,DE,household,2019,5,23.99,bundesnetzagentur,
2019-06-01,DE,household,2019,6,7.47,bundesnetzagentur,
2019-07-01,DE,household,2019,7,7.56,bundesnetzagentur,
2019-08-01,DE,household,2019,8,7.07,bundesnetzagentur,
2019-09-01,DE,household,2019,9,13.17,bundesnetzagentur,
2019-10-01,DE,household,2019,10,27.93,bundesnetzagentur,
2019-11-01,DE,household,2019,11,49.77,bundesnetzagentur,
2019-12-01,DE,household,2019,12,58.78,bundesnetzagentur,
2020-01-01,DE,household,2020,1,61.04,bundesnetzagentur,
2020-02-01,DE,household,2020,2,51.59,bundesnetzagentur,
2020-03-01,DE,household,2020,3,48.58,bundesnetzagentur,
2020-04-01,DE,household,2020,4,24.9,bundesnetzagentur,
2020-05-01,DE,household,2020,5,19.5,bundesnetzagentur,
2020-06-01,DE,household,2020,6,9.84,bundesnetzagentur,
2020-07-01,DE,household,2020,7,8.49,bundesnetzagentur,
2020-08-01,DE,household,2020,8,6.94,bundesnetzagentur,
2020-09-01,DE,household,2020,9,12.42,bundesnetzagentur,
2020-10-01,DE,household,2020,10,31.65,bundesnetzagentur,
2020-11-01,DE,household,2020,11,44.91,bundesnetzagentur,
2020-12-01,DE,household,2020,12,60.48,bundesnetzagentur,
2021-01-01,DE,household,2021,1,70.49,bundesnetzagentur,
2021-02-01,DE,household,2021,2,59.64,bundesnetzagentur,
2021-03-01,DE,household,2021,3,52.42,bundesnetzagentur,
2021-04-01,DE,household,2021,4,41.67,bundesnetzagentur,
2021-05-01,DE,household,2021,5,26.78,bundesnetzagentur,
2021-06-01,DE,household,2021,6,8.1,bundesnetzagentur,
2021-07-01,DE,household,2021,7,7.84,bundesnetzagentur,
2021-08-01,DE,household,2021,8,9.52,bundesnetzagentur,
2021-09-01,DE,household,2021,9,12.33,bundesnetzagentur,
2021-10-01,DE,household,2021,10,31.59,bundesnetzagentur,
2021-11-01,DE,household,2021,11,50.07,bundesnetzagentur,
2021-12-01,DE,household,2021,12,62.99,bundesnetzagentur,
2022-01-01,DE,household,2022,1,63.86,bundesnetzagentur,
2022-02-01,DE,household,2022,2,52.02,bundesnetzagentur,
2022-03-01,DE,household,2022,3,46.04,bundesnetzagentur,
2022-04-01,DE,household,2022,4,33.6,bundesnetzagentur,
2022-05-01,DE,household,2022,5,13.18,bundesnetzagentur,
2022-06-01,DE,household,2022,6,7.98,bundesnetzagentur,
2022-07-01,DE,household,2022,7,6.57,bundesnetzagentur,
2022-08-01,DE,household,2022,8,5.74,bundesnetzagentur,
2022-09-01,DE,household,2022,9,12.15,bundesnetzagentur,
2022-10-01,DE,household,2022,10,18.2,bundesnetzagentur,
2022-11-01,DE,household,2022,11,35.52,bundesnetzagentur,
2022-12-01,DE,household,2022,12,58.0,bundesnetzagentur,
2023-01-01,DE,household,2023,1,52.98,bundesnetzagentur,
2023-02-01,DE,household,2023,2,47.85,bundesnetzagentur,
2023-03-01,DE,household,2023,3,43.68,bundesnetzagentur,
2023-04-01,DE,household,2023,4,31.5,bundesnetzagentur,
2023-05-01,DE,household,2023,5,14.72,bundesnetzagentur,
2023-06-01,DE,household,2023,6,6.72,bundesnetzagentur,
2023-07-01,DE,household,2023,7,6.51,bundesnetzagentur,
2023-08-01,DE,household,2023,8,6.98,bundesnetzagentur,
2023-09-01,DE,household,2023,9,7.29,bundesnetzagentur,
2023-10-01,DE,household,2023,10,20.24,bundesnetzagentur,
2023-11-01,DE,household,2023,11,42.24,bundesnetzagentur,
2023-12-01,DE,household,2023,12,53.51,bundesnetzagentur,
2024-01-01,DE,household,2024,1,63.27,bundesnetzagentur,
2024-02-01,DE,household,2024,2,41.27,bundesnetzagentur,
2024-03-01,DE,household,2024,3,36.8,bundesnetzagentur,
2024-04-01,DE,household,2024,4,26.04,bundesnetzagentur,
2024-05-01,DE,household,2024,5,11.16,bundesnetzagentur,
2024-06-01,DE,household,2024,6,8.88,bundesnetzagentur,
2024-07-01,DE,household,2024,7,6.7,bundesnetzagentur,
2024-08-01,DE,household,2024,8,5.89,bundesnetzagentur,
2024-09-01,DE,household,2024,9,10.59,bundesnetzagentur,
2024-10-01,DE,household,2024,10,23.99,bundesnetzagentur,
2024-11-01,DE,household,2024,11,43.92,bundesnetzagentur,
2024-12-01,DE,household,2024,12,55.55,bundesnetzagentur,
2025-01-01,DE,household,2025,1,61.63,bundesnetzagentur,
2025-02-01,DE,household,2025,2,53.96,bundesnetzagentur,
2025-03-01,DE,household,2025,3,39.8,bundesnetzagentur,
2025-04-01,DE,household,2025,4,22.32,bundesnetzagentur,
2025-05-01,DE,household,2025,5,14.17,bundesnetzagentur,
2025-06-01,DE,household,2025,6,7.35,bundesnetzagentur,
2025-07-01,DE,household,2025,7,6.51,bundesnetzagentur,
2025-08-01,DE,household,2025,8,6.73,bundesnetzagentur,
2025-09-01,DE,household,2025,9,10.98,bundesnetzagentur,
2025-10-01,DE,household,2025,10,27.28,bundesnetzagentur,
2025-11-01,DE,household,2025,11,42.39,bundesnetzagentur,
2019-01-01,DE,power,2019,1,11.84,energy-charts,
2019-02-01,DE,power,2019,2,9.19,energy-charts,
2019-03-01,DE,power,2019,3,6.97,energy-charts,
2019-04-01,DE,power,2019,4,6.27,energy-charts,
2019-05-01,DE,power,2019,5,6.29,energy-charts,
2019-06-01,DE,power,2019,6,5.78,energy-charts,
2019-07-01,DE,power,2019,7,7.77,energy-charts,
2019-08-01,DE,power,2019,8,8.09,energy-charts,
2019-09-01,DE,power,2019,9,8.6,energy-charts,
2019-10-01,DE,power,2019,10,10.78,energy-charts,
2019-11-01,DE,power,2019,11,10.91,energy-charts,
2019-12-01,DE,power,2019,12,9.57,energy-charts,
2020-01-01,DE,power,2020,1,12.51,energy-charts,
2020-02-01,DE,power,2020,2,8.89,energy-charts,
2020-03-01,DE,power,2020,3,9.18,energy-charts,
2020-04-01,DE,power,2020,4,6.55,energy-charts,
2020-05-01,DE,power,2020,5,7.01,energy-charts,
2020-06-01,DE,power,2020,6,9.34,energy-charts,
2020-07-01,DE,power,2020,7,10.23,energy-charts,
2020-08-01,DE,power,2020,8,9.26,energy-charts,
2020-09-01,DE,power,2020,9,8.49,energy-charts,
2020-10-01,DE,power,2020,10,8.67,energy-charts,
2020-11-01,DE,power,2020,11,12.23,energy-charts,
2020-12-01,DE,power,2020,12,13.27,energy-charts,
2021-01-01,DE,power,2021,1,13.83,energy-charts,
2021-02-01,DE,power,2021,2,12.08,energy-charts,
2021-03-01,DE,power,2021,3,12.21,energy-charts,
2021-04-01,DE,power,2021,4,10.21,energy-charts,
2021-05-01,DE,power,2021,5,5.96,energy-charts,
2021-06-01,DE,power,2021,6,6.84,energy-charts,
2021-07-01,DE,power,2021,7,5.72,energy-charts,
2021-08-01,DE,power,2021,8,3.61,energy-charts,
2021-09-01,DE,power,2021,9,5.91,energy-charts,
2021-10-01,DE,power,2021,10,5.71,energy-charts,
2021-11-01,DE,power,2021,11,11.3,energy-charts,
2021-12-01,DE,power,2021,12,11.41,energy-charts,
2022-01-01,DE,power,2022,1,12.18,energy-charts,
2022-02-01,DE,power,2022,2,8.05,energy-charts,
2022-03-01,DE,power,2022,3,10.69,energy-charts,
2022-04-01,DE,power,2022,4,6.62,energy-charts,
2022-05-01,DE,power,2022,5,6.15,energy-charts,
2022-06-01,DE,power,2022,6,5.58,energy-charts,
2022-07-01,DE,power,2022,7,4.96,energy-charts,
2022-08-01,DE,power,2022,8,5.91,energy-charts,
2022-09-01,DE,power,2022,9,4.95,energy-charts,
2022-10-01,DE,power,2022,10,6.57,energy-charts,
2022-11-01,DE,power,2022,11,7.79,energy-charts,
2022-12-01,DE,power,2022,12,12.02,energy-charts,
2023-01-01,DE,power,2023,1,9.21,energy-charts,
2023-02-01,DE,power,2023,2,9.84,energy-charts,
2023-03-01,DE,power,2023,3,8.34,energy-charts,
2023-04-01,DE,power,2023,4,6.13,energy-charts,
2023-05-01,DE,power,2023,5,4.45,energy-charts,
2023-06-01,DE,power,2023,6,4.78,energy-charts,
2023-07-01,DE,power,2023,7,4.21,energy-charts,
2023-08-01,DE,power,2023,8,5.18,energy-charts,
2023-09-01,DE,power,2023,9,4.46,energy-charts,
2023-10-01,DE,power,2023,10,6.05,energy-charts,
2023-11-01,DE,power,2023,11,8.23,energy-charts,
2023-12-01,DE,power,2023,12,9.09,energy-charts,
2024-01-01,DE,power,2024,1,12.11,energy-charts,
2024-02-01,DE,power,2024,2,8.31,energy-charts,
2024-03-01,DE,power,2024,3,8.53,energy-charts,
2024-04-01,DE,power,2024,4,6.36,energy-charts,
2024-05-01,DE,power,2024,5,5.03,energy-charts,
2024-06-01,DE,power,2024,6,3.86,energy-charts,
2024-07-01,DE,power,2024,7,3.45,energy-charts,
2024-08-01,DE,power,2024,8,4.05,energy-charts,
2024-09-01,DE,power,2024,9,4.54,energy-charts,
2024-10-01,DE,power,2024,10,6.24,energy-charts,
2024-11-01,DE,power,2024,11,12.63,energy-charts,
2024-12-01,DE,power,2024,12,12.06,energy-charts,
2025-01-01,DE,power,2025,1,13.93,energy-charts,
2025-02-01,DE,power,2025,2,13.65,energy-charts,
2025-03-01,DE,power,2025,3,9.97,energy-charts,
2025-04-01,DE,power,2025,4,5.73,energy-charts,
2025-05-01,DE,power,2025,5,4.41,energy-charts,
2025-06-01,DE,power,2025,6,4.81,energy-charts,
2025-07-01,DE,power,2025,7,5.84,energy-charts,
2025-08-01,DE,power,2025,8,6.04,energy-charts,
2025-09-01,DE,power,2025,9,7.6,energy-charts,
2025-10-01,DE,power,2025,10,10.52,energy-charts,
2025-11-01,DE,power,2025,11,15.05,energy-charts,
2019-01-01,DK,power,2019,1,0.78,energy-charts,
2019-02-01,DK,power,2019,2,0.62,energy-charts,
2019-03-01,DK,power,2019,3,0.55,energy-charts,
2019-04-01,DK,power,2019,4,0.35,energy-charts,
2019-05-01,DK,power,2019,5,0.29,energy-charts,
2019-06-01,DK,power,2019,6,0.21,energy-charts,
2019-07-01,DK,power,2019,7,0.26,energy-charts,
2019-08-01,DK,power,2019,8,0.31,energy-charts,
2019-09-01,DK,power,2019,9,0.31,energy-charts,
2019-10-01,DK,power,2019,10,0.44,energy-charts,
2019-11-01,DK,power,2019,11,0.57,energy-charts,
2019-12-01,DK,power,2019,12,0.54,energy-charts,
2020-01-01,DK,power,2020,1,0.45,energy-charts,
2020-02-01,DK,power,2020,2,0.35,energy-charts,
2020-03-01,DK,power,2020,3,0.37,energy-charts,
2020-04-01,DK,power,2020,4,0.28,energy-charts,
2020-05-01,DK,power,2020,5,0.26,energy-charts,
2020-06-01,DK,power,2020,6,0.2,energy-charts,
2020-07-01,DK,power,2020,7,0.18,energy-charts,
2020-08-01,DK,power,2020,8,0.17,energy-charts,
2020-09-01,DK,power,2020,9,0.22,energy-charts,
2020-10-01,DK,power,2020,10,0.28,energy-charts,
2020-11-01,DK,power,2020,11,0.35,energy-charts,
2020-12-01,DK,power,2020,12,0.54,energy-charts,
2021-01-01,DK,power,2021,1,0.75,energy-charts,
2021-02-01,DK,power,2021,2,0.67,energy-charts,
2021-03-01,DK,power,2021,3,0.57,energy-charts,
2021-04-01,DK,power,2021,4,0.46,energy-charts,
2021-05-01,DK,power,2021,5,0.44,energy-charts,
2021-06-01,DK,power,2021,6,0.25,energy-charts,
2021-07-01,DK,power,2021,7,0.2,energy-charts,
2021-08-01,DK,power,2021,8,0.2,energy-charts,
2021-09-01,DK,power,2021,9,0.23,energy-charts,
2021-10-01,DK,power,2021,10,0.35,energy-charts,
2021-11-01,DK,power,2021,11,0.5,energy-charts,
2021-12-01,DK,power,2021,12,0.62,energy-charts,
2022-01-01,DK,power,2022,1,0.55,energy-charts,
2022-02-01,DK,power,2022,2,0.4,energy-charts,
2022-03-01,DK,power,2022,3,0.49,energy-charts,
2022-04-01,DK,power,2022,4,0.33,energy-charts,
2022-05-01,DK,power,2022,5,0.28,energy-charts,
2022-06-01,DK,power,2022,6,0.23,energy-charts,
2022-07-01,DK,power,2022,7,0.2,energy-charts,
2022-08-01,DK,power,2022,8,0.2,energy-charts,
2022-09-01,DK,power,2022,9,0.24,energy-charts,
2022-10-01,DK,power,2022,10,0.34,energy-charts,
2022-11-01,DK,power,2022,11,0.37,energy-charts,
2022-12-01,DK,power,2022,12,0.65,energy-charts,
2023-01-01,DK,power,2023,1,0.54,energy-charts,
2023-02-01,DK,power,2023,2,0.5,energy-charts,
2023-03-01,DK,power,2023,3,0.5,energy-charts,
2023-04-01,DK,power,2023,4,0.34,energy-charts,
2023-05-01,DK,power,2023,5,0.24,energy-charts,
2023-06-01,DK,power,2023,6,0.14,energy-charts,
2023-07-01,DK,power,2023,7,0.15,energy-charts,
2023-08-01,DK,power,2023,8,0.15,energy-charts,
2023-09-01,DK,power,2023,9,0.16,energy-charts,
2023-10-01,DK,power,2023,10,0.24,energy-charts,
2023-11-01,DK,power,2023,11,0.45,energy-charts,
2023-12-01,DK,power,2023,12,0.47,energy-charts,
2024-01-01,DK,power,2024,1,0.6,energy-charts,
2024-02-01,DK,power,2024,2,0.43,energy-charts,
2024-03-01,DK,power,2024,3,0.45,energy-charts,
2024-04-01,DK,power,2024,4,0.31,energy-charts,
2024-05-01,DK,power,2024,5,0.18,energy-charts,
2024-06-01,DK,power,2024,6,0.14,energy-charts,
2024-07-01,DK,power,2024,7,0.17,energy-charts,
2024-08-01,DK,power,2024,8,0.18,energy-charts,
2024-09-01,DK,power,2024,9,0.16,energy-charts,
2024-10-01,DK,power,2024,10,0.27,energy-charts,
2024-11-01,DK,power,2024,11,0.41,energy-charts,
2024-12-01,DK,power,2024,12,0.41,energy-charts,
2025-01-01,DK,power,2025,1,0.47,energy-charts,
2025-02-01,DK,power,2025,2,0.46,energy-charts,
2025-03-01,DK,power,2025,3,0.32,energy-charts,
2025-04-01,DK,power,2025,4,0.24,energy-charts,
2025-05-01,DK,power,2025,5,0.22,energy-charts,
2025-06-01,DK,power,2025,6,0.16,energy-charts,
2025-07-01,DK,power,2025,7,0.17,energy-charts,
2025-08-01,DK,power,2025,8,0.17,energy-charts,
2025-09-01,DK,power,2025,9,0.16,energy-charts,
2025-10-01,DK,power,2025,10,0.25,energy-charts,
2025-11-01,DK,power,2025,11,0.4,energy-charts,
2019-01-01,EE,power,2019,1,0.0,energy-charts,
2019-02-01,EE,power,2019,2,0.0,energy-charts,
2019-03-01,EE,power,2019,3,0.0,energy-charts,
2019-04-01,EE,power,2019,4,0.0,energy-charts,
2019-05-01,EE,power,2019,5,0.0,energy-charts,
2019-06-01,EE,power,2019,6,0.0,energy-charts,
2019-07-01,EE,power,2019,7,0.0,energy-charts,
2019-08-01,EE,power,2019,8,0.0,energy-charts,
2019-09-01,EE,power,2019,9,0.0,energy-charts,
2019-10-01,EE,power,2019,10,0.0,energy-charts,
2019-11-01,EE,power,2019,11,0.0,energy-charts,
2019-12-01,EE,power,2019,12,0.0,energy-charts,
2020-01-01,EE,power,2020,1,0.0,energy-charts,
2020-02-01,EE,power,2020,2,0.0,energy-charts,
2020-03-01,EE,power,2020,3,0.0,energy-charts,
2020-04-01,EE,power,2020,4,0.0,energy-charts,
2020-05-01,EE,power,2020,5,0.0,energy-charts,
2020-06-01,EE,power,2020,6,0.0,energy-charts,
2020-07-01,EE,power,2020,7,0.0,energy-charts,
2020-08-01,EE,power,2020,8,0.0,energy-charts,
2020-09-01,EE,power,2020,9,0.0,energy-charts,
2020-10-01,EE,power,2020,10,0.0,energy-charts,
2020-11-01,EE,power,2020,11,0.0,energy-charts,
2020-12-01,EE,power,2020,12,0.0,energy-charts,
2021-01-01,EE,power,2021,1,0.0,energy-charts,
2021-02-01,EE,power,2021,2,0.0,energy-charts,
2021-03-01,EE,power,2021,3,0.0,energy-charts,
2021-04-01,EE,power,2021,4,0.0,energy-charts,
2021-05-01,EE,power,2021,5,0.0,energy-charts,
2021-06-01,EE,power,2021,6,0.0,energy-charts,
2021-07-01,EE,power,2021,7,0.0,energy-charts,
2021-08-01,EE,power,2021,8,0.0,energy-charts,
2021-09-01,EE,power,2021,9,0.0,energy-charts,
2021-10-01,EE,power,2021,10,0.0,energy-charts,
2021-11-01,EE,power,2021,11,0.0,energy-charts,
2021-12-01,EE,power,2021,12,0.0,energy-charts,
2022-01-01,EE,power,2022,1,0.0,energy-charts,
2022-02-01,EE,power,2022,2,0.0,energy-charts,
2022-03-01,EE,power,2022,3,0.0,energy-charts,
2022-04-01,EE,power,2022,4,0.01,energy-charts,
2022-05-01,EE,power,2022,5,0.0,energy-charts,
2022-06-01,EE,power,2022,6,0.0,energy-charts,
2022-07-01,EE,power,2022,7,0.0,energy-charts,
2022-08-01,EE,power,2022,8,0.01,energy-charts,
2022-09-01,EE,power,2022,9,0.01,energy-charts,
2022-10-01,EE,power,2022,10,0.01,energy-charts,
2022-11-01,EE,power,2022,11,0.01,energy-charts,
2022-12-01,EE,power,2022,12,0.01,energy-charts,
2023-01-01,EE,power,2023,1,0.01,energy-charts,
2023-02-01,EE,power,2023,2,0.01,energy-charts,
2023-03-01,EE,power,2023,3,0.01,energy-charts,
2023-04-01,EE,power,2023,4,0.01,energy-charts,
2023-05-01,EE,power,2023,5,0.01,energy-charts,
2023-06-01,EE,power,2023,6,0.0,energy-charts,
2023-07-01,EE,power,2023,7,0.0,energy-charts,
2023-08-01,EE,power,2023,8,0.01,energy-charts,
2023-09-01,EE,power,2023,9,0.01,energy-charts,
2023-10-01,EE,power,2023,10,0.01,energy-charts,
2023-11-01,EE,power,2023,11,0.01,energy-charts,
2023-12-01,EE,power,2023,12,0.01,energy-charts,
2024-01-01,EE,power,2024,1,0.01,energy-charts,
2024-02-01,EE,power,2024,2,0.01,energy-charts,
2024-03-01,EE,power,2024,3,0.01,energy-charts,
2024-04-01,EE,power,2024,4,0.01,energy-charts,
2024-05-01,EE,power,2024,5,0.0,energy-charts,
2024-06-01,EE,power,2024,6,0.0,energy-charts,
2024-07-01,EE,power,2024,7,0.0,energy-charts,
2024-08-01,EE,power,2024,8,0.0,energy-charts,
2024-09-01,EE,power,2024,9,0.0,energy-charts,
2024-10-01,EE,power,2024,10,0.01,energy-charts,
2024-11-01,EE,power,2024,11,0.01,energy-charts,
2024-12-01,EE,power,2024,12,0.01,energy-charts,
2025-01-01,EE,power,2025,1,0.01,energy-charts,
2025-02-01,EE,power,2025,2,0.01,energy-charts,
2025-03-01,EE,power,2025,3,0.01,energy-charts,
2025-04-01,EE,power,2025,4,0.01,energy-charts,
2025-05-01,EE,power,2025,5,0.01,energy-charts,
2025-06-01,EE,power,2025,6,0.0,energy-charts,
2025-07-01,EE,power,2025,7,0.0,energy-charts,
2025-08-01,EE,power,2025,8,0.0,energy-charts,
2025-09-01,EE,power,2025,9,0.0,energy-charts,
2025-10-01,EE,power,2025,10,0.01,energy-charts,
2025-11-01,EE,power,2025,11,0.01,energy-charts,
2019-01-01,FI,power,2019,1,0.0,energy-charts,
2019-02-01,FI,power,2019,2,0.0,energy-charts,
2019-03-01,FI,power,2019,3,0.0,energy-charts,
2019-04-01,FI,power,2019,4,0.0,energy-charts,
2019-05-01,FI,power,2019,5,0.0,energy-charts,
2019-06-01,FI,power,2019,6,0.0,energy-charts,
2019-07-01,FI,power,2019,7,0.0,energy-charts,
2019-08-01,FI,power,2019,8,0.0,energy-charts,
2019-09-01,FI,power,2019,9,0.0,energy-charts,
2019-10-01,FI,power,2019,10,0.0,energy-charts,
2019-11-01,FI,power,2019,11,0.0,energy-charts,
2019-12-01,FI,power,2019,12,0.0,energy-charts,
2020-01-01,FI,power,2020,1,0.0,energy-charts,
2020-02-01,FI,power,2020,2,0.0,energy-charts,
2020-03-01,FI,power,2020,3,0.0,energy-charts,
2020-04-01,FI,power,2020,4,0.0,energy-charts,
2020-05-01,FI,power,2020,5,0.0,energy-charts,
2020-06-01,FI,power,2020,6,0.0,energy-charts,
2020-07-01,FI,power,2020,7,0.0,energy-charts,
2020-08-01,FI,power,2020,8,0.0,energy-charts,
2020-09-01,FI,power,2020,9,0.0,energy-charts,
2020-10-01,FI,power,2020,10,0.0,energy-charts,
2020-11-01,FI,power,2020,11,0.0,energy-charts,
2020-12-01,FI,power,2020,12,0.0,energy-charts,
2021-01-01,FI,power,2021,1,0.0,energy-charts,
2021-02-01,FI,power,2021,2,0.0,energy-charts,
2021-03-01,FI,power,2021,3,0.0,energy-charts,
2021-04-01,FI,power,2021,4,0.0,energy-charts,
2021-05-01,FI,power,2021,5,0.0,energy-charts,
2021-06-01,FI,power,2021,6,0.0,energy-charts,
2021-07-01,FI,power,2021,7,0.0,energy-charts,
2021-08-01,FI,power,2021,8,0.0,energy-charts,
2021-09-01,FI,power,2021,9,0.0,energy-charts,
2021-10-01,FI,power,2021,10,0.0,energy-charts,
2021-11-01,FI,power,2021,11,0.0,energy-charts,
2021-12-01,FI,power,2021,12,0.0,energy-charts,
2022-01-01,FI,power,2022,1,0.0,energy-charts,
2022-02-01,FI,power,2022,2,0.0,energy-charts,
2022-03-01,FI,power,2022,3,0.0,energy-charts,
2022-04-01,FI,power,2022,4,0.0,energy-charts,
2022-05-01,FI,power,2022,5,0.0,energy-charts,
2022-06-01,FI,power,2022,6,0.0,energy-charts,
2022-07-01,FI,power,2022,7,0.0,energy-charts,
2022-08-01,FI,power,2022,8,0.0,energy-charts,
2022-09-01,FI,power,2022,9,0.0,energy-charts,
2022-10-01,FI,power,2022,10,0.0,energy-charts,
2022-11-01,FI,power,2022,11,0.0,energy-charts,
2022-12-01,FI,power,2022,12,0.0,energy-charts,
2023-01-01,FI,power,2023,1,0.0,energy-charts,
2023-02-01,FI,power,2023,2,0.0,energy-charts,
2023-03-01,FI,power,2023,3,0.0,energy-charts,
2023-04-01,FI,power,2023,4,0.0,energy-charts,
2023-05-01,FI,power,2023,5,0.0,energy-charts,
2023-06-01,FI,power,2023,6,0.0,energy-charts,
2023-07-01,FI,power,2023,7,0.0,energy-charts,
2023-08-01,FI,power,2023,8,0.0,energy-charts,
2023-09-01,FI,power,2023,9,0.0,energy-charts,
2023-10-01,FI,power,2023,10,0.0,energy-charts,
2023-11-01,FI,power,2023,11,0.0,energy-charts,
2023-12-01,FI,power,2023,12,0.0,energy-charts,
2024-01-01,FI,power,2024,1,0.0,energy-charts,
2024-02-01,FI,power,2024,2,0.0,energy-charts,
2024-03-01,FI,power,2024,3,0.0,energy-charts,
2024-04-01,FI,power,2024,4,0.0,energy-charts,
2024-05-01,FI,power,2024,5,0.0,energy-charts,
2024-06-01,FI,power,2024,6,0.0,energy-charts,
2024-07-01,FI,power,2024,7,0.0,energy-charts,
2024-08-01,FI,power,2024,8,0.0,energy-charts,
2024-09-01,FI,power,2024,9,0.0,energy-charts,
2024-10-01,FI,power,2024,10,0.0,energy-charts,
2024-11-01,FI,power,2024,11,0.0,energy-charts,
2024-12-01,FI,power,2024,12,0.0,energy-charts,
2025-01-01,FI,power,2025,1,0.0,energy-charts,
2025-02-01,FI,power,2025,2,0.0,energy-charts,
2025-03-01,FI,power,2025,3,0.0,energy-charts,
2025-04-01,FI,power,2025,4,0.0,energy-charts,
2025-05-01,FI,power,2025,5,0.0,energy-charts,
2025-06-01,FI,power,2025,6,0.0,energy-charts,
2025-07-01,FI,power,2025,7,0.0,energy-charts,
2025-08-01,FI,power,2025,8,0.0,energy-charts,
2025-09-01,FI,power,2025,9,0.0,energy-charts,
2025-10-01,FI,power,2025,10,0.0,energy-charts,
2025-11-01,FI,power,2025,11,0.0,energy-charts,
2019-01-01,FR,household,2019,1,52.04,"entsog, grtgaz",
2019-02-01,FR,household,2019,2,38.3,"entsog, grtgaz",
2019-03-01,FR,household,2019,3,33.37,"entsog, grtgaz",
2019-04-01,FR,household,2019,4,22.78,"entsog, grtgaz",
2019-05-01,FR,household,2019,5,16.62,"entsog, grtgaz",
2019-06-01,FR,household,2019,6,8.23,"entsog, grtgaz",
2019-07-01,FR,household,2019,7,6.88,"entsog, grtgaz",
2019-08-01,FR,household,2019,8,6.13,"entsog, grtgaz",
2019-09-01,FR,household,2019,9,8.48,"entsog, grtgaz",
2019-10-01,FR,household,2019,10,17.54,"entsog, grtgaz",
2019-11-01,FR,household,2019,11,36.48,"entsog, grtgaz",
2019-12-01,FR,household,2019,12,41.75,"entsog, grtgaz",
2020-01-01,FR,household,2020,1,44.75,"entsog, grtgaz",
2020-02-01,FR,household,2020,2,36.17,"entsog, grtgaz",
2020-03-01,FR,household,2020,3,33.99,"entsog, grtgaz",
2020-04-01,FR,household,2020,4,14.77,"entsog, grtgaz",
2020-05-01,FR,household,2020,5,11.08,"entsog, grtgaz",
2020-06-01,FR,household,2020,6,8.11,"entsog, grtgaz",
2020-07-01,FR,household,2020,7,7.14,"entsog, grtgaz",
2020-08-01,FR,household,2020,8,5.98,"entsog, grtgaz",
2020-09-01,FR,household,2020,9,9.02,"entsog, grtgaz",
2020-10-01,FR,household,2020,10,22.86,"entsog, grtgaz",
2020-11-01,FR,household,2020,11,31.16,"entsog, grtgaz",
2020-12-01,FR,household,2020,12,42.65,"entsog, grtgaz",
2021-01-01,FR,household,2021,1,50.8,"entsog, grtgaz",
2021-02-01,FR,household,2021,2,38.05,"entsog, grtgaz",
2021-03-01,FR,household,2021,3,36.2,"entsog, grtgaz",
2021-04-01,FR,household,2021,4,25.8,"entsog, grtgaz",
2021-05-01,FR,household,2021,5,17.84,"entsog, grtgaz",
2021-06-01,FR,household,2021,6,7.8,"entsog, grtgaz",
2021-07-01,FR,household,2021,7,7.18,"entsog, grtgaz",
2021-08-01,FR,household,2021,8,6.47,"entsog, grtgaz",
2021-09-01,FR,household,2021,9,8.12,"entsog, grtgaz",
2021-10-01,FR,household,2021,10,19.84,"entsog, grtgaz",
2021-11-01,FR,household,2021,11,37.83,"entsog, grtgaz",
2021-12-01,FR,household,2021,12,43.34,"entsog, grtgaz",
2022-01-01,FR,household,2022,1,48.68,"entsog, grtgaz",
2022-02-01,FR,household,2022,2,35.64,"entsog, grtgaz",
2022-03-01,FR,household,2022,3,30.46,"entsog, grtgaz",
2022-04-01,FR,household,2022,4,21.48,"entsog, grtgaz",
2022-05-01,FR,household,2022,5,9.19,"entsog, grtgaz",
2022-06-01,FR,household,2022,6,7.05,"entsog, grtgaz",
2022-07-01,FR,household,2022,7,6.06,"entsog, grtgaz",
2022-08-01,FR,household,2022,8,5.35,"entsog, grtgaz",
2022-09-01,FR,household,2022,9,8.32,"entsog, grtgaz",
2022-10-01,FR,household,2022,10,10.77,"entsog, grtgaz",
2022-11-01,FR,household,2022,11,24.31,"entsog, grtgaz",
2022-12-01,FR,household,2022,12,39.73,"entsog, grtgaz",
2023-01-01,FR,household,2023,1,40.18,"entsog, grtgaz",
2023-02-01,FR,household,2023,2,34.14,"entsog, grtgaz",
2023-03-01,FR,household,2023,3,29.39,"entsog, grtgaz",
2023-04-01,FR,household,2023,4,19.76,"entsog, grtgaz",
2023-05-01,FR,household,2023,5,9.87,"entsog, grtgaz",
2023-06-01,FR,household,2023,6,6.35,"entsog, grtgaz",
2023-07-01,FR,household,2023,7,5.76,"entsog, grtgaz",
2023-08-01,FR,household,2023,8,5.29,"entsog, grtgaz",
2023-09-01,FR,household,2023,9,6.59,"entsog, grtgaz",
2023-10-01,FR,household,2023,10,11.41,"entsog, grtgaz",
2023-11-01,FR,household,2023,11,27.47,"entsog, grtgaz",
2023-12-01,FR,household,2023,12,34.24,"entsog, grtgaz",
2024-01-01,FR,household,2024,1,41.58,"entsog, grtgaz",
2024-02-01,FR,household,2024,2,28.52,"entsog, grtgaz",
2024-03-01,FR,household,2024,3,25.76,"entsog, grtgaz",
2024-04-01,FR,household,2024,4,17.58,"entsog, grtgaz",
2024-05-01,FR,household,2024,5,10.01,"entsog, grtgaz",
2024-06-01,FR,household,2024,6,7.01,"entsog, grtgaz",
2024-07-01,FR,household,2024,7,5.88,"entsog, grtgaz",
2024-08-01,FR,household,2024,8,4.77,"entsog, grtgaz",
2024-09-01,FR,household,2024,9,7.68,"entsog, grtgaz",
2024-10-01,FR,household,2024,10,13.43,"entsog, grtgaz",
2024-11-01,FR,household,2024,11,27.39,"entsog, grtgaz",
2024-12-01,FR,household,2024,12,36.67,"entsog, grtgaz",
2025-01-01,FR,household,2025,1,41.43,"entsog, grtgaz",
2025-02-01,FR,household,2025,2,33.51,"entsog, grtgaz",
2025-03-01,FR,household,2025,3,26.77,"entsog, grtgaz",
2025-04-01,FR,household,2025,4,13.64,"entsog, grtgaz",
2025-05-01,FR,household,2025,5,8.18,"entsog, grtgaz",
2025-06-01,FR,household,2025,6,5.61,"entsog, grtgaz",
2025-07-01,FR,household,2025,7,5.02,grtgaz,
2025-08-01,FR,household,2025,8,4.32,grtgaz,
2025-09-01,FR,household,2025,9,7.01,grtgaz,
2025-10-01,FR,household,2025,10,14.18,"entsog, grtgaz",
2025-11-01,FR,household,2025,11,26.33,"entsog, grtgaz",
2019-01-01,FR,industry,2019,1,15.43,"entsog, grtgaz",
2019-02-01,FR,industry,2019,2,12.85,"entsog, grtgaz",
2019-03-01,FR,industry,2019,3,13.25,"entsog, grtgaz",
2019-04-01,FR,industry,2019,4,11.09,"entsog, grtgaz",
2019-05-01,FR,industry,2019,5,10.93,"entsog, grtgaz",
2019-06-01,FR,industry,2019,6,9.7,"entsog, grtgaz",
2019-07-01,FR,industry,2019,7,9.79,"entsog, grtgaz",
2019-08-01,FR,industry,2019,8,8.85,"entsog, grtgaz",
2019-09-01,FR,industry,2019,9,9.46,"entsog, grtgaz",
2019-10-01,FR,industry,2019,10,10.79,"entsog, grtgaz",
2019-11-01,FR,industry,2019,11,13.77,"entsog, grtgaz",
2019-12-01,FR,industry,2019,12,14.11,"entsog, grtgaz",
2020-01-01,FR,industry,2020,1,14.22,"entsog, grtgaz",
2020-02-01,FR,industry,2020,2,12.67,"entsog, grtgaz",
2020-03-01,FR,industry,2020,3,12.0,"entsog, grtgaz",
2020-04-01,FR,industry,2020,4,8.83,"entsog, grtgaz",
2020-05-01,FR,industry,2020,5,9.62,"entsog, grtgaz",
2020-06-01,FR,industry,2020,6,9.25,"entsog, grtgaz",
2020-07-01,FR,industry,2020,7,9.27,"entsog, grtgaz",
2020-08-01,FR,industry,2020,8,8.19,"entsog, grtgaz",
2020-09-01,FR,industry,2020,9,9.86,"entsog, grtgaz",
2020-10-01,FR,industry,2020,10,11.84,"entsog, grtgaz",
2020-11-01,FR,industry,2020,11,12.97,"entsog, grtgaz",
2020-12-01,FR,industry,2020,12,13.5,"entsog, grtgaz",
2021-01-01,FR,industry,2021,1,14.18,"entsog, grtgaz",
2021-02-01,FR,industry,2021,2,12.1,"entsog, grtgaz",
2021-03-01,FR,industry,2021,3,12.59,"entsog, grtgaz",
2021-04-01,FR,industry,2021,4,10.56,"entsog, grtgaz",
2021-05-01,FR,industry,2021,5,10.11,"entsog, grtgaz",
2021-06-01,FR,industry,2021,6,9.18,"entsog, grtgaz",
2021-07-01,FR,industry,2021,7,8.9,"entsog, grtgaz",
2021-08-01,FR,industry,2021,8,8.39,"entsog, grtgaz",
2021-09-01,FR,industry,2021,9,9.19,"entsog, grtgaz",
2021-10-01,FR,industry,2021,10,10.63,"entsog, grtgaz",
2021-11-01,FR,industry,2021,11,12.91,"entsog, grtgaz",
2021-12-01,FR,industry,2021,12,13.4,"entsog, grtgaz",
2022-01-01,FR,industry,2022,1,13.45,"entsog, grtgaz",
2022-02-01,FR,industry,2022,2,11.23,"entsog, grtgaz",
2022-03-01,FR,industry,2022,3,10.79,"entsog, grtgaz",
2022-04-01,FR,industry,2022,4,9.11,"entsog, grtgaz",
2022-05-01,FR,industry,2022,5,8.79,"entsog, grtgaz",
2022-06-01,FR,industry,2022,6,8.17,"entsog, grtgaz",
2022-07-01,FR,industry,2022,7,8.05,"entsog, grtgaz",
2022-08-01,FR,industry,2022,8,7.39,"entsog, grtgaz",
2022-09-01,FR,industry,2022,9,8.57,"entsog, grtgaz",
2022-10-01,FR,industry,2022,10,9.28,"entsog, grtgaz",
2022-11-01,FR,industry,2022,11,10.55,"entsog, grtgaz",
2022-12-01,FR,industry,2022,12,11.62,"entsog, grtgaz",
2023-01-01,FR,industry,2023,1,10.94,"entsog, grtgaz",
2023-02-01,FR,industry,2023,2,10.41,"entsog, grtgaz",
2023-03-01,FR,industry,2023,3,10.49,"entsog, grtgaz",
2023-04-01,FR,industry,2023,4,8.19,"entsog, grtgaz",
2023-05-01,FR,industry,2023,5,7.81,"entsog, grtgaz",
2023-06-01,FR,industry,2023,6,7.28,"entsog, grtgaz",
2023-07-01,FR,industry,2023,7,7.29,"entsog, grtgaz",
2023-08-01,FR,industry,2023,8,6.85,"entsog, grtgaz",
2023-09-01,FR,industry,2023,9,7.69,"entsog, grtgaz",
2023-10-01,FR,industry,2023,10,9.45,"entsog, grtgaz",
2023-11-01,FR,industry,2023,11,10.8,"entsog, grtgaz",
2023-12-01,FR,industry,2023,12,11.37,"entsog, grtgaz",
2024-01-01,FR,industry,2024,1,11.73,"entsog, grtgaz",
2024-02-01,FR,industry,2024,2,10.14,"entsog, grtgaz",
2024-03-01,FR,industry,2024,3,10.05,"entsog, grtgaz",
2024-04-01,FR,industry,2024,4,8.28,"entsog, grtgaz",
2024-05-01,FR,industry,2024,5,8.25,"entsog, grtgaz",
2024-06-01,FR,industry,2024,6,7.69,"entsog, grtgaz",
2024-07-01,FR,industry,2024,7,7.71,"entsog, grtgaz",
2024-08-01,FR,industry,2024,8,6.76,"entsog, grtgaz",
2024-09-01,FR,industry,2024,9,8.16,"entsog, grtgaz",
2024-10-01,FR,industry,2024,10,9.27,"entsog, grtgaz",
2024-11-01,FR,industry,2024,11,10.45,"entsog, grtgaz",
2024-12-01,FR,industry,2024,12,10.92,"entsog, grtgaz",
2025-01-01,FR,industry,2025,1,11.18,"entsog, grtgaz",
2025-02-01,FR,industry,2025,2,9.56,"entsog, grtgaz",
2025-03-01,FR,industry,2025,3,9.57,"entsog, grtgaz",
2025-04-01,FR,industry,2025,4,7.78,"entsog, grtgaz",
2025-05-01,FR,industry,2025,5,7.46,"entsog, grtgaz",
2025-06-01,FR,industry,2025,6,6.53,"entsog, grtgaz",
2025-07-01,FR,industry,2025,7,6.49,grtgaz,
2025-08-01,FR,industry,2025,8,5.98,grtgaz,
2025-09-01,FR,industry,2025,9,7.64,grtgaz,
2025-10-01,FR,industry,2025,10,8.58,"entsog, grtgaz",
2025-11-01,FR,industry,2025,11,9.58,"entsog, grtgaz",
2019-01-01,FR,power,2019,1,6.6,grtgaz,
2019-02-01,FR,power,2019,2,4.59,grtgaz,
2019-03-01,FR,power,2019,3,2.17,grtgaz,
2019-04-01,FR,power,2019,4,2.92,grtgaz,
2019-05-01,FR,power,2019,5,2.74,grtgaz,
2019-06-01,FR,power,2019,6,2.6,grtgaz,
2019-07-01,FR,power,2019,7,4.49,grtgaz,
2019-08-01,FR,power,2019,8,3.02,grtgaz,
2019-09-01,FR,power,2019,9,4.55,grtgaz,
2019-10-01,FR,power,2019,10,5.29,grtgaz,
2019-11-01,FR,power,2019,11,6.24,grtgaz,
2019-12-01,FR,power,2019,12,3.92,grtgaz,
2020-01-01,FR,power,2020,1,5.97,grtgaz,
2020-02-01,FR,power,2020,2,3.25,grtgaz,
2020-03-01,FR,power,2020,3,2.97,grtgaz,
2020-04-01,FR,power,2020,4,0.22,grtgaz,
2020-05-01,FR,power,2020,5,1.51,grtgaz,
2020-06-01,FR,power,2020,6,4.12,grtgaz,
2020-07-01,FR,power,2020,7,4.23,grtgaz,
2020-08-01,FR,power,2020,8,4.2,grtgaz,
2020-09-01,FR,power,2020,9,4.15,grtgaz,
2020-10-01,FR,power,2020,10,3.52,grtgaz,
2020-11-01,FR,power,2020,11,4.7,grtgaz,
2020-12-01,FR,power,2020,12,4.61,grtgaz,
2021-01-01,FR,power,2021,1,4.95,grtgaz,
2021-02-01,FR,power,2021,2,3.5,grtgaz,
2021-03-01,FR,power,2021,3,3.71,grtgaz,
2021-04-01,FR,power,2021,4,4.48,grtgaz,
2021-05-01,FR,power,2021,5,1.36,grtgaz,
2021-06-01,FR,power,2021,6,2.07,grtgaz,
2021-07-01,FR,power,2021,7,1.98,grtgaz,
2021-08-01,FR,power,2021,8,0.71,grtgaz,
2021-09-01,FR,power,2021,9,2.36,grtgaz,
2021-10-01,FR,power,2021,10,2.71,grtgaz,
2021-11-01,FR,power,2021,11,5.94,grtgaz,
2021-12-01,FR,power,2021,12,5.41,grtgaz,
2022-01-01,FR,power,2022,1,5.83,grtgaz,
2022-02-01,FR,power,2022,2,3.6,grtgaz,
2022-03-01,FR,power,2022,3,5.93,grtgaz,
2022-04-01,FR,power,2022,4,5.11,grtgaz,
2022-05-01,FR,power,2022,5,4.54,grtgaz,
2022-06-01,FR,power,2022,6,3.84,grtgaz,
2022-07-01,FR,power,2022,7,4.99,grtgaz,
2022-08-01,FR,power,2022,8,4.64,grtgaz,
2022-09-01,FR,power,2022,9,5.03,grtgaz,
2022-10-01,FR,power,2022,10,5.99,grtgaz,
2022-11-01,FR,power,2022,11,5.62,grtgaz,
2022-12-01,FR,power,2022,12,5.38,grtgaz,
2023-01-01,FR,power,2023,1,4.49,grtgaz,
2023-02-01,FR,power,2023,2,5.83,grtgaz,
2023-03-01,FR,power,2023,3,3.5,grtgaz,
2023-04-01,FR,power,2023,4,3.03,grtgaz,
2023-05-01,FR,power,2023,5,1.7,grtgaz,
2023-06-01,FR,power,2023,6,2.79,grtgaz,
2023-07-01,FR,power,2023,7,2.81,grtgaz,
2023-08-01,FR,power,2023,8,2.43,grtgaz,
2023-09-01,FR,power,2023,9,1.99,grtgaz,
2023-10-01,FR,power,2023,10,1.75,grtgaz,
2023-11-01,FR,power,2023,11,2.77,grtgaz,
2023-12-01,FR,power,2023,12,2.88,grtgaz,
2024-01-01,FR,power,2024,1,3.9,grtgaz,
2024-02-01,FR,power,2024,2,1.63,grtgaz,
2024-03-01,FR,power,2024,3,1.73,grtgaz,
2024-04-01,FR,power,2024,4,0.49,grtgaz,
2024-05-01,FR,power,2024,5,0.08,grtgaz,
2024-06-01,FR,power,2024,6,0.21,grtgaz,
2024-07-01,FR,power,2024,7,0.53,grtgaz,
2024-08-01,FR,power,2024,8,0.58,grtgaz,
2024-09-01,FR,power,2024,9,0.71,grtgaz,
2024-10-01,FR,power,2024,10,0.62,grtgaz,
2024-11-01,FR,power,2024,11,2.96,grtgaz,
2024-12-01,FR,power,2024,12,2.38,grtgaz,
2025-01-01,FR,power,2025,1,2.94,grtgaz,
2025-02-01,FR,power,2025,2,2.91,grtgaz,
2025-03-01,FR,power,2025,3,1.5,grtgaz,
2025-04-01,FR,power,2025,4,0.46,grtgaz,
2025-05-01,FR,power,2025,5,0.12,grtgaz,
2025-06-01,FR,power,2025,6,0.73,grtgaz,
2025-07-01,FR,power,2025,7,1.18,grtgaz,
2025-08-01,FR,power,2025,8,1.05,grtgaz,
2025-09-01,FR,power,2025,9,0.31,grtgaz,
2025-10-01,FR,power,2025,10,1.56,grtgaz,
2025-11-01,FR,power,2025,11,1.66,grtgaz,
2019-01-01,GR,power,2019,1,4.33,energy-charts,
2019-02-01,GR,power,2019,2,2.84,energy-charts,
2019-03-01,GR,power,2019,3,1.95,energy-charts,
2019-04-01,GR,power,2019,4,2.07,energy-charts,
2019-05-01,GR,power,2019,5,2.07,energy-charts,
2019-06-01,GR,power,2019,6,2.96,energy-charts,
2019-07-01,GR,power,2019,7,3.83,energy-charts,
2019-08-01,GR,power,2019,8,3.55,energy-charts,
2019-09-01,GR,power,2019,9,3.29,energy-charts,
2019-10-01,GR,power,2019,10,3.12,energy-charts,
2019-11-01,GR,power,2019,11,2.4,energy-charts,
2019-12-01,GR,power,2019,12,2.2,energy-charts,
2020-01-01,GR,power,2020,1,3.51,energy-charts,
2020-02-01,GR,power,2020,2,2.57,energy-charts,
2020-03-01,GR,power,2020,3,2.43,energy-charts,
2020-04-01,GR,power,2020,4,2.3,energy-charts,
2020-05-01,GR,power,2020,5,2.69,energy-charts,
2020-06-01,GR,power,2020,6,3.0,energy-charts,
2020-07-01,GR,power,2020,7,4.23,energy-charts,
2020-08-01,GR,power,2020,8,3.89,energy-charts,
2020-09-01,GR,power,2020,9,3.46,energy-charts,
2020-10-01,GR,power,2020,10,3.01,energy-charts,
2020-11-01,GR,power,2020,11,3.02,energy-charts,
2020-12-01,GR,power,2020,12,3.68,energy-charts,
2021-01-01,GR,power,2021,1,3.44,energy-charts,
2021-02-01,GR,power,2021,2,1.87,energy-charts,
2021-03-01,GR,power,2021,3,2.85,energy-charts,
2021-04-01,GR,power,2021,4,3.43,energy-charts,
2021-05-01,GR,power,2021,5,2.61,energy-charts,
2021-06-01,GR,power,2021,6,4.11,energy-charts,
2021-07-01,GR,power,2021,7,5.0,energy-charts,
2021-08-01,GR,power,2021,8,4.7,energy-charts,
2021-09-01,GR,power,2021,9,4.16,energy-charts,
2021-10-01,GR,power,2021,10,3.97,energy-charts,
2021-11-01,GR,power,2021,11,3.85,energy-charts,
2021-12-01,GR,power,2021,12,3.99,energy-charts,
2022-01-01,GR,power,2022,1,3.33,energy-charts,
2022-02-01,GR,power,2022,2,3.13,energy-charts,
2022-03-01,GR,power,2022,3,4.3,energy-charts,
2022-04-01,GR,power,2022,4,1.8,energy-charts,
2022-05-01,GR,power,2022,5,2.54,energy-charts,
2022-06-01,GR,power,2022,6,3.46,energy-charts,
2022-07-01,GR,power,2022,7,4.75,energy-charts,
2022-08-01,GR,power,2022,8,4.47,energy-charts,
2022-09-01,GR,power,2022,9,2.66,energy-charts,
2022-10-01,GR,power,2022,10,1.75,energy-charts,
2022-11-01,GR,power,2022,11,2.58,energy-charts,
2022-12-01,GR,power,2022,12,3.31,energy-charts,
2023-01-01,GR,power,2023,1,1.94,energy-charts,
2023-02-01,GR,power,2023,2,1.99,energy-charts,
2023-03-01,GR,power,2023,3,2.1,energy-charts,
2023-04-01,GR,power,2023,4,2.35,energy-charts,
2023-05-01,GR,power,2023,5,1.91,energy-charts,
2023-06-01,GR,power,2023,6,2.95,energy-charts,
2023-07-01,GR,power,2023,7,3.99,energy-charts,
2023-08-01,GR,power,2023,8,3.4,energy-charts,
2023-09-01,GR,power,2023,9,3.14,energy-charts,
2023-10-01,GR,power,2023,10,2.79,energy-charts,
2023-11-01,GR,power,2023,11,2.05,energy-charts,
2023-12-01,GR,power,2023,12,2.52,energy-charts,
2024-01-01,GR,power,2024,1,2.91,energy-charts,
2024-02-01,GR,power,2024,2,2.4,energy-charts,
2024-03-01,GR,power,2024,3,2.91,energy-charts,
2024-04-01,GR,power,2024,4,2.47,energy-charts,
2024-05-01,GR,power,2024,5,3.35,energy-charts,
2024-06-01,GR,power,2024,6,4.05,energy-charts,
2024-07-01,GR,power,2024,7,4.8,energy-charts,
2024-08-01,GR,power,2024,8,4.39,energy-charts,
2024-09-01,GR,power,2024,9,3.4,energy-charts,
2024-10-01,GR,power,2024,10,2.89,energy-charts,
2024-11-01,GR,power,2024,11,4.3,energy-charts,
2024-12-01,GR,power,2024,12,4.32,energy-charts,
2025-01-01,GR,power,2025,1,4.58,energy-charts,
2025-02-01,GR,power,2025,2,4.83,energy-charts,
2025-03-01,GR,power,2025,3,2.96,energy-charts,
2025-04-01,GR,power,2025,4,2.13,energy-charts,
2025-05-01,GR,power,2025,5,2.86,energy-charts,
2025-06-01,GR,power,2025,6,4.01,energy-charts,
2025-07-01,GR,power,2025,7,4.9,energy-charts,
2025-08-01,GR,power,2025,8,3.99,energy-charts,
2025-09-01,GR,power,2025,9,3.5,energy-charts,
2025-10-01,GR,power,2025,10,3.66,energy-charts,
2025-11-01,GR,power,2025,11,3.48,energy-charts,
2019-01-01,HR,power,2019,1,0.0,energy-charts,
2019-02-01,HR,power,2019,2,0.0,energy-charts,
2019-03-01,HR,power,2019,3,0.0,energy-charts,
2019-04-01,HR,power,2019,4,0.0,energy-charts,
2019-05-01,HR,power,2019,5,0.0,energy-charts,
2019-06-01,HR,power,2019,6,0.0,energy-charts,
2019-07-01,HR,power,2019,7,0.0,energy-charts,
2019-08-01,HR,power,2019,8,0.0,energy-charts,
2019-09-01,HR,power,2019,9,0.0,energy-charts,
2019-10-01,HR,power,2019,10,0.0,energy-charts,
2019-11-01,HR,power,2019,11,0.0,energy-charts,
2019-12-01,HR,power,2019,12,0.0,energy-charts,
2020-01-01,HR,power,2020,1,0.0,energy-charts,
2020-02-01,HR,power,2020,2,0.0,energy-charts,
2020-03-01,HR,power,2020,3,0.0,energy-charts,
2020-04-01,HR,power,2020,4,0.0,energy-charts,
2020-05-01,HR,power,2020,5,0.0,energy-charts,
2020-06-01,HR,power,2020,6,0.0,energy-charts,
2020-07-01,HR,power,2020,7,0.0,energy-charts,
2020-08-01,HR,power,2020,8,0.0,energy-charts,
2020-09-01,HR,power,2020,9,0.0,energy-charts,
2020-10-01,HR,power,2020,10,0.0,energy-charts,
2020-11-01,HR,power,2020,11,0.0,energy-charts,
2020-12-01,HR,power,2020,12,0.0,energy-charts,
2021-01-01,HR,power,2021,1,0.0,energy-charts,
2021-02-01,HR,power,2021,2,0.0,energy-charts,
2021-03-01,HR,power,2021,3,0.0,energy-charts,
2021-04-01,HR,power,2021,4,0.0,energy-charts,
2021-05-01,HR,power,2021,5,0.0,energy-charts,
2021-06-01,HR,power,2021,6,0.0,energy-charts,
2021-07-01,HR,power,2021,7,0.0,energy-charts,
2021-08-01,HR,power,2021,8,0.0,energy-charts,
2021-09-01,HR,power,2021,9,0.0,energy-charts,
2021-10-01,HR,power,2021,10,0.0,energy-charts,
2021-11-01,HR,power,2021,11,0.0,energy-charts,
2021-12-01,HR,power,2021,12,0.0,energy-charts,
2022-01-01,HR,power,2022,1,0.0,energy-charts,
2022-02-01,HR,power,2022,2,0.0,energy-charts,
2022-03-01,HR,power,2022,3,0.0,energy-charts,
2022-04-01,HR,power,2022,4,0.0,energy-charts,
2022-05-01,HR,power,2022,5,0.0,energy-charts,
2022-06-01,HR,power,2022,6,0.0,energy-charts,
2022-07-01,HR,power,2022,7,0.0,energy-charts,
2022-08-01,HR,power,2022,8,0.0,energy-charts,
2022-09-01,HR,power,2022,9,0.0,energy-charts,
2022-10-01,HR,power,2022,10,0.0,energy-charts,
2022-11-01,HR,power,2022,11,0.0,energy-charts,
2022-12-01,HR,power,2022,12,0.0,energy-charts,
2023-01-01,HR,power,2023,1,0.0,energy-charts,
2023-02-01,HR,power,2023,2,0.0,energy-charts,
2023-03-01,HR,power,2023,3,0.0,energy-charts,
2023-04-01,HR,power,2023,4,0.0,energy-charts,
2023-05-01,HR,power,2023,5,0.0,energy-charts,
2023-06-01,HR,power,2023,6,0.0,energy-charts,
2023-07-01,HR,power,2023,7,0.0,energy-charts,
2023-08-01,HR,power,2023,8,0.0,energy-charts,
2023-09-01,HR,power,2023,9,0.0,energy-charts,
2023-10-01,HR,power,2023,10,0.0,energy-charts,
2023-11-01,HR,power,2023,11,0.0,energy-charts,
2023-12-01,HR,power,2023,12,0.0,energy-charts,
2024-01-01,HR,power,2024,1,0.0,energy-charts,
2024-02-01,HR,power,2024,2,0.0,energy-charts,
2024-03-01,HR,power,2024,3,0.0,energy-charts,
2024-04-01,HR,power,2024,4,0.0,energy-charts,
2024-05-01,HR,power,2024,5,0.0,energy-charts,
2024-06-01,HR,power,2024,6,0.0,energy-charts,
2024-07-01,HR,power,2024,7,0.0,energy-charts,
2024-08-01,HR,power,2024,8,0.0,energy-charts,
2024-09-01,HR,power,2024,9,0.0,energy-charts,
2024-10-01,HR,power,2024,10,0.0,energy-charts,
2024-11-01,HR,power,2024,11,0.0,energy-charts,
2024-12-01,HR,power,2024,12,0.0,energy-charts,
2025-01-01,HR,power,2025,1,0.0,energy-charts,
2025-02-01,HR,power,2025,2,0.0,energy-charts,
2025-03-01,HR,power,2025,3,0.0,energy-charts,
2025-04-01,HR,power,2025,4,0.0,energy-charts,
2025-05-01,HR,power,2025,5,0.0,energy-charts,
2025-06-01,HR,power,2025,6,0.0,energy-charts,
2025-07-01,HR,power,2025,7,0.0,energy-charts,
2025-08-01,HR,power,2025,8,0.0,energy-charts,
2025-09-01,HR,power,2025,9,0.0,energy-charts,
2025-10-01,HR,power,2025,10,0.0,energy-charts,
2025-11-01,HR,power,2025,11,0.0,energy-charts,
2019-01-01,HU,household,2019,1,14.82,entsog,
2019-02-01,HU,household,2019,2,10.82,entsog,
2019-03-01,HU,household,2019,3,8.4,entsog,
2019-04-01,HU,household,2019,4,5.28,entsog,
2019-05-01,HU,household,2019,5,4.53,entsog,
2019-06-01,HU,household,2019,6,2.25,entsog,
2019-07-01,HU,household,2019,7,2.41,entsog,
2019-08-01,HU,household,2019,8,2.37,entsog,
2019-09-01,HU,household,2019,9,3.01,entsog,
2019-10-01,HU,household,2019,10,5.73,entsog,
2019-11-01,HU,household,2019,11,8.36,entsog,
2019-12-01,HU,household,2019,12,11.93,entsog,
2020-01-01,HU,household,2020,1,14.85,entsog,
2020-02-01,HU,household,2020,2,10.6,entsog,
2020-03-01,HU,household,2020,3,9.56,entsog,
2020-04-01,HU,household,2020,4,5.63,entsog,
2020-05-01,HU,household,2020,5,3.52,entsog,
2020-06-01,HU,household,2020,6,2.61,entsog,
2020-07-01,HU,household,2020,7,2.68,entsog,
2020-08-01,HU,household,2020,8,2.32,entsog,
2020-09-01,HU,household,2020,9,2.92,entsog,
2020-10-01,HU,household,2020,10,6.79,entsog,
2020-11-01,HU,household,2020,11,10.59,entsog,
2020-12-01,HU,household,2020,12,12.02,entsog,
2021-01-01,HU,household,2021,1,13.56,entsog,
2021-02-01,HU,household,2021,2,11.76,entsog,
2021-03-01,HU,household,2021,3,10.65,entsog,
2021-04-01,HU,household,2021,4,8.07,entsog,
2021-05-01,HU,household,2021,5,4.53,entsog,
2021-06-01,HU,household,2021,6,2.9,entsog,
2021-07-01,HU,household,2021,7,2.46,entsog,
2021-08-01,HU,household,2021,8,2.37,entsog,
2021-09-01,HU,household,2021,9,3.0,entsog,
2021-10-01,HU,household,2021,10,7.64,entsog,
2021-11-01,HU,household,2021,11,10.51,entsog,
2021-12-01,HU,household,2021,12,13.67,entsog,
2022-01-01,HU,household,2022,1,13.8,entsog,
2022-02-01,HU,household,2022,2,10.77,entsog,
2022-03-01,HU,household,2022,3,10.96,entsog,
2022-04-01,HU,household,2022,4,7.18,entsog,
2022-05-01,HU,household,2022,5,2.97,entsog,
2022-06-01,HU,household,2022,6,2.45,entsog,
2022-07-01,HU,household,2022,7,2.21,entsog,
2022-08-01,HU,household,2022,8,2.14,entsog,
2022-09-01,HU,household,2022,9,2.95,entsog,
2022-10-01,HU,household,2022,10,4.44,entsog,
2022-11-01,HU,household,2022,11,7.79,entsog,
2022-12-01,HU,household,2022,12,10.51,entsog,
2023-01-01,HU,household,2023,1,9.89,entsog,
2023-02-01,HU,household,2023,2,9.51,entsog,
2023-03-01,HU,household,2023,3,7.62,entsog,
2023-04-01,HU,household,2023,4,5.78,entsog,
2023-05-01,HU,household,2023,5,2.94,entsog,
2023-06-01,HU,household,2023,6,2.14,entsog,
2023-07-01,HU,household,2023,7,2.09,entsog,
2023-08-01,HU,household,2023,8,2.02,entsog,
2023-09-01,HU,household,2023,9,1.99,entsog,
2023-10-01,HU,household,2023,10,3.75,entsog,
2023-11-01,HU,household,2023,11,7.97,entsog,
2023-12-01,HU,household,2023,12,10.73,entsog,
2024-01-01,HU,household,2024,1,11.78,entsog,
2024-02-01,HU,household,2024,2,7.46,entsog,
2024-03-01,HU,household,2024,3,6.58,entsog,
2024-04-01,HU,household,2024,4,4.14,entsog,
2024-05-01,HU,household,2024,5,2.52,entsog,
2024-06-01,HU,household,2024,6,1.91,entsog,
2024-07-01,HU,household,2024,7,1.96,entsog,
2024-08-01,HU,household,2024,8,2.01,entsog,
2024-09-01,HU,household,2024,9,2.37,entsog,
2024-10-01,HU,household,2024,10,4.9,entsog,
2024-11-01,HU,household,2024,11,9.52,entsog,
2024-12-01,HU,household,2024,12,10.86,entsog,
2025-01-01,HU,household,2025,1,10.68,entsog,
2025-02-01,HU,household,2025,2,10.32,entsog,
2025-03-01,HU,household,2025,3,7.0,entsog,
2025-04-01,HU,household,2025,4,4.32,entsog,
2025-05-01,HU,household,2025,5,3.13,entsog,
2025-06-01,HU,household,2025,6,0.7,entsog,
2025-10-01,HU,household,2025,10,2.37,entsog,
2025-11-01,HU,household,2025,11,8.44,entsog,
2019-01-01,HU,power,2019,1,1.97,energy-charts,
2019-02-01,HU,power,2019,2,1.08,energy-charts,
2019-03-01,HU,power,2019,3,0.94,energy-charts,
2019-04-01,HU,power,2019,4,0.87,energy-charts,
2019-05-01,HU,power,2019,5,0.73,energy-charts,
2019-06-01,HU,power,2019,6,0.91,energy-charts,
2019-07-01,HU,power,2019,7,1.24,energy-charts,
2019-08-01,HU,power,2019,8,1.26,energy-charts,
2019-09-01,HU,power,2019,9,1.37,energy-charts,
2019-10-01,HU,power,2019,10,1.71,energy-charts,
2019-11-01,HU,power,2019,11,1.5,energy-charts,
2019-12-01,HU,power,2019,12,1.49,energy-charts,
2020-01-01,HU,power,2020,1,1.81,energy-charts,
2020-02-01,HU,power,2020,2,1.7,energy-charts,
2020-03-01,HU,power,2020,3,1.26,energy-charts,
2020-04-01,HU,power,2020,4,0.8,energy-charts,
2020-05-01,HU,power,2020,5,0.77,energy-charts,
2020-06-01,HU,power,2020,6,1.09,energy-charts,
2020-07-01,HU,power,2020,7,1.24,energy-charts,
2020-08-01,HU,power,2020,8,1.32,energy-charts,
2020-09-01,HU,power,2020,9,1.32,energy-charts,
2020-10-01,HU,power,2020,10,1.43,energy-charts,
2020-11-01,HU,power,2020,11,1.82,energy-charts,
2020-12-01,HU,power,2020,12,1.48,energy-charts,
2021-01-01,HU,power,2021,1,1.86,energy-charts,
2021-02-01,HU,power,2021,2,1.42,energy-charts,
2021-03-01,HU,power,2021,3,1.41,energy-charts,
2021-04-01,HU,power,2021,4,1.19,energy-charts,
2021-05-01,HU,power,2021,5,1.16,energy-charts,
2021-06-01,HU,power,2021,6,1.19,energy-charts,
2021-07-01,HU,power,2021,7,1.27,energy-charts,
2021-08-01,HU,power,2021,8,1.17,energy-charts,
2021-09-01,HU,power,2021,9,1.17,energy-charts,
2021-10-01,HU,power,2021,10,1.49,energy-charts,
2021-11-01,HU,power,2021,11,1.93,energy-charts,
2021-12-01,HU,power,2021,12,1.96,energy-charts,
2022-01-01,HU,power,2022,1,1.83,energy-charts,
2022-02-01,HU,power,2022,2,1.7,energy-charts,
2022-03-01,HU,power,2022,3,1.55,energy-charts,
2022-04-01,HU,power,2022,4,0.88,energy-charts,
2022-05-01,HU,power,2022,5,0.93,energy-charts,
2022-06-01,HU,power,2022,6,0.99,energy-charts,
2022-07-01,HU,power,2022,7,1.2,energy-charts,
2022-08-01,HU,power,2022,8,1.17,energy-charts,
2022-09-01,HU,power,2022,9,1.14,energy-charts,
2022-10-01,HU,power,2022,10,1.21,energy-charts,
2022-11-01,HU,power,2022,11,1.45,energy-charts,
2022-12-01,HU,power,2022,12,1.57,energy-charts,
2023-01-01,HU,power,2023,1,1.32,energy-charts,
2023-02-01,HU,power,2023,2,1.4,energy-charts,
2023-03-01,HU,power,2023,3,1.14,energy-charts,
2023-04-01,HU,power,2023,4,0.84,energy-charts,
2023-05-01,HU,power,2023,5,0.82,energy-charts,
2023-06-01,HU,power,2023,6,0.81,energy-charts,
2023-07-01,HU,power,2023,7,1.1,energy-charts,
2023-08-01,HU,power,2023,8,1.04,energy-charts,
2023-09-01,HU,power,2023,9,0.96,energy-charts,
2023-10-01,HU,power,2023,10,1.06,energy-charts,
2023-11-01,HU,power,2023,11,1.32,energy-charts,
2023-12-01,HU,power,2023,12,1.27,energy-charts,
2024-01-01,HU,power,2024,1,1.5,energy-charts,
2024-02-01,HU,power,2024,2,1.1,energy-charts,
2024-03-01,HU,power,2024,3,1.03,energy-charts,
2024-04-01,HU,power,2024,4,0.77,energy-charts,
2024-05-01,HU,power,2024,5,0.74,energy-charts,
2024-06-01,HU,power,2024,6,0.69,energy-charts,
2024-07-01,HU,power,2024,7,0.83,energy-charts,
2024-08-01,HU,power,2024,8,0.84,energy-charts,
2024-09-01,HU,power,2024,9,0.84,energy-charts,
2024-10-01,HU,power,2024,10,1.08,energy-charts,
2024-11-01,HU,power,2024,11,1.68,energy-charts,
2024-12-01,HU,power,2024,12,1.71,energy-charts,
2025-01-01,HU,power,2025,1,1.88,energy-charts,
2025-02-01,HU,power,2025,2,1.83,energy-charts,
2025-03-01,HU,power,2025,3,1.18,energy-charts,
2025-04-01,HU,power,2025,4,0.73,energy-charts,
2025-05-01,HU,power,2025,5,0.52,energy-charts,
2025-06-01,HU,power,2025,6,0.67,energy-charts,
2025-07-01,HU,power,2025,7,0.96,energy-charts,
2025-08-01,HU,power,2025,8,0.7,energy-charts,
2025-09-01,HU,power,2025,9,0.78,energy-charts,
2025-10-01,HU,power,2025,10,1.62,energy-charts,
2025-11-01,HU,power,2025,11,1.93,energy-charts,
2019-01-01,IT,household,2019,1,66.69,entsog,
2019-02-01,IT,household,2019,2,48.58,entsog,
2019-03-01,IT,household,2019,3,35.17,entsog,
2019-04-01,IT,household,2019,4,23.51,entsog,
2019-05-01,IT,household,2019,5,18.0,entsog,
2019-06-01,IT,household,2019,6,10.68,entsog,
2019-07-01,IT,household,2019,7,10.39,entsog,
2019-08-01,IT,household,2019,8,8.41,entsog,
2019-09-01,IT,household,2019,9,11.55,entsog,
2019-10-01,IT,household,2019,10,15.9,entsog,
2019-11-01,IT,household,2019,11,35.35,entsog,
2019-12-01,IT,household,2019,12,50.58,entsog,
2020-01-01,IT,household,2020,1,59.46,entsog,
2020-02-01,IT,household,2020,2,43.73,entsog,
2020-03-01,IT,household,2020,3,38.83,entsog,
2020-04-01,IT,household,2020,4,18.83,entsog,
2020-05-01,IT,household,2020,5,11.65,entsog,
2020-06-01,IT,household,2020,6,10.64,entsog,
2020-07-01,IT,household,2020,7,10.38,entsog,
2020-08-01,IT,household,2020,8,8.63,entsog,
2020-09-01,IT,household,2020,9,11.53,entsog,
2020-10-01,IT,household,2020,10,22.16,entsog,
2020-11-01,IT,household,2020,11,35.91,entsog,
2020-12-01,IT,household,2020,12,53.96,entsog,
2021-01-01,IT,household,2021,1,63.63,entsog,
2021-02-01,IT,household,2021,2,45.8,entsog,
2021-03-01,IT,household,2021,3,41.22,entsog,
2021-04-01,IT,household,2021,4,27.97,entsog,
2021-05-01,IT,household,2021,5,14.7,entsog,
2021-06-01,IT,household,2021,6,10.87,entsog,
2021-07-01,IT,household,2021,7,10.69,entsog,
2021-08-01,IT,household,2021,8,9.03,entsog,
2021-09-01,IT,household,2021,9,11.88,entsog,
2021-10-01,IT,household,2021,10,20.85,entsog,
2021-11-01,IT,household,2021,11,36.95,entsog,
2021-12-01,IT,household,2021,12,58.11,entsog,
2022-01-01,IT,household,2022,1,59.83,entsog,
2022-02-01,IT,household,2022,2,44.63,entsog,
2022-03-01,IT,household,2022,3,42.44,entsog,
2022-04-01,IT,household,2022,4,23.0,entsog,
2022-05-01,IT,household,2022,5,12.46,entsog,
2022-06-01,IT,household,2022,6,9.99,entsog,
2022-07-01,IT,household,2022,7,9.62,entsog,
2022-08-01,IT,household,2022,8,8.28,entsog,
2022-09-01,IT,household,2022,9,10.61,entsog,
2022-10-01,IT,household,2022,10,11.18,entsog,
2022-11-01,IT,household,2022,11,27.18,entsog,
2022-12-01,IT,household,2022,12,43.69,entsog,
2023-01-01,IT,household,2023,1,47.95,entsog,
2023-02-01,IT,household,2023,2,42.93,entsog,
2023-03-01,IT,household,2023,3,30.88,entsog,
2023-04-01,IT,household,2023,4,20.09,entsog,
2023-05-01,IT,household,2023,5,12.88,entsog,
2023-06-01,IT,household,2023,6,9.98,entsog,
2023-07-01,IT,household,2023,7,9.43,entsog,
2023-08-01,IT,household,2023,8,8.15,entsog,
2023-09-01,IT,household,2023,9,10.38,entsog,
2023-10-01,IT,household,2023,10,13.06,entsog,
2023-11-01,IT,household,2023,11,30.79,entsog,
2023-12-01,IT,household,2023,12,44.79,entsog,
2024-01-01,IT,household,2024,1,50.7,entsog,
2024-02-01,IT,household,2024,2,37.82,entsog,
2024-03-01,IT,household,2024,3,31.26,entsog,
2024-04-01,IT,household,2024,4,18.62,entsog,
2024-05-01,IT,household,2024,5,13.02,entsog,
2024-06-01,IT,household,2024,6,10.09,entsog,
2024-07-01,IT,household,2024,7,9.65,entsog,
2024-08-01,IT,household,2024,8,7.72,entsog,
2024-09-01,IT,household,2024,9,10.65,entsog,
2024-10-01,IT,household,2024,10,14.82,entsog,
2024-11-01,IT,household,2024,11,33.51,entsog,
2024-12-01,IT,household,2024,12,49.44,entsog,
2025-01-01,IT,household,2025,1,49.52,entsog,
2025-02-01,IT,household,2025,2,41.95,entsog,
2025-03-01,IT,household,2025,3,32.38,entsog,
2025-04-01,IT,household,2025,4,18.23,entsog,
2025-05-01,IT,household,2025,5,12.11,entsog,
2025-06-01,IT,household,2025,6,3.63,entsog,
2025-10-01,IT,household,2025,10,8.29,entsog,
2025-11-01,IT,household,2025,11,32.72,entsog,
2019-01-01,IT,industry,2019,1,13.76,entsog,
2019-02-01,IT,industry,2019,2,13.1,entsog,
2019-03-01,IT,industry,2019,3,14.02,entsog,
2019-04-01,IT,industry,2019,4,12.26,entsog,
2019-05-01,IT,industry,2019,5,12.85,entsog,
2019-06-01,IT,industry,2019,6,11.84,entsog,
2019-07-01,IT,industry,2019,7,12.43,entsog,
2019-08-01,IT,industry,2019,8,9.33,entsog,
2019-09-01,IT,industry,2019,9,12.0,entsog,
2019-10-01,IT,industry,2019,10,12.36,entsog,
2019-11-01,IT,industry,2019,11,12.52,entsog,
2019-12-01,IT,industry,2019,12,11.72,entsog,
2020-01-01,IT,industry,2020,1,13.22,entsog,
2020-02-01,IT,industry,2020,2,12.87,entsog,
2020-03-01,IT,industry,2020,3,11.49,entsog,
2020-04-01,IT,industry,2020,4,8.64,entsog,
2020-05-01,IT,industry,2020,5,10.88,entsog,
2020-06-01,IT,industry,2020,6,11.27,entsog,
2020-07-01,IT,industry,2020,7,12.09,entsog,
2020-08-01,IT,industry,2020,8,9.33,entsog,
2020-09-01,IT,industry,2020,9,12.37,entsog,
2020-10-01,IT,industry,2020,10,12.89,entsog,
2020-11-01,IT,industry,2020,11,12.78,entsog,
2020-12-01,IT,industry,2020,12,11.87,entsog,
2021-01-01,IT,industry,2021,1,12.7,entsog,
2021-02-01,IT,industry,2021,2,12.73,entsog,
2021-03-01,IT,industry,2021,3,13.86,entsog,
2021-04-01,IT,industry,2021,4,12.5,entsog,
2021-05-01,IT,industry,2021,5,12.75,entsog,
2021-06-01,IT,industry,2021,6,11.66,entsog,
2021-07-01,IT,industry,2021,7,12.25,entsog,
2021-08-01,IT,industry,2021,8,9.92,entsog,
2021-09-01,IT,industry,2021,9,12.66,entsog,
2021-10-01,IT,industry,2021,10,12.56,entsog,
2021-11-01,IT,industry,2021,11,12.82,entsog,
2021-12-01,IT,industry,2021,12,12.22,entsog,
2022-01-01,IT,industry,2022,1,12.12,entsog,
2022-02-01,IT,industry,2022,2,11.58,entsog,
2022-03-01,IT,industry,2022,3,12.42,entsog,
2022-04-01,IT,industry,2022,4,11.36,entsog,
2022-05-01,IT,industry,2022,5,11.7,entsog,
2022-06-01,IT,industry,2022,6,10.47,entsog,
2022-07-01,IT,industry,2022,7,10.36,entsog,
2022-08-01,IT,industry,2022,8,7.31,entsog,
2022-09-01,IT,industry,2022,9,9.67,entsog,
2022-10-01,IT,industry,2022,10,9.81,entsog,
2022-11-01,IT,industry,2022,11,10.32,entsog,
2022-12-01,IT,industry,2022,12,8.86,entsog,
2023-01-01,IT,industry,2023,1,10.04,entsog,
2023-02-01,IT,industry,2023,2,10.48,entsog,
2023-03-01,IT,industry,2023,3,11.21,entsog,
2023-04-01,IT,industry,2023,4,9.97,entsog,
2023-05-01,IT,industry,2023,5,10.55,entsog,
2023-06-01,IT,industry,2023,6,9.88,entsog,
2023-07-01,IT,industry,2023,7,10.2,entsog,
2023-08-01,IT,industry,2023,8,7.39,entsog,
2023-09-01,IT,industry,2023,9,10.48,entsog,
2023-10-01,IT,industry,2023,10,10.77,entsog,
2023-11-01,IT,industry,2023,11,10.87,entsog,
2023-12-01,IT,industry,2023,12,9.08,entsog,
2024-01-01,IT,industry,2024,1,10.21,entsog,
2024-02-01,IT,industry,2024,2,10.49,entsog,
2024-03-01,IT,industry,2024,3,11.39,entsog,
2024-04-01,IT,industry,2024,4,10.49,entsog,
2024-05-01,IT,industry,2024,5,10.64,entsog,
2024-06-01,IT,industry,2024,6,9.88,entsog,
2024-07-01,IT,industry,2024,7,10.44,entsog,
2024-08-01,IT,industry,2024,8,7.56,entsog,
2024-09-01,IT,industry,2024,9,10.54,entsog,
2024-10-01,IT,industry,2024,10,11.2,entsog,
2024-11-01,IT,industry,2024,11,10.79,entsog,
2024-12-01,IT,industry,2024,12,9.22,entsog,
2025-01-01,IT,industry,2025,1,10.46,entsog,
2025-02-01,IT,industry,2025,2,10.42,entsog,
2025-03-01,IT,industry,2025,3,11.35,entsog,
2025-04-01,IT,industry,2025,4,10.38,entsog,
2025-05-01,IT,industry,2025,5,10.68,entsog,
2025-06-01,IT,industry,2025,6,3.63,entsog,
2025-10-01,IT,industry,2025,10,4.33,entsog,
2025-11-01,IT,industry,2025,11,11.18,entsog,
2019-01-01,IT,power,2019,1,28.0,entsog,
2019-02-01,IT,power,2019,2,21.01,entsog,
2019-03-01,IT,power,2019,3,22.3,entsog,
2019-04-01,IT,power,2019,4,20.23,entsog,
2019-05-01,IT,power,2019,5,18.68,entsog,
2019-06-01,IT,power,2019,6,21.14,entsog,
2019-07-01,IT,power,2019,7,27.44,entsog,
2019-08-01,IT,power,2019,8,24.77,entsog,
2019-09-01,IT,power,2019,9,24.31,entsog,
2019-10-01,IT,power,2019,10,24.62,entsog,
2019-11-01,IT,power,2019,11,20.51,entsog,
2019-12-01,IT,power,2019,12,19.99,entsog,
2020-01-01,IT,power,2020,1,26.81,entsog,
2020-02-01,IT,power,2020,2,21.33,entsog,
2020-03-01,IT,power,2020,3,18.01,entsog,
2020-04-01,IT,power,2020,4,15.03,entsog,
2020-05-01,IT,power,2020,5,15.13,entsog,
2020-06-01,IT,power,2020,6,19.5,entsog,
2020-07-01,IT,power,2020,7,25.92,entsog,
2020-08-01,IT,power,2020,8,24.99,entsog,
2020-09-01,IT,power,2020,9,25.12,entsog,
2020-10-01,IT,power,2020,10,19.77,entsog,
2020-11-01,IT,power,2020,11,22.71,entsog,
2020-12-01,IT,power,2020,12,24.55,entsog,
2021-01-01,IT,power,2021,1,25.08,entsog,
2021-02-01,IT,power,2021,2,20.4,entsog,
2021-03-01,IT,power,2021,3,22.72,entsog,
2021-04-01,IT,power,2021,4,21.36,entsog,
2021-05-01,IT,power,2021,5,15.81,entsog,
2021-06-01,IT,power,2021,6,20.53,entsog,
2021-07-01,IT,power,2021,7,24.87,entsog,
2021-08-01,IT,power,2021,8,20.64,entsog,
2021-09-01,IT,power,2021,9,24.55,entsog,
2021-10-01,IT,power,2021,10,22.87,entsog,
2021-11-01,IT,power,2021,11,28.54,entsog,
2021-12-01,IT,power,2021,12,27.42,entsog,
2022-01-01,IT,power,2022,1,27.86,entsog,
2022-02-01,IT,power,2022,2,23.22,entsog,
2022-03-01,IT,power,2022,3,25.66,entsog,
2022-04-01,IT,power,2022,4,18.7,entsog,
2022-05-01,IT,power,2022,5,17.96,entsog,
2022-06-01,IT,power,2022,6,22.0,entsog,
2022-07-01,IT,power,2022,7,25.45,entsog,
2022-08-01,IT,power,2022,8,22.32,entsog,
2022-09-01,IT,power,2022,9,20.5,entsog,
2022-10-01,IT,power,2022,10,20.51,entsog,
2022-11-01,IT,power,2022,11,19.2,entsog,
2022-12-01,IT,power,2022,12,22.67,entsog,
2023-01-01,IT,power,2023,1,18.84,entsog,
2023-02-01,IT,power,2023,2,19.01,entsog,
2023-03-01,IT,power,2023,3,17.94,entsog,
2023-04-01,IT,power,2023,4,16.3,entsog,
2023-05-01,IT,power,2023,5,15.09,entsog,
2023-06-01,IT,power,2023,6,17.01,entsog,
2023-07-01,IT,power,2023,7,23.92,entsog,
2023-08-01,IT,power,2023,8,18.17,entsog,
2023-09-01,IT,power,2023,9,20.03,entsog,
2023-10-01,IT,power,2023,10,19.73,entsog,
2023-11-01,IT,power,2023,11,16.72,entsog,
2023-12-01,IT,power,2023,12,20.3,entsog,
2024-01-01,IT,power,2024,1,20.29,entsog,
2024-02-01,IT,power,2024,2,17.09,entsog,
2024-03-01,IT,power,2024,3,15.41,entsog,
2024-04-01,IT,power,2024,4,12.41,entsog,
2024-05-01,IT,power,2024,5,12.12,entsog,
2024-06-01,IT,power,2024,6,14.81,entsog,
2024-07-01,IT,power,2024,7,22.89,entsog,
2024-08-01,IT,power,2024,8,22.06,entsog,
2024-09-01,IT,power,2024,9,20.2,entsog,
2024-10-01,IT,power,2024,10,17.84,entsog,
2024-11-01,IT,power,2024,11,22.52,entsog,
2024-12-01,IT,power,2024,12,22.72,entsog,
2025-01-01,IT,power,2025,1,22.59,entsog,
2025-02-01,IT,power,2025,2,27.09,entsog,
2025-03-01,IT,power,2025,3,20.83,entsog,
2025-04-01,IT,power,2025,4,14.23,entsog,
2025-05-01,IT,power,2025,5,12.31,entsog,
2025-06-01,IT,power,2025,6,4.55,entsog,
2025-10-01,IT,power,2025,10,7.75,entsog,
2025-11-01,IT,power,2025,11,23.16,entsog,
2019-01-01,LT,power,2019,1,0.0,energy-charts,
2019-02-01,LT,power,2019,2,0.0,energy-charts,
2019-03-01,LT,power,2019,3,0.0,energy-charts,
2019-04-01,LT,power,2019,4,0.0,energy-charts,
2019-05-01,LT,power,2019,5,0.0,energy-charts,
2019-06-01,LT,power,2019,6,0.0,energy-charts,
2019-07-01,LT,power,2019,7,0.0,energy-charts,
2019-08-01,LT,power,2019,8,0.0,energy-charts,
2019-09-01,LT,power,2019,9,0.0,energy-charts,
2019-10-01,LT,power,2019,10,0.0,energy-charts,
2019-11-01,LT,power,2019,11,0.0,energy-charts,
2019-12-01,LT,power,2019,12,0.0,energy-charts,
2020-01-01,LT,power,2020,1,0.0,energy-charts,
2020-02-01,LT,power,2020,2,0.0,energy-charts,
2020-03-01,LT,power,2020,3,0.0,energy-charts,
2020-04-01,LT,power,2020,4,0.0,energy-charts,
2020-05-01,LT,power,2020,5,0.0,energy-charts,
2020-06-01,LT,power,2020,6,0.0,energy-charts,
2020-07-01,LT,power,2020,7,0.0,energy-charts,
2020-08-01,LT,power,2020,8,0.0,energy-charts,
2020-09-01,LT,power,2020,9,0.0,energy-charts,
2020-10-01,LT,power,2020,10,0.0,energy-charts,
2020-11-01,LT,power,2020,11,0.0,energy-charts,
2020-12-01,LT,power,2020,12,0.0,energy-charts,
2021-01-01,LT,power,2021,1,0.0,energy-charts,
2021-02-01,LT,power,2021,2,0.0,energy-charts,
2021-03-01,LT,power,2021,3,0.0,energy-charts,
2021-04-01,LT,power,2021,4,0.0,energy-charts,
2021-05-01,LT,power,2021,5,0.0,energy-charts,
2021-06-01,LT,power,2021,6,0.0,energy-charts,
2021-07-01,LT,power,2021,7,0.0,energy-charts,
2021-08-01,LT,power,2021,8,0.0,energy-charts,
2021-09-01,LT,power,2021,9,0.0,energy-charts,
2021-10-01,LT,power,2021,10,0.0,energy-charts,
2021-11-01,LT,power,2021,11,0.0,energy-charts,
2021-12-01,LT,power,2021,12,0.0,energy-charts,
2022-01-01,LT,power,2022,1,0.0,energy-charts,
2022-02-01,LT,power,2022,2,0.0,energy-charts,
2022-03-01,LT,power,2022,3,0.0,energy-charts,
2022-04-01,LT,power,2022,4,0.0,energy-charts,
2022-05-01,LT,power,2022,5,0.0,energy-charts,
2022-06-01,LT,power,2022,6,0.0,energy-charts,
2022-07-01,LT,power,2022,7,0.0,energy-charts,
2022-08-01,LT,power,2022,8,0.0,energy-charts,
2022-09-01,LT,power,2022,9,0.0,energy-charts,
2022-10-01,LT,power,2022,10,0.0,energy-charts,
2022-11-01,LT,power,2022,11,0.0,energy-charts,
2022-12-01,LT,power,2022,12,0.0,energy-charts,
2023-01-01,LT,power,2023,1,0.0,energy-charts,
2023-02-01,LT,power,2023,2,0.0,energy-charts,
2023-03-01,LT,power,2023,3,0.0,energy-charts,
2023-04-01,LT,power,2023,4,0.0,energy-charts,
2023-05-01,LT,power,2023,5,0.0,energy-charts,
2023-06-01,LT,power,2023,6,0.0,energy-charts,
2023-07-01,LT,power,2023,7,0.0,energy-charts,
2023-08-01,LT,power,2023,8,0.0,energy-charts,
2023-09-01,LT,power,2023,9,0.0,energy-charts,
2023-10-01,LT,power,2023,10,0.0,energy-charts,
2023-11-01,LT,power,2023,11,0.0,energy-charts,
2023-12-01,LT,power,2023,12,0.0,energy-charts,
2024-01-01,LT,power,2024,1,0.0,energy-charts,
2024-02-01,LT,power,2024,2,0.0,energy-charts,
2024-03-01,LT,power,2024,3,0.0,energy-charts,
2024-04-01,LT,power,2024,4,0.0,energy-charts,
2024-05-01,LT,power,2024,5,0.0,energy-charts,
2024-06-01,LT,power,2024,6,0.0,energy-charts,
2024-07-01,LT,power,2024,7,0.0,energy-charts,
2024-08-01,LT,power,2024,8,0.0,energy-charts,
2024-09-01,LT,power,2024,9,0.0,energy-charts,
2024-10-01,LT,power,2024,10,0.0,energy-charts,
2024-11-01,LT,power,2024,11,0.0,energy-charts,
2024-12-01,LT,power,2024,12,0.0,energy-charts,
2025-01-01,LT,power,2025,1,0.0,energy-charts,
2025-02-01,LT,power,2025,2,0.0,energy-charts,
2025-03-01,LT,power,2025,3,0.0,energy-charts,
2025-04-01,LT,power,2025,4,0.0,energy-charts,
2025-05-01,LT,power,2025,5,0.0,energy-charts,
2025-06-01,LT,power,2025,6,0.0,energy-charts,
2025-07-01,LT,power,2025,7,0.0,energy-charts,
2025-08-01,LT,power,2025,8,0.0,energy-charts,
2025-09-01,LT,power,2025,9,0.0,energy-charts,
2025-10-01,LT,power,2025,10,0.0,energy-charts,
2019-01-01,LU,household,2019,1,0.86,entsog,
2019-02-01,LU,household,2019,2,0.64,entsog,
2019-03-01,LU,household,2019,3,0.59,entsog,
2019-04-01,LU,household,2019,4,0.41,entsog,
2019-05-01,LU,household,2019,5,0.33,entsog,
2019-06-01,LU,household,2019,6,0.16,entsog,
2019-07-01,LU,household,2019,7,0.14,entsog,
2019-08-01,LU,household,2019,8,0.14,entsog,
2019-09-01,LU,household,2019,9,0.21,entsog,
2019-10-01,LU,household,2019,10,0.38,entsog,
2019-11-01,LU,household,2019,11,0.63,entsog,
2019-12-01,LU,household,2019,12,0.7,entsog,
2020-01-01,LU,household,2020,1,0.74,entsog,
2020-02-01,LU,household,2020,2,0.64,entsog,
2020-03-01,LU,household,2020,3,0.6,entsog,
2020-04-01,LU,household,2020,4,0.3,entsog,
2020-05-01,LU,household,2020,5,0.26,entsog,
2020-06-01,LU,household,2020,6,0.17,entsog,
2020-07-01,LU,household,2020,7,0.15,entsog,
2020-08-01,LU,household,2020,8,0.12,entsog,
2020-09-01,LU,household,2020,9,0.19,entsog,
2020-10-01,LU,household,2020,10,0.43,entsog,
2020-11-01,LU,household,2020,11,0.57,entsog,
2020-12-01,LU,household,2020,12,0.72,entsog,
2021-01-01,LU,household,2021,1,0.85,entsog,
2021-02-01,LU,household,2021,2,0.66,entsog,
2021-03-01,LU,household,2021,3,0.63,entsog,
2021-04-01,LU,household,2021,4,0.51,entsog,
2021-05-01,LU,household,2021,5,0.39,entsog,
2021-06-01,LU,household,2021,6,0.16,entsog,
2021-07-01,LU,household,2021,7,0.17,entsog,
2021-08-01,LU,household,2021,8,0.16,entsog,
2021-09-01,LU,household,2021,9,0.2,entsog,
2021-10-01,LU,household,2021,10,0.43,entsog,
2021-11-01,LU,household,2021,11,0.65,entsog,
2021-12-01,LU,household,2021,12,0.73,entsog,
2022-01-01,LU,household,2022,1,0.79,entsog,
2022-02-01,LU,household,2022,2,0.63,entsog,
2022-03-01,LU,household,2022,3,0.55,entsog,
2022-04-01,LU,household,2022,4,0.4,entsog,
2022-05-01,LU,household,2022,5,0.19,entsog,
2022-06-01,LU,household,2022,6,0.14,entsog,
2022-07-01,LU,household,2022,7,0.12,entsog,
2022-08-01,LU,household,2022,8,0.1,entsog,
2022-09-01,LU,household,2022,9,0.19,entsog,
2022-10-01,LU,household,2022,10,0.27,entsog,
2022-11-01,LU,household,2022,11,0.43,entsog,
2022-12-01,LU,household,2022,12,0.66,entsog,
2023-01-01,LU,household,2023,1,0.65,entsog,
2023-02-01,LU,household,2023,2,0.56,entsog,
2023-03-01,LU,household,2023,3,0.53,entsog,
2023-04-01,LU,household,2023,4,0.39,entsog,
2023-05-01,LU,household,2023,5,0.21,entsog,
2023-06-01,LU,household,2023,6,0.11,entsog,
2023-07-01,LU,household,2023,7,0.11,entsog,
2023-08-01,LU,household,2023,8,0.11,entsog,
2023-09-01,LU,household,2023,9,0.02,entsog,
2023-10-01,LU,household,2023,10,0.25,entsog,
2023-11-01,LU,household,2023,11,0.51,entsog,
2023-12-01,LU,household,2023,12,0.61,entsog,
2024-01-01,LU,household,2024,1,0.72,entsog,
2024-02-01,LU,household,2024,2,0.49,entsog,
2024-03-01,LU,household,2024,3,0.42,entsog,
2024-04-01,LU,household,2024,4,0.33,entsog,
2024-05-01,LU,household,2024,5,0.21,entsog,
2024-06-01,LU,household,2024,6,0.16,entsog,
2024-07-01,LU,household,2024,7,0.12,entsog,
2024-08-01,LU,household,2024,8,0.1,entsog,
2024-09-01,LU,household,2024,9,0.17,entsog,
2024-10-01,LU,household,2024,10,0.3,entsog,
2024-11-01,LU,household,2024,11,0.51,entsog,
2024-12-01,LU,household,2024,12,0.66,entsog,
2025-01-01,LU,household,2025,1,0.72,entsog,
2025-02-01,LU,household,2025,2,0.58,entsog,
2025-03-01,LU,household,2025,3,0.46,entsog,
2025-04-01,LU,household,2025,4,0.3,entsog,
2025-05-01,LU,household,2025,5,0.2,entsog,
2025-06-01,LU,household,2025,6,0.06,entsog,
2025-10-01,LU,household,2025,10,0.15,entsog,
2025-11-01,LU,household,2025,11,0.5,entsog,
2019-01-01,LU,power,2019,1,0.06,energy-charts,
2019-02-01,LU,power,2019,2,0.05,energy-charts,
2019-03-01,LU,power,2019,3,0.05,energy-charts,
2019-04-01,LU,power,2019,4,0.04,energy-charts,
2019-05-01,LU,power,2019,5,0.04,energy-charts,
2019-06-01,LU,power,2019,6,0.03,energy-charts,
2019-07-01,LU,power,2019,7,0.02,energy-charts,
2019-08-01,LU,power,2019,8,0.02,energy-charts,
2019-09-01,LU,power,2019,9,0.03,energy-charts,
2019-10-01,LU,power,2019,10,0.04,energy-charts,
2019-11-01,LU,power,2019,11,0.05,energy-charts,
2019-12-01,LU,power,2019,12,0.05,energy-charts,
2020-01-01,LU,power,2020,1,0.05,energy-charts,
2020-02-01,LU,power,2020,2,0.05,energy-charts,
2020-03-01,LU,power,2020,3,0.05,energy-charts,
2020-04-01,LU,power,2020,4,0.03,energy-charts,
2020-05-01,LU,power,2020,5,0.03,energy-charts,
2020-06-01,LU,power,2020,6,0.02,energy-charts,
2020-07-01,LU,power,2020,7,0.02,energy-charts,
2020-08-01,LU,power,2020,8,0.02,energy-charts,
2020-09-01,LU,power,2020,9,0.03,energy-charts,
2020-10-01,LU,power,2020,10,0.04,energy-charts,
2020-11-01,LU,power,2020,11,0.05,energy-charts,
2020-12-01,LU,power,2020,12,0.05,energy-charts,
2021-01-01,LU,power,2021,1,0.05,energy-charts,
2021-02-01,LU,power,2021,2,0.05,energy-charts,
2021-03-01,LU,power,2021,3,0.04,energy-charts,
2021-04-01,LU,power,2021,4,0.04,energy-charts,
2021-05-01,LU,power,2021,5,0.04,energy-charts,
2021-06-01,LU,power,2021,6,0.02,energy-charts,
2021-07-01,LU,power,2021,7,0.02,energy-charts,
2021-08-01,LU,power,2021,8,0.02,energy-charts,
2021-09-01,LU,power,2021,9,0.02,energy-charts,
2021-10-01,LU,power,2021,10,0.04,energy-charts,
2021-11-01,LU,power,2021,11,0.04,energy-charts,
2021-12-01,LU,power,2021,12,0.05,energy-charts,
2022-01-01,LU,power,2022,1,0.05,energy-charts,
2022-02-01,LU,power,2022,2,0.03,energy-charts,
2022-03-01,LU,power,2022,3,0.03,energy-charts,
2022-04-01,LU,power,2022,4,0.03,energy-charts,
2022-05-01,LU,power,2022,5,0.02,energy-charts,
2022-06-01,LU,power,2022,6,0.01,energy-charts,
2022-07-01,LU,power,2022,7,0.01,energy-charts,
2022-08-01,LU,power,2022,8,0.01,energy-charts,
2022-09-01,LU,power,2022,9,0.01,energy-charts,
2022-10-01,LU,power,2022,10,0.02,energy-charts,
2022-11-01,LU,power,2022,11,0.02,energy-charts,
2022-12-01,LU,power,2022,12,0.03,energy-charts,
2023-01-01,LU,power,2023,1,0.02,energy-charts,
2023-02-01,LU,power,2023,2,0.02,energy-charts,
2023-03-01,LU,power,2023,3,0.02,energy-charts,
2023-04-01,LU,power,2023,4,0.01,energy-charts,
2023-05-01,LU,power,2023,5,0.01,energy-charts,
2023-06-01,LU,power,2023,6,0.01,energy-charts,
2023-07-01,LU,power,2023,7,0.01,energy-charts,
2023-08-01,LU,power,2023,8,0.01,energy-charts,
2023-09-01,LU,power,2023,9,0.01,energy-charts,
2023-10-01,LU,power,2023,10,0.01,energy-charts,
2023-11-01,LU,power,2023,11,0.02,energy-charts,
2023-12-01,LU,power,2023,12,0.02,energy-charts,
2024-01-01,LU,power,2024,1,0.02,energy-charts,
2024-02-01,LU,power,2024,2,0.01,energy-charts,
2024-03-01,LU,power,2024,3,0.01,energy-charts,
2024-04-01,LU,power,2024,4,0.01,energy-charts,
2024-05-01,LU,power,2024,5,0.01,energy-charts,
2024-06-01,LU,power,2024,6,0.01,energy-charts,
2024-07-01,LU,power,2024,7,0.01,energy-charts,
2024-08-01,LU,power,2024,8,0.01,energy-charts,
2024-09-01,LU,power,2024,9,0.01,energy-charts,
2024-10-01,LU,power,2024,10,0.01,energy-charts,
2024-11-01,LU,power,2024,11,0.02,energy-charts,
2024-12-01,LU,power,2024,12,0.02,energy-charts,
2025-01-01,LU,power,2025,1,0.02,energy-charts,
2025-02-01,LU,power,2025,2,0.02,energy-charts,
2025-03-01,LU,power,2025,3,0.01,energy-charts,
2025-04-01,LU,power,2025,4,0.01,energy-charts,
2025-05-01,LU,power,2025,5,0.01,energy-charts,
2025-06-01,LU,power,2025,6,0.0,energy-charts,
2025-07-01,LU,power,2025,7,0.0,energy-charts,
2025-08-01,LU,power,2025,8,0.0,energy-charts,
2025-09-01,LU,power,2025,9,0.01,energy-charts,
2025-10-01,LU,power,2025,10,0.01,energy-charts,
2025-11-01,LU,power,2025,11,0.01,energy-charts,
2019-01-01,LV,power,2019,1,0.76,energy-charts,
2019-02-01,LV,power,2019,2,0.38,energy-charts,
2019-03-01,LV,power,2019,3,0.32,energy-charts,
2019-04-01,LV,power,2019,4,0.17,energy-charts,
2019-05-01,LV,power,2019,5,0.29,energy-charts,
2019-06-01,LV,power,2019,6,0.49,energy-charts,
2019-07-01,LV,power,2019,7,0.42,energy-charts,
2019-08-01,LV,power,2019,8,0.71,energy-charts,
2019-09-01,LV,power,2019,9,0.76,energy-charts,
2019-10-01,LV,power,2019,10,0.49,energy-charts,
2019-11-01,LV,power,2019,11,0.41,energy-charts,
2019-12-01,LV,power,2019,12,0.31,energy-charts,
2020-01-01,LV,power,2020,1,0.22,energy-charts,
2020-02-01,LV,power,2020,2,0.24,energy-charts,
2020-03-01,LV,power,2020,3,0.14,energy-charts,
2020-04-01,LV,power,2020,4,0.11,energy-charts,
2020-05-01,LV,power,2020,5,0.25,energy-charts,
2020-06-01,LV,power,2020,6,0.46,energy-charts,
2020-07-01,LV,power,2020,7,0.12,energy-charts,
2020-08-01,LV,power,2020,8,0.48,energy-charts,
2020-09-01,LV,power,2020,9,0.28,energy-charts,
2020-10-01,LV,power,2020,10,0.23,energy-charts,
2020-11-01,LV,power,2020,11,0.4,energy-charts,
2020-12-01,LV,power,2020,12,0.43,energy-charts,
2021-01-01,LV,power,2021,1,0.6,energy-charts,
2021-02-01,LV,power,2021,2,0.59,energy-charts,
2021-03-01,LV,power,2021,3,0.38,energy-charts,
2021-04-01,LV,power,2021,4,0.08,energy-charts,
2021-05-01,LV,power,2021,5,0.01,energy-charts,
2021-06-01,LV,power,2021,6,0.19,energy-charts,
2021-07-01,LV,power,2021,7,0.32,energy-charts,
2021-08-01,LV,power,2021,8,0.03,energy-charts,
2021-09-01,LV,power,2021,9,0.33,energy-charts,
2021-10-01,LV,power,2021,10,0.19,energy-charts,
2021-11-01,LV,power,2021,11,0.32,energy-charts,
2021-12-01,LV,power,2021,12,0.6,energy-charts,
2022-01-01,LV,power,2022,1,0.37,energy-charts,
2022-02-01,LV,power,2022,2,0.09,energy-charts,
2022-03-01,LV,power,2022,3,0.02,energy-charts,
2022-04-01,LV,power,2022,4,0.02,energy-charts,
2022-05-01,LV,power,2022,5,0.03,energy-charts,
2022-06-01,LV,power,2022,6,0.0,energy-charts,
2022-07-01,LV,power,2022,7,0.0,energy-charts,
2022-08-01,LV,power,2022,8,0.23,energy-charts,
2022-09-01,LV,power,2022,9,0.16,energy-charts,
2022-10-01,LV,power,2022,10,0.02,energy-charts,
2022-11-01,LV,power,2022,11,0.51,energy-charts,
2022-12-01,LV,power,2022,12,0.75,energy-charts,
2023-01-01,LV,power,2023,1,0.34,energy-charts,
2023-02-01,LV,power,2023,2,0.47,energy-charts,
2023-03-01,LV,power,2023,3,0.36,energy-charts,
2023-04-01,LV,power,2023,4,0.03,energy-charts,
2023-05-01,LV,power,2023,5,0.0,energy-charts,
2023-06-01,LV,power,2023,6,0.12,energy-charts,
2023-07-01,LV,power,2023,7,0.02,energy-charts,
2023-08-01,LV,power,2023,8,0.18,energy-charts,
2023-09-01,LV,power,2023,9,0.28,energy-charts,
2023-10-01,LV,power,2023,10,0.2,energy-charts,
2023-11-01,LV,power,2023,11,0.35,energy-charts,
2023-12-01,LV,power,2023,12,0.36,energy-charts,
2024-01-01,LV,power,2024,1,0.82,energy-charts,
2024-02-01,LV,power,2024,2,0.63,energy-charts,
2024-03-01,LV,power,2024,3,0.32,energy-charts,
2024-04-01,LV,power,2024,4,0.08,energy-charts,
2024-05-01,LV,power,2024,5,0.01,energy-charts,
2024-06-01,LV,power,2024,6,0.01,energy-charts,
2024-07-01,LV,power,2024,7,0.16,energy-charts,
2024-08-01,LV,power,2024,8,0.21,energy-charts,
2024-09-01,LV,power,2024,9,0.28,energy-charts,
2024-10-01,LV,power,2024,10,0.13,energy-charts,
2024-11-01,LV,power,2024,11,0.31,energy-charts,
2024-12-01,LV,power,2024,12,0.26,energy-charts,
2025-01-01,LV,power,2025,1,0.41,energy-charts,
2025-02-01,LV,power,2025,2,0.84,energy-charts,
2025-03-01,LV,power,2025,3,0.33,energy-charts,
2025-04-01,LV,power,2025,4,0.12,energy-charts,
2025-05-01,LV,power,2025,5,0.03,energy-charts,
2025-06-01,LV,power,2025,6,0.02,energy-charts,
2025-07-01,LV,power,2025,7,0.13,energy-charts,
2025-08-01,LV,power,2025,8,0.13,energy-charts,
2025-09-01,LV,power,2025,9,0.17,energy-charts,
2025-10-01,LV,power,2025,10,0.28,energy-charts,
2025-11-01,LV,power,2025,11,0.41,energy-charts,
2019-01-01,NL,household,2019,1,30.32,entsog,
2019-02-01,NL,household,2019,2,21.57,entsog,
2019-03-01,NL,household,2019,3,20.42,entsog,
2019-04-01,NL,household,2019,4,12.45,entsog,
2019-05-01,NL,household,2019,5,10.61,entsog,
2019-06-01,NL,household,2019,6,5.43,entsog,
2019-07-01,NL,household,2019,7,5.14,entsog,
2019-08-01,NL,household,2019,8,5.02,entsog,
2019-09-01,NL,household,2019,9,7.1,entsog,
2019-10-01,NL,household,2019,10,13.3,entsog,
2019-11-01,NL,household,2019,11,21.57,entsog,
2019-12-01,NL,household,2019,12,24.71,entsog,
2020-01-01,NL,household,2020,1,25.02,entsog,
2020-02-01,NL,household,2020,2,22.87,entsog,
2020-03-01,NL,household,2020,3,20.84,entsog,
2020-04-01,NL,household,2020,4,10.58,entsog,
2020-05-01,NL,household,2020,5,8.28,entsog,
2020-06-01,NL,household,2020,6,5.8,entsog,
2020-07-01,NL,household,2020,7,5.74,entsog,
2020-08-01,NL,household,2020,8,4.77,entsog,
2020-09-01,NL,household,2020,9,6.91,entsog,
2020-10-01,NL,household,2020,10,14.04,entsog,
2020-11-01,NL,household,2020,11,17.39,entsog,
2020-12-01,NL,household,2020,12,24.82,entsog,
2021-01-01,NL,household,2021,1,29.44,entsog,
2021-02-01,NL,household,2021,2,25.28,entsog,
2021-03-01,NL,household,2021,3,22.08,entsog,
2021-04-01,NL,household,2021,4,18.19,entsog,
2021-05-01,NL,household,2021,5,11.88,entsog,
2021-06-01,NL,household,2021,6,5.46,entsog,
2021-07-01,NL,household,2021,7,5.45,entsog,
2021-08-01,NL,household,2021,8,5.59,entsog,
2021-09-01,NL,household,2021,9,6.18,entsog,
2021-10-01,NL,household,2021,10,11.82,entsog,
2021-11-01,NL,household,2021,11,18.48,entsog,
2021-12-01,NL,household,2021,12,23.88,entsog,
2022-01-01,NL,household,2022,1,24.66,entsog,
2022-02-01,NL,household,2022,2,20.59,entsog,
2022-03-01,NL,household,2022,3,16.4,entsog,
2022-04-01,NL,household,2022,4,12.57,entsog,
2022-05-01,NL,household,2022,5,6.29,entsog,
2022-06-01,NL,household,2022,6,4.82,entsog,
2022-07-01,NL,household,2022,7,4.32,entsog,
2022-08-01,NL,household,2022,8,3.82,entsog,
2022-09-01,NL,household,2022,9,5.72,entsog,
2022-10-01,NL,household,2022,10,7.37,entsog,
2022-11-01,NL,household,2022,11,13.36,entsog,
2022-12-01,NL,household,2022,12,21.89,entsog,
2023-01-01,NL,household,2023,1,20.51,entsog,
2023-02-01,NL,household,2023,2,17.52,entsog,
2023-03-01,NL,household,2023,3,17.46,entsog,
2023-04-01,NL,household,2023,4,12.07,entsog,
2023-05-01,NL,household,2023,5,6.65,entsog,
2023-06-01,NL,household,2023,6,4.49,entsog,
2023-07-01,NL,household,2023,7,4.53,entsog,
2023-08-01,NL,household,2023,8,4.7,entsog,
2023-09-01,NL,household,2023,9,4.93,entsog,
2023-10-01,NL,household,2023,10,8.56,entsog,
2023-11-01,NL,household,2023,11,15.57,entsog,
2023-12-01,NL,household,2023,12,19.1,entsog,
2024-01-01,NL,household,2024,1,24.22,entsog,
2024-02-01,NL,household,2024,2,16.51,entsog,
2024-03-01,NL,household,2024,3,14.27,entsog,
2024-04-01,NL,household,2024,4,10.73,entsog,
2024-05-01,NL,household,2024,5,5.7,entsog,
2024-06-01,NL,household,2024,6,5.39,entsog,
2024-07-01,NL,household,2024,7,4.57,entsog,
2024-08-01,NL,household,2024,8,4.01,entsog,
2024-09-01,NL,household,2024,9,5.48,entsog,
2024-10-01,NL,household,2024,10,9.15,entsog,
2024-11-01,NL,household,2024,11,16.15,entsog,
2024-12-01,NL,household,2024,12,19.63,entsog,
2025-01-01,NL,household,2025,1,23.7,entsog,
2025-02-01,NL,household,2025,2,20.39,entsog,
2025-03-01,NL,household,2025,3,14.27,entsog,
2025-04-01,NL,household,2025,4,8.39,entsog,
2025-05-01,NL,household,2025,5,5.98,entsog,
2025-06-01,NL,household,2025,6,1.9,entsog,
2025-10-01,NL,household,2025,10,4.5,entsog,
2025-11-01,NL,household,2025,11,15.01,entsog,
2019-01-01,NL,industry,2019,1,10.3,"entsog, CBS",
2019-02-01,NL,industry,2019,2,8.93,"entsog, CBS",
2019-03-01,NL,industry,2019,3,10.07,"entsog, CBS",
2019-04-01,NL,industry,2019,4,9.16,"entsog, CBS",
2019-05-01,NL,industry,2019,5,9.26,"entsog, CBS",
2019-06-01,NL,industry,2019,6,8.41,"entsog, CBS",
2019-07-01,NL,industry,2019,7,8.83,"entsog, CBS",
2019-08-01,NL,industry,2019,8,9.0,"entsog, CBS",
2019-09-01,NL,industry,2019,9,9.26,"entsog, CBS",
2019-10-01,NL,industry,2019,10,9.79,"entsog, CBS",
2019-11-01,NL,industry,2019,11,9.38,"entsog, CBS",
2019-12-01,NL,industry,2019,12,10.21,"entsog, CBS",
2020-01-01,NL,industry,2020,1,9.4,"entsog, CBS",
2020-02-01,NL,industry,2020,2,9.5,"entsog, CBS",
2020-03-01,NL,industry,2020,3,10.07,"entsog, CBS",
2020-04-01,NL,industry,2020,4,9.0,"entsog, CBS",
2020-05-01,NL,industry,2020,5,8.84,"entsog, CBS",
2020-06-01,NL,industry,2020,6,8.26,"entsog, CBS",
2020-07-01,NL,industry,2020,7,9.01,"entsog, CBS",
2020-08-01,NL,industry,2020,8,9.17,"entsog, CBS",
2020-09-01,NL,industry,2020,9,9.19,"entsog, CBS",
2020-10-01,NL,industry,2020,10,10.42,"entsog, CBS",
2020-11-01,NL,industry,2020,11,9.16,"entsog, CBS",
2020-12-01,NL,industry,2020,12,10.73,"entsog, CBS",
2021-01-01,NL,industry,2021,1,12.31,"entsog, CBS",
2021-02-01,NL,industry,2021,2,11.16,"entsog, CBS",
2021-03-01,NL,industry,2021,3,12.08,"entsog, CBS",
2021-04-01,NL,industry,2021,4,11.22,"entsog, CBS",
2021-05-01,NL,industry,2021,5,11.36,"entsog, CBS",
2021-06-01,NL,industry,2021,6,9.46,"entsog, CBS",
2021-07-01,NL,industry,2021,7,9.9,"entsog, CBS",
2021-08-01,NL,industry,2021,8,9.78,"entsog, CBS",
2021-09-01,NL,industry,2021,9,9.59,"entsog, CBS",
2021-10-01,NL,industry,2021,10,9.31,"entsog, CBS",
2021-11-01,NL,industry,2021,11,8.99,"entsog, CBS",
2021-12-01,NL,industry,2021,12,10.03,"entsog, CBS",
2022-01-01,NL,industry,2022,1,9.62,"entsog, CBS",
2022-02-01,NL,industry,2022,2,8.49,"entsog, CBS",
2022-03-01,NL,industry,2022,3,8.93,"entsog, CBS",
2022-04-01,NL,industry,2022,4,8.92,"entsog, CBS",
2022-05-01,NL,industry,2022,5,8.37,"entsog, CBS",
2022-06-01,NL,industry,2022,6,7.93,"entsog, CBS",
2022-07-01,NL,industry,2022,7,7.28,"entsog, CBS",
2022-08-01,NL,industry,2022,8,6.38,"entsog, CBS",
2022-09-01,NL,industry,2022,9,5.92,"entsog, CBS",
2022-10-01,NL,industry,2022,10,6.53,"entsog, CBS",
2022-11-01,NL,industry,2022,11,6.72,"entsog, CBS",
2022-12-01,NL,industry,2022,12,7.12,"entsog, CBS",
2023-01-01,NL,industry,2023,1,6.92,"entsog, CBS",
2023-02-01,NL,industry,2023,2,6.13,"entsog, CBS",
2023-03-01,NL,industry,2023,3,7.18,"entsog, CBS",
2023-04-01,NL,industry,2023,4,6.63,"entsog, CBS",
2023-05-01,NL,industry,2023,5,6.59,"entsog, CBS",
2023-06-01,NL,industry,2023,6,6.83,"entsog, CBS",
2023-07-01,NL,industry,2023,7,6.82,"entsog, CBS",
2023-08-01,NL,industry,2023,8,7.11,"entsog, CBS",
2023-09-01,NL,industry,2023,9,7.22,"entsog, CBS",
2023-10-01,NL,industry,2023,10,7.66,"entsog, CBS",
2023-11-01,NL,industry,2023,11,7.19,"entsog, CBS",
2023-12-01,NL,industry,2023,12,7.87,"entsog, CBS",
2024-01-01,NL,industry,2024,1,8.33,"entsog, CBS",
2024-02-01,NL,industry,2024,2,7.64,"entsog, CBS",
2024-03-01,NL,industry,2024,3,7.84,"entsog, CBS",
2024-04-01,NL,industry,2024,4,8.27,"entsog, CBS",
2024-05-01,NL,industry,2024,5,8.32,"entsog, CBS",
2024-06-01,NL,industry,2024,6,7.47,"entsog, CBS",
2024-07-01,NL,industry,2024,7,7.13,"entsog, CBS",
2024-08-01,NL,industry,2024,8,7.36,"entsog, CBS",
2024-09-01,NL,industry,2024,9,7.28,"entsog, CBS",
2024-10-01,NL,industry,2024,10,7.63,"entsog, CBS",
2024-11-01,NL,industry,2024,11,7.56,"entsog, CBS",
2024-12-01,NL,industry,2024,12,7.93,"entsog, CBS",
2025-01-01,NL,industry,2025,1,7.91,"entsog, CBS",
2025-02-01,NL,industry,2025,2,6.93,"entsog, CBS",
2025-03-01,NL,industry,2025,3,7.23,"entsog, CBS",
2025-04-01,NL,industry,2025,4,6.52,"entsog, CBS",
2025-05-01,NL,industry,2025,5,6.82,"entsog, CBS",
2025-06-01,NL,industry,2025,6,2.46,"entsog, CBS",
2025-10-01,NL,industry,2025,10,2.6,"entsog, CBS",
2025-11-01,NL,industry,2025,11,6.82,"entsog, CBS",
2019-01-01,NL,power,2019,1,9.17,CBS,
2019-02-01,NL,power,2019,2,8.16,CBS,
2019-03-01,NL,power,2019,3,7.89,CBS,
2019-04-01,NL,power,2019,4,6.51,CBS,
2019-05-01,NL,power,2019,5,8.32,CBS,
2019-06-01,NL,power,2019,6,7.39,CBS,
2019-07-01,NL,power,2019,7,8.83,CBS,
2019-08-01,NL,power,2019,8,8.91,CBS,
2019-09-01,NL,power,2019,9,9.19,CBS,
2019-10-01,NL,power,2019,10,9.59,CBS,
2019-11-01,NL,power,2019,11,9.15,CBS,
2019-12-01,NL,power,2019,12,7.64,CBS,
2020-01-01,NL,power,2020,1,11.02,CBS,
2020-02-01,NL,power,2020,2,8.15,CBS,
2020-03-01,NL,power,2020,3,7.23,CBS,
2020-04-01,NL,power,2020,4,6.09,CBS,
2020-05-01,NL,power,2020,5,7.72,CBS,
2020-06-01,NL,power,2020,6,8.66,CBS,
2020-07-01,NL,power,2020,7,10.54,CBS,
2020-08-01,NL,power,2020,8,11.25,CBS,
2020-09-01,NL,power,2020,9,8.73,CBS,
2020-10-01,NL,power,2020,10,7.47,CBS,
2020-11-01,NL,power,2020,11,8.69,CBS,
2020-12-01,NL,power,2020,12,8.58,CBS,
2021-01-01,NL,power,2021,1,8.14,CBS,
2021-02-01,NL,power,2021,2,8.19,CBS,
2021-03-01,NL,power,2021,3,8.33,CBS,
2021-04-01,NL,power,2021,4,5.93,CBS,
2021-05-01,NL,power,2021,5,5.33,CBS,
2021-06-01,NL,power,2021,6,7.16,CBS,
2021-07-01,NL,power,2021,7,5.4,CBS,
2021-08-01,NL,power,2021,8,2.33,CBS,
2021-09-01,NL,power,2021,9,4.79,CBS,
2021-10-01,NL,power,2021,10,3.74,CBS,
2021-11-01,NL,power,2021,11,7.7,CBS,
2021-12-01,NL,power,2021,12,6.78,CBS,
2022-01-01,NL,power,2022,1,6.61,CBS,
2022-02-01,NL,power,2022,2,3.82,CBS,
2022-03-01,NL,power,2022,3,5.93,CBS,
2022-04-01,NL,power,2022,4,4.01,CBS,
2022-05-01,NL,power,2022,5,5.15,CBS,
2022-06-01,NL,power,2022,6,5.73,CBS,
2022-07-01,NL,power,2022,7,5.13,entsog,
2022-08-01,NL,power,2022,8,5.75,entsog,
2022-09-01,NL,power,2022,9,4.81,entsog,
2022-10-01,NL,power,2022,10,6.12,entsog,
2022-11-01,NL,power,2022,11,4.75,entsog,
2022-12-01,NL,power,2022,12,7.42,entsog,
2023-01-01,NL,power,2023,1,4.95,entsog,
2023-02-01,NL,power,2023,2,5.8,entsog,
2023-03-01,NL,power,2023,3,5.27,entsog,
2023-04-01,NL,power,2023,4,4.58,entsog,
2023-05-01,NL,power,2023,5,4.73,entsog,
2023-06-01,NL,power,2023,6,6.48,entsog,
2023-07-01,NL,power,2023,7,4.91,entsog,
2023-08-01,NL,power,2023,8,6.58,entsog,
2023-09-01,NL,power,2023,9,6.26,entsog,
2023-10-01,NL,power,2023,10,4.26,entsog,
2023-11-01,NL,power,2023,11,4.41,entsog,
2023-12-01,NL,power,2023,12,5.34,entsog,
2024-01-01,NL,power,2024,1,6.81,entsog,
2024-02-01,NL,power,2024,2,4.52,entsog,
2024-03-01,NL,power,2024,3,5.04,entsog,
2024-04-01,NL,power,2024,4,3.48,entsog,
2024-05-01,NL,power,2024,5,3.93,entsog,
2024-06-01,NL,power,2024,6,4.13,entsog,
2024-07-01,NL,power,2024,7,4.28,entsog,
2024-08-01,NL,power,2024,8,4.53,entsog,
2024-09-01,NL,power,2024,9,4.27,entsog,
2024-10-01,NL,power,2024,10,4.8,entsog,
2024-11-01,NL,power,2024,11,7.9,entsog,
2024-12-01,NL,power,2024,12,5.56,entsog,
2025-01-01,NL,power,2025,1,7.5,entsog,
2025-02-01,NL,power,2025,2,6.82,entsog,
2025-03-01,NL,power,2025,3,5.44,entsog,
2025-04-01,NL,power,2025,4,4.77,entsog,
2025-05-01,NL,power,2025,5,3.65,entsog,
2025-06-01,NL,power,2025,6,1.02,entsog,
2025-10-01,NL,power,2025,10,1.14,entsog,
2025-11-01,NL,power,2025,11,7.13,entsog,
2019-01-01,PL,power,2019,1,1.73,energy-charts,
2019-02-01,PL,power,2019,2,1.55,energy-charts,
2019-03-01,PL,power,2019,3,1.82,energy-charts,
2019-04-01,PL,power,2019,4,2.03,energy-charts,
2019-05-01,PL,power,2019,5,1.79,energy-charts,
2019-06-01,PL,power,2019,6,1.39,energy-charts,
2019-07-01,PL,power,2019,7,1.69,energy-charts,
2019-08-01,PL,power,2019,8,1.9,energy-charts,
2019-09-01,PL,power,2019,9,1.25,energy-charts,
2019-10-01,PL,power,2019,10,1.84,energy-charts,
2019-11-01,PL,power,2019,11,2.01,energy-charts,
2019-12-01,PL,power,2019,12,2.15,energy-charts,
2020-01-01,PL,power,2020,1,1.98,energy-charts,
2020-02-01,PL,power,2020,2,1.83,energy-charts,
2020-03-01,PL,power,2020,3,1.98,energy-charts,
2020-04-01,PL,power,2020,4,1.97,energy-charts,
2020-05-01,PL,power,2020,5,1.97,energy-charts,
2020-06-01,PL,power,2020,6,1.61,energy-charts,
2020-07-01,PL,power,2020,7,2.14,energy-charts,
2020-08-01,PL,power,2020,8,1.82,energy-charts,
2020-09-01,PL,power,2020,9,2.16,energy-charts,
2020-10-01,PL,power,2020,10,2.16,energy-charts,
2020-11-01,PL,power,2020,11,2.57,energy-charts,
2020-12-01,PL,power,2020,12,2.74,energy-charts,
2021-01-01,PL,power,2021,1,2.54,energy-charts,
2021-02-01,PL,power,2021,2,1.87,energy-charts,
2021-03-01,PL,power,2021,3,1.75,energy-charts,
2021-04-01,PL,power,2021,4,1.62,energy-charts,
2021-05-01,PL,power,2021,5,1.82,energy-charts,
2021-06-01,PL,power,2021,6,2.03,energy-charts,
2021-07-01,PL,power,2021,7,2.06,energy-charts,
2021-08-01,PL,power,2021,8,1.88,energy-charts,
2021-09-01,PL,power,2021,9,1.84,energy-charts,
2021-10-01,PL,power,2021,10,2.24,energy-charts,
2021-11-01,PL,power,2021,11,2.46,energy-charts,
2021-12-01,PL,power,2021,12,2.44,energy-charts,
2022-01-01,PL,power,2022,1,2.2,energy-charts,
2022-02-01,PL,power,2022,2,1.78,energy-charts,
2022-03-01,PL,power,2022,3,1.7,energy-charts,
2022-04-01,PL,power,2022,4,1.32,energy-charts,
2022-05-01,PL,power,2022,5,1.58,energy-charts,
2022-06-01,PL,power,2022,6,1.54,energy-charts,
2022-07-01,PL,power,2022,7,1.13,energy-charts,
2022-08-01,PL,power,2022,8,0.96,energy-charts,
2022-09-01,PL,power,2022,9,0.89,energy-charts,
2022-10-01,PL,power,2022,10,1.38,energy-charts,
2022-11-01,PL,power,2022,11,1.79,energy-charts,
2022-12-01,PL,power,2022,12,1.84,energy-charts,
2023-01-01,PL,power,2023,1,2.41,energy-charts,
2023-02-01,PL,power,2023,2,2.1,energy-charts,
2023-03-01,PL,power,2023,3,2.68,energy-charts,
2023-04-01,PL,power,2023,4,2.15,energy-charts,
2023-05-01,PL,power,2023,5,1.51,energy-charts,
2023-06-01,PL,power,2023,6,1.7,energy-charts,
2023-07-01,PL,power,2023,7,1.78,energy-charts,
2023-08-01,PL,power,2023,8,1.8,energy-charts,
2023-09-01,PL,power,2023,9,0.99,energy-charts,
2023-10-01,PL,power,2023,10,2.07,energy-charts,
2023-11-01,PL,power,2023,11,2.77,energy-charts,
2023-12-01,PL,power,2023,12,2.89,energy-charts,
2024-01-01,PL,power,2024,1,3.09,energy-charts,
2024-02-01,PL,power,2024,2,2.67,energy-charts,
2024-03-01,PL,power,2024,3,2.66,energy-charts,
2024-04-01,PL,power,2024,4,2.03,energy-charts,
2024-05-01,PL,power,2024,5,1.28,energy-charts,
2024-06-01,PL,power,2024,6,1.81,energy-charts,
2024-07-01,PL,power,2024,7,2.72,energy-charts,
2024-08-01,PL,power,2024,8,2.97,energy-charts,
2024-09-01,PL,power,2024,9,3.04,energy-charts,
2024-10-01,PL,power,2024,10,3.31,energy-charts,
2024-11-01,PL,power,2024,11,3.97,energy-charts,
2024-12-01,PL,power,2024,12,3.81,energy-charts,
2025-01-01,PL,power,2025,1,3.94,energy-charts,
2025-02-01,PL,power,2025,2,3.54,energy-charts,
2025-03-01,PL,power,2025,3,3.56,energy-charts,
2025-04-01,PL,power,2025,4,3.33,energy-charts,
2025-05-01,PL,power,2025,5,2.84,energy-charts,
2025-06-01,PL,power,2025,6,2.37,energy-charts,
2025-07-01,PL,power,2025,7,3.12,energy-charts,
2025-08-01,PL,power,2025,8,2.81,energy-charts,
2025-09-01,PL,power,2025,9,3.06,energy-charts,
2025-10-01,PL,power,2025,10,3.85,energy-charts,
2025-11-01,PL,power,2025,11,4.46,energy-charts,
2019-01-01,PT,household,2019,1,2.5,entsog,
2019-02-01,PT,household,2019,2,2.21,entsog,
2019-03-01,PT,household,2019,3,2.26,entsog,
2019-04-01,PT,household,2019,4,2.13,entsog,
2019-05-01,PT,household,2019,5,2.06,entsog,
2019-06-01,PT,household,2019,6,1.88,entsog,
2019-07-01,PT,household,2019,7,1.96,entsog,
2019-08-01,PT,household,2019,8,1.67,entsog,
2019-09-01,PT,household,2019,9,1.96,entsog,
2019-10-01,PT,household,2019,10,2.12,entsog,
2019-11-01,PT,household,2019,11,2.22,entsog,
2019-12-01,PT,household,2019,12,2.18,entsog,
2020-01-01,PT,household,2020,1,2.48,entsog,
2020-02-01,PT,household,2020,2,2.18,entsog,
2020-03-01,PT,household,2020,3,2.22,entsog,
2020-04-01,PT,household,2020,4,1.72,entsog,
2020-05-01,PT,household,2020,5,1.69,entsog,
2020-06-01,PT,household,2020,6,1.69,entsog,
2020-07-01,PT,household,2020,7,1.84,entsog,
2020-08-01,PT,household,2020,8,1.69,entsog,
2020-09-01,PT,household,2020,9,1.98,entsog,
2020-10-01,PT,household,2020,10,2.12,entsog,
2020-11-01,PT,household,2020,11,2.17,entsog,
2020-12-01,PT,household,2020,12,2.21,entsog,
2021-01-01,PT,household,2021,1,2.53,entsog,
2021-02-01,PT,household,2021,2,2.1,entsog,
2021-03-01,PT,household,2021,3,2.26,entsog,
2021-04-01,PT,household,2021,4,2.06,entsog,
2021-05-01,PT,household,2021,5,2.1,entsog,
2021-06-01,PT,household,2021,6,1.92,entsog,
2021-07-01,PT,household,2021,7,1.98,entsog,
2021-08-01,PT,household,2021,8,1.71,entsog,
2021-09-01,PT,household,2021,9,2.0,entsog,
2021-10-01,PT,household,2021,10,1.97,entsog,
2021-11-01,PT,household,2021,11,2.23,entsog,
2021-12-01,PT,household,2021,12,2.15,entsog,
2022-01-01,PT,household,2022,1,2.13,entsog,
2022-02-01,PT,household,2022,2,2.01,entsog,
2022-03-01,PT,household,2022,3,2.21,entsog,
2022-04-01,PT,household,2022,4,1.92,entsog,
2022-05-01,PT,household,2022,5,1.85,entsog,
2022-06-01,PT,household,2022,6,1.77,entsog,
2022-07-01,PT,household,2022,7,1.68,entsog,
2022-08-01,PT,household,2022,8,1.46,entsog,
2022-09-01,PT,household,2022,9,1.7,entsog,
2022-10-01,PT,household,2022,10,1.68,entsog,
2022-11-01,PT,household,2022,11,1.86,entsog,
2022-12-01,PT,household,2022,12,1.8,entsog,
2023-01-01,PT,household,2023,1,2.05,entsog,
2023-02-01,PT,household,2023,2,1.86,entsog,
2023-03-01,PT,household,2023,3,2.0,entsog,
2023-04-01,PT,household,2023,4,1.62,entsog,
2023-05-01,PT,household,2023,5,1.74,entsog,
2023-06-01,PT,household,2023,6,1.61,entsog,
2023-07-01,PT,household,2023,7,1.63,entsog,
2023-08-01,PT,household,2023,8,1.42,entsog,
2023-09-01,PT,household,2023,9,1.67,entsog,
2023-10-01,PT,household,2023,10,1.65,entsog,
2023-11-01,PT,household,2023,11,1.78,entsog,
2023-12-01,PT,household,2023,12,1.78,entsog,
2024-01-01,PT,household,2024,1,1.98,entsog,
2024-02-01,PT,household,2024,2,1.8,entsog,
2024-03-01,PT,household,2024,3,1.94,entsog,
2024-04-01,PT,household,2024,4,1.73,entsog,
2024-05-01,PT,household,2024,5,1.76,entsog,
2024-06-01,PT,household,2024,6,1.6,entsog,
2024-07-01,PT,household,2024,7,1.62,entsog,
2024-08-01,PT,household,2024,8,1.34,entsog,
2024-09-01,PT,household,2024,9,1.68,entsog,
2024-10-01,PT,household,2024,10,1.74,entsog,
2024-11-01,PT,household,2024,11,1.71,entsog,
2024-12-01,PT,household,2024,12,1.75,entsog,
2025-01-01,PT,household,2025,1,1.81,entsog,
2025-02-01,PT,household,2025,2,1.69,entsog,
2025-03-01,PT,household,2025,3,1.8,entsog,
2025-04-01,PT,household,2025,4,1.53,entsog,
2025-05-01,PT,household,2025,5,1.68,entsog,
2025-06-01,PT,household,2025,6,0.56,entsog,
2025-10-01,PT,household,2025,10,0.67,entsog,
2025-11-01,PT,household,2025,11,1.75,entsog,
2019-01-01,PT,power,2019,1,2.33,energy-charts,
2019-02-01,PT,power,2019,2,1.67,energy-charts,
2019-03-01,PT,power,2019,3,1.32,energy-charts,
2019-04-01,PT,power,2019,4,1.98,energy-charts,
2019-05-01,PT,power,2019,5,2.75,energy-charts,
2019-06-01,PT,power,2019,6,3.36,energy-charts,
2019-07-01,PT,power,2019,7,3.8,energy-charts,
2019-08-01,PT,power,2019,8,3.43,energy-charts,
2019-09-01,PT,power,2019,9,3.26,energy-charts,
2019-10-01,PT,power,2019,10,3.38,energy-charts,
2019-11-01,PT,power,2019,11,2.76,energy-charts,
2019-12-01,PT,power,2019,12,2.22,energy-charts,
2020-01-01,PT,power,2020,1,3.31,energy-charts,
2020-02-01,PT,power,2020,2,2.51,energy-charts,
2020-03-01,PT,power,2020,3,2.14,energy-charts,
2020-04-01,PT,power,2020,4,1.14,energy-charts,
2020-05-01,PT,power,2020,5,1.86,energy-charts,
2020-06-01,PT,power,2020,6,2.65,energy-charts,
2020-07-01,PT,power,2020,7,3.88,energy-charts,
2020-08-01,PT,power,2020,8,3.62,energy-charts,
2020-09-01,PT,power,2020,9,3.88,energy-charts,
2020-10-01,PT,power,2020,10,3.24,energy-charts,
2020-11-01,PT,power,2020,11,2.95,energy-charts,
2020-12-01,PT,power,2020,12,2.03,energy-charts,
2021-01-01,PT,power,2021,1,2.42,energy-charts,
2021-02-01,PT,power,2021,2,1.08,energy-charts,
2021-03-01,PT,power,2021,3,1.74,energy-charts,
2021-04-01,PT,power,2021,4,2.75,energy-charts,
2021-05-01,PT,power,2021,5,1.92,energy-charts,
2021-06-01,PT,power,2021,6,3.18,energy-charts,
2021-07-01,PT,power,2021,7,2.67,energy-charts,
2021-08-01,PT,power,2021,8,2.41,energy-charts,
2021-09-01,PT,power,2021,9,3.15,energy-charts,
2021-10-01,PT,power,2021,10,2.64,energy-charts,
2021-11-01,PT,power,2021,11,2.82,energy-charts,
2021-12-01,PT,power,2021,12,2.29,energy-charts,
2022-01-01,PT,power,2022,1,2.89,energy-charts,
2022-02-01,PT,power,2022,2,2.49,energy-charts,
2022-03-01,PT,power,2022,3,2.64,energy-charts,
2022-04-01,PT,power,2022,4,2.17,energy-charts,
2022-05-01,PT,power,2022,5,2.71,energy-charts,
2022-06-01,PT,power,2022,6,3.09,energy-charts,
2022-07-01,PT,power,2022,7,3.25,energy-charts,
2022-08-01,PT,power,2022,8,3.11,energy-charts,
2022-09-01,PT,power,2022,9,2.84,energy-charts,
2022-10-01,PT,power,2022,10,2.85,energy-charts,
2022-11-01,PT,power,2022,11,2.91,energy-charts,
2022-12-01,PT,power,2022,12,1.91,energy-charts,
2023-01-01,PT,power,2023,1,1.18,energy-charts,
2023-02-01,PT,power,2023,2,2.65,energy-charts,
2023-03-01,PT,power,2023,3,1.3,energy-charts,
2023-04-01,PT,power,2023,4,1.1,energy-charts,
2023-05-01,PT,power,2023,5,1.36,energy-charts,
2023-06-01,PT,power,2023,6,2.16,energy-charts,
2023-07-01,PT,power,2023,7,2.39,energy-charts,
2023-08-01,PT,power,2023,8,1.96,energy-charts,
2023-09-01,PT,power,2023,9,2.11,energy-charts,
2023-10-01,PT,power,2023,10,1.43,energy-charts,
2023-11-01,PT,power,2023,11,1.13,energy-charts,
2023-12-01,PT,power,2023,12,1.01,energy-charts,
2024-01-01,PT,power,2024,1,1.37,energy-charts,
2024-02-01,PT,power,2024,2,0.82,energy-charts,
2024-03-01,PT,power,2024,3,0.92,energy-charts,
2024-04-01,PT,power,2024,4,0.33,energy-charts,
2024-05-01,PT,power,2024,5,0.25,energy-charts,
2024-06-01,PT,power,2024,6,0.31,energy-charts,
2024-07-01,PT,power,2024,7,0.76,energy-charts,
2024-08-01,PT,power,2024,8,0.77,energy-charts,
2024-09-01,PT,power,2024,9,0.82,energy-charts,
2024-10-01,PT,power,2024,10,0.86,energy-charts,
2024-11-01,PT,power,2024,11,1.15,energy-charts,
2024-12-01,PT,power,2024,12,1.47,energy-charts,
2025-01-01,PT,power,2025,1,1.37,energy-charts,
2025-02-01,PT,power,2025,2,1.12,energy-charts,
2025-03-01,PT,power,2025,3,0.88,energy-charts,
2025-04-01,PT,power,2025,4,0.67,energy-charts,
2025-05-01,PT,power,2025,5,1.33,energy-charts,
2025-06-01,PT,power,2025,6,1.37,energy-charts,
2025-07-01,PT,power,2025,7,1.5,energy-charts,
2025-08-01,PT,power,2025,8,1.47,energy-charts,
2025-09-01,PT,power,2025,9,1.42,energy-charts,
2025-10-01,PT,power,2025,10,1.56,energy-charts,
2025-11-01,PT,power,2025,11,1.47,energy-charts,
2019-01-01,RO,household,2019,1,14.15,entsog,
2019-02-01,RO,household,2019,2,10.86,entsog,
2019-03-01,RO,household,2019,3,8.4,entsog,
2019-04-01,RO,household,2019,4,5.96,entsog,
2019-05-01,RO,household,2019,5,3.59,entsog,
2019-06-01,RO,household,2019,6,2.29,entsog,
2019-07-01,RO,household,2019,7,2.38,entsog,
2019-08-01,RO,household,2019,8,2.27,entsog,
2019-09-01,RO,household,2019,9,2.49,entsog,
2019-10-01,RO,household,2019,10,4.66,entsog,
2019-11-01,RO,household,2019,11,7.26,entsog,
2019-12-01,RO,household,2019,12,11.38,entsog,
2020-01-01,RO,household,2020,1,13.38,entsog,
2020-02-01,RO,household,2020,2,10.42,entsog,
2020-03-01,RO,household,2020,3,8.71,entsog,
2020-04-01,RO,household,2020,4,5.28,entsog,
2020-05-01,RO,household,2020,5,3.13,entsog,
2020-06-01,RO,household,2020,6,2.47,entsog,
2020-07-01,RO,household,2020,7,2.34,entsog,
2020-08-01,RO,household,2020,8,2.21,entsog,
2020-09-01,RO,household,2020,9,2.35,entsog,
2020-10-01,RO,household,2020,10,4.63,entsog,
2020-11-01,RO,household,2020,11,9.35,entsog,
2020-12-01,RO,household,2020,12,11.39,entsog,
2021-01-01,RO,household,2021,1,12.88,entsog,
2021-02-01,RO,household,2021,2,11.28,entsog,
2021-03-01,RO,household,2021,3,11.12,entsog,
2021-04-01,RO,household,2021,4,7.66,entsog,
2021-05-01,RO,household,2021,5,3.43,entsog,
2021-06-01,RO,household,2021,6,2.73,entsog,
2021-07-01,RO,household,2021,7,2.28,entsog,
2021-08-01,RO,household,2021,8,2.21,entsog,
2021-09-01,RO,household,2021,9,2.93,entsog,
2021-10-01,RO,household,2021,10,6.49,entsog,
2021-11-01,RO,household,2021,11,8.88,entsog,
2021-12-01,RO,household,2021,12,12.18,entsog,
2022-01-01,RO,household,2022,1,13.03,entsog,
2022-02-01,RO,household,2022,2,10.05,entsog,
2022-03-01,RO,household,2022,3,10.65,entsog,
2022-04-01,RO,household,2022,4,5.52,entsog,
2022-05-01,RO,household,2022,5,2.9,entsog,
2022-06-01,RO,household,2022,6,2.21,entsog,
2022-07-01,RO,household,2022,7,2.12,entsog,
2022-08-01,RO,household,2022,8,2.12,entsog,
2022-09-01,RO,household,2022,9,2.54,entsog,
2022-10-01,RO,household,2022,10,3.94,entsog,
2022-11-01,RO,household,2022,11,7.13,entsog,
2022-12-01,RO,household,2022,12,10.88,entsog,
2023-01-01,RO,household,2023,1,10.47,entsog,
2023-02-01,RO,household,2023,2,10.68,entsog,
2023-03-01,RO,household,2023,3,8.38,entsog,
2023-04-01,RO,household,2023,4,6.22,entsog,
2023-05-01,RO,household,2023,5,3.31,entsog,
2023-06-01,RO,household,2023,6,2.07,entsog,
2023-07-01,RO,household,2023,7,1.97,entsog,
2023-08-01,RO,household,2023,8,1.76,entsog,
2023-09-01,RO,household,2023,9,2.05,entsog,
2023-10-01,RO,household,2023,10,3.41,entsog,
2023-11-01,RO,household,2023,11,7.75,entsog,
2023-12-01,RO,household,2023,12,11.19,entsog,
2024-01-01,RO,household,2024,1,12.62,entsog,
2024-02-01,RO,household,2024,2,8.5,entsog,
2024-03-01,RO,household,2024,3,8.02,entsog,
2024-04-01,RO,household,2024,4,3.56,entsog,
2024-05-01,RO,household,2024,5,2.71,entsog,
2024-06-01,RO,household,2024,6,1.89,entsog,
2024-07-01,RO,household,2024,7,1.9,entsog,
2024-08-01,RO,household,2024,8,1.84,entsog,
2024-09-01,RO,household,2024,9,2.23,entsog,
2024-10-01,RO,household,2024,10,4.85,entsog,
2024-11-01,RO,household,2024,11,9.93,entsog,
2024-12-01,RO,household,2024,12,11.5,entsog,
2025-01-01,RO,household,2025,1,11.56,entsog,
2025-02-01,RO,household,2025,2,12.06,entsog,
2025-03-01,RO,household,2025,3,7.89,entsog,
2025-04-01,RO,household,2025,4,5.32,entsog,
2025-05-01,RO,household,2025,5,3.37,entsog,
2025-06-01,RO,household,2025,6,0.76,entsog,
2025-10-01,RO,household,2025,10,2.5,entsog,
2025-11-01,RO,household,2025,11,7.89,entsog,
2019-01-01,RO,power,2019,1,2.6,energy-charts,
2019-02-01,RO,power,2019,2,2.23,energy-charts,
2019-03-01,RO,power,2019,3,1.64,energy-charts,
2019-04-01,RO,power,2019,4,0.89,energy-charts,
2019-05-01,RO,power,2019,5,0.7,energy-charts,
2019-06-01,RO,power,2019,6,0.61,energy-charts,
2019-07-01,RO,power,2019,7,1.27,energy-charts,
2019-08-01,RO,power,2019,8,1.26,energy-charts,
2019-09-01,RO,power,2019,9,1.42,energy-charts,
2019-10-01,RO,power,2019,10,1.87,energy-charts,
2019-11-01,RO,power,2019,11,1.99,energy-charts,
2019-12-01,RO,power,2019,12,2.17,energy-charts,
2020-01-01,RO,power,2020,1,2.71,energy-charts,
2020-02-01,RO,power,2020,2,2.17,energy-charts,
2020-03-01,RO,power,2020,3,1.72,energy-charts,
2020-04-01,RO,power,2020,4,1.09,energy-charts,
2020-05-01,RO,power,2020,5,0.95,energy-charts,
2020-06-01,RO,power,2020,6,1.18,energy-charts,
2020-07-01,RO,power,2020,7,1.66,energy-charts,
2020-08-01,RO,power,2020,8,1.62,energy-charts,
2020-09-01,RO,power,2020,9,1.61,energy-charts,
2020-10-01,RO,power,2020,10,1.14,energy-charts,
2020-11-01,RO,power,2020,11,2.17,energy-charts,
2020-12-01,RO,power,2020,12,2.33,energy-charts,
2021-01-01,RO,power,2021,1,2.28,energy-charts,
2021-02-01,RO,power,2021,2,1.84,energy-charts,
2021-03-01,RO,power,2021,3,2.01,energy-charts,
2021-04-01,RO,power,2021,4,1.24,energy-charts,
2021-05-01,RO,power,2021,5,1.08,energy-charts,
2021-06-01,RO,power,2021,6,1.38,energy-charts,
2021-07-01,RO,power,2021,7,1.7,energy-charts,
2021-08-01,RO,power,2021,8,1.67,energy-charts,
2021-09-01,RO,power,2021,9,1.61,energy-charts,
2021-10-01,RO,power,2021,10,1.81,energy-charts,
2021-11-01,RO,power,2021,11,2.19,energy-charts,
2021-12-01,RO,power,2021,12,2.42,energy-charts,
2022-01-01,RO,power,2022,1,2.42,energy-charts,
2022-02-01,RO,power,2022,2,2.22,energy-charts,
2022-03-01,RO,power,2022,3,1.35,energy-charts,
2022-04-01,RO,power,2022,4,0.96,energy-charts,
2022-05-01,RO,power,2022,5,1.66,energy-charts,
2022-06-01,RO,power,2022,6,1.66,energy-charts,
2022-07-01,RO,power,2022,7,1.73,energy-charts,
2022-08-01,RO,power,2022,8,1.72,energy-charts,
2022-09-01,RO,power,2022,9,1.66,energy-charts,
2022-10-01,RO,power,2022,10,1.73,energy-charts,
2022-11-01,RO,power,2022,11,2.06,energy-charts,
2022-12-01,RO,power,2022,12,2.06,energy-charts,
2023-01-01,RO,power,2023,1,2.44,energy-charts,
2023-02-01,RO,power,2023,2,2.23,energy-charts,
2023-03-01,RO,power,2023,3,1.32,energy-charts,
2023-04-01,RO,power,2023,4,0.86,energy-charts,
2023-05-01,RO,power,2023,5,0.72,energy-charts,
2023-06-01,RO,power,2023,6,0.54,energy-charts,
2023-07-01,RO,power,2023,7,1.46,energy-charts,
2023-08-01,RO,power,2023,8,1.54,energy-charts,
2023-09-01,RO,power,2023,9,1.57,energy-charts,
2023-10-01,RO,power,2023,10,1.83,energy-charts,
2023-11-01,RO,power,2023,11,2.11,energy-charts,
2023-12-01,RO,power,2023,12,2.57,energy-charts,
2024-01-01,RO,power,2024,1,2.62,energy-charts,
2024-02-01,RO,power,2024,2,2.2,energy-charts,
2024-03-01,RO,power,2024,3,2.16,energy-charts,
2024-04-01,RO,power,2024,4,0.66,energy-charts,
2024-05-01,RO,power,2024,5,0.64,energy-charts,
2024-06-01,RO,power,2024,6,1.39,energy-charts,
2024-07-01,RO,power,2024,7,1.72,energy-charts,
2024-08-01,RO,power,2024,8,1.7,energy-charts,
2024-09-01,RO,power,2024,9,1.5,energy-charts,
2024-10-01,RO,power,2024,10,1.65,energy-charts,
2024-11-01,RO,power,2024,11,2.09,energy-charts,
2024-12-01,RO,power,2024,12,2.2,energy-charts,
2025-01-01,RO,power,2025,1,2.34,energy-charts,
2025-02-01,RO,power,2025,2,1.96,energy-charts,
2025-03-01,RO,power,2025,3,1.64,energy-charts,
2025-04-01,RO,power,2025,4,0.6,energy-charts,
2025-05-01,RO,power,2025,5,0.96,energy-charts,
2025-06-01,RO,power,2025,6,1.09,energy-charts,
2025-07-01,RO,power,2025,7,1.4,energy-charts,
2025-08-01,RO,power,2025,8,1.45,energy-charts,
2025-09-01,RO,power,2025,9,1.37,energy-charts,
2025-10-01,RO,power,2025,10,1.99,energy-charts,
2025-11-01,RO,power,2025,11,2.07,energy-charts,
2019-01-01,SE,power,2019,1,0.0,energy-charts,
2019-02-01,SE,power,2019,2,0.0,energy-charts,
2019-03-01,SE,power,2019,3,0.0,energy-charts,
2019-04-01,SE,power,2019,4,0.0,energy-charts,
2019-05-01,SE,power,2019,5,0.0,energy-charts,
2019-06-01,SE,power,2019,6,0.0,energy-charts,
2019-07-01,SE,power,2019,7,0.0,energy-charts,
2019-08-01,SE,power,2019,8,0.0,energy-charts,
2019-09-01,SE,power,2019,9,0.0,energy-charts,
2019-10-01,SE,power,2019,10,0.0,energy-charts,
2019-11-01,SE,power,2019,11,0.0,energy-charts,
2019-12-01,SE,power,2019,12,0.0,energy-charts,
2020-01-01,SE,power,2020,1,0.0,energy-charts,
2020-02-01,SE,power,2020,2,0.0,energy-charts,
2020-03-01,SE,power,2020,3,0.0,energy-charts,
2020-04-01,SE,power,2020,4,0.0,energy-charts,
2020-05-01,SE,power,2020,5,0.0,energy-charts,
2020-06-01,SE,power,2020,6,0.0,energy-charts,
2020-07-01,SE,power,2020,7,0.0,energy-charts,
2020-08-01,SE,power,2020,8,0.0,energy-charts,
2020-09-01,SE,power,2020,9,0.0,energy-charts,
2020-10-01,SE,power,2020,10,0.0,energy-charts,
2020-11-01,SE,power,2020,11,0.0,energy-charts,
2020-12-01,SE,power,2020,12,0.0,energy-charts,
2021-01-01,SE,power,2021,1,0.0,energy-charts,
2021-02-01,SE,power,2021,2,0.0,energy-charts,
2021-03-01,SE,power,2021,3,0.0,energy-charts,
2021-04-01,SE,power,2021,4,0.0,energy-charts,
2021-05-01,SE,power,2021,5,0.0,energy-charts,
2021-06-01,SE,power,2021,6,0.0,energy-charts,
2021-07-01,SE,power,2021,7,0.0,energy-charts,
2021-08-01,SE,power,2021,8,0.0,energy-charts,
2021-09-01,SE,power,2021,9,0.0,energy-charts,
2021-10-01,SE,power,2021,10,0.0,energy-charts,
2021-11-01,SE,power,2021,11,0.0,energy-charts,
2021-12-01,SE,power,2021,12,0.01,energy-charts,
2022-01-01,SE,power,2022,1,0.0,energy-charts,
2022-02-01,SE,power,2022,2,0.0,energy-charts,
2022-03-01,SE,power,2022,3,0.0,energy-charts,
2022-04-01,SE,power,2022,4,0.0,energy-charts,
2022-05-01,SE,power,2022,5,0.0,energy-charts,
2022-06-01,SE,power,2022,6,0.0,energy-charts,
2022-07-01,SE,power,2022,7,0.0,energy-charts,
2022-08-01,SE,power,2022,8,0.0,energy-charts,
2022-09-01,SE,power,2022,9,0.0,energy-charts,
2022-10-01,SE,power,2022,10,0.0,energy-charts,
2022-11-01,SE,power,2022,11,0.0,energy-charts,
2022-12-01,SE,power,2022,12,0.0,energy-charts,
2023-01-01,SE,power,2023,1,0.0,energy-charts,
2023-02-01,SE,power,2023,2,0.0,energy-charts,
2023-03-01,SE,power,2023,3,0.0,energy-charts,
2023-04-01,SE,power,2023,4,0.0,energy-charts,
2023-05-01,SE,power,2023,5,0.0,energy-charts,
2023-06-01,SE,power,2023,6,0.0,energy-charts,
2023-07-01,SE,power,2023,7,0.0,energy-charts,
2023-08-01,SE,power,2023,8,0.0,energy-charts,
2023-09-01,SE,power,2023,9,0.0,energy-charts,
2023-10-01,SE,power,2023,10,0.0,energy-charts,
2023-11-01,SE,power,2023,11,0.0,energy-charts,
2023-12-01,SE,power,2023,12,0.0,energy-charts,
2024-01-01,SE,power,2024,1,0.0,energy-charts,
2024-02-01,SE,power,2024,2,0.0,energy-charts,
2024-03-01,SE,power,2024,3,0.0,energy-charts,
2024-04-01,SE,power,2024,4,0.0,energy-charts,
2024-05-01,SE,power,2024,5,0.0,energy-charts,
2024-06-01,SE,power,2024,6,0.0,energy-charts,
2024-07-01,SE,power,2024,7,0.0,energy-charts,
2024-08-01,SE,power,2024,8,0.0,energy-charts,
2024-09-01,SE,power,2024,9,0.0,energy-charts,
2024-10-01,SE,power,2024,10,0.0,energy-charts,
2024-11-01,SE,power,2024,11,0.0,energy-charts,
2024-12-01,SE,power,2024,12,0.0,energy-charts,
2025-01-01,SE,power,2025,1,0.0,energy-charts,
2025-02-01,SE,power,2025,2,0.0,energy-charts,
2025-03-01,SE,power,2025,3,0.0,energy-charts,
2025-04-01,SE,power,2025,4,0.0,energy-charts,
2025-05-01,SE,power,2025,5,0.0,energy-charts,
2025-06-01,SE,power,2025,6,0.0,energy-charts,
2025-07-01,SE,power,2025,7,0.0,energy-charts,
2025-08-01,SE,power,2025,8,0.0,energy-charts,
2025-09-01,SE,power,2025,9,0.0,energy-charts,
2025-10-01,SE,power,2025,10,0.0,energy-charts,
2025-11-01,SE,power,2025,11,0.0,energy-charts,
2019-01-01,SI,power,2019,1,0.09,energy-charts,
2019-02-01,SI,power,2019,2,0.08,energy-charts,
2019-03-01,SI,power,2019,3,0.09,energy-charts,
2019-04-01,SI,power,2019,4,0.05,energy-charts,
2019-05-01,SI,power,2019,5,0.04,energy-charts,
2019-06-01,SI,power,2019,6,0.03,energy-charts,
2019-07-01,SI,power,2019,7,0.03,energy-charts,
2019-08-01,SI,power,2019,8,0.05,energy-charts,
2019-09-01,SI,power,2019,9,0.04,energy-charts,
2019-10-01,SI,power,2019,10,0.06,energy-charts,
2019-11-01,SI,power,2019,11,0.07,energy-charts,
2019-12-01,SI,power,2019,12,0.08,energy-charts,
2020-01-01,SI,power,2020,1,0.09,energy-charts,
2020-02-01,SI,power,2020,2,0.08,energy-charts,
2020-03-01,SI,power,2020,3,0.08,energy-charts,
2020-04-01,SI,power,2020,4,0.05,energy-charts,
2020-05-01,SI,power,2020,5,0.03,energy-charts,
2020-06-01,SI,power,2020,6,0.03,energy-charts,
2020-07-01,SI,power,2020,7,0.05,energy-charts,
2020-08-01,SI,power,2020,8,0.05,energy-charts,
2020-09-01,SI,power,2020,9,0.08,energy-charts,
2020-10-01,SI,power,2020,10,0.08,energy-charts,
2020-11-01,SI,power,2020,11,0.1,energy-charts,
2020-12-01,SI,power,2020,12,0.11,energy-charts,
2021-01-01,SI,power,2021,1,0.11,energy-charts,
2021-02-01,SI,power,2021,2,0.1,energy-charts,
2021-03-01,SI,power,2021,3,0.11,energy-charts,
2021-04-01,SI,power,2021,4,0.08,energy-charts,
2021-05-01,SI,power,2021,5,0.05,energy-charts,
2021-06-01,SI,power,2021,6,0.04,energy-charts,
2021-07-01,SI,power,2021,7,0.04,energy-charts,
2021-08-01,SI,power,2021,8,0.04,energy-charts,
2021-09-01,SI,power,2021,9,0.05,energy-charts,
2021-10-01,SI,power,2021,10,0.09,energy-charts,
2021-11-01,SI,power,2021,11,0.11,energy-charts,
2021-12-01,SI,power,2021,12,0.13,energy-charts,
2022-01-01,SI,power,2022,1,0.12,energy-charts,
2022-02-01,SI,power,2022,2,0.11,energy-charts,
2022-03-01,SI,power,2022,3,0.12,energy-charts,
2022-04-01,SI,power,2022,4,0.07,energy-charts,
2022-05-01,SI,power,2022,5,0.05,energy-charts,
2022-06-01,SI,power,2022,6,0.03,energy-charts,
2022-07-01,SI,power,2022,7,0.05,energy-charts,
2022-08-01,SI,power,2022,8,0.04,energy-charts,
2022-09-01,SI,power,2022,9,0.04,energy-charts,
2022-10-01,SI,power,2022,10,0.07,energy-charts,
2022-11-01,SI,power,2022,11,0.08,energy-charts,
2022-12-01,SI,power,2022,12,0.13,energy-charts,
2023-01-01,SI,power,2023,1,0.09,energy-charts,
2023-02-01,SI,power,2023,2,0.09,energy-charts,
2023-03-01,SI,power,2023,3,0.09,energy-charts,
2023-04-01,SI,power,2023,4,0.06,energy-charts,
2023-05-01,SI,power,2023,5,0.05,energy-charts,
2023-06-01,SI,power,2023,6,0.04,energy-charts,
2023-07-01,SI,power,2023,7,0.04,energy-charts,
2023-08-01,SI,power,2023,8,0.04,energy-charts,
2023-09-01,SI,power,2023,9,0.04,energy-charts,
2023-10-01,SI,power,2023,10,0.05,energy-charts,
2023-11-01,SI,power,2023,11,0.08,energy-charts,
2023-12-01,SI,power,2023,12,0.1,energy-charts,
2024-01-01,SI,power,2024,1,0.08,energy-charts,
2024-02-01,SI,power,2024,2,0.09,energy-charts,
2024-03-01,SI,power,2024,3,0.1,energy-charts,
2024-04-01,SI,power,2024,4,0.06,energy-charts,
2024-05-01,SI,power,2024,5,0.05,energy-charts,
2024-06-01,SI,power,2024,6,0.05,energy-charts,
2024-07-01,SI,power,2024,7,0.06,energy-charts,
2024-08-01,SI,power,2024,8,0.07,energy-charts,
2024-09-01,SI,power,2024,9,0.06,energy-charts,
2024-10-01,SI,power,2024,10,0.06,energy-charts,
2024-11-01,SI,power,2024,11,0.12,energy-charts,
2024-12-01,SI,power,2024,12,0.19,energy-charts,
2025-01-01,SI,power,2025,1,0.17,energy-charts,
2025-02-01,SI,power,2025,2,0.12,energy-charts,
2025-03-01,SI,power,2025,3,0.15,energy-charts,
2025-04-01,SI,power,2025,4,0.07,energy-charts,
2025-05-01,SI,power,2025,5,0.13,energy-charts,
2025-06-01,SI,power,2025,6,0.13,energy-charts,
2025-07-01,SI,power,2025,7,0.13,energy-charts,
2025-08-01,SI,power,2025,8,0.13,energy-charts,
2025-09-01,SI,power,2025,9,0.12,energy-charts,
2025-10-01,SI,power,2025,10,0.2,energy-charts,
2025-11-01,SI,power,2025,11,0.27,energy-charts,
2019-01-01,SK,power,2019,1,0.41,energy-charts,
2019-02-01,SK,power,2019,2,0.41,energy-charts,
2019-03-01,SK,power,2019,3,0.45,energy-charts,
2019-04-01,SK,power,2019,4,0.33,energy-charts,
2019-05-01,SK,power,2019,5,0.45,energy-charts,
2019-06-01,SK,power,2019,6,0.41,energy-charts,
2019-07-01,SK,power,2019,7,0.46,energy-charts,
2019-08-01,SK,power,2019,8,0.45,energy-charts,
2019-09-01,SK,power,2019,9,0.49,energy-charts,
2019-10-01,SK,power,2019,10,0.55,energy-charts,
2019-11-01,SK,power,2019,11,0.49,energy-charts,
2019-12-01,SK,power,2019,12,0.49,energy-charts,
2020-01-01,SK,power,2020,1,0.69,energy-charts,
2020-02-01,SK,power,2020,2,0.55,energy-charts,
2020-03-01,SK,power,2020,3,0.51,energy-charts,
2020-04-01,SK,power,2020,4,0.47,energy-charts,
2020-05-01,SK,power,2020,5,0.5,energy-charts,
2020-06-01,SK,power,2020,6,0.54,energy-charts,
2020-07-01,SK,power,2020,7,0.42,energy-charts,
2020-08-01,SK,power,2020,8,0.59,energy-charts,
2020-09-01,SK,power,2020,9,0.58,energy-charts,
2020-10-01,SK,power,2020,10,0.56,energy-charts,
2020-11-01,SK,power,2020,11,0.59,energy-charts,
2020-12-01,SK,power,2020,12,0.65,energy-charts,
2021-01-01,SK,power,2021,1,0.88,energy-charts,
2021-02-01,SK,power,2021,2,0.8,energy-charts,
2021-03-01,SK,power,2021,3,0.89,energy-charts,
2021-04-01,SK,power,2021,4,0.77,energy-charts,
2021-05-01,SK,power,2021,5,0.4,energy-charts,
2021-06-01,SK,power,2021,6,0.65,energy-charts,
2021-07-01,SK,power,2021,7,0.54,energy-charts,
2021-08-01,SK,power,2021,8,0.39,energy-charts,
2021-09-01,SK,power,2021,9,0.61,energy-charts,
2021-10-01,SK,power,2021,10,0.55,energy-charts,
2021-11-01,SK,power,2021,11,0.74,energy-charts,
2021-12-01,SK,power,2021,12,0.7,energy-charts,
2022-01-01,SK,power,2022,1,0.63,energy-charts,
2022-02-01,SK,power,2022,2,0.48,energy-charts,
2022-03-01,SK,power,2022,3,0.29,energy-charts,
2022-04-01,SK,power,2022,4,0.28,energy-charts,
2022-05-01,SK,power,2022,5,0.25,energy-charts,
2022-06-01,SK,power,2022,6,0.17,energy-charts,
2022-07-01,SK,power,2022,7,0.2,energy-charts,
2022-08-01,SK,power,2022,8,0.17,energy-charts,
2022-09-01,SK,power,2022,9,0.19,energy-charts,
2022-10-01,SK,power,2022,10,0.24,energy-charts,
2022-11-01,SK,power,2022,11,0.28,energy-charts,
2022-12-01,SK,power,2022,12,0.32,energy-charts,
2023-01-01,SK,power,2023,1,0.29,energy-charts,
2023-02-01,SK,power,2023,2,0.48,energy-charts,
2023-03-01,SK,power,2023,3,0.38,energy-charts,
2023-04-01,SK,power,2023,4,0.31,energy-charts,
2023-05-01,SK,power,2023,5,0.31,energy-charts,
2023-06-01,SK,power,2023,6,0.37,energy-charts,
2023-07-01,SK,power,2023,7,0.34,energy-charts,
2023-08-01,SK,power,2023,8,0.37,energy-charts,
2023-09-01,SK,power,2023,9,0.31,energy-charts,
2023-10-01,SK,power,2023,10,0.27,energy-charts,
2023-11-01,SK,power,2023,11,0.29,energy-charts,
2023-12-01,SK,power,2023,12,0.36,energy-charts,
2024-01-01,SK,power,2024,1,0.45,energy-charts,
2024-02-01,SK,power,2024,2,0.34,energy-charts,
2024-03-01,SK,power,2024,3,0.35,energy-charts,
2024-04-01,SK,power,2024,4,0.33,energy-charts,
2024-05-01,SK,power,2024,5,0.25,energy-charts,
2024-06-01,SK,power,2024,6,0.32,energy-charts,
2024-07-01,SK,power,2024,7,0.35,energy-charts,
2024-08-01,SK,power,2024,8,0.37,energy-charts,
2024-09-01,SK,power,2024,9,0.39,energy-charts,
2024-10-01,SK,power,2024,10,0.44,energy-charts,
2024-11-01,SK,power,2024,11,0.67,energy-charts,
2024-12-01,SK,power,2024,12,0.61,energy-charts,
2025-01-01,SK,power,2025,1,0.62,energy-charts,
2025-02-01,SK,power,2025,2,0.56,energy-charts,
2025-03-01,SK,power,2025,3,0.5,energy-charts,
2025-04-01,SK,power,2025,4,0.39,energy-charts,
2025-05-01,SK,power,2025,5,0.29,energy-charts,
2025-06-01,SK,power,2025,6,0.26,energy-charts,
2025-07-01,SK,power,2025,7,0.4,energy-charts,
2025-08-01,SK,power,2025,8,0.33,energy-charts,
2025-09-01,SK,power,2025,9,0.46,energy-charts,
2025-10-01,SK,power,2025,10,0.49,energy-charts,
2025-11-01,SK,power,2025,11,0.69,energy-charts,
2020-01-01,UK,household,2020,1,30.48,national-grid,
2020-02-01,UK,household,2020,2,67.17,national-grid,
2020-03-01,UK,household,2020,3,63.32,national-grid,
2020-04-01,UK,household,2020,4,34.78,national-grid,
2020-05-01,UK,household,2020,5,26.88,national-grid,
2020-06-01,UK,household,2020,6,21.37,national-grid,
2020-07-01,UK,household,2020,7,20.46,national-grid,
2020-08-01,UK,household,2020,8,18.99,national-grid,
2020-09-01,UK,household,2020,9,24.94,national-grid,
2020-10-01,UK,household,2020,10,45.0,national-grid,
2020-11-01,UK,household,2020,11,54.04,national-grid,
2020-12-01,UK,household,2020,12,71.25,national-grid,
2021-01-01,UK,household,2021,1,82.41,national-grid,
2021-02-01,UK,household,2021,2,67.93,national-grid,
2021-03-01,UK,household,2021,3,62.11,national-grid,
2021-04-01,UK,household,2021,4,51.51,national-grid,
2021-05-01,UK,household,2021,5,40.79,national-grid,
2021-06-01,UK,household,2021,6,20.01,national-grid,
2021-07-01,UK,household,2021,7,18.04,national-grid,
2021-08-01,UK,household,2021,8,19.17,national-grid,
2021-09-01,UK,household,2021,9,20.93,national-grid,
2021-10-01,UK,household,2021,10,36.3,national-grid,
2021-11-01,UK,household,2021,11,57.06,national-grid,
2021-12-01,UK,household,2021,12,66.53,national-grid,
2022-01-01,UK,household,2022,1,73.0,national-grid,
2022-02-01,UK,household,2022,2,59.5,national-grid,
2022-03-01,UK,household,2022,3,52.99,national-grid,
2022-04-01,UK,household,2022,4,39.08,national-grid,
2022-05-01,UK,household,2022,5,25.17,national-grid,
2022-06-01,UK,household,2022,6,18.88,national-grid,
2022-07-01,UK,household,2022,7,17.05,national-grid,
2022-08-01,UK,household,2022,8,16.28,national-grid,
2022-09-01,UK,household,2022,9,20.69,national-grid,
2022-10-01,UK,household,2022,10,28.92,national-grid,
2022-11-01,UK,household,2022,11,44.6,national-grid,
2022-12-01,UK,household,2022,12,67.59,national-grid,
2023-01-01,UK,household,2023,1,65.21,national-grid,
2023-02-01,UK,household,2023,2,52.16,national-grid,
2023-03-01,UK,household,2023,3,55.02,national-grid,
2023-04-01,UK,household,2023,4,38.63,national-grid,
2023-05-01,UK,household,2023,5,23.68,national-grid,
2023-06-01,UK,household,2023,6,16.68,national-grid,
2023-07-01,UK,household,2023,7,16.96,national-grid,
2023-08-01,UK,household,2023,8,16.61,national-grid,
2023-09-01,UK,household,2023,9,17.79,national-grid,
2023-10-01,UK,household,2023,10,30.93,national-grid,
2023-11-01,UK,household,2023,11,51.29,national-grid,
2023-12-01,UK,household,2023,12,58.0,national-grid,
2024-01-01,UK,household,2024,1,67.75,national-grid,
2024-02-01,UK,household,2024,2,51.38,national-grid,
2024-03-01,UK,household,2024,3,50.55,national-grid,
2024-04-01,UK,household,2024,4,38.62,national-grid,
2024-05-01,UK,household,2024,5,22.79,national-grid,
2024-06-01,UK,household,2024,6,19.34,national-grid,
2024-07-01,UK,household,2024,7,17.61,national-grid,
2024-08-01,UK,household,2024,8,16.24,national-grid,
2024-09-01,UK,household,2024,9,22.1,national-grid,
2024-10-01,UK,household,2024,10,34.37,national-grid,
2024-11-01,UK,household,2024,11,51.41,national-grid,
2024-12-01,UK,household,2024,12,58.02,national-grid,
2025-01-01,UK,household,2025,1,72.16,national-grid,
2025-02-01,UK,household,2025,2,59.38,national-grid,
2025-03-01,UK,household,2025,3,48.5,national-grid,
2025-04-01,UK,household,2025,4,30.24,national-grid,
2025-05-01,UK,household,2025,5,21.27,national-grid,
2025-06-01,UK,household,2025,6,16.71,national-grid,
2025-07-01,UK,household,2025,7,15.19,national-grid,
2025-08-01,UK,household,2025,8,15.46,national-grid,
2025-09-01,UK,household,2025,9,21.23,national-grid,
2025-10-01,UK,household,2025,10,34.14,national-grid,
2025-11-01,UK,household,2025,11,48.9,national-grid,
2020-01-01,UK,industry,2020,1,2.02,national-grid,
2020-02-01,UK,industry,2020,2,3.66,national-grid,
2020-03-01,UK,industry,2020,3,3.9,national-grid,
2020-04-01,UK,industry,2020,4,3.39,national-grid,
2020-05-01,UK,industry,2020,5,4.65,national-grid,
2020-06-01,UK,industry,2020,6,3.45,national-grid,
2020-07-01,UK,industry,2020,7,4.83,national-grid,
2020-08-01,UK,industry,2020,8,4.21,national-grid,
2020-09-01,UK,industry,2020,9,3.66,national-grid,
2020-10-01,UK,industry,2020,10,5.68,national-grid,
2020-11-01,UK,industry,2020,11,3.37,national-grid,
2020-12-01,UK,industry,2020,12,3.74,national-grid,
2021-01-01,UK,industry,2021,1,3.56,national-grid,
2021-02-01,UK,industry,2021,2,3.29,national-grid,
2021-03-01,UK,industry,2021,3,3.55,national-grid,
2021-04-01,UK,industry,2021,4,3.28,national-grid,
2021-05-01,UK,industry,2021,5,3.46,national-grid,
2021-06-01,UK,industry,2021,6,2.66,national-grid,
2021-07-01,UK,industry,2021,7,2.63,national-grid,
2021-08-01,UK,industry,2021,8,2.1,national-grid,
2021-09-01,UK,industry,2021,9,1.75,national-grid,
2021-10-01,UK,industry,2021,10,2.01,national-grid,
2021-11-01,UK,industry,2021,11,2.13,national-grid,
2021-12-01,UK,industry,2021,12,1.75,national-grid,
2022-01-01,UK,industry,2022,1,1.79,national-grid,
2022-02-01,UK,industry,2022,2,1.36,national-grid,
2022-03-01,UK,industry,2022,3,2.14,national-grid,
2022-04-01,UK,industry,2022,4,1.89,national-grid,
2022-05-01,UK,industry,2022,5,1.93,national-grid,
2022-06-01,UK,industry,2022,6,2.12,national-grid,
2022-07-01,UK,industry,2022,7,2.31,national-grid,
2022-08-01,UK,industry,2022,8,2.26,national-grid,
2022-09-01,UK,industry,2022,9,1.71,national-grid,
2022-10-01,UK,industry,2022,10,1.44,national-grid,
2022-11-01,UK,industry,2022,11,1.9,national-grid,
2022-12-01,UK,industry,2022,12,1.99,national-grid,
2023-01-01,UK,industry,2023,1,1.84,national-grid,
2023-02-01,UK,industry,2023,2,1.64,national-grid,
2023-03-01,UK,industry,2023,3,1.78,national-grid,
2023-04-01,UK,industry,2023,4,1.34,national-grid,
2023-05-01,UK,industry,2023,5,1.39,national-grid,
2023-06-01,UK,industry,2023,6,1.35,national-grid,
2023-07-01,UK,industry,2023,7,1.25,national-grid,
2023-08-01,UK,industry,2023,8,1.52,national-grid,
2023-09-01,UK,industry,2023,9,1.69,national-grid,
2023-10-01,UK,industry,2023,10,1.63,national-grid,
2023-11-01,UK,industry,2023,11,1.76,national-grid,
2023-12-01,UK,industry,2023,12,1.65,national-grid,
2024-01-01,UK,industry,2024,1,1.97,national-grid,
2024-02-01,UK,industry,2024,2,1.82,national-grid,
2024-03-01,UK,industry,2024,3,1.78,national-grid,
2024-04-01,UK,industry,2024,4,1.26,national-grid,
2024-05-01,UK,industry,2024,5,1.32,national-grid,
2024-06-01,UK,industry,2024,6,1.37,national-grid,
2024-07-01,UK,industry,2024,7,1.27,national-grid,
2024-08-01,UK,industry,2024,8,1.05,national-grid,
2024-09-01,UK,industry,2024,9,1.06,national-grid,
2024-10-01,UK,industry,2024,10,1.13,national-grid,
2024-11-01,UK,industry,2024,11,1.54,national-grid,
2024-12-01,UK,industry,2024,12,1.72,national-grid,
2025-01-01,UK,industry,2025,1,1.95,national-grid,
2025-02-01,UK,industry,2025,2,1.22,national-grid,
2025-03-01,UK,industry,2025,3,0.97,national-grid,
2025-04-01,UK,industry,2025,4,0.87,national-grid,
2025-05-01,UK,industry,2025,5,0.89,national-grid,
2025-06-01,UK,industry,2025,6,0.79,national-grid,
2025-07-01,UK,industry,2025,7,0.9,national-grid,
2025-08-01,UK,industry,2025,8,0.96,national-grid,
2025-09-01,UK,industry,2025,9,0.82,national-grid,
2025-10-01,UK,industry,2025,10,0.97,national-grid,
2025-11-01,UK,industry,2025,11,0.95,national-grid,
2020-01-01,UK,power,2020,1,8.17,national-grid,
2020-02-01,UK,power,2020,2,12.72,national-grid,
2020-03-01,UK,power,2020,3,15.87,national-grid,
2020-04-01,UK,power,2020,4,11.42,national-grid,
2020-05-01,UK,power,2020,5,10.32,national-grid,
2020-06-01,UK,power,2020,6,13.39,national-grid,
2020-07-01,UK,power,2020,7,15.43,national-grid,
2020-08-01,UK,power,2020,8,16.79,national-grid,
2020-09-01,UK,power,2020,9,16.86,national-grid,
2020-10-01,UK,power,2020,10,15.98,national-grid,
2020-11-01,UK,power,2020,11,16.56,national-grid,
2020-12-01,UK,power,2020,12,18.7,national-grid,
2021-01-01,UK,power,2021,1,20.91,national-grid,
2021-02-01,UK,power,2021,2,15.04,national-grid,
2021-03-01,UK,power,2021,3,17.39,national-grid,
2021-04-01,UK,power,2021,4,19.53,national-grid,
2021-05-01,UK,power,2021,5,16.91,national-grid,
2021-06-01,UK,power,2021,6,14.11,national-grid,
2021-07-01,UK,power,2021,7,16.42,national-grid,
2021-08-01,UK,power,2021,8,14.91,national-grid,
2021-09-01,UK,power,2021,9,17.65,national-grid,
2021-10-01,UK,power,2021,10,14.42,national-grid,
2021-11-01,UK,power,2021,11,17.84,national-grid,
2021-12-01,UK,power,2021,12,19.09,national-grid,
2022-01-01,UK,power,2022,1,19.79,national-grid,
2022-02-01,UK,power,2022,2,10.17,national-grid,
2022-03-01,UK,power,2022,3,17.18,national-grid,
2022-04-01,UK,power,2022,4,17.9,national-grid,
2022-05-01,UK,power,2022,5,19.91,national-grid,
2022-06-01,UK,power,2022,6,18.01,national-grid,
2022-07-01,UK,power,2022,7,19.01,national-grid,
2022-08-01,UK,power,2022,8,20.04,national-grid,
2022-09-01,UK,power,2022,9,18.6,national-grid,
2022-10-01,UK,power,2022,10,16.62,national-grid,
2022-11-01,UK,power,2022,11,18.33,national-grid,
2022-12-01,UK,power,2022,12,17.17,national-grid,
2023-01-01,UK,power,2023,1,13.71,national-grid,
2023-02-01,UK,power,2023,2,14.47,national-grid,
2023-03-01,UK,power,2023,3,15.97,national-grid,
2023-04-01,UK,power,2023,4,14.52,national-grid,
2023-05-01,UK,power,2023,5,13.52,national-grid,
2023-06-01,UK,power,2023,6,13.83,national-grid,
2023-07-01,UK,power,2023,7,11.89,national-grid,
2023-08-01,UK,power,2023,8,14.58,national-grid,
2023-09-01,UK,power,2023,9,13.23,national-grid,
2023-10-01,UK,power,2023,10,11.79,national-grid,
2023-11-01,UK,power,2023,11,14.65,national-grid,
2023-12-01,UK,power,2023,12,12.9,national-grid,
2024-01-01,UK,power,2024,1,18.17,national-grid,
2024-02-01,UK,power,2024,2,11.61,national-grid,
2024-03-01,UK,power,2024,3,10.93,national-grid,
2024-04-01,UK,power,2024,4,7.57,national-grid,
2024-05-01,UK,power,2024,5,9.93,national-grid,
2024-06-01,UK,power,2024,6,7.67,national-grid,
2024-07-01,UK,power,2024,7,9.37,national-grid,
2024-08-01,UK,power,2024,8,6.83,national-grid,
2024-09-01,UK,power,2024,9,10.45,national-grid,
2024-10-01,UK,power,2024,10,12.97,national-grid,
2024-11-01,UK,power,2024,11,17.81,national-grid,
2024-12-01,UK,power,2024,12,13.79,national-grid,
2025-01-01,UK,power,2025,1,20.52,national-grid,
2025-02-01,UK,power,2025,2,15.65,national-grid,
2025-03-01,UK,power,2025,3,14.91,national-grid,
2025-04-01,UK,power,2025,4,10.89,national-grid,
2025-05-01,UK,power,2025,5,8.48,national-grid,
2025-06-01,UK,power,2025,6,7.46,national-grid,
2025-07-01,UK,power,2025,7,10.29,national-grid,
2025-08-01,UK,power,2025,8,9.42,national-grid,
2025-09-01,UK,power,2025,9,9.08,national-grid,
2025-10-01,UK,power,2025,10,13.46,national-grid,
2025-11-01,UK,power,2025,11,13.71,national-grid,
2020-01-01,UK,total,2020,1,40.67,national-grid,
2020-02-01,UK,total,2020,2,83.55,national-grid,
2020-03-01,UK,total,2020,3,83.08,national-grid,
2020-04-01,UK,total,2020,4,49.59,national-grid,
2020-05-01,UK,total,2020,5,41.85,national-grid,
2020-06-01,UK,total,2020,6,38.21,national-grid,
2020-07-01,UK,total,2020,7,40.72,national-grid,
2020-08-01,UK,total,2020,8,39.99,national-grid,
2020-09-01,UK,total,2020,9,45.47,national-grid,
2020-10-01,UK,total,2020,10,66.66,national-grid,
2020-11-01,UK,total,2020,11,73.97,national-grid,
2020-12-01,UK,total,2020,12,93.68,national-grid,
2021-01-01,UK,total,2021,1,106.88,national-grid,
2021-02-01,UK,total,2021,2,86.26,national-grid,
2021-03-01,UK,total,2021,3,83.04,national-grid,
2021-04-01,UK,total,2021,4,74.31,national-grid,
2021-05-01,UK,total,2021,5,61.15,national-grid,
2021-06-01,UK,total,2021,6,36.79,national-grid,
2021-07-01,UK,total,2021,7,37.09,national-grid,
2021-08-01,UK,total,2021,8,36.18,national-grid,
2021-09-01,UK,total,2021,9,40.32,national-grid,
2021-10-01,UK,total,2021,10,52.73,national-grid,
2021-11-01,UK,total,2021,11,77.04,national-grid,
2021-12-01,UK,total,2021,12,87.37,national-grid,
2022-01-01,UK,total,2022,1,94.58,national-grid,
2022-02-01,UK,total,2022,2,71.03,national-grid,
2022-03-01,UK,total,2022,3,72.3,national-grid,
2022-04-01,UK,total,2022,4,58.88,national-grid,
2022-05-01,UK,total,2022,5,47.01,national-grid,
2022-06-01,UK,total,2022,6,39.01,national-grid,
2022-07-01,UK,total,2022,7,38.38,national-grid,
2022-08-01,UK,total,2022,8,38.57,national-grid,
2022-09-01,UK,total,2022,9,40.99,national-grid,
2022-10-01,UK,total,2022,10,46.98,national-grid,
2022-11-01,UK,total,2022,11,64.83,national-grid,
2022-12-01,UK,total,2022,12,86.74,national-grid,
2023-01-01,UK,total,2023,1,80.76,national-grid,
2023-02-01,UK,total,2023,2,68.27,national-grid,
2023-03-01,UK,total,2023,3,72.77,national-grid,
2023-04-01,UK,total,2023,4,54.49,national-grid,
2023-05-01,UK,total,2023,5,38.59,national-grid,
2023-06-01,UK,total,2023,6,31.86,national-grid,
2023-07-01,UK,total,2023,7,30.1,national-grid,
2023-08-01,UK,total,2023,8,32.72,national-grid,
2023-09-01,UK,total,2023,9,32.71,national-grid,
2023-10-01,UK,total,2023,10,44.35,national-grid,
2023-11-01,UK,total,2023,11,67.7,national-grid,
2023-12-01,UK,total,2023,12,72.55,national-grid,
2024-01-01,UK,total,2024,1,87.88,national-grid,
2024-02-01,UK,total,2024,2,64.81,national-grid,
2024-03-01,UK,total,2024,3,63.25,national-grid,
2024-04-01,UK,total,2024,4,47.46,national-grid,
2024-05-01,UK,total,2024,5,34.05,national-grid,
2024-06-01,UK,total,2024,6,28.38,national-grid,
2024-07-01,UK,total,2024,7,28.25,national-grid,
2024-08-01,UK,total,2024,8,24.12,national-grid,
2024-09-01,UK,total,2024,9,33.6,national-grid,
2024-10-01,UK,total,2024,10,48.47,national-grid,
2024-11-01,UK,total,2024,11,70.76,national-grid,
2024-12-01,UK,total,2024,12,73.53,national-grid,
2025-01-01,UK,total,2025,1,94.63,national-grid,
2025-02-01,UK,total,2025,2,76.24,national-grid,
2025-03-01,UK,total,2025,3,64.38,national-grid,
2025-04-01,UK,total,2025,4,42.0,national-grid,
2025-05-01,UK,total,2025,5,30.64,national-grid,
2025-06-01,UK,total,2025,6,24.96,national-grid,
2025-07-01,UK,total,2025,7,26.38,national-grid,
2025-08-01,UK,total,2025,8,25.84,national-grid,
2025-09-01,UK,total,2025,9,31.13,national-grid,
2025-10-01,UK,total,2025,10,48.57,national-grid,
2025-11-01,UK,total,2025,11,63.55,national-grid,
2019-01-01,DE,industry,2019,1,52.18,calculated,
2019-02-01,DE,industry,2019,2,44.16,calculated,
2019-03-01,DE,industry,2019,3,43.27,calculated,
2019-04-01,DE,industry,2019,4,40.08,calculated,
2019-05-01,DE,industry,2019,5,39.6,calculated,
2019-06-01,DE,industry,2019,6,31.53,calculated,
2019-07-01,DE,industry,2019,7,33.15,calculated,
2019-08-01,DE,industry,2019,8,31.36,calculated,
2019-09-01,DE,industry,2019,9,34.66,calculated,
2019-10-01,DE,industry,2019,10,37.38,calculated,
2019-11-01,DE,industry,2019,11,44.34,calculated,
2019-12-01,DE,industry,2019,12,45.35,calculated,
2020-01-01,DE,industry,2020,1,47.78,calculated,
2020-02-01,DE,industry,2020,2,42.18,calculated,
2020-03-01,DE,industry,2020,3,46.44,calculated,
2020-04-01,DE,industry,2020,4,37.07,calculated,
2020-05-01,DE,industry,2020,5,35.8,calculated,
2020-06-01,DE,industry,2020,6,31.19,calculated,
2020-07-01,DE,industry,2020,7,32.1,calculated,
2020-08-01,DE,industry,2020,8,31.38,calculated,
2020-09-01,DE,industry,2020,9,34.5,calculated,
2020-10-01,DE,industry,2020,10,39.54,calculated,
2020-11-01,DE,industry,2020,11,43.48,calculated,
2020-12-01,DE,industry,2020,12,49.22,calculated,
2021-01-01,DE,industry,2021,1,55.4,calculated,
2021-02-01,DE,industry,2021,2,47.89,calculated,
2021-03-01,DE,industry,2021,3,49.69,calculated,
2021-04-01,DE,industry,2021,4,44.32,calculated,
2021-05-01,DE,industry,2021,5,38.64,calculated,
2021-06-01,DE,industry,2021,6,32.09,calculated,
2021-07-01,DE,industry,2021,7,32.77,calculated,
2021-08-01,DE,industry,2021,8,32.57,calculated,
2021-09-01,DE,industry,2021,9,32.12,calculated,
2021-10-01,DE,industry,2021,10,38.31,calculated,
2021-11-01,DE,industry,2021,11,45.25,calculated,
2021-12-01,DE,industry,2021,12,47.32,calculated,
2022-01-01,DE,industry,2022,1,47.67,calculated,
2022-02-01,DE,industry,2022,2,41.46,calculated,
2022-03-01,DE,industry,2022,3,46.39,calculated,
2022-04-01,DE,industry,2022,4,39.18,calculated,
2022-05-01,DE,industry,2022,5,32.65,calculated,
2022-06-01,DE,industry,2022,6,28.29,calculated,
2022-07-01,DE,industry,2022,7,26.96,calculated,
2022-08-01,DE,industry,2022,8,24.84,calculated,
2022-09-01,DE,industry,2022,9,30.25,calculated,
2022-10-01,DE,industry,2022,10,30.62,calculated,
2022-11-01,DE,industry,2022,11,36.93,calculated,
2022-12-01,DE,industry,2022,12,40.19,calculated,
2023-01-01,DE,industry,2023,1,40.99,calculated,
2023-02-01,DE,industry,2023,2,38.42,calculated,
2023-03-01,DE,industry,2023,3,40.0,calculated,
2023-04-01,DE,industry,2023,4,35.34,calculated,
2023-05-01,DE,industry,2023,5,30.6,calculated,
2023-06-01,DE,industry,2023,6,26.99,calculated,
2023-07-01,DE,industry,2023,7,26.66,calculated,
2023-08-01,DE,industry,2023,8,27.04,calculated,
2023-09-01,DE,industry,2023,9,27.89,calculated,
2023-10-01,DE,industry,2023,10,32.93,calculated,
2023-11-01,DE,industry,2023,11,39.18,calculated,
2023-12-01,DE,industry,2023,12,39.92,calculated,
2024-01-01,DE,industry,2024,1,45.14,calculated,
2024-02-01,DE,industry,2024,2,36.77,calculated,
2024-03-01,DE,industry,2024,3,37.24,calculated,
2024-04-01,DE,industry,2024,4,34.91,calculated,
2024-05-01,DE,industry,2024,5,31.41,calculated,
2024-06-01,DE,industry,2024,6,30.09,calculated,
2024-07-01,DE,industry,2024,7,28.96,calculated,
2024-08-01,DE,industry,2024,8,27.22,calculated,
2024-09-01,DE,industry,2024,9,29.51,calculated,
2024-10-01,DE,industry,2024,10,33.42,calculated,
2024-11-01,DE,industry,2024,11,40.08,calculated,
2024-12-01,DE,industry,2024,12,42.33,calculated,
2025-01-01,DE,industry,2025,1,47.23,calculated,
2025-02-01,DE,industry,2025,2,42.28,calculated,
2025-03-01,DE,industry,2025,3,40.07,calculated,
2025-04-01,DE,industry,2025,4,33.2,calculated,
2025-05-01,DE,industry,2025,5,30.9,calculated,
2025-06-01,DE,industry,2025,6,24.87,calculated,
2025-07-01,DE,industry,2025,7,25.32,calculated,
2025-08-01,DE,industry,2025,8,24.05,calculated,
2025-09-01,DE,industry,2025,9,26.14,calculated,
2025-10-01,DE,industry,2025,10,32.11,calculated,
2025-11-01,DE,industry,2025,11,39.02,calculated,
2019-01-01,HU,industry,2019,1,0.79,calculated,
2019-02-01,HU,industry,2019,2,0.92,calculated,
2019-03-01,HU,industry,2019,3,0.99,calculated,
2019-04-01,HU,industry,2019,4,1.18,calculated,
2019-05-01,HU,industry,2019,5,1.35,calculated,
2019-06-01,HU,industry,2019,6,0.76,calculated,
2019-07-01,HU,industry,2019,7,0.51,calculated,
2019-08-01,HU,industry,2019,8,0.95,calculated,
2019-09-01,HU,industry,2019,9,1.05,calculated,
2019-10-01,HU,industry,2019,10,0.95,calculated,
2019-11-01,HU,industry,2019,11,0.91,calculated,
2019-12-01,HU,industry,2019,12,1.09,calculated,
2020-01-01,HU,industry,2020,1,0.95,calculated,
2020-02-01,HU,industry,2020,2,0.83,calculated,
2020-03-01,HU,industry,2020,3,1.04,calculated,
2020-04-01,HU,industry,2020,4,0.9,calculated,
2020-05-01,HU,industry,2020,5,1.19,calculated,
2020-06-01,HU,industry,2020,6,0.8,calculated,
2020-07-01,HU,industry,2020,7,0.81,calculated,
2020-08-01,HU,industry,2020,8,0.85,calculated,
2020-09-01,HU,industry,2020,9,1.05,calculated,
2020-10-01,HU,industry,2020,10,1.01,calculated,
2020-11-01,HU,industry,2020,11,0.65,calculated,
2020-12-01,HU,industry,2020,12,0.87,calculated,
2021-01-01,HU,industry,2021,1,0.87,calculated,
2021-02-01,HU,industry,2021,2,0.76,calculated,
2021-03-01,HU,industry,2021,3,0.84,calculated,
2021-04-01,HU,industry,2021,4,0.78,calculated,
2021-05-01,HU,industry,2021,5,0.8,calculated,
2021-06-01,HU,industry,2021,6,0.34,calculated,
2021-07-01,HU,industry,2021,7,0.9,calculated,
2021-08-01,HU,industry,2021,8,1.04,calculated,
2021-09-01,HU,industry,2021,9,0.68,calculated,
2021-10-01,HU,industry,2021,10,0.72,calculated,
2021-11-01,HU,industry,2021,11,0.67,calculated,
2021-12-01,HU,industry,2021,12,0.74,calculated,
2022-01-01,HU,industry,2022,1,0.74,calculated,
2022-02-01,HU,industry,2022,2,0.6,calculated,
2022-03-01,HU,industry,2022,3,0.23,calculated,
2022-04-01,HU,industry,2022,4,0.81,calculated,
2022-05-01,HU,industry,2022,5,0.51,calculated,
2022-06-01,HU,industry,2022,6,0.51,calculated,
2022-07-01,HU,industry,2022,7,0.75,calculated,
2022-08-01,HU,industry,2022,8,0.25,calculated,
2022-09-01,HU,industry,2022,9,0.34,calculated,
2022-10-01,HU,industry,2022,10,0.07,calculated,
2022-11-01,HU,industry,2022,11,0.46,calculated,
2022-12-01,HU,industry,2022,12,0.36,calculated,
2023-01-01,HU,industry,2023,1,0.64,calculated,
2023-02-01,HU,industry,2023,2,0.63,calculated,
2023-03-01,HU,industry,2023,3,0.71,calculated,
2023-04-01,HU,industry,2023,4,0.95,calculated,
2023-05-01,HU,industry,2023,5,1.03,calculated,
2023-06-01,HU,industry,2023,6,0.99,calculated,
2023-07-01,HU,industry,2023,7,0.85,calculated,
2023-08-01,HU,industry,2023,8,0.7,calculated,
2023-09-01,HU,industry,2023,9,1.0,calculated,
2023-10-01,HU,industry,2023,10,1.19,calculated,
2023-11-01,HU,industry,2023,11,0.5,calculated,
2023-12-01,HU,industry,2023,12,0.43,calculated,
2024-01-01,HU,industry,2024,1,0.45,calculated,
2024-02-01,HU,industry,2024,2,0.75,calculated,
2024-03-01,HU,industry,2024,3,0.88,calculated,
2024-04-01,HU,industry,2024,4,1.07,calculated,
2024-05-01,HU,industry,2024,5,1.15,calculated,
2024-06-01,HU,industry,2024,6,1.17,calculated,
2024-07-01,HU,industry,2024,7,0.95,calculated,
2024-08-01,HU,industry,2024,8,0.72,calculated,
2024-09-01,HU,industry,2024,9,1.24,calculated,
2024-10-01,HU,industry,2024,10,1.19,calculated,
2024-11-01,HU,industry,2024,11,0.45,calculated,
2024-12-01,HU,industry,2024,12,0.72,calculated,
2025-01-01,HU,industry,2025,1,0.62,calculated,
2025-02-01,HU,industry,2025,2,0.56,calculated,
2025-03-01,HU,industry,2025,3,0.73,calculated,
2025-04-01,HU,industry,2025,4,1.13,calculated,
2025-05-01,HU,industry,2025,5,1.32,calculated,
2025-06-01,HU,industry,2025,6,-0.08,calculated,
2025-10-01,HU,industry,2025,10,-0.72,calculated,
2025-11-01,HU,industry,2025,11,0.43,calculated,
2019-01-01,LU,industry,2019,1,0.3,calculated,
2019-02-01,LU,industry,2019,2,0.27,calculated,
2019-03-01,LU,industry,2019,3,0.29,calculated,
2019-04-01,LU,industry,2019,4,0.28,calculated,
2019-05-01,LU,industry,2019,5,0.29,calculated,
2019-06-01,LU,industry,2019,6,0.28,calculated,
2019-07-01,LU,industry,2019,7,0.29,calculated,
2019-08-01,LU,industry,2019,8,0.22,calculated,
2019-09-01,LU,industry,2019,9,0.26,calculated,
2019-10-01,LU,industry,2019,10,0.28,calculated,
2019-11-01,LU,industry,2019,11,0.27,calculated,
2019-12-01,LU,industry,2019,12,0.21,calculated,
2020-01-01,LU,industry,2020,1,0.3,calculated,
2020-02-01,LU,industry,2020,2,0.27,calculated,
2020-03-01,LU,industry,2020,3,0.22,calculated,
2020-04-01,LU,industry,2020,4,0.22,calculated,
2020-05-01,LU,industry,2020,5,0.23,calculated,
2020-06-01,LU,industry,2020,6,0.23,calculated,
2020-07-01,LU,industry,2020,7,0.23,calculated,
2020-08-01,LU,industry,2020,8,0.2,calculated,
2020-09-01,LU,industry,2020,9,0.23,calculated,
2020-10-01,LU,industry,2020,10,0.23,calculated,
2020-11-01,LU,industry,2020,11,0.25,calculated,
2020-12-01,LU,industry,2020,12,0.18,calculated,
2021-01-01,LU,industry,2021,1,0.25,calculated,
2021-02-01,LU,industry,2021,2,0.24,calculated,
2021-03-01,LU,industry,2021,3,0.26,calculated,
2021-04-01,LU,industry,2021,4,0.24,calculated,
2021-05-01,LU,industry,2021,5,0.23,calculated,
2021-06-01,LU,industry,2021,6,0.24,calculated,
2021-07-01,LU,industry,2021,7,0.23,calculated,
2021-08-01,LU,industry,2021,8,0.2,calculated,
2021-09-01,LU,industry,2021,9,0.23,calculated,
2021-10-01,LU,industry,2021,10,0.24,calculated,
2021-11-01,LU,industry,2021,11,0.24,calculated,
2021-12-01,LU,industry,2021,12,0.18,calculated,
2022-01-01,LU,industry,2022,1,0.25,calculated,
2022-02-01,LU,industry,2022,2,0.21,calculated,
2022-03-01,LU,industry,2022,3,0.21,calculated,
2022-04-01,LU,industry,2022,4,0.18,calculated,
2022-05-01,LU,industry,2022,5,0.19,calculated,
2022-06-01,LU,industry,2022,6,0.16,calculated,
2022-07-01,LU,industry,2022,7,0.15,calculated,
2022-08-01,LU,industry,2022,8,0.13,calculated,
2022-09-01,LU,industry,2022,9,0.16,calculated,
2022-10-01,LU,industry,2022,10,0.16,calculated,
2022-11-01,LU,industry,2022,11,0.16,calculated,
2022-12-01,LU,industry,2022,12,0.1,calculated,
2023-01-01,LU,industry,2023,1,0.15,calculated,
2023-02-01,LU,industry,2023,2,0.17,calculated,
2023-03-01,LU,industry,2023,3,0.18,calculated,
2023-04-01,LU,industry,2023,4,0.17,calculated,
2023-05-01,LU,industry,2023,5,0.17,calculated,
2023-06-01,LU,industry,2023,6,0.16,calculated,
2023-07-01,LU,industry,2023,7,0.17,calculated,
2023-08-01,LU,industry,2023,8,0.13,calculated,
2023-09-01,LU,industry,2023,9,0.03,calculated,
2023-10-01,LU,industry,2023,10,0.16,calculated,
2023-11-01,LU,industry,2023,11,0.2,calculated,
2023-12-01,LU,industry,2023,12,0.16,calculated,
2024-01-01,LU,industry,2024,1,0.19,calculated,
2024-02-01,LU,industry,2024,2,0.22,calculated,
2024-03-01,LU,industry,2024,3,0.21,calculated,
2024-04-01,LU,industry,2024,4,0.2,calculated,
2024-05-01,LU,industry,2024,5,0.2,calculated,
2024-06-01,LU,industry,2024,6,0.2,calculated,
2024-07-01,LU,industry,2024,7,0.19,calculated,
2024-08-01,LU,industry,2024,8,0.12,calculated,
2024-09-01,LU,industry,2024,9,0.19,calculated,
2024-10-01,LU,industry,2024,10,0.21,calculated,
2024-11-01,LU,industry,2024,11,0.22,calculated,
2024-12-01,LU,industry,2024,12,0.17,calculated,
2025-01-01,LU,industry,2025,1,0.22,calculated,
2025-02-01,LU,industry,2025,2,0.21,calculated,
2025-03-01,LU,industry,2025,3,0.22,calculated,
2025-04-01,LU,industry,2025,4,0.22,calculated,
2025-05-01,LU,industry,2025,5,0.21,calculated,
2025-06-01,LU,industry,2025,6,0.07,calculated,
2025-10-01,LU,industry,2025,10,0.08,calculated,
2025-11-01,LU,industry,2025,11,0.21,calculated,
2019-01-01,PT,industry,2019,1,0.73,calculated,
2019-02-01,PT,industry,2019,2,0.66,calculated,
2019-03-01,PT,industry,2019,3,0.71,calculated,
2019-04-01,PT,industry,2019,4,0.68,calculated,
2019-05-01,PT,industry,2019,5,0.84,calculated,
2019-06-01,PT,industry,2019,6,0.8,calculated,
2019-07-01,PT,industry,2019,7,0.75,calculated,
2019-08-01,PT,industry,2019,8,0.72,calculated,
2019-09-01,PT,industry,2019,9,0.55,calculated,
2019-10-01,PT,industry,2019,10,0.81,calculated,
2019-11-01,PT,industry,2019,11,0.69,calculated,
2019-12-01,PT,industry,2019,12,0.74,calculated,
2020-01-01,PT,industry,2020,1,0.76,calculated,
2020-02-01,PT,industry,2020,2,0.55,calculated,
2020-03-01,PT,industry,2020,3,0.8,calculated,
2020-04-01,PT,industry,2020,4,0.65,calculated,
2020-05-01,PT,industry,2020,5,0.25,calculated,
2020-06-01,PT,industry,2020,6,0.54,calculated,
2020-07-01,PT,industry,2020,7,0.66,calculated,
2020-08-01,PT,industry,2020,8,0.8,calculated,
2020-09-01,PT,industry,2020,9,0.71,calculated,
2020-10-01,PT,industry,2020,10,0.7,calculated,
2020-11-01,PT,industry,2020,11,0.66,calculated,
2020-12-01,PT,industry,2020,12,0.67,calculated,
2021-01-01,PT,industry,2021,1,0.82,calculated,
2021-02-01,PT,industry,2021,2,0.74,calculated,
2021-03-01,PT,industry,2021,3,0.82,calculated,
2021-04-01,PT,industry,2021,4,0.74,calculated,
2021-05-01,PT,industry,2021,5,0.71,calculated,
2021-06-01,PT,industry,2021,6,0.66,calculated,
2021-07-01,PT,industry,2021,7,0.53,calculated,
2021-08-01,PT,industry,2021,8,0.67,calculated,
2021-09-01,PT,industry,2021,9,0.63,calculated,
2021-10-01,PT,industry,2021,10,0.52,calculated,
2021-11-01,PT,industry,2021,11,0.37,calculated,
2021-12-01,PT,industry,2021,12,0.39,calculated,
2022-01-01,PT,industry,2022,1,0.38,calculated,
2022-02-01,PT,industry,2022,2,0.28,calculated,
2022-03-01,PT,industry,2022,3,0.32,calculated,
2022-04-01,PT,industry,2022,4,0.37,calculated,
2022-05-01,PT,industry,2022,5,0.34,calculated,
2022-06-01,PT,industry,2022,6,0.48,calculated,
2022-07-01,PT,industry,2022,7,0.57,calculated,
2022-08-01,PT,industry,2022,8,0.62,calculated,
2022-09-01,PT,industry,2022,9,0.42,calculated,
2022-10-01,PT,industry,2022,10,0.35,calculated,
2022-11-01,PT,industry,2022,11,0.4,calculated,
2022-12-01,PT,industry,2022,12,0.34,calculated,
2023-01-01,PT,industry,2023,1,0.56,calculated,
2023-02-01,PT,industry,2023,2,0.23,calculated,
2023-03-01,PT,industry,2023,3,0.58,calculated,
2023-04-01,PT,industry,2023,4,0.61,calculated,
2023-05-01,PT,industry,2023,5,0.56,calculated,
2023-06-01,PT,industry,2023,6,0.52,calculated,
2023-07-01,PT,industry,2023,7,0.54,calculated,
2023-08-01,PT,industry,2023,8,0.58,calculated,
2023-09-01,PT,industry,2023,9,0.54,calculated,
2023-10-01,PT,industry,2023,10,0.42,calculated,
2023-11-01,PT,industry,2023,11,0.58,calculated,
2023-12-01,PT,industry,2023,12,0.75,calculated,
2024-01-01,PT,industry,2024,1,0.66,calculated,
2024-02-01,PT,industry,2024,2,0.77,calculated,
2024-03-01,PT,industry,2024,3,0.76,calculated,
2024-04-01,PT,industry,2024,4,0.65,calculated,
2024-05-01,PT,industry,2024,5,0.63,calculated,
2024-06-01,PT,industry,2024,6,0.6,calculated,
2024-07-01,PT,industry,2024,7,0.63,calculated,
2024-08-01,PT,industry,2024,8,0.65,calculated,
2024-09-01,PT,industry,2024,9,0.59,calculated,
2024-10-01,PT,industry,2024,10,0.68,calculated,
2024-11-01,PT,industry,2024,11,0.63,calculated,
2024-12-01,PT,industry,2024,12,0.7,calculated,
2025-01-01,PT,industry,2025,1,0.49,calculated,
2025-02-01,PT,industry,2025,2,0.51,calculated,
2025-03-01,PT,industry,2025,3,0.59,calculated,
2025-04-01,PT,industry,2025,4,0.48,calculated,
2025-05-01,PT,industry,2025,5,0.74,calculated,
2025-06-01,PT,industry,2025,6,-0.67,calculated,
2025-10-01,PT,industry,2025,10,-0.73,calculated,
2025-11-01,PT,industry,2025,11,0.68,calculated,
2019-01-01,RO,industry,2019,1,1.64,calculated,
2019-02-01,RO,industry,2019,2,1.29,calculated,
2019-03-01,RO,industry,2019,3,1.41,calculated,
2019-04-01,RO,industry,2019,4,1.25,calculated,
2019-05-01,RO,industry,2019,5,1.13,calculated,
2019-06-01,RO,industry,2019,6,0.45,calculated,
2019-07-01,RO,industry,2019,7,1.1,calculated,
2019-08-01,RO,industry,2019,8,1.62,calculated,
2019-09-01,RO,industry,2019,9,1.77,calculated,
2019-10-01,RO,industry,2019,10,1.92,calculated,
2019-11-01,RO,industry,2019,11,1.18,calculated,
2019-12-01,RO,industry,2019,12,0.98,calculated,
2020-01-01,RO,industry,2020,1,1.79,calculated,
2020-02-01,RO,industry,2020,2,1.45,calculated,
2020-03-01,RO,industry,2020,3,1.15,calculated,
2020-04-01,RO,industry,2020,4,1.44,calculated,
2020-05-01,RO,industry,2020,5,1.66,calculated,
2020-06-01,RO,industry,2020,6,1.74,calculated,
2020-07-01,RO,industry,2020,7,1.87,calculated,
2020-08-01,RO,industry,2020,8,2.13,calculated,
2020-09-01,RO,industry,2020,9,2.16,calculated,
2020-10-01,RO,industry,2020,10,1.86,calculated,
2020-11-01,RO,industry,2020,11,1.89,calculated,
2020-12-01,RO,industry,2020,12,1.97,calculated,
2021-01-01,RO,industry,2021,1,1.45,calculated,
2021-02-01,RO,industry,2021,2,1.55,calculated,
2021-03-01,RO,industry,2021,3,1.68,calculated,
2021-04-01,RO,industry,2021,4,1.4,calculated,
2021-05-01,RO,industry,2021,5,1.27,calculated,
2021-06-01,RO,industry,2021,6,0.81,calculated,
2021-07-01,RO,industry,2021,7,0.96,calculated,
2021-08-01,RO,industry,2021,8,1.06,calculated,
2021-09-01,RO,industry,2021,9,1.13,calculated,
2021-10-01,RO,industry,2021,10,1.16,calculated,
2021-11-01,RO,industry,2021,11,1.03,calculated,
2021-12-01,RO,industry,2021,12,0.96,calculated,
2022-01-01,RO,industry,2022,1,0.58,calculated,
2022-02-01,RO,industry,2022,2,0.44,calculated,
2022-03-01,RO,industry,2022,3,0.48,calculated,
2022-04-01,RO,industry,2022,4,0.53,calculated,
2022-05-01,RO,industry,2022,5,0.89,calculated,
2022-06-01,RO,industry,2022,6,0.75,calculated,
2022-07-01,RO,industry,2022,7,0.35,calculated,
2022-08-01,RO,industry,2022,8,0.23,calculated,
2022-09-01,RO,industry,2022,9,0.46,calculated,
2022-10-01,RO,industry,2022,10,0.43,calculated,
2022-11-01,RO,industry,2022,11,0.39,calculated,
2022-12-01,RO,industry,2022,12,0.13,calculated,
2023-01-01,RO,industry,2023,1,0.03,calculated,
2023-02-01,RO,industry,2023,2,0.13,calculated,
2023-03-01,RO,industry,2023,3,0.16,calculated,
2023-04-01,RO,industry,2023,4,0.21,calculated,
2023-05-01,RO,industry,2023,5,0.37,calculated,
2023-06-01,RO,industry,2023,6,0.59,calculated,
2023-07-01,RO,industry,2023,7,0.47,calculated,
2023-08-01,RO,industry,2023,8,0.45,calculated,
2023-09-01,RO,industry,2023,9,0.41,calculated,
2023-10-01,RO,industry,2023,10,0.79,calculated,
2023-11-01,RO,industry,2023,11,0.98,calculated,
2023-12-01,RO,industry,2023,12,0.29,calculated,
2024-01-01,RO,industry,2024,1,0.52,calculated,
2024-02-01,RO,industry,2024,2,0.7,calculated,
2024-03-01,RO,industry,2024,3,0.8,calculated,
2024-04-01,RO,industry,2024,4,1.06,calculated,
2024-05-01,RO,industry,2024,5,0.97,calculated,
2024-06-01,RO,industry,2024,6,0.48,calculated,
2024-07-01,RO,industry,2024,7,0.79,calculated,
2024-08-01,RO,industry,2024,8,0.39,calculated,
2024-09-01,RO,industry,2024,9,0.36,calculated,
2024-10-01,RO,industry,2024,10,0.38,calculated,
2024-11-01,RO,industry,2024,11,0.3,calculated,
2024-12-01,RO,industry,2024,12,0.33,calculated,
2025-01-01,RO,industry,2025,1,0.51,calculated,
2025-02-01,RO,industry,2025,2,0.58,calculated,
2025-03-01,RO,industry,2025,3,0.24,calculated,
2025-04-01,RO,industry,2025,4,0.35,calculated,
2025-05-01,RO,industry,2025,5,0.53,calculated,
2025-06-01,RO,industry,2025,6,-0.52,calculated,
2025-10-01,RO,industry,2025,10,-1.0,calculated,
2025-11-01,RO,industry,2025,11,0.38,calculated,
2019-01-01,AT,industry-household,2019,1,10.64,calculated,
2019-02-01,AT,industry-household,2019,2,7.78,calculated,
2019-03-01,AT,industry-household,2019,3,5.28,calculated,
2019-04-01,AT,industry-household,2019,4,5.55,calculated,
2019-05-01,AT,industry-household,2019,5,5.6,calculated,
2019-06-01,AT,industry-household,2019,6,3.68,calculated,
2019-07-01,AT,industry-household,2019,7,3.38,calculated,
2019-08-01,AT,industry-household,2019,8,3.62,calculated,
2019-09-01,AT,industry-household,2019,9,4.56,calculated,
2019-10-01,AT,industry-household,2019,10,5.93,calculated,
2019-11-01,AT,industry-household,2019,11,7.4,calculated,
2019-12-01,AT,industry-household,2019,12,8.79,calculated,
2020-01-01,AT,industry-household,2020,1,9.76,calculated,
2020-02-01,AT,industry-household,2020,2,7.82,calculated,
2020-03-01,AT,industry-household,2020,3,7.4,calculated,
2020-04-01,AT,industry-household,2020,4,4.97,calculated,
2020-05-01,AT,industry-household,2020,5,4.59,calculated,
2020-06-01,AT,industry-household,2020,6,3.65,calculated,
2020-07-01,AT,industry-household,2020,7,3.32,calculated,
2020-08-01,AT,industry-household,2020,8,3.35,calculated,
2020-09-01,AT,industry-household,2020,9,4.08,calculated,
2020-10-01,AT,industry-household,2020,10,6.35,calculated,
2020-11-01,AT,industry-household,2020,11,8.15,calculated,
2020-12-01,AT,industry-household,2020,12,9.08,calculated,
2021-01-01,AT,industry-household,2021,1,10.11,calculated,
2021-02-01,AT,industry-household,2021,2,8.4,calculated,
2021-03-01,AT,industry-household,2021,3,8.16,calculated,
2021-04-01,AT,industry-household,2021,4,6.78,calculated,
2021-05-01,AT,industry-household,2021,5,5.16,calculated,
2021-06-01,AT,industry-household,2021,6,3.82,calculated,
2021-07-01,AT,industry-household,2021,7,3.79,calculated,
2021-08-01,AT,industry-household,2021,8,3.87,calculated,
2021-09-01,AT,industry-household,2021,9,4.28,calculated,
2021-10-01,AT,industry-household,2021,10,6.16,calculated,
2021-11-01,AT,industry-household,2021,11,8.07,calculated,
2021-12-01,AT,industry-household,2021,12,8.82,calculated,
2022-01-01,AT,industry-household,2022,1,9.7,calculated,
2022-02-01,AT,industry-household,2022,2,7.61,calculated,
2022-03-01,AT,industry-household,2022,3,7.35,calculated,
2022-04-01,AT,industry-household,2022,4,5.78,calculated,
2022-05-01,AT,industry-household,2022,5,3.6,calculated,
2022-06-01,AT,industry-household,2022,6,3.51,calculated,
2022-07-01,AT,industry-household,2022,7,3.12,calculated,
2022-08-01,AT,industry-household,2022,8,2.91,calculated,
2022-09-01,AT,industry-household,2022,9,3.45,calculated,
2022-10-01,AT,industry-household,2022,10,4.29,calculated,
2022-11-01,AT,industry-household,2022,11,6.16,calculated,
2022-12-01,AT,industry-household,2022,12,7.4,calculated,
2023-01-01,AT,industry-household,2023,1,7.85,calculated,
2023-02-01,AT,industry-household,2023,2,6.82,calculated,
2023-03-01,AT,industry-household,2023,3,6.01,calculated,
2023-04-01,AT,industry-household,2023,4,5.54,calculated,
2023-05-01,AT,industry-household,2023,5,4.16,calculated,
2023-06-01,AT,industry-household,2023,6,3.23,calculated,
2023-07-01,AT,industry-household,2023,7,3.12,calculated,
2023-08-01,AT,industry-household,2023,8,3.15,calculated,
2023-09-01,AT,industry-household,2023,9,3.27,calculated,
2023-10-01,AT,industry-household,2023,10,4.49,calculated,
2023-11-01,AT,industry-household,2023,11,6.77,calculated,
2023-12-01,AT,industry-household,2023,12,7.75,calculated,
2024-01-01,AT,industry-household,2024,1,8.92,calculated,
2024-02-01,AT,industry-household,2024,2,6.09,calculated,
2024-03-01,AT,industry-household,2024,3,5.56,calculated,
2024-04-01,AT,industry-household,2024,4,4.67,calculated,
2024-05-01,AT,industry-household,2024,5,3.65,calculated,
2024-06-01,AT,industry-household,2024,6,3.33,calculated,
2024-07-01,AT,industry-household,2024,7,3.13,calculated,
2024-08-01,AT,industry-household,2024,8,2.93,calculated,
2024-09-01,AT,industry-household,2024,9,3.88,calculated,
2024-10-01,AT,industry-household,2024,10,4.99,calculated,
2024-11-01,AT,industry-household,2024,11,7.28,calculated,
2024-12-01,AT,industry-household,2024,12,7.76,calculated,
2025-01-01,AT,industry-household,2025,1,8.55,calculated,
2025-02-01,AT,industry-household,2025,2,7.8,calculated,
2025-03-01,AT,industry-household,2025,3,6.46,calculated,
2025-04-01,AT,industry-household,2025,4,4.61,calculated,
2025-05-01,AT,industry-household,2025,5,4.18,calculated,
2025-06-01,AT,industry-household,2025,6,3.16,calculated,
2025-07-01,AT,industry-household,2025,7,3.14,calculated,
2025-08-01,AT,industry-household,2025,8,3.01,calculated,
2025-09-01,AT,industry-household,2025,9,3.54,calculated,
2025-10-01,AT,industry-household,2025,10,5.52,calculated,
2025-11-01,AT,industry-household,2025,11,7.6,calculated,
2019-01-01,BG,industry-household,2019,1,3.65,calculated,
2019-02-01,BG,industry-household,2019,2,2.9,calculated,
2019-03-01,BG,industry-household,2019,3,2.5,calculated,
2019-04-01,BG,industry-household,2019,4,2.21,calculated,
2019-05-01,BG,industry-household,2019,5,1.84,calculated,
2019-06-01,BG,industry-household,2019,6,1.58,calculated,
2019-07-01,BG,industry-household,2019,7,1.67,calculated,
2019-08-01,BG,industry-household,2019,8,1.36,calculated,
2019-09-01,BG,industry-household,2019,9,1.43,calculated,
2019-10-01,BG,industry-household,2019,10,1.65,calculated,
2019-11-01,BG,industry-household,2019,11,2.33,calculated,
2019-12-01,BG,industry-household,2019,12,2.95,calculated,
2020-01-01,BG,industry-household,2020,1,3.27,calculated,
2020-02-01,BG,industry-household,2020,2,2.84,calculated,
2020-03-01,BG,industry-household,2020,3,2.71,calculated,
2020-04-01,BG,industry-household,2020,4,2.11,calculated,
2020-05-01,BG,industry-household,2020,5,1.71,calculated,
2020-06-01,BG,industry-household,2020,6,1.71,calculated,
2020-07-01,BG,industry-household,2020,7,1.56,calculated,
2020-08-01,BG,industry-household,2020,8,1.37,calculated,
2020-09-01,BG,industry-household,2020,9,1.51,calculated,
2020-10-01,BG,industry-household,2020,10,2.22,calculated,
2020-11-01,BG,industry-household,2020,11,2.87,calculated,
2020-12-01,BG,industry-household,2020,12,3.09,calculated,
2021-01-01,BG,industry-household,2021,1,3.49,calculated,
2021-02-01,BG,industry-household,2021,2,3.16,calculated,
2021-03-01,BG,industry-household,2021,3,3.4,calculated,
2021-04-01,BG,industry-household,2021,4,2.59,calculated,
2021-05-01,BG,industry-household,2021,5,2.2,calculated,
2021-06-01,BG,industry-household,2021,6,2.09,calculated,
2021-07-01,BG,industry-household,2021,7,2.35,calculated,
2021-08-01,BG,industry-household,2021,8,1.63,calculated,
2021-09-01,BG,industry-household,2021,9,1.56,calculated,
2021-10-01,BG,industry-household,2021,10,1.94,calculated,
2021-11-01,BG,industry-household,2021,11,2.34,calculated,
2021-12-01,BG,industry-household,2021,12,2.99,calculated,
2022-01-01,BG,industry-household,2022,1,3.18,calculated,
2022-02-01,BG,industry-household,2022,2,2.58,calculated,
2022-03-01,BG,industry-household,2022,3,2.91,calculated,
2022-04-01,BG,industry-household,2022,4,1.8,calculated,
2022-05-01,BG,industry-household,2022,5,1.74,calculated,
2022-06-01,BG,industry-household,2022,6,1.63,calculated,
2022-07-01,BG,industry-household,2022,7,1.49,calculated,
2022-08-01,BG,industry-household,2022,8,1.09,calculated,
2022-09-01,BG,industry-household,2022,9,1.13,calculated,
2022-10-01,BG,industry-household,2022,10,1.15,calculated,
2022-11-01,BG,industry-household,2022,11,1.86,calculated,
2022-12-01,BG,industry-household,2022,12,2.36,calculated,
2023-01-01,BG,industry-household,2023,1,2.24,calculated,
2023-02-01,BG,industry-household,2023,2,2.2,calculated,
2023-03-01,BG,industry-household,2023,3,2.29,calculated,
2023-04-01,BG,industry-household,2023,4,1.83,calculated,
2023-05-01,BG,industry-household,2023,5,1.29,calculated,
2023-06-01,BG,industry-household,2023,6,1.23,calculated,
2023-07-01,BG,industry-household,2023,7,1.56,calculated,
2023-08-01,BG,industry-household,2023,8,1.43,calculated,
2023-09-01,BG,industry-household,2023,9,1.54,calculated,
2023-10-01,BG,industry-household,2023,10,1.62,calculated,
2023-11-01,BG,industry-household,2023,11,2.24,calculated,
2023-12-01,BG,industry-household,2023,12,2.52,calculated,
2024-01-01,BG,industry-household,2024,1,2.55,calculated,
2024-02-01,BG,industry-household,2024,2,2.02,calculated,
2024-03-01,BG,industry-household,2024,3,2.29,calculated,
2024-04-01,BG,industry-household,2024,4,1.76,calculated,
2024-05-01,BG,industry-household,2024,5,1.75,calculated,
2024-06-01,BG,industry-household,2024,6,1.58,calculated,
2024-07-01,BG,industry-household,2024,7,1.32,calculated,
2024-08-01,BG,industry-household,2024,8,1.56,calculated,
2024-09-01,BG,industry-household,2024,9,1.64,calculated,
2024-10-01,BG,industry-household,2024,10,1.92,calculated,
2024-11-01,BG,industry-household,2024,11,2.68,calculated,
2024-12-01,BG,industry-household,2024,12,2.63,calculated,
2025-01-01,BG,industry-household,2025,1,2.63,calculated,
2025-02-01,BG,industry-household,2025,2,2.72,calculated,
2025-03-01,BG,industry-household,2025,3,2.28,calculated,
2025-04-01,BG,industry-household,2025,4,1.94,calculated,
2025-05-01,BG,industry-household,2025,5,1.53,calculated,
2025-06-01,BG,industry-household,2025,6,0.35,calculated,
2025-07-01,BG,industry-household,2025,7,0.0,calculated,
2025-08-01,BG,industry-household,2025,8,0.0,calculated,
2025-09-01,BG,industry-household,2025,9,0.0,calculated,
2025-10-01,BG,industry-household,2025,10,0.63,calculated,
2025-11-01,BG,industry-household,2025,11,2.31,calculated,
2019-01-01,CZ,industry-household,2019,1,1290.0,calculated,
2019-02-01,CZ,industry-household,2019,2,1004.0,calculated,
2019-03-01,CZ,industry-household,2019,3,849.0,calculated,
2019-04-01,CZ,industry-household,2019,4,611.0,calculated,
2019-05-01,CZ,industry-household,2019,5,566.0,calculated,
2019-06-01,CZ,industry-household,2019,6,393.0,calculated,
2019-07-01,CZ,industry-household,2019,7,399.0,calculated,
2019-08-01,CZ,industry-household,2019,8,395.0,calculated,
2019-09-01,CZ,industry-household,2019,9,485.0,calculated,
2019-10-01,CZ,industry-household,2019,10,721.0,calculated,
2019-11-01,CZ,industry-household,2019,11,910.0,calculated,
2019-12-01,CZ,industry-household,2019,12,1056.0,calculated,
2020-01-01,CZ,industry-household,2020,1,1217.78,calculated,
2020-02-01,CZ,industry-household,2020,2,982.81,calculated,
2020-03-01,CZ,industry-household,2020,3,919.44,calculated,
2020-04-01,CZ,industry-household,2020,4,582.26,calculated,
2020-05-01,CZ,industry-household,2020,5,498.13,calculated,
2020-06-01,CZ,industry-household,2020,6,413.66,calculated,
2020-07-01,CZ,industry-household,2020,7,425.3,calculated,
2020-08-01,CZ,industry-household,2020,8,403.8,calculated,
2020-09-01,CZ,industry-household,2020,9,424.77,calculated,
2020-10-01,CZ,industry-household,2020,10,748.68,calculated,
2020-11-01,CZ,industry-household,2020,11,1026.48,calculated,
2020-12-01,CZ,industry-household,2020,12,1177.91,calculated,
2021-01-01,CZ,industry-household,2021,1,1279.05,calculated,
2021-02-01,CZ,industry-household,2021,2,1172.94,calculated,
2021-03-01,CZ,industry-household,2021,3,1092.54,calculated,
2021-04-01,CZ,industry-household,2021,4,881.42,calculated,
2021-05-01,CZ,industry-household,2021,5,590.6,calculated,
2021-06-01,CZ,industry-household,2021,6,415.46,calculated,
2021-07-01,CZ,industry-household,2021,7,393.52,calculated,
2021-08-01,CZ,industry-household,2021,8,373.61,calculated,
2021-09-01,CZ,industry-household,2021,9,438.45,calculated,
2021-10-01,CZ,industry-household,2021,10,704.55,calculated,
2021-11-01,CZ,industry-household,2021,11,987.94,calculated,
2021-12-01,CZ,industry-household,2021,12,1128.92,calculated,
2022-01-01,CZ,industry-household,2022,1,1123.43,calculated,
2022-02-01,CZ,industry-household,2022,2,1123.43,calculated,
2022-03-01,CZ,industry-household,2022,3,902.11,calculated,
2022-04-01,CZ,industry-household,2022,4,687.83,calculated,
2022-05-01,CZ,industry-household,2022,5,394.31,calculated,
2022-06-01,CZ,industry-household,2022,6,339.71,calculated,
2022-07-01,CZ,industry-household,2022,7,308.61,calculated,
2022-08-01,CZ,industry-household,2022,8,308.33,calculated,
2022-09-01,CZ,industry-household,2022,9,391.33,calculated,
2022-10-01,CZ,industry-household,2022,10,526.65,calculated,
2022-11-01,CZ,industry-household,2022,11,761.36,calculated,
2022-12-01,CZ,industry-household,2022,12,973.03,calculated,
2023-01-01,CZ,industry-household,2023,1,894.42,calculated,
2023-02-01,CZ,industry-household,2023,2,868.61,calculated,
2023-03-01,CZ,industry-household,2023,3,776.98,calculated,
2023-04-01,CZ,industry-household,2023,4,611.05,calculated,
2023-05-01,CZ,industry-household,2023,5,370.75,calculated,
2023-06-01,CZ,industry-household,2023,6,322.13,calculated,
2023-07-01,CZ,industry-household,2023,7,289.39,calculated,
2023-08-01,CZ,industry-household,2023,8,289.77,calculated,
2023-09-01,CZ,industry-household,2023,9,310.24,calculated,
2023-10-01,CZ,industry-household,2023,10,474.05,calculated,
2023-11-01,CZ,industry-household,2023,11,737.41,calculated,
2023-12-01,CZ,industry-household,2023,12,886.83,calculated,
2024-01-01,CZ,industry-household,2024,1,1053.12,calculated,
2024-02-01,CZ,industry-household,2024,2,712.95,calculated,
2024-03-01,CZ,industry-household,2024,3,669.12,calculated,
2024-04-01,CZ,industry-household,2024,4,473.59,calculated,
2024-05-01,CZ,industry-household,2024,5,318.84,calculated,
2024-06-01,CZ,industry-household,2024,6,306.9,calculated,
2024-07-01,CZ,industry-household,2024,7,271.04,calculated,
2024-08-01,CZ,industry-household,2024,8,286.13,calculated,
2024-09-01,CZ,industry-household,2024,9,335.82,calculated,
2024-10-01,CZ,industry-household,2024,10,566.91,calculated,
2024-11-01,CZ,industry-household,2024,11,866.61,calculated,
2024-12-01,CZ,industry-household,2024,12,950.15,calculated,
2025-01-01,CZ,industry-household,2025,1,1056.11,calculated,
2025-02-01,CZ,industry-household,2025,2,968.77,calculated,
2025-03-01,CZ,industry-household,2025,3,754.76,calculated,
2025-04-01,CZ,industry-household,2025,4,505.04,calculated,
2025-05-01,CZ,industry-household,2025,5,419.57,calculated,
2025-06-01,CZ,industry-household,2025,6,302.44,calculated,
2025-07-01,CZ,industry-household,2025,7,292.89,calculated,
2025-08-01,CZ,industry-household,2025,8,270.01,calculated,
2025-09-01,CZ,industry-household,2025,9,319.18,calculated,
2025-10-01,CZ,industry-household,2025,10,571.68,calculated,
2019-01-01,DK,industry-household,2019,1,3.34,calculated,
2019-02-01,DK,industry-household,2019,2,2.5,calculated,
2019-03-01,DK,industry-household,2019,3,2.46,calculated,
2019-04-01,DK,industry-household,2019,4,1.76,calculated,
2019-05-01,DK,industry-household,2019,5,1.65,calculated,
2019-06-01,DK,industry-household,2019,6,1.11,calculated,
2019-07-01,DK,industry-household,2019,7,1.02,calculated,
2019-08-01,DK,industry-household,2019,8,1.19,calculated,
2019-09-01,DK,industry-household,2019,9,1.37,calculated,
2019-10-01,DK,industry-household,2019,10,2.16,calculated,
2019-11-01,DK,industry-household,2019,11,2.57,calculated,
2019-12-01,DK,industry-household,2019,12,2.56,calculated,
2020-01-01,DK,industry-household,2020,1,2.52,calculated,
2020-02-01,DK,industry-household,2020,2,2.61,calculated,
2020-03-01,DK,industry-household,2020,3,2.46,calculated,
2020-04-01,DK,industry-household,2020,4,1.85,calculated,
2020-05-01,DK,industry-household,2020,5,1.48,calculated,
2020-06-01,DK,industry-household,2020,6,1.3,calculated,
2020-07-01,DK,industry-household,2020,7,1.06,calculated,
2020-08-01,DK,industry-household,2020,8,1.04,calculated,
2020-09-01,DK,industry-household,2020,9,1.34,calculated,
2020-10-01,DK,industry-household,2020,10,1.84,calculated,
2020-11-01,DK,industry-household,2020,11,2.3,calculated,
2020-12-01,DK,industry-household,2020,12,2.74,calculated,
2021-01-01,DK,industry-household,2021,1,3.18,calculated,
2021-02-01,DK,industry-household,2021,2,3.11,calculated,
2021-03-01,DK,industry-household,2021,3,2.48,calculated,
2021-04-01,DK,industry-household,2021,4,1.93,calculated,
2021-05-01,DK,industry-household,2021,5,1.48,calculated,
2021-06-01,DK,industry-household,2021,6,1.05,calculated,
2021-07-01,DK,industry-household,2021,7,0.82,calculated,
2021-08-01,DK,industry-household,2021,8,1.11,calculated,
2021-09-01,DK,industry-household,2021,9,1.21,calculated,
2021-10-01,DK,industry-household,2021,10,1.52,calculated,
2021-11-01,DK,industry-household,2021,11,1.97,calculated,
2021-12-01,DK,industry-household,2021,12,2.66,calculated,
2022-01-01,DK,industry-household,2022,1,2.38,calculated,
2022-02-01,DK,industry-household,2022,2,2.07,calculated,
2022-03-01,DK,industry-household,2022,3,2.04,calculated,
2022-04-01,DK,industry-household,2022,4,1.47,calculated,
2022-05-01,DK,industry-household,2022,5,1.04,calculated,
2022-06-01,DK,industry-household,2022,6,0.91,calculated,
2022-07-01,DK,industry-household,2022,7,0.65,calculated,
2022-08-01,DK,industry-household,2022,8,0.69,calculated,
2022-09-01,DK,industry-household,2022,9,0.8,calculated,
2022-10-01,DK,industry-household,2022,10,0.97,calculated,
2022-11-01,DK,industry-household,2022,11,1.4,calculated,
2022-12-01,DK,industry-household,2022,12,2.09,calculated,
2023-01-01,DK,industry-household,2023,1,1.97,calculated,
2023-02-01,DK,industry-household,2023,2,1.81,calculated,
2023-03-01,DK,industry-household,2023,3,1.83,calculated,
2023-04-01,DK,industry-household,2023,4,1.27,calculated,
2023-05-01,DK,industry-household,2023,5,0.97,calculated,
2023-06-01,DK,industry-household,2023,6,0.91,calculated,
2023-07-01,DK,industry-household,2023,7,0.8,calculated,
2023-08-01,DK,industry-household,2023,8,1.04,calculated,
2023-09-01,DK,industry-household,2023,9,0.89,calculated,
2023-10-01,DK,industry-household,2023,10,1.42,calculated,
2023-11-01,DK,industry-household,2023,11,1.97,calculated,
2023-12-01,DK,industry-household,2023,12,2.01,calculated,
2024-01-01,DK,industry-household,2024,1,2.86,calculated,
2024-02-01,DK,industry-household,2024,2,1.77,calculated,
2024-03-01,DK,industry-household,2024,3,1.72,calculated,
2024-04-01,DK,industry-household,2024,4,1.53,calculated,
2024-05-01,DK,industry-household,2024,5,0.92,calculated,
2024-06-01,DK,industry-household,2024,6,0.96,calculated,
2024-07-01,DK,industry-household,2024,7,0.65,calculated,
2024-08-01,DK,industry-household,2024,8,0.8,calculated,
2024-09-01,DK,industry-household,2024,9,0.99,calculated,
2024-10-01,DK,industry-household,2024,10,1.39,calculated,
2024-11-01,DK,industry-household,2024,11,1.88,calculated,
2024-12-01,DK,industry-household,2024,12,2.05,calculated,
2025-01-01,DK,industry-household,2025,1,2.59,calculated,
2025-02-01,DK,industry-household,2025,2,2.29,calculated,
2025-03-01,DK,industry-household,2025,3,1.64,calculated,
2025-04-01,DK,industry-household,2025,4,1.09,calculated,
2025-05-01,DK,industry-household,2025,5,0.9,calculated,
2025-06-01,DK,industry-household,2025,6,0.94,calculated,
2025-07-01,DK,industry-household,2025,7,0.71,calculated,
2025-08-01,DK,industry-household,2025,8,0.74,calculated,
2025-09-01,DK,industry-household,2025,9,1.08,calculated,
2025-10-01,DK,industry-household,2025,10,1.55,calculated,
2025-11-01,DK,industry-household,2025,11,1.88,calculated,
2019-01-01,EE,industry-household,2019,1,0.79,calculated,
2019-02-01,EE,industry-household,2019,2,0.57,calculated,
2019-03-01,EE,industry-household,2019,3,0.56,calculated,
2019-04-01,EE,industry-household,2019,4,0.35,calculated,
2019-05-01,EE,industry-household,2019,5,0.27,calculated,
2019-06-01,EE,industry-household,2019,6,0.17,calculated,
2019-07-01,EE,industry-household,2019,7,0.19,calculated,
2019-08-01,EE,industry-household,2019,8,0.2,calculated,
2019-09-01,EE,industry-household,2019,9,0.24,calculated,
2019-10-01,EE,industry-household,2019,10,0.37,calculated,
2019-11-01,EE,industry-household,2019,11,0.47,calculated,
2019-12-01,EE,industry-household,2019,12,0.56,calculated,
2020-01-01,EE,industry-household,2020,1,0.54,calculated,
2020-02-01,EE,industry-household,2020,2,0.5,calculated,
2020-03-01,EE,industry-household,2020,3,0.5,calculated,
2020-04-01,EE,industry-household,2020,4,0.39,calculated,
2020-05-01,EE,industry-household,2020,5,0.28,calculated,
2020-06-01,EE,industry-household,2020,6,0.18,calculated,
2020-07-01,EE,industry-household,2020,7,0.19,calculated,
2020-08-01,EE,industry-household,2020,8,0.21,calculated,
2020-09-01,EE,industry-household,2020,9,0.23,calculated,
2020-10-01,EE,industry-household,2020,10,0.31,calculated,
2020-11-01,EE,industry-household,2020,11,0.43,calculated,
2020-12-01,EE,industry-household,2020,12,0.61,calculated,
2021-01-01,EE,industry-household,2021,1,0.7,calculated,
2021-02-01,EE,industry-household,2021,2,0.75,calculated,
2021-03-01,EE,industry-household,2021,3,0.57,calculated,
2021-04-01,EE,industry-household,2021,4,0.39,calculated,
2021-05-01,EE,industry-household,2021,5,0.28,calculated,
2021-06-01,EE,industry-household,2021,6,0.17,calculated,
2021-07-01,EE,industry-household,2021,7,0.16,calculated,
2021-08-01,EE,industry-household,2021,8,0.21,calculated,
2021-09-01,EE,industry-household,2021,9,0.27,calculated,
2021-10-01,EE,industry-household,2021,10,0.32,calculated,
2021-11-01,EE,industry-household,2021,11,0.45,calculated,
2021-12-01,EE,industry-household,2021,12,0.76,calculated,
2022-01-01,EE,industry-household,2022,1,0.65,calculated,
2022-02-01,EE,industry-household,2022,2,0.52,calculated,
2022-03-01,EE,industry-household,2022,3,0.49,calculated,
2022-04-01,EE,industry-household,2022,4,0.32,calculated,
2022-05-01,EE,industry-household,2022,5,0.22,calculated,
2022-06-01,EE,industry-household,2022,6,0.15,calculated,
2022-07-01,EE,industry-household,2022,7,0.13,calculated,
2022-08-01,EE,industry-household,2022,8,0.13,calculated,
2022-09-01,EE,industry-household,2022,9,0.16,calculated,
2022-10-01,EE,industry-household,2022,10,0.19,calculated,
2022-11-01,EE,industry-household,2022,11,0.31,calculated,
2022-12-01,EE,industry-household,2022,12,0.44,calculated,
2023-01-01,EE,industry-household,2023,1,0.41,calculated,
2023-02-01,EE,industry-household,2023,2,0.36,calculated,
2023-03-01,EE,industry-household,2023,3,0.4,calculated,
2023-04-01,EE,industry-household,2023,4,0.25,calculated,
2023-05-01,EE,industry-household,2023,5,0.17,calculated,
2023-06-01,EE,industry-household,2023,6,0.13,calculated,
2023-07-01,EE,industry-household,2023,7,0.12,calculated,
2023-08-01,EE,industry-household,2023,8,0.13,calculated,
2023-09-01,EE,industry-household,2023,9,0.12,calculated,
2023-10-01,EE,industry-household,2023,10,0.31,calculated,
2023-11-01,EE,industry-household,2023,11,0.39,calculated,
2023-12-01,EE,industry-household,2023,12,0.54,calculated,
2024-01-01,EE,industry-household,2024,1,0.73,calculated,
2024-02-01,EE,industry-household,2024,2,0.47,calculated,
2024-03-01,EE,industry-household,2024,3,0.35,calculated,
2024-04-01,EE,industry-household,2024,4,0.34,calculated,
2024-05-01,EE,industry-household,2024,5,0.17,calculated,
2024-06-01,EE,industry-household,2024,6,0.12,calculated,
2024-07-01,EE,industry-household,2024,7,0.12,calculated,
2024-08-01,EE,industry-household,2024,8,0.12,calculated,
2024-09-01,EE,industry-household,2024,9,0.13,calculated,
2024-10-01,EE,industry-household,2024,10,0.24,calculated,
2024-11-01,EE,industry-household,2024,11,0.35,calculated,
2024-12-01,EE,industry-household,2024,12,0.48,calculated,
2025-01-01,EE,industry-household,2025,1,0.44,calculated,
2025-02-01,EE,industry-household,2025,2,0.47,calculated,
2025-03-01,EE,industry-household,2025,3,0.33,calculated,
2025-04-01,EE,industry-household,2025,4,0.25,calculated,
2025-05-01,EE,industry-household,2025,5,0.19,calculated,
2025-06-01,EE,industry-household,2025,6,0.05,calculated,
2025-07-01,EE,industry-household,2025,7,0.0,calculated,
2025-08-01,EE,industry-household,2025,8,0.0,calculated,
2025-09-01,EE,industry-household,2025,9,0.0,calculated,
2025-10-01,EE,industry-household,2025,10,0.1,calculated,
2025-11-01,EE,industry-household,2025,11,0.39,calculated,
2019-01-01,FI,industry-household,2019,1,384.0,calculated,
2019-02-01,FI,industry-household,2019,2,278.0,calculated,
2019-03-01,FI,industry-household,2019,3,269.0,calculated,
2019-04-01,FI,industry-household,2019,4,213.0,calculated,
2019-05-01,FI,industry-household,2019,5,155.0,calculated,
2019-06-01,FI,industry-household,2019,6,155.0,calculated,
2019-07-01,FI,industry-household,2019,7,153.0,calculated,
2019-08-01,FI,industry-household,2019,8,150.0,calculated,
2019-09-01,FI,industry-household,2019,9,170.0,calculated,
2019-10-01,FI,industry-household,2019,10,208.0,calculated,
2019-11-01,FI,industry-household,2019,11,208.0,calculated,
2019-12-01,FI,industry-household,2019,12,226.0,calculated,
2020-01-01,FI,industry-household,2020,1,255.0,calculated,
2020-02-01,FI,industry-household,2020,2,230.5,calculated,
2020-03-01,FI,industry-household,2020,3,238.5,calculated,
2020-04-01,FI,industry-household,2020,4,183.0,calculated,
2020-05-01,FI,industry-household,2020,5,164.0,calculated,
2020-06-01,FI,industry-household,2020,6,166.0,calculated,
2020-07-01,FI,industry-household,2020,7,155.0,calculated,
2020-08-01,FI,industry-household,2020,8,169.0,calculated,
2020-09-01,FI,industry-household,2020,9,203.0,calculated,
2020-10-01,FI,industry-household,2020,10,202.5,calculated,
2020-11-01,FI,industry-household,2020,11,209.5,calculated,
2020-12-01,FI,industry-household,2020,12,254.5,calculated,
2021-01-01,FI,industry-household,2021,1,358.9,calculated,
2021-02-01,FI,industry-household,2021,2,359.9,calculated,
2021-03-01,FI,industry-household,2021,3,267.9,calculated,
2021-04-01,FI,industry-household,2021,4,227.9,calculated,
2021-05-01,FI,industry-household,2021,5,101.9,calculated,
2021-06-01,FI,industry-household,2021,6,119.89,calculated,
2021-07-01,FI,industry-household,2021,7,152.89,calculated,
2021-08-01,FI,industry-household,2021,8,142.89,calculated,
2021-09-01,FI,industry-household,2021,9,174.89,calculated,
2021-10-01,FI,industry-household,2021,10,146.89,calculated,
2021-11-01,FI,industry-household,2021,11,110.89,calculated,
2021-12-01,FI,industry-household,2021,12,254.89,calculated,
2022-01-01,FI,industry-household,2022,1,178.89,calculated,
2022-02-01,FI,industry-household,2022,2,149.89,calculated,
2022-03-01,FI,industry-household,2022,3,162.33,calculated,
2022-04-01,FI,industry-household,2022,4,96.09,calculated,
2022-05-01,FI,industry-household,2022,5,102.89,calculated,
2022-06-01,FI,industry-household,2022,6,93.52,calculated,
2022-07-01,FI,industry-household,2022,7,84.82,calculated,
2022-08-01,FI,industry-household,2022,8,100.89,calculated,
2022-09-01,FI,industry-household,2022,9,73.82,calculated,
2022-10-01,FI,industry-household,2022,10,69.24,calculated,
2022-11-01,FI,industry-household,2022,11,78.89,calculated,
2022-12-01,FI,industry-household,2022,12,89.09,calculated,
2023-01-01,FI,industry-household,2023,1,131.03,calculated,
2023-02-01,FI,industry-household,2023,2,144.89,calculated,
2023-03-01,FI,industry-household,2023,3,133.75,calculated,
2023-04-01,FI,industry-household,2023,4,77.01,calculated,
2023-05-01,FI,industry-household,2023,5,139.69,calculated,
2023-06-01,FI,industry-household,2023,6,99.91,calculated,
2023-07-01,FI,industry-household,2023,7,112.75,calculated,
2023-08-01,FI,industry-household,2023,8,134.27,calculated,
2023-09-01,FI,industry-household,2023,9,116.01,calculated,
2023-10-01,FI,industry-household,2023,10,297.9,calculated,
2023-11-01,FI,industry-household,2023,11,156.04,calculated,
2023-12-01,FI,industry-household,2023,12,191.88,calculated,
2024-01-01,FI,industry-household,2024,1,232.53,calculated,
2024-02-01,FI,industry-household,2024,2,204.42,calculated,
2024-03-01,FI,industry-household,2024,3,172.38,calculated,
2024-04-01,FI,industry-household,2024,4,124.08,calculated,
2024-05-01,FI,industry-household,2024,5,107.05,calculated,
2024-06-01,FI,industry-household,2024,6,131.97,calculated,
2024-07-01,FI,industry-household,2024,7,132.82,calculated,
2024-08-01,FI,industry-household,2024,8,102.5,calculated,
2024-09-01,FI,industry-household,2024,9,133.13,calculated,
2024-10-01,FI,industry-household,2024,10,148.39,calculated,
2024-11-01,FI,industry-household,2024,11,107.49,calculated,
2024-12-01,FI,industry-household,2024,12,170.38,calculated,
2025-01-01,FI,industry-household,2025,1,156.41,calculated,
2025-02-01,FI,industry-household,2025,2,144.69,calculated,
2025-03-01,FI,industry-household,2025,3,166.63,calculated,
2025-04-01,FI,industry-household,2025,4,137.55,calculated,
2025-05-01,FI,industry-household,2025,5,121.37,calculated,
2025-06-01,FI,industry-household,2025,6,87.61,calculated,
2025-07-01,FI,industry-household,2025,7,115.54,calculated,
2025-08-01,FI,industry-household,2025,8,94.99,calculated,
2025-09-01,FI,industry-household,2025,9,56.5,calculated,
2025-10-01,FI,industry-household,2025,10,111.03,calculated,
2025-11-01,FI,industry-household,2025,11,117.7,calculated,
2019-01-01,GR,industry-household,2019,1,674.67,calculated,
2019-02-01,GR,industry-household,2019,2,492.16,calculated,
2019-03-01,GR,industry-household,2019,3,380.05,calculated,
2019-04-01,GR,industry-household,2019,4,358.93,calculated,
2019-05-01,GR,industry-household,2019,5,325.93,calculated,
2019-06-01,GR,industry-household,2019,6,393.04,calculated,
2019-07-01,GR,industry-household,2019,7,478.17,calculated,
2019-08-01,GR,industry-household,2019,8,439.45,calculated,
2019-09-01,GR,industry-household,2019,9,429.71,calculated,
2019-10-01,GR,industry-household,2019,10,406.88,calculated,
2019-11-01,GR,industry-household,2019,11,380.6,calculated,
2019-12-01,GR,industry-household,2019,12,439.8,calculated,
2020-01-01,GR,industry-household,2020,1,607.81,calculated,
2020-02-01,GR,industry-household,2020,2,482.74,calculated,
2020-03-01,GR,industry-household,2020,3,454.46,calculated,
2020-04-01,GR,industry-household,2020,4,373.43,calculated,
2020-05-01,GR,industry-household,2020,5,369.51,calculated,
2020-06-01,GR,industry-household,2020,6,440.44,calculated,
2020-07-01,GR,industry-household,2020,7,545.57,calculated,
2020-08-01,GR,industry-household,2020,8,506.9,calculated,
2020-09-01,GR,industry-household,2020,9,467.38,calculated,
2020-10-01,GR,industry-household,2020,10,436.24,calculated,
2020-11-01,GR,industry-household,2020,11,507.53,calculated,
2020-12-01,GR,industry-household,2020,12,601.05,calculated,
2021-01-01,GR,industry-household,2021,1,624.96,calculated,
2021-02-01,GR,industry-household,2021,2,446.8,calculated,
2021-03-01,GR,industry-household,2021,3,537.25,calculated,
2021-04-01,GR,industry-household,2021,4,547.62,calculated,
2021-05-01,GR,industry-household,2021,5,400.82,calculated,
2021-06-01,GR,industry-household,2021,6,532.49,calculated,
2021-07-01,GR,industry-household,2021,7,610.46,calculated,
2021-08-01,GR,industry-household,2021,8,578.41,calculated,
2021-09-01,GR,industry-household,2021,9,516.58,calculated,
2021-10-01,GR,industry-household,2021,10,489.38,calculated,
2021-11-01,GR,industry-household,2021,11,508.78,calculated,
2021-12-01,GR,industry-household,2021,12,598.28,calculated,
2022-01-01,GR,industry-household,2022,1,570.54,calculated,
2022-02-01,GR,industry-household,2022,2,492.93,calculated,
2022-03-01,GR,industry-household,2022,3,632.69,calculated,
2022-04-01,GR,industry-household,2022,4,294.38,calculated,
2022-05-01,GR,industry-household,2022,5,339.27,calculated,
2022-06-01,GR,industry-household,2022,6,422.06,calculated,
2022-07-01,GR,industry-household,2022,7,526.36,calculated,
2022-08-01,GR,industry-household,2022,8,481.08,calculated,
2022-09-01,GR,industry-household,2022,9,319.72,calculated,
2022-10-01,GR,industry-household,2022,10,241.87,calculated,
2022-11-01,GR,industry-household,2022,11,353.14,calculated,
2022-12-01,GR,industry-household,2022,12,460.22,calculated,
2023-01-01,GR,industry-household,2023,1,368.15,calculated,
2023-02-01,GR,industry-household,2023,2,390.45,calculated,
2023-03-01,GR,industry-household,2023,3,365.09,calculated,
2023-04-01,GR,industry-household,2023,4,350.97,calculated,
2023-05-01,GR,industry-household,2023,5,289.59,calculated,
2023-06-01,GR,industry-household,2023,6,387.97,calculated,
2023-07-01,GR,industry-household,2023,7,477.54,calculated,
2023-08-01,GR,industry-household,2023,8,415.59,calculated,
2023-09-01,GR,industry-household,2023,9,403.91,calculated,
2023-10-01,GR,industry-household,2023,10,393.8,calculated,
2023-11-01,GR,industry-household,2023,11,334.1,calculated,
2023-12-01,GR,industry-household,2023,12,442.5,calculated,
2024-01-01,GR,industry-household,2024,1,551.34,calculated,
2024-02-01,GR,industry-household,2024,2,445.66,calculated,
2024-03-01,GR,industry-household,2024,3,482.27,calculated,
2024-04-01,GR,industry-household,2024,4,384.32,calculated,
2024-05-01,GR,industry-household,2024,5,451.36,calculated,
2024-06-01,GR,industry-household,2024,6,489.9,calculated,
2024-07-01,GR,industry-household,2024,7,564.8,calculated,
2024-08-01,GR,industry-household,2024,8,522.54,calculated,
2024-09-01,GR,industry-household,2024,9,444.16,calculated,
2024-10-01,GR,industry-household,2024,10,428.95,calculated,
2024-11-01,GR,industry-household,2024,11,608.33,calculated,
2024-12-01,GR,industry-household,2024,12,648.11,calculated,
2025-01-01,GR,industry-household,2025,1,704.87,calculated,
2025-02-01,GR,industry-household,2025,2,711.9,calculated,
2025-03-01,GR,industry-household,2025,3,479.94,calculated,
2025-04-01,GR,industry-household,2025,4,358.85,calculated,
2025-05-01,GR,industry-household,2025,5,387.55,calculated,
2025-06-01,GR,industry-household,2025,6,497.93,calculated,
2025-07-01,GR,industry-household,2025,7,576.95,calculated,
2025-08-01,GR,industry-household,2025,8,479.81,calculated,
2025-09-01,GR,industry-household,2025,9,449.2,calculated,
2025-10-01,GR,industry-household,2025,10,512.16,calculated,
2025-11-01,GR,industry-household,2025,11,-3.48,calculated,
2019-01-01,HR,industry-household,2019,1,4.07,calculated,
2019-02-01,HR,industry-household,2019,2,2.99,calculated,
2019-03-01,HR,industry-household,2019,3,2.41,calculated,
2019-04-01,HR,industry-household,2019,4,2.0,calculated,
2019-05-01,HR,industry-household,2019,5,2.0,calculated,
2019-06-01,HR,industry-household,2019,6,1.42,calculated,
2019-07-01,HR,industry-household,2019,7,1.64,calculated,
2019-08-01,HR,industry-household,2019,8,1.78,calculated,
2019-09-01,HR,industry-household,2019,9,1.81,calculated,
2019-10-01,HR,industry-household,2019,10,2.69,calculated,
2019-11-01,HR,industry-household,2019,11,3.0,calculated,
2019-12-01,HR,industry-household,2019,12,3.46,calculated,
2020-01-01,HR,industry-household,2020,1,4.02,calculated,
2020-02-01,HR,industry-household,2020,2,3.12,calculated,
2020-03-01,HR,industry-household,2020,3,3.02,calculated,
2020-04-01,HR,industry-household,2020,4,1.95,calculated,
2020-05-01,HR,industry-household,2020,5,1.9,calculated,
2020-06-01,HR,industry-household,2020,6,1.8,calculated,
2020-07-01,HR,industry-household,2020,7,1.94,calculated,
2020-08-01,HR,industry-household,2020,8,1.84,calculated,
2020-09-01,HR,industry-household,2020,9,2.04,calculated,
2020-10-01,HR,industry-household,2020,10,2.72,calculated,
2020-11-01,HR,industry-household,2020,11,3.45,calculated,
2020-12-01,HR,industry-household,2020,12,3.64,calculated,
2021-01-01,HR,industry-household,2021,1,3.24,calculated,
2021-02-01,HR,industry-household,2021,2,3.02,calculated,
2021-03-01,HR,industry-household,2021,3,3.31,calculated,
2021-04-01,HR,industry-household,2021,4,2.77,calculated,
2021-05-01,HR,industry-household,2021,5,1.85,calculated,
2021-06-01,HR,industry-household,2021,6,1.3,calculated,
2021-07-01,HR,industry-household,2021,7,1.82,calculated,
2021-08-01,HR,industry-household,2021,8,1.81,calculated,
2021-09-01,HR,industry-household,2021,9,1.75,calculated,
2021-10-01,HR,industry-household,2021,10,2.49,calculated,
2021-11-01,HR,industry-household,2021,11,3.25,calculated,
2021-12-01,HR,industry-household,2021,12,2.97,calculated,
2022-01-01,HR,industry-household,2022,1,3.42,calculated,
2022-02-01,HR,industry-household,2022,2,3.08,calculated,
2022-03-01,HR,industry-household,2022,3,2.71,calculated,
2022-04-01,HR,industry-household,2022,4,1.93,calculated,
2022-05-01,HR,industry-household,2022,5,1.27,calculated,
2022-06-01,HR,industry-household,2022,6,1.23,calculated,
2022-07-01,HR,industry-household,2022,7,1.5,calculated,
2022-08-01,HR,industry-household,2022,8,1.42,calculated,
2022-09-01,HR,industry-household,2022,9,1.34,calculated,
2022-10-01,HR,industry-household,2022,10,1.77,calculated,
2022-11-01,HR,industry-household,2022,11,2.25,calculated,
2022-12-01,HR,industry-household,2022,12,2.5,calculated,
2023-01-01,HR,industry-household,2023,1,2.7,calculated,
2023-02-01,HR,industry-household,2023,2,2.74,calculated,
2023-03-01,HR,industry-household,2023,3,2.48,calculated,
2023-04-01,HR,industry-household,2023,4,2.14,calculated,
2023-05-01,HR,industry-household,2023,5,1.54,calculated,
2023-06-01,HR,industry-household,2023,6,1.26,calculated,
2023-07-01,HR,industry-household,2023,7,1.72,calculated,
2023-08-01,HR,industry-household,2023,8,1.7,calculated,
2023-09-01,HR,industry-household,2023,9,1.81,calculated,
2023-10-01,HR,industry-household,2023,10,2.14,calculated,
2023-11-01,HR,industry-household,2023,11,3.06,calculated,
2023-12-01,HR,industry-household,2023,12,2.85,calculated,
2024-01-01,HR,industry-household,2024,1,3.23,calculated,
2024-02-01,HR,industry-household,2024,2,2.3,calculated,
2024-03-01,HR,industry-household,2024,3,2.15,calculated,
2024-04-01,HR,industry-household,2024,4,1.6,calculated,
2024-05-01,HR,industry-household,2024,5,1.33,calculated,
2024-06-01,HR,industry-household,2024,6,1.03,calculated,
2024-07-01,HR,industry-household,2024,7,1.33,calculated,
2024-08-01,HR,industry-household,2024,8,1.47,calculated,
2024-09-01,HR,industry-household,2024,9,1.98,calculated,
2024-10-01,HR,industry-household,2024,10,2.35,calculated,
2024-11-01,HR,industry-household,2024,11,2.77,calculated,
2024-12-01,HR,industry-household,2024,12,3.3,calculated,
2025-01-01,HR,industry-household,2025,1,3.29,calculated,
2025-02-01,HR,industry-household,2025,2,3.05,calculated,
2025-03-01,HR,industry-household,2025,3,2.55,calculated,
2025-04-01,HR,industry-household,2025,4,2.2,calculated,
2025-05-01,HR,industry-household,2025,5,1.2,calculated,
2025-06-01,HR,industry-household,2025,6,0.24,calculated,
2025-07-01,HR,industry-household,2025,7,0.0,calculated,
2025-08-01,HR,industry-household,2025,8,0.0,calculated,
2025-09-01,HR,industry-household,2025,9,0.0,calculated,
2025-10-01,HR,industry-household,2025,10,1.01,calculated,
2025-11-01,HR,industry-household,2025,11,3.16,calculated,
2025-07-01,HU,industry-household,2025,7,0.0,calculated,
2025-08-01,HU,industry-household,2025,8,0.0,calculated,
2025-09-01,HU,industry-household,2025,9,0.0,calculated,
2019-01-01,LT,industry-household,2019,1,286.0,calculated,
2019-02-01,LT,industry-household,2019,2,216.0,calculated,
2019-03-01,LT,industry-household,2019,3,216.0,calculated,
2019-04-01,LT,industry-household,2019,4,201.0,calculated,
2019-05-01,LT,industry-household,2019,5,132.0,calculated,
2019-06-01,LT,industry-household,2019,6,162.0,calculated,
2019-07-01,LT,industry-household,2019,7,113.0,calculated,
2019-08-01,LT,industry-household,2019,8,100.0,calculated,
2019-09-01,LT,industry-household,2019,9,143.0,calculated,
2019-10-01,LT,industry-household,2019,10,195.0,calculated,
2019-11-01,LT,industry-household,2019,11,220.0,calculated,
2019-12-01,LT,industry-household,2019,12,236.0,calculated,
2020-01-01,LT,industry-household,2020,1,258.0,calculated,
2020-02-01,LT,industry-household,2020,2,231.7,calculated,
2020-03-01,LT,industry-household,2020,3,172.7,calculated,
2020-04-01,LT,industry-household,2020,4,216.9,calculated,
2020-05-01,LT,industry-household,2020,5,235.6,calculated,
2020-06-01,LT,industry-household,2020,6,173.4,calculated,
2020-07-01,LT,industry-household,2020,7,180.8,calculated,
2020-08-01,LT,industry-household,2020,8,151.5,calculated,
2020-09-01,LT,industry-household,2020,9,140.5,calculated,
2020-10-01,LT,industry-household,2020,10,193.3,calculated,
2020-11-01,LT,industry-household,2020,11,223.3,calculated,
2020-12-01,LT,industry-household,2020,12,257.1,calculated,
2021-01-01,LT,industry-household,2021,1,321.1,calculated,
2021-02-01,LT,industry-household,2021,2,273.0,calculated,
2021-03-01,LT,industry-household,2021,3,226.9,calculated,
2021-04-01,LT,industry-household,2021,4,216.3,calculated,
2021-05-01,LT,industry-household,2021,5,204.0,calculated,
2021-06-01,LT,industry-household,2021,6,152.3,calculated,
2021-07-01,LT,industry-household,2021,7,140.6,calculated,
2021-08-01,LT,industry-household,2021,8,109.0,calculated,
2021-09-01,LT,industry-household,2021,9,117.3,calculated,
2021-10-01,LT,industry-household,2021,10,162.5,calculated,
2021-11-01,LT,industry-household,2021,11,159.6,calculated,
2021-12-01,LT,industry-household,2021,12,233.9,calculated,
2022-01-01,LT,industry-household,2022,1,197.8,calculated,
2022-02-01,LT,industry-household,2022,2,157.2,calculated,
2022-03-01,LT,industry-household,2022,3,197.9,calculated,
2022-04-01,LT,industry-household,2022,4,152.1,calculated,
2022-05-01,LT,industry-household,2022,5,141.3,calculated,
2022-06-01,LT,industry-household,2022,6,145.3,calculated,
2022-07-01,LT,industry-household,2022,7,95.3,calculated,
2022-08-01,LT,industry-household,2022,8,55.1,calculated,
2022-09-01,LT,industry-household,2022,9,90.3,calculated,
2022-10-01,LT,industry-household,2022,10,91.5,calculated,
2022-11-01,LT,industry-household,2022,11,111.5,calculated,
2022-12-01,LT,industry-household,2022,12,214.0,calculated,
2023-01-01,LT,industry-household,2023,1,127.2,calculated,
2023-02-01,LT,industry-household,2023,2,99.2,calculated,
2023-03-01,LT,industry-household,2023,3,157.5,calculated,
2023-04-01,LT,industry-household,2023,4,122.5,calculated,
2023-05-01,LT,industry-household,2023,5,107.3,calculated,
2023-06-01,LT,industry-household,2023,6,102.0,calculated,
2023-07-01,LT,industry-household,2023,7,98.5,calculated,
2023-08-01,LT,industry-household,2023,8,111.4,calculated,
2023-09-01,LT,industry-household,2023,9,124.7,calculated,
2023-10-01,LT,industry-household,2023,10,174.9,calculated,
2023-11-01,LT,industry-household,2023,11,158.2,calculated,
2023-12-01,LT,industry-household,2023,12,204.8,calculated,
2024-01-01,LT,industry-household,2024,1,214.5,calculated,
2024-02-01,LT,industry-household,2024,2,166.6,calculated,
2024-03-01,LT,industry-household,2024,3,155.5,calculated,
2024-04-01,LT,industry-household,2024,4,192.4,calculated,
2024-05-01,LT,industry-household,2024,5,94.8,calculated,
2024-06-01,LT,industry-household,2024,6,88.4,calculated,
2024-07-01,LT,industry-household,2024,7,95.3,calculated,
2024-08-01,LT,industry-household,2024,8,92.4,calculated,
2024-09-01,LT,industry-household,2024,9,94.7,calculated,
2024-10-01,LT,industry-household,2024,10,152.3,calculated,
2024-11-01,LT,industry-household,2024,11,201.2,calculated,
2024-12-01,LT,industry-household,2024,12,192.4,calculated,
2025-01-01,LT,industry-household,2025,1,206.9,calculated,
2025-02-01,LT,industry-household,2025,2,210.0,calculated,
2025-03-01,LT,industry-household,2025,3,160.1,calculated,
2025-04-01,LT,industry-household,2025,4,156.2,calculated,
2025-05-01,LT,industry-household,2025,5,135.2,calculated,
2025-06-01,LT,industry-household,2025,6,86.9,calculated,
2025-07-01,LT,industry-household,2025,7,47.6,calculated,
2025-08-01,LT,industry-household,2025,8,87.4,calculated,
2025-09-01,LT,industry-household,2025,9,124.5,calculated,
2025-10-01,LT,industry-household,2025,10,142.7,calculated,
2025-07-01,LU,industry-household,2025,7,0.0,calculated,
2025-08-01,LU,industry-household,2025,8,0.0,calculated,
2025-09-01,LU,industry-household,2025,9,0.0,calculated,
2019-01-01,LV,industry-household,2019,1,0.0,calculated,
2019-02-01,LV,industry-household,2019,2,0.0,calculated,
2019-03-01,LV,industry-household,2019,3,0.0,calculated,
2019-04-01,LV,industry-household,2019,4,0.0,calculated,
2019-05-01,LV,industry-household,2019,5,0.0,calculated,
2019-06-01,LV,industry-household,2019,6,0.0,calculated,
2019-07-01,LV,industry-household,2019,7,0.0,calculated,
2019-08-01,LV,industry-household,2019,8,0.0,calculated,
2019-09-01,LV,industry-household,2019,9,0.0,calculated,
2019-10-01,LV,industry-household,2019,10,0.0,calculated,
2019-11-01,LV,industry-household,2019,11,0.0,calculated,
2019-12-01,LV,industry-household,2019,12,0.0,calculated,
2020-01-01,LV,industry-household,2020,1,1.07,calculated,
2020-02-01,LV,industry-household,2020,2,1.04,calculated,
2020-03-01,LV,industry-household,2020,3,1.02,calculated,
2020-04-01,LV,industry-household,2020,4,0.75,calculated,
2020-05-01,LV,industry-household,2020,5,0.46,calculated,
2020-06-01,LV,industry-household,2020,6,0.27,calculated,
2020-07-01,LV,industry-household,2020,7,0.3,calculated,
2020-08-01,LV,industry-household,2020,8,0.33,calculated,
2020-09-01,LV,industry-household,2020,9,0.37,calculated,
2020-10-01,LV,industry-household,2020,10,0.6,calculated,
2020-11-01,LV,industry-household,2020,11,0.82,calculated,
2020-12-01,LV,industry-household,2020,12,1.16,calculated,
2021-01-01,LV,industry-household,2021,1,1.33,calculated,
2021-02-01,LV,industry-household,2021,2,1.31,calculated,
2021-03-01,LV,industry-household,2021,3,1.07,calculated,
2021-04-01,LV,industry-household,2021,4,0.77,calculated,
2021-05-01,LV,industry-household,2021,5,0.45,calculated,
2021-06-01,LV,industry-household,2021,6,0.25,calculated,
2021-07-01,LV,industry-household,2021,7,0.25,calculated,
2021-08-01,LV,industry-household,2021,8,0.28,calculated,
2021-09-01,LV,industry-household,2021,9,0.4,calculated,
2021-10-01,LV,industry-household,2021,10,0.61,calculated,
2021-11-01,LV,industry-household,2021,11,0.84,calculated,
2021-12-01,LV,industry-household,2021,12,1.31,calculated,
2022-01-01,LV,industry-household,2022,1,1.16,calculated,
2022-02-01,LV,industry-household,2022,2,1.01,calculated,
2022-03-01,LV,industry-household,2022,3,0.97,calculated,
2022-04-01,LV,industry-household,2022,4,0.66,calculated,
2022-05-01,LV,industry-household,2022,5,0.29,calculated,
2022-06-01,LV,industry-household,2022,6,0.19,calculated,
2022-07-01,LV,industry-household,2022,7,0.18,calculated,
2022-08-01,LV,industry-household,2022,8,0.2,calculated,
2022-09-01,LV,industry-household,2022,9,0.21,calculated,
2022-10-01,LV,industry-household,2022,10,0.27,calculated,
2022-11-01,LV,industry-household,2022,11,0.58,calculated,
2022-12-01,LV,industry-household,2022,12,0.84,calculated,
2023-01-01,LV,industry-household,2023,1,0.77,calculated,
2023-02-01,LV,industry-household,2023,2,0.73,calculated,
2023-03-01,LV,industry-household,2023,3,0.67,calculated,
2023-04-01,LV,industry-household,2023,4,0.38,calculated,
2023-05-01,LV,industry-household,2023,5,0.2,calculated,
2023-06-01,LV,industry-household,2023,6,0.19,calculated,
2023-07-01,LV,industry-household,2023,7,0.16,calculated,
2023-08-01,LV,industry-household,2023,8,0.2,calculated,
2023-09-01,LV,industry-household,2023,9,0.21,calculated,
2023-10-01,LV,industry-household,2023,10,0.46,calculated,
2023-11-01,LV,industry-household,2023,11,0.66,calculated,
2023-12-01,LV,industry-household,2023,12,0.86,calculated,
2024-01-01,LV,industry-household,2024,1,1.11,calculated,
2024-02-01,LV,industry-household,2024,2,0.7,calculated,
2024-03-01,LV,industry-household,2024,3,0.58,calculated,
2024-04-01,LV,industry-household,2024,4,0.43,calculated,
2024-05-01,LV,industry-household,2024,5,0.2,calculated,
2024-06-01,LV,industry-household,2024,6,0.15,calculated,
2024-07-01,LV,industry-household,2024,7,0.18,calculated,
2024-08-01,LV,industry-household,2024,8,0.22,calculated,
2024-09-01,LV,industry-household,2024,9,0.22,calculated,
2024-10-01,LV,industry-household,2024,10,0.44,calculated,
2024-11-01,LV,industry-household,2024,11,0.62,calculated,
2024-12-01,LV,industry-household,2024,12,0.76,calculated,
2025-01-01,LV,industry-household,2025,1,0.51,calculated,
2025-02-01,LV,industry-household,2025,2,0.81,calculated,
2025-03-01,LV,industry-household,2025,3,0.62,calculated,
2025-04-01,LV,industry-household,2025,4,0.43,calculated,
2025-05-01,LV,industry-household,2025,5,0.3,calculated,
2025-06-01,LV,industry-household,2025,6,0.05,calculated,
2025-07-01,LV,industry-household,2025,7,0.0,calculated,
2025-08-01,LV,industry-household,2025,8,0.0,calculated,
2025-09-01,LV,industry-household,2025,9,0.0,calculated,
2025-10-01,LV,industry-household,2025,10,0.03,calculated,
2025-11-01,LV,industry-household,2025,11,0.64,calculated,
2019-01-01,PL,industry-household,2019,1,21.7,calculated,
2019-02-01,PL,industry-household,2019,2,17.28,calculated,
2019-03-01,PL,industry-household,2019,3,17.09,calculated,
2019-04-01,PL,industry-household,2019,4,13.21,calculated,
2019-05-01,PL,industry-household,2019,5,11.56,calculated,
2019-06-01,PL,industry-household,2019,6,8.87,calculated,
2019-07-01,PL,industry-household,2019,7,9.13,calculated,
2019-08-01,PL,industry-household,2019,8,9.3,calculated,
2019-09-01,PL,industry-household,2019,9,10.35,calculated,
2019-10-01,PL,industry-household,2019,10,13.5,calculated,
2019-11-01,PL,industry-household,2019,11,16.1,calculated,
2019-12-01,PL,industry-household,2019,12,18.92,calculated,
2020-01-01,PL,industry-household,2020,1,20.12,calculated,
2020-02-01,PL,industry-household,2020,2,18.19,calculated,
2020-03-01,PL,industry-household,2020,3,17.99,calculated,
2020-04-01,PL,industry-household,2020,4,12.84,calculated,
2020-05-01,PL,industry-household,2020,5,11.68,calculated,
2020-06-01,PL,industry-household,2020,6,9.76,calculated,
2020-07-01,PL,industry-household,2020,7,9.99,calculated,
2020-08-01,PL,industry-household,2020,8,9.53,calculated,
2020-09-01,PL,industry-household,2020,9,10.48,calculated,
2020-10-01,PL,industry-household,2020,10,14.3,calculated,
2020-11-01,PL,industry-household,2020,11,17.29,calculated,
2020-12-01,PL,industry-household,2020,12,20.6,calculated,
2021-01-01,PL,industry-household,2021,1,22.7,calculated,
2021-02-01,PL,industry-household,2021,2,21.3,calculated,
2021-03-01,PL,industry-household,2021,3,20.08,calculated,
2021-04-01,PL,industry-household,2021,4,16.63,calculated,
2021-05-01,PL,industry-household,2021,5,12.23,calculated,
2021-06-01,PL,industry-household,2021,6,9.55,calculated,
2021-07-01,PL,industry-household,2021,7,9.82,calculated,
2021-08-01,PL,industry-household,2021,8,10.3,calculated,
2021-09-01,PL,industry-household,2021,9,10.8,calculated,
2021-10-01,PL,industry-household,2021,10,14.24,calculated,
2021-11-01,PL,industry-household,2021,11,17.19,calculated,
2021-12-01,PL,industry-household,2021,12,22.05,calculated,
2022-01-01,PL,industry-household,2022,1,21.01,calculated,
2022-02-01,PL,industry-household,2022,2,17.31,calculated,
2022-03-01,PL,industry-household,2022,3,17.14,calculated,
2022-04-01,PL,industry-household,2022,4,14.84,calculated,
2022-05-01,PL,industry-household,2022,5,9.93,calculated,
2022-06-01,PL,industry-household,2022,6,8.61,calculated,
2022-07-01,PL,industry-household,2022,7,8.18,calculated,
2022-08-01,PL,industry-household,2022,8,7.32,calculated,
2022-09-01,PL,industry-household,2022,9,7.7,calculated,
2022-10-01,PL,industry-household,2022,10,10.33,calculated,
2022-11-01,PL,industry-household,2022,11,15.41,calculated,
2022-12-01,PL,industry-household,2022,12,18.98,calculated,
2023-01-01,PL,industry-household,2023,1,17.78,calculated,
2023-02-01,PL,industry-household,2023,2,17.24,calculated,
2023-03-01,PL,industry-household,2023,3,16.09,calculated,
2023-04-01,PL,industry-household,2023,4,12.64,calculated,
2023-05-01,PL,industry-household,2023,5,9.6,calculated,
2023-06-01,PL,industry-household,2023,6,8.01,calculated,
2023-07-01,PL,industry-household,2023,7,7.81,calculated,
2023-08-01,PL,industry-household,2023,8,8.51,calculated,
2023-09-01,PL,industry-household,2023,9,8.58,calculated,
2023-10-01,PL,industry-household,2023,10,11.93,calculated,
2023-11-01,PL,industry-household,2023,11,16.93,calculated,
2023-12-01,PL,industry-household,2023,12,19.91,calculated,
2024-01-01,PL,industry-household,2024,1,21.95,calculated,
2024-02-01,PL,industry-household,2024,2,16.85,calculated,
2024-03-01,PL,industry-household,2024,3,16.51,calculated,
2024-04-01,PL,industry-household,2024,4,12.96,calculated,
2024-05-01,PL,industry-household,2024,5,9.89,calculated,
2024-06-01,PL,industry-household,2024,6,8.39,calculated,
2024-07-01,PL,industry-household,2024,7,8.63,calculated,
2024-08-01,PL,industry-household,2024,8,8.67,calculated,
2024-09-01,PL,industry-household,2024,9,9.68,calculated,
2024-10-01,PL,industry-household,2024,10,13.35,calculated,
2024-11-01,PL,industry-household,2024,11,17.9,calculated,
2024-12-01,PL,industry-household,2024,12,19.27,calculated,
2025-01-01,PL,industry-household,2025,1,18.47,calculated,
2025-02-01,PL,industry-household,2025,2,19.39,calculated,
2025-03-01,PL,industry-household,2025,3,15.24,calculated,
2025-04-01,PL,industry-household,2025,4,11.08,calculated,
2025-05-01,PL,industry-household,2025,5,11.08,calculated,
2025-06-01,PL,industry-household,2025,6,1.84,calculated,
2025-07-01,PL,industry-household,2025,7,0.0,calculated,
2025-08-01,PL,industry-household,2025,8,0.0,calculated,
2025-09-01,PL,industry-household,2025,9,0.0,calculated,
2025-10-01,PL,industry-household,2025,10,3.68,calculated,
2025-11-01,PL,industry-household,2025,11,18.04,calculated,
2025-07-01,PT,industry-household,2025,7,0.0,calculated,
2025-08-01,PT,industry-household,2025,8,0.0,calculated,
2025-09-01,PT,industry-household,2025,9,0.0,calculated,
2025-07-01,RO,industry-household,2025,7,0.0,calculated,
2025-08-01,RO,industry-household,2025,8,0.0,calculated,
2025-09-01,RO,industry-household,2025,9,0.0,calculated,
2019-01-01,SE,industry-household,2019,1,130.0,calculated,
2019-02-01,SE,industry-household,2019,2,104.0,calculated,
2019-03-01,SE,industry-household,2019,3,126.0,calculated,
2019-04-01,SE,industry-household,2019,4,101.0,calculated,
2019-05-01,SE,industry-household,2019,5,124.0,calculated,
2019-06-01,SE,industry-household,2019,6,62.0,calculated,
2019-07-01,SE,industry-household,2019,7,62.0,calculated,
2019-08-01,SE,industry-household,2019,8,75.0,calculated,
2019-09-01,SE,industry-household,2019,9,66.0,calculated,
2019-10-01,SE,industry-household,2019,10,66.0,calculated,
2019-11-01,SE,industry-household,2019,11,98.0,calculated,
2019-12-01,SE,industry-household,2019,12,118.0,calculated,
2020-01-01,SE,industry-household,2020,1,116.0,calculated,
2020-02-01,SE,industry-household,2020,2,114.9,calculated,
2020-03-01,SE,industry-household,2020,3,94.0,calculated,
2020-04-01,SE,industry-household,2020,4,74.47,calculated,
2020-05-01,SE,industry-household,2020,5,77.5,calculated,
2020-06-01,SE,industry-household,2020,6,83.72,calculated,
2020-07-01,SE,industry-household,2020,7,53.5,calculated,
2020-08-01,SE,industry-household,2020,8,85.5,calculated,
2020-09-01,SE,industry-household,2020,9,80.4,calculated,
2020-10-01,SE,industry-household,2020,10,162.0,calculated,
2020-11-01,SE,industry-household,2020,11,142.0,calculated,
2020-12-01,SE,industry-household,2020,12,177.0,calculated,
2021-01-01,SE,industry-household,2021,1,184.0,calculated,
2021-02-01,SE,industry-household,2021,2,155.0,calculated,
2021-03-01,SE,industry-household,2021,3,116.0,calculated,
2021-04-01,SE,industry-household,2021,4,100.0,calculated,
2021-05-01,SE,industry-household,2021,5,63.6,calculated,
2021-06-01,SE,industry-household,2021,6,103.7,calculated,
2021-07-01,SE,industry-household,2021,7,64.0,calculated,
2021-08-01,SE,industry-household,2021,8,80.72,calculated,
2021-09-01,SE,industry-household,2021,9,73.24,calculated,
2021-10-01,SE,industry-household,2021,10,90.17,calculated,
2021-11-01,SE,industry-household,2021,11,102.82,calculated,
2021-12-01,SE,industry-household,2021,12,114.94,calculated,
2022-01-01,SE,industry-household,2022,1,102.17,calculated,
2022-02-01,SE,industry-household,2022,2,81.74,calculated,
2022-03-01,SE,industry-household,2022,3,59.64,calculated,
2022-04-01,SE,industry-household,2022,4,55.01,calculated,
2022-05-01,SE,industry-household,2022,5,50.22,calculated,
2022-06-01,SE,industry-household,2022,6,37.2,calculated,
2022-07-01,SE,industry-household,2022,7,52.58,calculated,
2022-08-01,SE,industry-household,2022,8,53.86,calculated,
2022-09-01,SE,industry-household,2022,9,42.96,calculated,
2022-10-01,SE,industry-household,2022,10,54.71,calculated,
2022-11-01,SE,industry-household,2022,11,53.54,calculated,
2022-12-01,SE,industry-household,2022,12,81.7,calculated,
2023-01-01,SE,industry-household,2023,1,77.44,calculated,
2023-02-01,SE,industry-household,2023,2,68.24,calculated,
2023-03-01,SE,industry-household,2023,3,85.51,calculated,
2023-04-01,SE,industry-household,2023,4,48.79,calculated,
2023-05-01,SE,industry-household,2023,5,52.96,calculated,
2023-06-01,SE,industry-household,2023,6,52.07,calculated,
2023-07-01,SE,industry-household,2023,7,47.96,calculated,
2023-08-01,SE,industry-household,2023,8,50.94,calculated,
2023-09-01,SE,industry-household,2023,9,64.31,calculated,
2023-10-01,SE,industry-household,2023,10,63.7,calculated,
2023-11-01,SE,industry-household,2023,11,82.62,calculated,
2023-12-01,SE,industry-household,2023,12,91.89,calculated,
2024-01-01,SE,industry-household,2024,1,126.12,calculated,
2024-02-01,SE,industry-household,2024,2,88.69,calculated,
2024-03-01,SE,industry-household,2024,3,71.56,calculated,
2024-04-01,SE,industry-household,2024,4,79.71,calculated,
2024-05-01,SE,industry-household,2024,5,59.57,calculated,
2024-06-01,SE,industry-household,2024,6,51.64,calculated,
2024-07-01,SE,industry-household,2024,7,55.04,calculated,
2024-08-01,SE,industry-household,2024,8,60.78,calculated,
2024-09-01,SE,industry-household,2024,9,59.09,calculated,
2024-10-01,SE,industry-household,2024,10,50.23,calculated,
2024-11-01,SE,industry-household,2024,11,79.23,calculated,
2024-12-01,SE,industry-household,2024,12,72.75,calculated,
2025-01-01,SE,industry-household,2025,1,81.14,calculated,
2025-02-01,SE,industry-household,2025,2,79.69,calculated,
2025-03-01,SE,industry-household,2025,3,53.84,calculated,
2025-04-01,SE,industry-household,2025,4,56.33,calculated,
2025-05-01,SE,industry-household,2025,5,46.79,calculated,
2025-06-01,SE,industry-household,2025,6,54.03,calculated,
2025-07-01,SE,industry-household,2025,7,49.4,calculated,
2025-08-01,SE,industry-household,2025,8,62.81,calculated,
2025-09-01,SE,industry-household,2025,9,45.39,calculated,
2025-10-01,SE,industry-household,2025,10,66.86,calculated,
2025-11-01,SE,industry-household,2025,11,-0.0,calculated,
2019-01-01,SI,industry-household,2019,1,1.18,calculated,
2019-02-01,SI,industry-household,2019,2,0.93,calculated,
2019-03-01,SI,industry-household,2019,3,0.85,calculated,
2019-04-01,SI,industry-household,2019,4,0.7,calculated,
2019-05-01,SI,industry-household,2019,5,0.68,calculated,
2019-06-01,SI,industry-household,2019,6,0.5,calculated,
2019-07-01,SI,industry-household,2019,7,0.48,calculated,
2019-08-01,SI,industry-household,2019,8,0.53,calculated,
2019-09-01,SI,industry-household,2019,9,0.57,calculated,
2019-10-01,SI,industry-household,2019,10,0.7,calculated,
2019-11-01,SI,industry-household,2019,11,0.84,calculated,
2019-12-01,SI,industry-household,2019,12,0.98,calculated,
2020-01-01,SI,industry-household,2020,1,1.15,calculated,
2020-02-01,SI,industry-household,2020,2,0.91,calculated,
2020-03-01,SI,industry-household,2020,3,0.9,calculated,
2020-04-01,SI,industry-household,2020,4,0.64,calculated,
2020-05-01,SI,industry-household,2020,5,0.54,calculated,
2020-06-01,SI,industry-household,2020,6,0.45,calculated,
2020-07-01,SI,industry-household,2020,7,0.5,calculated,
2020-08-01,SI,industry-household,2020,8,0.48,calculated,
2020-09-01,SI,industry-household,2020,9,0.53,calculated,
2020-10-01,SI,industry-household,2020,10,0.73,calculated,
2020-11-01,SI,industry-household,2020,11,0.98,calculated,
2020-12-01,SI,industry-household,2020,12,1.0,calculated,
2021-01-01,SI,industry-household,2021,1,1.1,calculated,
2021-02-01,SI,industry-household,2021,2,0.94,calculated,
2021-03-01,SI,industry-household,2021,3,0.95,calculated,
2021-04-01,SI,industry-household,2021,4,0.84,calculated,
2021-05-01,SI,industry-household,2021,5,0.66,calculated,
2021-06-01,SI,industry-household,2021,6,0.54,calculated,
2021-07-01,SI,industry-household,2021,7,0.48,calculated,
2021-08-01,SI,industry-household,2021,8,0.47,calculated,
2021-09-01,SI,industry-household,2021,9,0.51,calculated,
2021-10-01,SI,industry-household,2021,10,0.76,calculated,
2021-11-01,SI,industry-household,2021,11,0.9,calculated,
2021-12-01,SI,industry-household,2021,12,1.06,calculated,
2022-01-01,SI,industry-household,2022,1,1.12,calculated,
2022-02-01,SI,industry-household,2022,2,0.88,calculated,
2022-03-01,SI,industry-household,2022,3,0.9,calculated,
2022-04-01,SI,industry-household,2022,4,0.7,calculated,
2022-05-01,SI,industry-household,2022,5,0.51,calculated,
2022-06-01,SI,industry-household,2022,6,0.48,calculated,
2022-07-01,SI,industry-household,2022,7,0.45,calculated,
2022-08-01,SI,industry-household,2022,8,0.41,calculated,
2022-09-01,SI,industry-household,2022,9,0.49,calculated,
2022-10-01,SI,industry-household,2022,10,0.55,calculated,
2022-11-01,SI,industry-household,2022,11,0.79,calculated,
2022-12-01,SI,industry-household,2022,12,0.85,calculated,
2023-01-01,SI,industry-household,2023,1,0.94,calculated,
2023-02-01,SI,industry-household,2023,2,0.87,calculated,
2023-03-01,SI,industry-household,2023,3,0.76,calculated,
2023-04-01,SI,industry-household,2023,4,0.69,calculated,
2023-05-01,SI,industry-household,2023,5,0.6,calculated,
2023-06-01,SI,industry-household,2023,6,0.5,calculated,
2023-07-01,SI,industry-household,2023,7,0.44,calculated,
2023-08-01,SI,industry-household,2023,8,0.4,calculated,
2023-09-01,SI,industry-household,2023,9,0.46,calculated,
2023-10-01,SI,industry-household,2023,10,0.58,calculated,
2023-11-01,SI,industry-household,2023,11,0.82,calculated,
2023-12-01,SI,industry-household,2023,12,0.95,calculated,
2024-01-01,SI,industry-household,2024,1,1.13,calculated,
2024-02-01,SI,industry-household,2024,2,0.83,calculated,
2024-03-01,SI,industry-household,2024,3,0.81,calculated,
2024-04-01,SI,industry-household,2024,4,0.73,calculated,
2024-05-01,SI,industry-household,2024,5,0.62,calculated,
2024-06-01,SI,industry-household,2024,6,0.51,calculated,
2024-07-01,SI,industry-household,2024,7,0.47,calculated,
2024-08-01,SI,industry-household,2024,8,0.46,calculated,
2024-09-01,SI,industry-household,2024,9,0.53,calculated,
2024-10-01,SI,industry-household,2024,10,0.59,calculated,
2024-11-01,SI,industry-household,2024,11,0.86,calculated,
2024-12-01,SI,industry-household,2024,12,0.96,calculated,
2025-01-01,SI,industry-household,2025,1,1.02,calculated,
2025-02-01,SI,industry-household,2025,2,0.95,calculated,
2025-03-01,SI,industry-household,2025,3,0.81,calculated,
2025-04-01,SI,industry-household,2025,4,0.62,calculated,
2025-05-01,SI,industry-household,2025,5,0.6,calculated,
2025-06-01,SI,industry-household,2025,6,0.11,calculated,
2025-07-01,SI,industry-household,2025,7,0.0,calculated,
2025-08-01,SI,industry-household,2025,8,0.0,calculated,
2025-09-01,SI,industry-household,2025,9,0.0,calculated,
2025-10-01,SI,industry-household,2025,10,0.17,calculated,
2025-11-01,SI,industry-household,2025,11,0.86,calculated,
2019-01-01,SK,industry-household,2019,1,759.59,calculated,
2019-02-01,SK,industry-household,2019,2,578.59,calculated,
2019-03-01,SK,industry-household,2019,3,503.55,calculated,
2019-04-01,SK,industry-household,2019,4,347.67,calculated,
2019-05-01,SK,industry-household,2019,5,328.55,calculated,
2019-06-01,SK,industry-household,2019,6,191.59,calculated,
2019-07-01,SK,industry-household,2019,7,227.54,calculated,
2019-08-01,SK,industry-household,2019,8,224.55,calculated,
2019-09-01,SK,industry-household,2019,9,256.51,calculated,
2019-10-01,SK,industry-household,2019,10,383.45,calculated,
2019-11-01,SK,industry-household,2019,11,474.51,calculated,
2019-12-01,SK,industry-household,2019,12,630.51,calculated,
2020-01-01,SK,industry-household,2020,1,732.05,calculated,
2020-02-01,SK,industry-household,2020,2,569.97,calculated,
2020-03-01,SK,industry-household,2020,3,525.14,calculated,
2020-04-01,SK,industry-household,2020,4,348.36,calculated,
2020-05-01,SK,industry-household,2020,5,298.46,calculated,
2020-06-01,SK,industry-household,2020,6,240.94,calculated,
2020-07-01,SK,industry-household,2020,7,229.13,calculated,
2020-08-01,SK,industry-household,2020,8,218.98,calculated,
2020-09-01,SK,industry-household,2020,9,260.09,calculated,
2020-10-01,SK,industry-household,2020,10,428.75,calculated,
2020-11-01,SK,industry-household,2020,11,568.55,calculated,
2020-12-01,SK,industry-household,2020,12,646.82,calculated,
2021-01-01,SK,industry-household,2021,1,729.26,calculated,
2021-02-01,SK,industry-household,2021,2,659.37,calculated,
2021-03-01,SK,industry-household,2021,3,633.26,calculated,
2021-04-01,SK,industry-household,2021,4,499.93,calculated,
2021-05-01,SK,industry-household,2021,5,332.46,calculated,
2021-06-01,SK,industry-household,2021,6,250.17,calculated,
2021-07-01,SK,industry-household,2021,7,241.44,calculated,
2021-08-01,SK,industry-household,2021,8,234.49,calculated,
2021-09-01,SK,industry-household,2021,9,279.36,calculated,
2021-10-01,SK,industry-household,2021,10,437.63,calculated,
2021-11-01,SK,industry-household,2021,11,570.46,calculated,
2021-12-01,SK,industry-household,2021,12,701.94,calculated,
2022-01-01,SK,industry-household,2022,1,704.41,calculated,
2022-02-01,SK,industry-household,2022,2,554.3,calculated,
2022-03-01,SK,industry-household,2022,3,543.26,calculated,
2022-04-01,SK,industry-household,2022,4,417.19,calculated,
2022-05-01,SK,industry-household,2022,5,235.36,calculated,
2022-06-01,SK,industry-household,2022,6,191.68,calculated,
2022-07-01,SK,industry-household,2022,7,193.84,calculated,
2022-08-01,SK,industry-household,2022,8,165.21,calculated,
2022-09-01,SK,industry-household,2022,9,188.02,calculated,
2022-10-01,SK,industry-household,2022,10,295.06,calculated,
2022-11-01,SK,industry-household,2022,11,446.24,calculated,
2022-12-01,SK,industry-household,2022,12,580.48,calculated,
2023-01-01,SK,industry-household,2023,1,539.19,calculated,
2023-02-01,SK,industry-household,2023,2,534.93,calculated,
2023-03-01,SK,industry-household,2023,3,469.72,calculated,
2023-04-01,SK,industry-household,2023,4,376.0,calculated,
2023-05-01,SK,industry-household,2023,5,258.69,calculated,
2023-06-01,SK,industry-household,2023,6,201.4,calculated,
2023-07-01,SK,industry-household,2023,7,188.71,calculated,
2023-08-01,SK,industry-household,2023,8,158.0,calculated,
2023-09-01,SK,industry-household,2023,9,158.1,calculated,
2023-10-01,SK,industry-household,2023,10,289.49,calculated,
2023-11-01,SK,industry-household,2023,11,466.96,calculated,
2023-12-01,SK,industry-household,2023,12,591.69,calculated,
2024-01-01,SK,industry-household,2024,1,647.43,calculated,
2024-02-01,SK,industry-household,2024,2,455.84,calculated,
2024-03-01,SK,industry-household,2024,3,434.95,calculated,
2024-04-01,SK,industry-household,2024,4,314.43,calculated,
2024-05-01,SK,industry-household,2024,5,212.6,calculated,
2024-06-01,SK,industry-household,2024,6,191.94,calculated,
2024-07-01,SK,industry-household,2024,7,190.7,calculated,
2024-08-01,SK,industry-household,2024,8,201.4,calculated,
2024-09-01,SK,industry-household,2024,9,229.4,calculated,
2024-10-01,SK,industry-household,2024,10,356.26,calculated,
2024-11-01,SK,industry-household,2024,11,549.56,calculated,
2024-12-01,SK,industry-household,2024,12,607.48,calculated,
2025-01-01,SK,industry-household,2025,1,643.24,calculated,
2025-02-01,SK,industry-household,2025,2,581.72,calculated,
2025-03-01,SK,industry-household,2025,3,461.8,calculated,
2025-04-01,SK,industry-household,2025,4,331.44,calculated,
2025-05-01,SK,industry-household,2025,5,236.24,calculated,
2025-06-01,SK,industry-household,2025,6,158.58,calculated,
2025-07-01,SK,industry-household,2025,7,191.34,calculated,
2025-08-01,SK,industry-household,2025,8,195.15,calculated,
2025-09-01,SK,industry-household,2025,9,233.15,calculated,
2025-10-01,SK,industry-household,2025,10,402.5,calculated,
2025-11-01,SK,industry-household,2025,11,-0.69,calculated,
2019-01-01,EU,household,2019,1,267.86,calculated,"{'BE': 5.7606953788, 'DE': 26.5255172009, 'FR': 19.4291811971, 'HU': 5.5336106119, 'IT': 24.8970595738, 'LU': 0.3198333153, 'NL': 11.3178210161, 'PT': 0.9322543302, 'RO': 5.2840273759}"
2019-02-01,EU,household,2019,2,195.83,calculated,"{'BE': 5.7105462909, 'DE': 26.3804188776, 'FR': 19.5581989205, 'HU': 5.5231224237, 'IT': 24.8064374112, 'LU': 0.3290619268, 'NL': 11.0169964027, 'PT': 1.1291287346, 'RO': 5.5460890119}"
2019-03-01,EU,household,2019,3,164.99,calculated,"{'BE': 6.2729151498, 'DE': 27.9019994382, 'FR': 20.2271090717, 'HU': 5.0917213238, 'IT': 21.3174218015, 'LU': 0.3546991114, 'NL': 12.3771249984, 'PT': 1.3680875199, 'RO': 5.0889215854}"
2019-04-01,EU,household,2019,4,108.0,calculated,"{'BE': 6.3755341609, 'DE': 26.4712095872, 'FR': 21.0952078261, 'HU': 4.8932241738, 'IT': 21.7694600627, 'LU': 0.3789423789, 'NL': 11.5254960181, 'PT': 1.9680410225, 'RO': 5.52288477}"
2019-05-01,EU,household,2019,5,85.55,calculated,"{'BE': 6.8159946722, 'DE': 28.0461337122, 'FR': 19.4274906088, 'HU': 5.2900772238, 'IT': 21.0374597858, 'LU': 0.3861476188, 'NL': 12.3980056122, 'PT': 2.4032190482, 'RO': 4.1954717179}"
2019-06-01,EU,household,2019,6,41.48,calculated,"{'BE': 7.4445141735, 'DE': 18.0092345761, 'FR': 19.8310083034, 'HU': 5.433662975, 'IT': 25.749398552, 'LU': 0.3946725011, 'NL': 13.1024410204, 'PT': 4.5206081527, 'RO': 5.5144597458}"
2019-07-01,EU,household,2019,7,39.47,calculated,"{'BE': 6.619568082, 'DE': 19.1619308729, 'FR': 17.4319906795, 'HU': 6.1133447444, 'IT': 26.3121415945, 'LU': 0.3618611909, 'NL': 13.0086180487, 'PT': 4.9602199556, 'RO': 6.0303248316}"
2019-08-01,EU,household,2019,8,35.76,calculated,"{'BE': 7.4985120046, 'DE': 19.764503674, 'FR': 17.1380312434, 'HU': 6.6354722287, 'IT': 23.5255104483, 'LU': 0.397017868, 'NL': 14.0288429522, 'PT': 4.6588195604, 'RO': 6.3532900204}"
2019-09-01,EU,household,2019,9,51.55,calculated,"{'BE': 6.9349645063, 'DE': 25.549508887, 'FR': 16.4495524781, 'HU': 5.8446729663, 'IT': 22.3973107657, 'LU': 0.4137232149, 'NL': 13.7722777163, 'PT': 3.8074498607, 'RO': 4.8305396047}"
2019-10-01,EU,household,2019,10,94.5,calculated,"{'BE': 7.3449849732, 'DE': 29.5574935373, 'FR': 18.5588414951, 'HU': 6.0671968857, 'IT': 16.8224242623, 'LU': 0.3983704628, 'NL': 14.0705843835, 'PT': 2.2460541291, 'RO': 4.934049871}"
2019-11-01,EU,household,2019,11,173.07,calculated,"{'BE': 6.606173099, 'DE': 28.7571484863, 'FR': 21.0776374404, 'HU': 4.83169455, 'IT': 20.4231424342, 'LU': 0.364030221, 'NL': 12.4648748059, 'PT': 1.2803048416, 'RO': 4.1949941215}"
2019-12-01,EU,household,2019,12,214.93,calculated,"{'BE': 6.0164898144, 'DE': 27.3463526058, 'FR': 19.424251138, 'HU': 5.54885332, 'IT': 23.5319879308, 'LU': 0.3271309608, 'NL': 11.4958987044, 'PT': 1.0144682954, 'RO': 5.2945672304}"
2020-01-01,EU,household,2020,1,235.14,calculated,"{'BE': 5.7007919471, 'DE': 25.9590496845, 'FR': 19.033059851, 'HU': 6.3168390498, 'IT': 25.2880579346, 'LU': 0.3161221818, 'NL': 10.6418374527, 'PT': 1.0556672534, 'RO': 5.688574645}"
2020-02-01,EU,household,2020,2,190.09,calculated,"{'BE': 6.254566673, 'DE': 27.1396595837, 'FR': 19.0290956721, 'HU': 5.5746400808, 'IT': 23.0042244683, 'LU': 0.3341946712, 'NL': 12.0309167015, 'PT': 1.1486362141, 'RO': 5.4840659353}"
2020-03-01,EU,household,2020,3,174.41,calculated,"{'BE': 6.3543203025, 'DE': 27.8526482479, 'FR': 19.4913712008, 'HU': 5.4808612391, 'IT': 22.2631792941, 'LU': 0.34150169, 'NL': 11.9496034063, 'PT': 1.2715634129, 'RO': 4.9949512065}"
2020-04-01,EU,household,2020,4,87.45,calculated,"{'BE': 6.2221125752, 'DE': 28.4738425511, 'FR': 16.8937011826, 'HU': 6.4416055622, 'IT': 21.5274259553, 'LU': 0.3467142161, 'NL': 12.0948069212, 'PT': 1.9662312998, 'RO': 6.0335597365}"
2020-05-01,EU,household,2020,5,63.5,calculated,"{'BE': 6.8988252531, 'DE': 30.7075588105, 'FR': 17.4526017548, 'HU': 5.5483494078, 'IT': 18.3520764225, 'LU': 0.4090003979, 'NL': 13.0370982796, 'PT': 2.6663361063, 'RO': 4.9281535675}"
2020-06-01,EU,household,2020,6,44.49,calculated,"{'BE': 7.0983301852, 'DE': 22.1162391901, 'FR': 18.2206498512, 'HU': 5.8656325628, 'IT': 23.9047840519, 'LU': 0.3860833201, 'NL': 13.0463261947, 'PT': 3.8089843578, 'RO': 5.5529702861}"
2020-07-01,EU,household,2020,7,41.67,calculated,"{'BE': 6.959528491, 'DE': 20.3847907598, 'FR': 17.1351027491, 'HU': 6.4352496072, 'IT': 24.901303251, 'LU': 0.3597228596, 'NL': 13.7837518263, 'PT': 4.4137491348, 'RO': 5.6268013213}"
2020-08-01,EU,household,2020,8,35.28,calculated,"{'BE': 7.4282347571, 'DE': 19.6818425955, 'FR': 16.9598507909, 'HU': 6.5638776836, 'IT': 24.4663171281, 'LU': 0.3450077636, 'NL': 13.5143709222, 'PT': 4.789899624, 'RO': 6.2505987349}"
2020-09-01,EU,household,2020,9,51.09,calculated,"{'BE': 7.3922792085, 'DE': 24.3076874354, 'FR': 17.6492230235, 'HU': 5.7147892742, 'IT': 22.5647333937, 'LU': 0.3767857009, 'NL': 13.5247365017, 'PT': 3.8724410105, 'RO': 4.5973244516}"
2020-10-01,EU,household,2020,10,112.46,calculated,"{'BE': 6.9141074034, 'DE': 28.1453853983, 'FR': 20.3286192112, 'HU': 6.0409874289, 'IT': 19.7052965314, 'LU': 0.3856020258, 'NL': 12.484519302, 'PT': 1.8809354073, 'RO': 4.1145472917}"
2020-11-01,EU,household,2020,11,161.66,calculated,"{'BE': 5.9493556635, 'DE': 27.7796952658, 'FR': 19.273834505, 'HU': 6.5492578308, 'IT': 22.2145430875, 'LU': 0.3500944762, 'NL': 10.7544278371, 'PT': 1.3451934628, 'RO': 5.7835978712}"
2020-12-01,EU,household,2020,12,221.4,calculated,"{'BE': 5.9386915371, 'DE': 27.317562379, 'FR': 19.2658271055, 'HU': 5.4312441528, 'IT': 24.3727645954, 'LU': 0.322956591, 'NL': 11.2091425331, 'PT': 0.9989989834, 'RO': 5.1428121227}"
2021-01-01,EU,household,2021,1,259.97,calculated,"{'BE': 6.0737347217, 'DE': 27.1162518193, 'FR': 19.5424967628, 'HU': 5.2160414586, 'IT': 24.474191485, 'LU': 0.3255826961, 'NL': 11.3240768745, 'PT': 0.9725724506, 'RO': 4.9550517313}"
2021-02-01,EU,household,2021,2,207.43,calculated,"{'BE': 6.2023144933, 'DE': 28.751237856, 'FR': 18.3408639633, 'HU': 5.6687604021, 'IT': 22.0797945685, 'LU': 0.3174063349, 'NL': 12.1893824948, 'PT': 1.0105065629, 'RO': 5.439733324}"
2021-03-01,EU,household,2021,3,188.17,calculated,"{'BE': 6.1552378681, 'DE': 27.8578734923, 'FR': 19.2362530984, 'HU': 5.6619885336, 'IT': 21.9078058126, 'LU': 0.3364696865, 'NL': 11.7322588126, 'PT': 1.2023308071, 'RO': 5.9097818888}"
2021-04-01,EU,household,2021,4,141.65,calculated,"{'BE': 6.8643225574, 'DE': 29.4183533047, 'FR': 18.2135266625, 'HU': 5.6972431567, 'IT': 19.7483836749, 'LU': 0.3577278271, 'NL': 12.840243246, 'PT': 1.4515915092, 'RO': 5.4086080615}"
2021-05-01,EU,household,2021,5,88.46,calculated,"{'BE': 7.6845617636, 'DE': 30.2795608841, 'FR': 20.1731980155, 'HU': 5.1184662058, 'IT': 16.6132425074, 'LU': 0.4442185669, 'NL': 13.4301887234, 'PT': 2.3795031269, 'RO': 3.8770602063}"
2021-06-01,EU,household,2021,6,43.19,calculated,"{'BE': 7.5212685188, 'DE': 18.7552907185, 'FR': 18.0645817639, 'HU': 6.713138693, 'IT': 25.1696713889, 'LU': 0.3648903053, 'NL': 12.6386486948, 'PT': 4.4511287137, 'RO': 6.3213812031}"
2021-07-01,EU,household,2021,7,41.03,calculated,"{'BE': 7.281598035, 'DE': 19.1160545969, 'FR': 17.4923073716, 'HU': 5.9853045571, 'IT': 26.0575016978, 'LU': 0.402243477, 'NL': 13.2854256301, 'PT': 4.8258138286, 'RO': 5.5537508059}"
2021-08-01,EU,household,2021,8,40.33,calculated,"{'BE': 8.0872809628, 'DE': 23.6001115686, 'FR': 16.0410453966, 'HU': 5.8800242075, 'IT': 22.3998441747, 'LU': 0.4058258199, 'NL': 13.8542334742, 'PT': 4.2482186387, 'RO': 5.483415757}"
2021-09-01,EU,household,2021,9,50.25,calculated,"{'BE': 7.2003261156, 'DE': 24.5367090699, 'FR': 16.1498710508, 'HU': 5.9684423407, 'IT': 23.6452743641, 'LU': 0.3926886123, 'NL': 12.2958223203, 'PT': 3.9846752168, 'RO': 5.8261909096}"
2021-10-01,EU,household,2021,10,107.88,calculated,"{'BE': 6.7333205843, 'DE': 29.2816634518, 'FR': 18.3872782321, 'HU': 7.0775786629, 'IT': 19.3301364641, 'LU': 0.3971738829, 'NL': 10.9581749728, 'PT': 1.8223456004, 'RO': 6.0123281486}"
2021-11-01,EU,household,2021,11,176.95,calculated,"{'BE': 6.4169010499, 'DE': 28.296414946, 'FR': 21.3817812339, 'HU': 5.9414262329, 'IT': 20.8799177353, 'LU': 0.3648355135, 'NL': 10.4433756, 'PT': 1.2588020707, 'RO': 5.0165456178}"
2021-12-01,EU,household,2021,12,230.28,calculated,"{'BE': 5.7472541624, 'DE': 27.354579587, 'FR': 18.8211296114, 'HU': 5.9359069382, 'IT': 25.2362566417, 'LU': 0.3148940125, 'NL': 10.3697637929, 'PT': 0.9330384364, 'RO': 5.2871768175}"
2022-01-01,EU,household,2022,1,240.99,calculated,"{'BE': 5.9003722897, 'DE': 26.4994015291, 'FR': 20.1984044531, 'HU': 5.7248251341, 'IT': 24.8264032308, 'LU': 0.3286941386, 'NL': 10.2342859067, 'PT': 0.8823713614, 'RO': 5.4052419566}"
2022-02-01,EU,household,2022,2,187.69,calculated,"{'BE': 6.0463606735, 'DE': 27.7183870936, 'FR': 18.9893373728, 'HU': 5.7356638639, 'IT': 23.7766161486, 'LU': 0.3374036237, 'NL': 10.9708546497, 'PT': 1.0690680998, 'RO': 5.3563084743}"
2022-03-01,EU,household,2022,3,169.1,calculated,"{'BE': 5.546215189, 'DE': 27.2241439398, 'FR': 18.0142701023, 'HU': 6.4829393532, 'IT': 25.096671488, 'LU': 0.3266790576, 'NL': 9.7000924506, 'PT': 1.3088498966, 'RO': 6.3001385228}"
2022-04-01,EU,household,2022,4,112.79,calculated,"{'BE': 6.3121998968, 'DE': 29.7903634601, 'FR': 19.0442631474, 'HU': 6.366243746, 'IT': 20.3924649355, 'LU': 0.3509182329, 'NL': 11.1448235585, 'PT': 1.7008382272, 'RO': 4.8978847956}"
2022-05-01,EU,household,2022,5,52.86,calculated,"{'BE': 7.2396581118, 'DE': 24.9253854012, 'FR': 17.3865432514, 'HU': 5.6249293519, 'IT': 23.564817669, 'LU': 0.3671090277, 'NL': 11.9002023643, 'PT': 3.5062340279, 'RO': 5.4851207948}"
2022-06-01,EU,household,2022,6,39.48,calculated,"{'BE': 7.7604507085, 'DE': 20.2148901242, 'FR': 17.8499167005, 'HU': 6.217702511, 'IT': 25.3084958076, 'LU': 0.3616062724, 'NL': 12.2164130681, 'PT': 4.4844357782, 'RO': 5.5860890296}"
2022-07-01,EU,household,2022,7,35.14,calculated,"{'BE': 6.9637953757, 'DE': 18.7001163804, 'FR': 17.247637976, 'HU': 6.2815939175, 'IT': 27.3735858334, 'LU': 0.3415456436, 'NL': 12.2887928249, 'PT': 4.7780519544, 'RO': 6.024880094}"
2022-08-01,EU,household,2022,8,31.46,calculated,"{'BE': 7.8008170041, 'DE': 18.2300677966, 'FR': 16.9992396223, 'HU': 6.7941546598, 'IT': 26.3277034046, 'LU': 0.3235248554, 'NL': 12.1271686733, 'PT': 4.6519634433, 'RO': 6.7453605407}"
2022-09-01,EU,household,2022,9,47.65,calculated,"{'BE': 7.272047245, 'DE': 25.4998378975, 'FR': 17.4606721367, 'HU': 6.1827135856, 'IT': 22.2765496173, 'LU': 0.4083873041, 'NL': 12.0058170003, 'PT': 3.5699778471, 'RO': 5.3239973663}"
2022-10-01,EU,household,2022,10,62.16,calculated,"{'BE': 6.9383434863, 'DE': 29.2767254078, 'FR': 17.3318421477, 'HU': 7.1356044375, 'IT': 17.9855259802, 'LU': 0.4306797506, 'NL': 11.8550813534, 'PT': 2.7107464741, 'RO': 6.3354509623}"
2022-11-01,EU,household,2022,11,125.24,calculated,"{'BE': 6.1187381541, 'DE': 28.3610368289, 'FR': 19.4080513408, 'HU': 6.2182085846, 'IT': 21.7046062066, 'LU': 0.3414711655, 'NL': 10.6702666351, 'PT': 1.4872852005, 'RO': 5.6903358839}"
2022-12-01,EU,household,2022,12,199.58,calculated,"{'BE': 6.2191063672, 'DE': 29.0609422014, 'FR': 19.9049318521, 'HU': 5.2674331132, 'IT': 21.8921890789, 'LU': 0.3327661609, 'NL': 10.9687425936, 'PT': 0.9009497191, 'RO': 5.4529389136}"
2023-01-01,EU,household,2023,1,196.69,calculated,"{'BE': 6.1013873635, 'DE': 26.9352314922, 'FR': 20.4298450355, 'HU': 5.0298766704, 'IT': 24.3807800364, 'LU': 0.3310018206, 'NL': 10.4260613902, 'PT': 1.041256768, 'RO': 5.3245594233}"
2023-02-01,EU,household,2023,2,175.23,calculated,"{'BE': 5.8058671543, 'DE': 27.3086942607, 'FR': 19.4812208625, 'HU': 5.4245998994, 'IT': 24.5001034786, 'LU': 0.3212820461, 'NL': 9.999894951, 'PT': 1.0632683072, 'RO': 6.0950690402}"
2023-03-01,EU,household,2023,3,149.97,calculated,"{'BE': 6.6931086178, 'DE': 29.1249229556, 'FR': 19.5950667544, 'HU': 5.0811987266, 'IT': 20.5914231259, 'LU': 0.3534546953, 'NL': 11.6391468739, 'PT': 1.3364178438, 'RO': 5.5852604068}"
2023-04-01,EU,household,2023,4,104.79,calculated,"{'BE': 7.024969332, 'DE': 30.0615475408, 'FR': 18.8599470034, 'HU': 5.5115661827, 'IT': 19.1697341548, 'LU': 0.3733472539, 'NL': 11.5170049207, 'PT': 1.5489877427, 'RO': 5.9328958691}"
2023-05-01,EU,household,2023,5,56.49,calculated,"{'BE': 7.372352746, 'DE': 26.0660881704, 'FR': 17.4657448628, 'HU': 5.2130540134, 'IT': 22.7928855186, 'LU': 0.3732339845, 'NL': 11.7632058482, 'PT': 3.0874109057, 'RO': 5.8660239503}"
2023-06-01,EU,household,2023,6,36.16,calculated,"{'BE': 7.4535165949, 'DE': 18.5816811603, 'FR': 17.5472087196, 'HU': 5.9080973573, 'IT': 27.5980557154, 'LU': 0.3062532563, 'NL': 12.4216965772, 'PT': 4.4588215105, 'RO': 5.7246691085}"
2023-07-01,EU,household,2023,7,34.45,calculated,"{'BE': 7.0451472742, 'DE': 18.8949975776, 'FR': 16.7045322178, 'HU': 6.0588801225, 'IT': 27.3813945505, 'LU': 0.3243261145, 'NL': 13.1382939508, 'PT': 4.730975898, 'RO': 5.7214522942}"
2023-08-01,EU,household,2023,8,33.12,calculated,"{'BE': 8.1716296945, 'DE': 21.0571907411, 'FR': 15.9588877357, 'HU': 6.0867509598, 'IT': 24.6124912305, 'LU': 0.3448399248, 'NL': 14.1844377584, 'PT': 4.2744188019, 'RO': 5.3093531533}"
2023-09-01,EU,household,2023,9,37.72,calculated,"{'BE': 7.4524642587, 'DE': 19.3246802933, 'FR': 17.4750985746, 'HU': 5.2622936254, 'IT': 27.510592161, 'LU': 0.0601097892, 'NL': 13.0652097938, 'PT': 4.4191571138, 'RO': 5.4303943902}"
2023-10-01,EU,household,2023,10,67.37,calculated,"{'BE': 7.4672450562, 'DE': 30.047493555, 'FR': 16.9354853532, 'HU': 5.5648105607, 'IT': 19.3928815359, 'LU': 0.3747024198, 'NL': 12.7079825153, 'PT': 2.4523102744, 'RO': 5.0570887296}"
2023-11-01,EU,household,2023,11,143.53,calculated,"{'BE': 6.578352403, 'DE': 29.4302586564, 'FR': 19.1394002067, 'HU': 5.5516663594, 'IT': 21.456072412, 'LU': 0.3544246998, 'NL': 10.8499955224, 'PT': 1.2404612025, 'RO': 5.3993685378}"
2023-12-01,EU,household,2023,12,186.98,calculated,"{'BE': 5.9042158872, 'DE': 28.616123517, 'FR': 18.3098299996, 'HU': 5.7383337278, 'IT': 23.9552610224, 'LU': 0.3288148214, 'NL': 10.213754857, 'PT': 0.9512116037, 'RO': 5.9824545639}"
2024-01-01,EU,household,2024,1,220.89,calculated,"{'BE': 6.3448723731, 'DE': 28.6441187207, 'FR': 18.8253175776, 'HU': 5.3327908296, 'IT': 22.9536560309, 'LU': 0.3269462062, 'NL': 10.9626472927, 'PT': 0.8985712794, 'RO': 5.7110796898}"
2024-02-01,EU,household,2024,2,151.89,calculated,"{'BE': 6.2646671847, 'DE': 27.1685392516, 'FR': 18.7793672452, 'HU': 4.9130152198, 'IT': 24.8976760743, 'LU': 0.3214958521, 'NL': 10.8699081683, 'PT': 1.1863836668, 'RO': 5.5989473372}"
2024-03-01,EU,household,2024,3,133.67,calculated,"{'BE': 6.4509928246, 'DE': 27.529247, 'FR': 19.2751607648, 'HU': 4.9200443021, 'IT': 23.3858795477, 'LU': 0.3150802168, 'NL': 10.6748687721, 'PT': 1.45051869, 'RO': 5.9982078819}"
2024-04-01,EU,household,2024,4,89.37,calculated,"{'BE': 7.4276103282, 'DE': 29.1382897288, 'FR': 19.6759069755, 'HU': 4.6279004801, 'IT': 20.8327089177, 'LU': 0.3738030272, 'NL': 12.0037951201, 'PT': 1.9385528779, 'RO': 3.9814325446}"
2024-05-01,EU,household,2024,5,50.97,calculated,"{'BE': 7.6018004107, 'DE': 21.8953321855, 'FR': 19.646334737, 'HU': 4.9360077645, 'IT': 25.5378004344, 'LU': 0.4170956268, 'NL': 11.1924389593, 'PT': 3.4523456195, 'RO': 5.3208442623}"
2024-06-01,EU,household,2024,6,40.28,calculated,"{'BE': 8.3093014353, 'DE': 22.044112078, 'FR': 17.3965894457, 'HU': 4.7421072046, 'IT': 25.0589956582, 'LU': 0.3959650272, 'NL': 13.3899969518, 'PT': 3.9598166357, 'RO': 4.7031155634}"
2024-07-01,EU,household,2024,7,34.98,calculated,"{'BE': 7.3950255872, 'DE': 19.1445991188, 'FR': 16.8020769753, 'HU': 5.5907557349, 'IT': 27.5994381, 'LU': 0.3557587332, 'NL': 13.0561547298, 'PT': 4.6242022906, 'RO': 5.4319887302}"
2024-08-01,EU,household,2024,8,30.1,calculated,"{'BE': 8.0077684845, 'DE': 19.570851586, 'FR': 15.8428420467, 'HU': 6.6934694586, 'IT': 25.6532502444, 'LU': 0.3429386966, 'NL': 13.3251784531, 'PT': 4.448053692, 'RO': 6.1156473381}"
2024-09-01,EU,household,2024,9,44.3,calculated,"{'BE': 7.7949508317, 'DE': 23.9034446888, 'FR': 17.3335703324, 'HU': 5.3560604552, 'IT': 24.037569208, 'LU': 0.3882021238, 'NL': 12.3702195293, 'PT': 3.7827134972, 'RO': 5.0332693336}"
2024-10-01,EU,household,2024,10,78.99,calculated,"{'BE': 7.3427261935, 'DE': 30.3775061596, 'FR': 17.0034949592, 'HU': 6.2015438111, 'IT': 18.7656642154, 'LU': 0.3741453079, 'NL': 11.589280936, 'PT': 2.205079392, 'RO': 6.1405590253}"
2024-11-01,EU,household,2024,11,152.49,calculated,"{'BE': 6.4572721252, 'DE': 28.8015421729, 'FR': 17.9598339607, 'HU': 6.2446960051, 'IT': 21.9735496454, 'LU': 0.3368318867, 'NL': 10.5898293051, 'PT': 1.1234288043, 'RO': 6.5130160947}"
2024-12-01,EU,household,2024,12,198.02,calculated,"{'BE': 6.0317497112, 'DE': 28.0536680934, 'FR': 18.517067914, 'HU': 5.4867721101, 'IT': 24.9658355766, 'LU': 0.3345542784, 'NL': 9.9146543533, 'PT': 0.8859310484, 'RO': 5.8097669145}"
2025-01-01,EU,household,2025,1,214.33,calculated,"{'BE': 6.1990950927, 'DE': 28.7543038158, 'FR': 19.3292314132, 'HU': 4.9809950979, 'IT': 23.1031260122, 'LU': 0.3356626937, 'NL': 11.0583281249, 'PT': 0.8464051228, 'RO': 5.3928526268}"
2025-02-01,EU,household,2025,2,186.35,calculated,"{'BE': 6.3807824978, 'DE': 28.9540145003, 'FR': 17.9835614453, 'HU': 5.5395695264, 'IT': 22.5112747538, 'LU': 0.3128011148, 'NL': 10.9392005309, 'PT': 0.9045849191, 'RO': 6.4742107116}"
2025-03-01,EU,household,2025,3,139.23,calculated,"{'BE': 6.3503529279, 'DE': 28.589408613, 'FR': 19.2311145136, 'HU': 5.0279240177, 'IT': 23.2549891223, 'LU': 0.3337315001, 'NL': 10.2478495032, 'PT': 1.2948659895, 'RO': 5.6697638127}"
2025-04-01,EU,household,2025,4,79.26,calculated,"{'BE': 6.5859537908, 'DE': 28.1594394025, 'FR': 17.2037655933, 'HU': 5.4500095813, 'IT': 22.9962196028, 'LU': 0.3774935185, 'NL': 10.5799895764, 'PT': 1.9348685283, 'RO': 6.7122604061}"
2025-05-01,EU,household,2025,5,52.59,calculated,"{'BE': 7.1836313744, 'DE': 26.9406945045, 'FR': 15.5576915383, 'HU': 5.9488431864, 'IT': 23.0231468993, 'LU': 0.385019156, 'NL': 11.3683786095, 'PT': 3.191196749, 'RO': 6.4013979826}"
2025-06-01,EU,household,2025,6,21.74,calculated,"{'BE': 5.3708378641, 'DE': 33.8159049345, 'FR': 25.7952428082, 'HU': 3.2086874205, 'IT': 16.7189159641, 'LU': 0.2717861297, 'NL': 8.7296129321, 'PT': 2.5944898155, 'RO': 3.4945221312}"
2025-07-01,EU,household,2025,7,11.53,calculated,"{'DE': 56.4431694025, 'FR': 43.5568305975}"
2025-08-01,EU,household,2025,8,11.05,calculated,"{'DE': 60.8820207263, 'FR': 39.1179792737}"
2025-09-01,EU,household,2025,9,17.99,calculated,"{'DE': 61.0393631154, 'FR': 38.9606368846}"
2025-10-01,EU,household,2025,10,62.76,calculated,"{'BE': 4.5095571836, 'DE': 43.4666573228, 'FR': 22.5878767774, 'HU': 3.7695743451, 'IT': 13.2119389941, 'LU': 0.2371123604, 'NL': 7.173829641, 'PT': 1.0638228819, 'RO': 3.9796304938}"
2025-11-01,EU,household,2025,11,144.27,calculated,"{'BE': 6.3969337976, 'DE': 29.3833083808, 'FR': 18.2528044546, 'HU': 5.8479511956, 'IT': 22.6819065329, 'LU': 0.3482955422, 'NL': 10.4019131893, 'PT': 1.2149476623, 'RO': 5.4719392446}"
2019-01-01,EU,industry,2019,1,99.78,calculated,"{'BE': 4.6570136307, 'FR': 15.4690116804, 'IT': 13.7884953051, 'NL': 10.3191927554, 'DE': 52.2964212199, 'HU': 0.7949277915, 'LU': 0.2974558275, 'PT': 0.7309178039, 'RO': 1.6465639856}"
2019-02-01,EU,industry,2019,2,86.37,calculated,"{'BE': 4.8491148943, 'FR': 14.8780839773, 'IT': 15.1720580488, 'NL': 10.3449677589, 'DE': 51.1251785572, 'HU': 1.0602774889, 'LU': 0.3152944027, 'PT': 0.7597069146, 'RO': 1.4953179573}"
2019-03-01,EU,industry,2019,3,88.39,calculated,"{'BE': 4.9552778832, 'FR': 14.9911296479, 'IT': 15.8581794965, 'NL': 11.396507465, 'DE': 48.9523841128, 'HU': 1.1145702338, 'LU': 0.3334239565, 'PT': 0.8049705645, 'RO': 1.5935566397}"
2019-04-01,EU,industry,2019,4,79.94,calculated,"{'BE': 4.9672168007, 'FR': 13.8666114801, 'IT': 15.3321457795, 'NL': 11.4566593965, 'DE': 50.1353904808, 'HU': 1.4818750723, 'LU': 0.3460512615, 'PT': 0.8559462284, 'RO': 1.5581035001}"
2019-05-01,EU,industry,2019,5,80.51,calculated,"{'BE': 5.2930905434, 'FR': 13.5762579242, 'IT': 15.9589731142, 'NL': 11.5016885222, 'DE': 49.180982787, 'HU': 1.6808174771, 'LU': 0.356203685, 'PT': 1.0459653239, 'RO': 1.4060206229}"
2019-06-01,EU,industry,2019,6,67.61,calculated,"{'BE': 5.6888573577, 'FR': 14.3508631494, 'IT': 17.5110076978, 'NL': 12.4374300884, 'DE': 46.639717655, 'HU': 1.1167857012, 'LU': 0.4188628505, 'PT': 1.1763857746, 'RO': 0.6600897253}"
2019-07-01,EU,industry,2019,7,70.39,calculated,"{'BE': 5.0250831945, 'FR': 13.9139730208, 'IT': 17.6515642559, 'NL': 12.549501157, 'DE': 47.091304152, 'HU': 0.7295816768, 'LU': 0.4100886996, 'PT': 1.071615915, 'RO': 1.5572879284}"
2019-08-01,EU,industry,2019,8,65.61,calculated,"{'BE': 5.4192749304, 'FR': 13.4856702841, 'IT': 14.2174678163, 'NL': 13.7195969973, 'DE': 47.7950191956, 'HU': 1.4446406101, 'LU': 0.3402687027, 'PT': 1.1048945007, 'RO': 2.4731669628}"
2019-09-01,EU,industry,2019,9,72.88,calculated,"{'BE': 5.2965546567, 'FR': 12.9764516888, 'IT': 16.4677647797, 'NL': 12.7031421824, 'DE': 47.5549717649, 'HU': 1.4465821358, 'LU': 0.3598463879, 'PT': 0.7600887538, 'RO': 2.4345976501}"
2019-10-01,EU,industry,2019,10,78.22,calculated,"{'BE': 5.0412530677, 'FR': 13.7979629199, 'IT': 15.797675989, 'NL': 12.5162478519, 'DE': 47.7935718104, 'HU': 1.2131943455, 'LU': 0.3555199003, 'PT': 1.0340128545, 'RO': 2.4505612608}"
2019-11-01,EU,industry,2019,11,87.41,calculated,"{'BE': 4.9768946863, 'FR': 15.7488123836, 'IT': 14.3210919319, 'NL': 10.7340712261, 'DE': 50.7256122849, 'HU': 1.0466980863, 'LU': 0.305682724, 'PT': 0.7859077778, 'RO': 1.3552288991}"
2019-12-01,EU,industry,2019,12,89.02,calculated,"{'BE': 5.191403094, 'FR': 15.8486204151, 'IT': 13.1613803128, 'NL': 11.4636101756, 'DE': 50.9388916183, 'HU': 1.2276071281, 'LU': 0.2368876586, 'PT': 0.8347259638, 'RO': 1.0968736338}"
2020-01-01,EU,industry,2020,1,93.12,calculated,"{'BE': 5.0503645109, 'FR': 15.2748065026, 'IT': 14.1939195997, 'NL': 10.090522666, 'DE': 51.3130250782, 'HU': 1.0160281189, 'LU': 0.3188654892, 'PT': 0.819485265, 'RO': 1.9229827694}"
2020-02-01,EU,industry,2020,2,84.8,calculated,"{'BE': 5.2719680285, 'FR': 14.9457410802, 'IT': 15.1807375005, 'NL': 11.2000958296, 'DE': 49.7382779339, 'HU': 0.978292031, 'LU': 0.3218665221, 'PT': 0.6500009809, 'RO': 1.7130200933}"
2020-03-01,EU,industry,2020,3,87.55,calculated,"{'BE': 4.9447052141, 'FR': 13.7087036234, 'IT': 13.1216032585, 'NL': 11.5037951484, 'DE': 53.0422187441, 'HU': 1.1915979842, 'LU': 0.2542603582, 'PT': 0.9164851957, 'RO': 1.3166304734}"
2020-04-01,EU,industry,2020,4,70.54,calculated,"{'BE': 5.3830208028, 'FR': 12.523595062, 'IT': 12.2491822358, 'NL': 12.7567709517, 'DE': 52.5479201828, 'HU': 1.2781065557, 'LU': 0.3060270012, 'PT': 0.9181975441, 'RO': 2.0371796638}"
2020-05-01,EU,industry,2020,5,72.55,calculated,"{'BE': 5.6203787192, 'FR': 13.2651865181, 'IT': 15.0027821368, 'NL': 12.1796547036, 'DE': 49.3497994789, 'HU': 1.6381192714, 'LU': 0.3157826716, 'PT': 0.3443952077, 'RO': 2.2839012927}"
2020-06-01,EU,industry,2020,6,67.03,calculated,"{'BE': 5.5876388364, 'FR': 13.8045161385, 'IT': 16.8185528329, 'NL': 12.3156600762, 'DE': 46.5354126724, 'HU': 1.2008880178, 'LU': 0.3373219739, 'PT': 0.8007014304, 'RO': 2.5993080216}"
2020-07-01,EU,industry,2020,7,70.07,calculated,"{'BE': 5.7484248973, 'FR': 13.2299482208, 'IT': 17.2615640974, 'NL': 12.8653722741, 'DE': 45.8129852259, 'HU': 1.1530613477, 'LU': 0.3218271796, 'PT': 0.9356876026, 'RO': 2.6711291547}"
2020-08-01,EU,industry,2020,8,65.68,calculated,"{'BE': 5.5007039817, 'FR': 12.4747160767, 'IT': 14.2029858615, 'NL': 13.9694100845, 'DE': 47.7809683425, 'HU': 1.2973445026, 'LU': 0.3119935298, 'PT': 1.2156501299, 'RO': 3.2462274908}"
2020-09-01,EU,industry,2020,9,73.71,calculated,"{'BE': 4.9385116193, 'FR': 13.3778318781, 'IT': 16.7854438918, 'NL': 12.4640198942, 'DE': 46.8074695557, 'HU': 1.4190989103, 'LU': 0.3134613794, 'PT': 0.9637664659, 'RO': 2.9303964053}"
2020-10-01,EU,industry,2020,10,82.42,calculated,"{'BE': 4.7629118917, 'FR': 14.3596541937, 'IT': 15.6387407442, 'NL': 12.6463694758, 'DE': 47.9722479814, 'HU': 1.2272608567, 'LU': 0.2832624037, 'PT': 0.8473885635, 'RO': 2.2621638893}"
2020-11-01,EU,industry,2020,11,86.19,calculated,"{'BE': 5.038926936, 'FR': 15.0529333093, 'IT': 14.8249332863, 'NL': 10.6301344784, 'DE': 50.446304138, 'HU': 0.757650704, 'LU': 0.2851773036, 'PT': 0.7709890622, 'RO': 2.1929507821}"
2020-12-01,EU,industry,2020,12,93.3,calculated,"{'BE': 4.6123552168, 'FR': 14.4730668612, 'IT': 12.7176094834, 'NL': 11.4997428666, 'DE': 52.7576132623, 'HU': 0.9288842169, 'LU': 0.1895593305, 'PT': 0.7130943099, 'RO': 2.1080744524}"
2021-01-01,EU,industry,2021,1,102.56,calculated,"{'BE': 4.4633909902, 'FR': 13.8214885395, 'IT': 12.3816306612, 'NL': 12.0073206935, 'DE': 54.0195533736, 'HU': 0.8511034289, 'LU': 0.2426376226, 'PT': 0.8007737386, 'RO': 1.4121009519}"
2021-02-01,EU,industry,2021,2,91.47,calculated,"{'BE': 4.7106093627, 'FR': 13.2309218658, 'IT': 13.918002527, 'NL': 12.1966128816, 'DE': 52.3546253394, 'HU': 0.8255259486, 'LU': 0.2593943613, 'PT': 0.8098082753, 'RO': 1.6944994383}"
2021-03-01,EU,industry,2021,3,96.06,calculated,"{'BE': 4.4125192725, 'FR': 13.1075109526, 'IT': 14.426309106, 'NL': 12.5789121128, 'DE': 51.7250915698, 'HU': 0.8751097507, 'LU': 0.2735911938, 'PT': 0.8520044414, 'RO': 1.7489516004}"
2021-04-01,EU,industry,2021,4,85.61,calculated,"{'BE': 4.4866080596, 'FR': 12.3332072471, 'IT': 14.6048282265, 'NL': 13.1070574867, 'DE': 51.7704074294, 'HU': 0.9140508571, 'LU': 0.2794396997, 'PT': 0.8692098501, 'RO': 1.6351911437}"
2021-05-01,EU,industry,2021,5,79.44,calculated,"{'BE': 4.486289025, 'FR': 12.730531633, 'IT': 16.052006146, 'NL': 14.2945896169, 'DE': 48.6409211197, 'HU': 1.0072223097, 'LU': 0.2929936156, 'PT': 0.8912986388, 'RO': 1.6041478954}"
2021-06-01,EU,industry,2021,6,67.84,calculated,"{'BE': 5.0217815052, 'FR': 13.537051587, 'IT': 17.1798377211, 'NL': 13.9424471067, 'DE': 47.2998438811, 'HU': 0.5061371945, 'LU': 0.3504718053, 'PT': 0.9664128793, 'RO': 1.1960163198}"
2021-07-01,EU,industry,2021,7,70.28,calculated,"{'BE': 5.4450219155, 'FR': 12.6705556628, 'IT': 17.4309003755, 'NL': 14.0888178708, 'DE': 46.6322167661, 'HU': 1.2781361463, 'LU': 0.3268652162, 'PT': 0.7592597821, 'RO': 1.3682262647}"
2021-08-01,EU,industry,2021,8,67.65,calculated,"{'BE': 5.9414591904, 'FR': 12.3946720728, 'IT': 14.6707487076, 'NL': 14.4622898653, 'DE': 48.1502623065, 'HU': 1.544265759, 'LU': 0.2883243878, 'PT': 0.9833344622, 'RO': 1.5646432484}"
2021-09-01,EU,industry,2021,9,69.82,calculated,"{'BE': 5.1435468888, 'FR': 13.1567553838, 'IT': 18.1352100858, 'NL': 13.7364188101, 'DE': 46.0040197988, 'HU': 0.9754410386, 'LU': 0.3297704155, 'PT': 0.9055067464, 'RO': 1.6133308323}"
2021-10-01,EU,industry,2021,10,76.97,calculated,"{'BE': 4.5791524761, 'FR': 13.8056954, 'IT': 16.3168423571, 'NL': 12.0894177558, 'DE': 49.7705093337, 'HU': 0.938497508, 'LU': 0.308771622, 'PT': 0.6802914101, 'RO': 1.5108221371}"
2021-11-01,EU,industry,2021,11,86.08,calculated,"{'BE': 4.4056887909, 'FR': 15.0002845304, 'IT': 14.8958948163, 'NL': 10.4460284776, 'DE': 52.5652161027, 'HU': 0.7825722355, 'LU': 0.2811610119, 'PT': 0.4269103686, 'RO': 1.196243666}"
2021-12-01,EU,industry,2021,12,88.98,calculated,"{'BE': 4.2108391285, 'FR': 15.054017819, 'IT': 13.7366544248, 'NL': 11.2682362015, 'DE': 53.1803079316, 'HU': 0.8312086611, 'LU': 0.2058851157, 'PT': 0.4368078691, 'RO': 1.0760428486}"
2022-01-01,EU,industry,2022,1,89.12,calculated,"{'BE': 4.8330496397, 'FR': 15.0932477901, 'IT': 13.6041849167, 'NL': 10.7909717189, 'DE': 53.4898455837, 'HU': 0.8282234973, 'LU': 0.285505616, 'PT': 0.4239166015, 'RO': 0.6510546362}"
2022-02-01,EU,industry,2022,2,77.85,calculated,"{'BE': 4.5830359075, 'FR': 14.4216213428, 'IT': 14.8719232849, 'NL': 10.9068428503, 'DE': 53.2528602251, 'HU': 0.7719290303, 'LU': 0.2638515102, 'PT': 0.3658468757, 'RO': 0.5620889733}"
2022-03-01,EU,industry,2022,3,83.07,calculated,"{'BE': 3.9469563796, 'FR': 12.9921312369, 'IT': 14.947033694, 'NL': 10.7529594609, 'DE': 55.849874464, 'HU': 0.2806943268, 'LU': 0.2578212998, 'PT': 0.3910687683, 'RO': 0.5814603697}"
2022-04-01,EU,industry,2022,4,73.86,calculated,"{'BE': 4.6004857082, 'FR': 12.3348105058, 'IT': 15.3814907522, 'NL': 12.0791699241, 'DE': 53.0453911082, 'HU': 1.0969458297, 'LU': 0.2457805303, 'PT': 0.4997906327, 'RO': 0.7161350088}"
2022-05-01,EU,industry,2022,5,66.95,calculated,"{'BE': 5.2441496501, 'FR': 13.1322384554, 'IT': 17.4711963195, 'NL': 12.5050792006, 'DE': 48.7764433742, 'HU': 0.7584053926, 'LU': 0.2817725764, 'PT': 0.5033464906, 'RO': 1.3273685406}"
2022-06-01,EU,industry,2022,6,59.94,calculated,"{'BE': 5.3107584265, 'FR': 13.6321223751, 'IT': 17.4731511825, 'NL': 13.2301227211, 'DE': 47.2055366844, 'HU': 0.8484209868, 'LU': 0.260379755, 'PT': 0.7950841076, 'RO': 1.2444237611}"
2022-07-01,EU,industry,2022,7,57.24,calculated,"{'BE': 4.8384278345, 'FR': 14.0620681038, 'IT': 18.0989918052, 'NL': 12.7169384251, 'DE': 47.1059162115, 'HU': 1.3169854852, 'LU': 0.263211503, 'PT': 0.9904521994, 'RO': 0.6070084323}"
2022-08-01,EU,industry,2022,8,49.89,calculated,"{'BE': 5.5053246524, 'FR': 14.8053181031, 'IT': 14.6459147867, 'NL': 12.7980654912, 'DE': 49.7832458979, 'HU': 0.4922058896, 'LU': 0.2616996718, 'PT': 1.2503469362, 'RO': 0.4578785711}"
2022-09-01,EU,industry,2022,9,58.61,calculated,"{'BE': 4.8402443436, 'FR': 14.6275187199, 'IT': 16.493100259, 'NL': 10.0970369924, 'DE': 51.6127448784, 'HU': 0.5715904379, 'LU': 0.2689375653, 'PT': 0.7097450642, 'RO': 0.7790817394}"
2022-10-01,EU,industry,2022,10,60.64,calculated,"{'BE': 5.6041385645, 'FR': 15.3050326872, 'IT': 16.1719098392, 'NL': 10.7665529749, 'DE': 50.4857933689, 'HU': 0.1100688427, 'LU': 0.2688495981, 'PT': 0.5756749479, 'RO': 0.7119791765}"
2022-11-01,EU,industry,2022,11,69.16,calculated,"{'BE': 4.6655594954, 'FR': 15.2612435964, 'IT': 14.9196466109, 'NL': 9.7174108692, 'DE': 53.4042537129, 'HU': 0.6674086287, 'LU': 0.2268764269, 'PT': 0.5755582091, 'RO': 0.5620424503}"
2022-12-01,EU,industry,2022,12,71.44,calculated,"{'BE': 3.8090323462, 'FR': 16.2594345176, 'IT': 12.4063543651, 'NL': 9.9622992302, 'DE': 56.2543014101, 'HU': 0.4985290045, 'LU': 0.1449905394, 'PT': 0.4827829224, 'RO': 0.1822756645}"
2023-01-01,EU,industry,2023,1,73.71,calculated,"{'BE': 4.6520847813, 'FR': 14.8413656733, 'IT': 13.6215263512, 'NL': 9.3932410964, 'DE': 55.6127189364, 'HU': 0.8623070211, 'LU': 0.2077940324, 'PT': 0.7627693692, 'RO': 0.0461927387}"
2023-02-01,EU,industry,2023,2,69.85,calculated,"{'BE': 4.6370063362, 'FR': 14.9096945579, 'IT': 15.0096714241, 'NL': 8.7802310887, 'DE': 55.0021451821, 'HU': 0.9010726333, 'LU': 0.2379315378, 'PT': 0.3306659793, 'RO': 0.1915812607}"
2023-03-01,EU,industry,2023,3,74.1,calculated,"{'BE': 4.8550438078, 'FR': 14.1537774297, 'IT': 15.1307836978, 'NL': 9.6951731784, 'DE': 53.9818223794, 'HU': 0.9531691764, 'LU': 0.2388363205, 'PT': 0.7766624244, 'RO': 0.2147315857}"
2023-04-01,EU,industry,2023,4,65.21,calculated,"{'BE': 4.8200518166, 'FR': 12.555995533, 'IT': 15.283141978, 'NL': 10.1724628885, 'DE': 54.1997111089, 'HU': 1.4636620841, 'LU': 0.2588886817, 'PT': 0.9292174161, 'RO': 0.3168684931}"
2023-05-01,EU,industry,2023,5,60.6,calculated,"{'BE': 4.8258995594, 'FR': 12.8916994281, 'IT': 17.4090482599, 'NL': 10.8768499478, 'DE': 50.4919412659, 'HU': 1.6949432405, 'LU': 0.2766406072, 'PT': 0.9187406507, 'RO': 0.6142370405}"
2023-06-01,EU,industry,2023,6,56.08,calculated,"{'BE': 5.0648423528, 'FR': 12.9786633113, 'IT': 17.6113328153, 'NL': 12.179598244, 'DE': 48.1293672213, 'HU': 1.7734238065, 'LU': 0.2863322417, 'PT': 0.9190522938, 'RO': 1.0573877132}"
2023-07-01,EU,industry,2023,7,56.1,calculated,"{'BE': 5.5286028824, 'FR': 12.9937158645, 'IT': 18.178003166, 'NL': 12.1515579359, 'DE': 47.5259804494, 'HU': 1.5134154366, 'LU': 0.2995773577, 'PT': 0.9680939619, 'RO': 0.8410529456}"
2023-08-01,EU,industry,2023,8,53.35,calculated,"{'BE': 5.8130037085, 'FR': 12.8469847812, 'IT': 13.8445139752, 'NL': 13.3210246886, 'DE': 50.6880187234, 'HU': 1.3164077826, 'LU': 0.2510552821, 'PT': 1.0829202298, 'RO': 0.8360708285}"
2023-09-01,EU,industry,2023,9,58.5,calculated,"{'BE': 5.5067879278, 'FR': 13.1503337191, 'IT': 17.9239368941, 'NL': 12.3461171178, 'DE': 47.6800385379, 'HU': 1.709958735, 'LU': 0.0507876794, 'PT': 0.9303422246, 'RO': 0.7016971642}"
2023-10-01,EU,industry,2023,10,66.87,calculated,"{'BE': 5.2434379939, 'FR': 14.1332378989, 'IT': 16.1022560512, 'NL': 11.4505369454, 'DE': 49.2448923541, 'HU': 1.772513264, 'LU': 0.2371609074, 'PT': 0.6308465988, 'RO': 1.1851179863}"
2023-11-01,EU,industry,2023,11,74.1,calculated,"{'BE': 5.1232486061, 'FR': 14.5706401219, 'IT': 14.6718938511, 'NL': 9.7052883089, 'DE': 52.8728976826, 'HU': 0.6702348096, 'LU': 0.2731143324, 'PT': 0.7846901229, 'RO': 1.3279921643}"
2023-12-01,EU,industry,2023,12,73.72,calculated,"{'BE': 5.2241762552, 'FR': 15.422787684, 'IT': 12.3217726759, 'NL': 10.6777659386, 'DE': 54.1472050699, 'HU': 0.5779770452, 'LU': 0.2175288515, 'PT': 1.012729741, 'RO': 0.3980567387}"
2024-01-01,EU,industry,2024,1,81.16,calculated,"{'BE': 4.8408206164, 'FR': 14.4479491412, 'IT': 12.578665897, 'NL': 10.2674554179, 'DE': 55.6161018451, 'HU': 0.5495300912, 'LU': 0.2377415295, 'PT': 0.8159787609, 'RO': 0.6457567008}"
2024-02-01,EU,industry,2024,2,71.12,calculated,"{'BE': 5.1184056103, 'FR': 14.2561184938, 'IT': 14.7526866059, 'NL': 10.748498217, 'DE': 51.7065730276, 'HU': 1.0510713365, 'LU': 0.3060746316, 'PT': 1.0820152637, 'RO': 0.9785568136}"
2024-03-01,EU,industry,2024,3,72.93,calculated,"{'BE': 5.1504938052, 'FR': 13.7806909366, 'IT': 15.6118721858, 'NL': 10.7459522091, 'DE': 51.0669656249, 'HU': 1.2045590086, 'LU': 0.2907079843, 'PT': 1.0474048289, 'RO': 1.1013534165}"
2024-04-01,EU,industry,2024,4,68.65,calculated,"{'BE': 5.4132249749, 'FR': 12.0611065408, 'IT': 15.2806521861, 'NL': 12.0493393979, 'DE': 50.8548809604, 'HU': 1.5604517706, 'LU': 0.2940102895, 'PT': 0.9468232374, 'RO': 1.5395106425}"
2024-05-01,EU,industry,2024,5,64.99,calculated,"{'BE': 5.2580327339, 'FR': 12.6897906698, 'IT': 16.3737861644, 'NL': 12.8077246285, 'DE': 48.3339002981, 'HU': 1.7680144947, 'LU': 0.3132997935, 'PT': 0.961811073, 'RO': 1.4936401441}"
2024-06-01,EU,industry,2024,6,60.75,calculated,"{'BE': 5.2067558603, 'FR': 12.6618393557, 'IT': 16.2655079861, 'NL': 12.2902665241, 'DE': 49.5294878502, 'HU': 1.9234170763, 'LU': 0.3330360218, 'PT': 0.993663654, 'RO': 0.7960256714}"
2024-07-01,EU,industry,2024,7,60.09,calculated,"{'BE': 5.4921711223, 'FR': 12.8347235429, 'IT': 17.3659989661, 'NL': 11.8632685077, 'DE': 48.1881864902, 'HU': 1.5844915068, 'LU': 0.3209912547, 'PT': 1.0421425083, 'RO': 1.3080261011}"
2024-08-01,EU,industry,2024,8,54.01,calculated,"{'BE': 6.0026615405, 'FR': 12.5175382004, 'IT': 13.990714642, 'NL': 13.6249670337, 'DE': 50.3930635548, 'HU': 1.338587852, 'LU': 0.216229013, 'PT': 1.196666501, 'RO': 0.7195716624}"
2024-09-01,EU,industry,2024,9,61.35,calculated,"{'BE': 5.6662388944, 'FR': 13.3002061999, 'IT': 17.1879658992, 'NL': 11.8614763, 'DE': 48.1037443785, 'HU': 2.0161952469, 'LU': 0.3117505154, 'PT': 0.9592152767, 'RO': 0.5932072891}"
2024-10-01,EU,industry,2024,10,67.5,calculated,"{'BE': 5.2361279907, 'FR': 13.7270381983, 'IT': 16.5947094308, 'NL': 11.2990536136, 'DE': 49.5084660666, 'HU': 1.7680860518, 'LU': 0.3088480962, 'PT': 1.001762781, 'RO': 0.555907771}"
2024-11-01,EU,industry,2024,11,74.26,calculated,"{'BE': 5.1027287016, 'FR': 14.0727978106, 'IT': 14.5283399526, 'NL': 10.1863339031, 'DE': 53.9691170587, 'HU': 0.6011374323, 'LU': 0.2909210869, 'PT': 0.8458501086, 'RO': 0.4027739455}"
2024-12-01,EU,industry,2024,12,76.25,calculated,"{'BE': 5.1561189891, 'FR': 14.3176336146, 'IT': 12.0956198315, 'NL': 10.4063675244, 'DE': 55.5125261762, 'HU': 0.9400234269, 'LU': 0.2286950075, 'PT': 0.9167030416, 'RO': 0.4263123883}"
2025-01-01,EU,industry,2025,1,82.23,calculated,"{'BE': 4.4025392988, 'FR': 13.5939168097, 'IT': 12.7177654222, 'NL': 9.6144985212, 'DE': 57.4422176249, 'HU': 0.7518890762, 'LU': 0.2694238679, 'PT': 0.5933841689, 'RO': 0.6143652103}"
2025-02-01,EU,industry,2025,2,74.29,calculated,"{'BE': 4.3467269258, 'FR': 12.8655787409, 'IT': 14.0273054691, 'NL': 9.3314284825, 'DE': 56.9122260698, 'HU': 0.75486097, 'LU': 0.2842470197, 'PT': 0.6902716279, 'RO': 0.7873546943}"
2025-03-01,EU,industry,2025,3,73.36,calculated,"{'BE': 4.5663453204, 'FR': 13.0487502979, 'IT': 15.4730119154, 'NL': 9.8614546188, 'DE': 54.6293582025, 'HU': 0.997707375, 'LU': 0.2974038373, 'PT': 0.7989829928, 'RO': 0.32698544}"
2025-04-01,EU,industry,2025,4,63.54,calculated,"{'BE': 5.5000002963, 'FR': 12.2469334505, 'IT': 16.3325160796, 'NL': 10.2530924749, 'DE': 52.2439311597, 'HU': 1.7832179821, 'LU': 0.3385756282, 'PT': 0.7498041425, 'RO': 0.5519287862}"
2025-05-01,EU,industry,2025,5,62.28,calculated,"{'BE': 5.8181255897, 'FR': 11.9752964548, 'IT': 17.1512699473, 'NL': 10.9435537428, 'DE': 49.610462646, 'HU': 2.1224449125, 'LU': 0.333411916, 'PT': 1.1928160477, 'RO': 0.8526187432}"
2025-06-01,EU,industry,2025,6,37.53,calculated,"{'BE': 3.3163936737, 'FR': 17.38986162, 'IT': 9.6683537343, 'NL': 6.5511420992, 'DE': 66.2699874562, 'HU': -0.210054774, 'LU': 0.1838227568, 'PT': -1.784808363, 'RO': -1.3846982031}"
2025-07-01,EU,industry,2025,7,31.81,calculated,"{'FR': 20.4087836609, 'DE': 79.5912163391}"
2025-08-01,EU,industry,2025,8,30.02,calculated,"{'FR': 19.9053406645, 'DE': 80.0946593355}"
2025-09-01,EU,industry,2025,9,33.79,calculated,"{'FR': 22.6253406361, 'DE': 77.3746593639}"
2025-10-01,EU,industry,2025,10,46.6,calculated,"{'BE': 2.902145189, 'FR': 18.4180092488, 'IT': 9.2920209807, 'NL': 5.5849839341, 'DE': 68.8992828188, 'HU': -1.5388797868, 'LU': 0.1713352261, 'PT': -1.5749386723, 'RO': -2.1539589382}"
2025-11-01,EU,industry,2025,11,71.76,calculated,"{'BE': 4.8266762117, 'FR': 13.3492427062, 'IT': 15.5804499525, 'NL': 9.5052417097, 'DE': 54.3691948899, 'HU': 0.601000734, 'LU': 0.2932599522, 'PT': 0.946594587, 'RO': 0.5283392568}"
2019-01-01,EU,industry-household,2019,1,3569.61,calculated,"{'AT': 0.2979664491, 'BG': 0.1021146784, 'CZ': 36.1383664587, 'DK': 0.093510434, 'EE': 0.0219980787, 'FI': 10.7574672249, 'GR': 18.900428802, 'HR': 0.114090398, 'LT': 8.0120719435, 'LV': 0.0, 'PL': 0.607830099, 'SE': 3.6418508834, 'SI': 0.033014493, 'SK': 21.2792900572}"
2019-02-01,EU,industry-household,2019,2,2707.69,calculated,"{'AT': 0.2872228065, 'BG': 0.106980401, 'CZ': 37.0795513473, 'DK': 0.0924562882, 'EE': 0.0208734032, 'FI': 10.2670470862, 'GR': 18.1762444284, 'HR': 0.1104117164, 'LT': 7.977273995, 'LV': 0.0, 'PL': 0.6382205999, 'SE': 3.8409097013, 'SI': 0.0345021561, 'SK': 21.3683060704}"
2019-03-01,EU,industry-household,2019,3,2374.74,calculated,"{'AT': 0.2224001953, 'BG': 0.1051603228, 'CZ': 35.7513205917, 'DK': 0.1035117667, 'EE': 0.0235880292, 'FI': 11.3275680084, 'GR': 16.0038066328, 'HR': 0.1013443264, 'LT': 9.0957423413, 'LV': 0.0, 'PL': 0.7195261853, 'SE': 5.3058496991, 'SI': 0.0356039557, 'SK': 21.2045779454}"
2019-04-01,EU,industry-household,2019,4,1858.39,calculated,"{'AT': 0.2985073633, 'BG': 0.1190988872, 'CZ': 32.8779474631, 'DK': 0.0946837541, 'EE': 0.0189804625, 'FI': 11.46154306, 'GR': 19.3141118169, 'HR': 0.1075928534, 'LT': 10.8158223242, 'LV': 0.0, 'PL': 0.7110491967, 'SE': 5.4348161928, 'SI': 0.0379348099, 'SK': 18.707911816}"
2019-05-01,EU,industry-household,2019,5,1655.09,calculated,"{'AT': 0.3384976137, 'BG': 0.1110633325, 'CZ': 34.1975573556, 'DK': 0.0995928892, 'EE': 0.01644346, 'FI': 9.3650554596, 'GR': 19.6928743889, 'HR': 0.1210257792, 'LT': 7.9754020688, 'LV': 0.0, 'PL': 0.698175418, 'SE': 7.4920443677, 'SI': 0.0411221797, 'SK': 19.8511456871}"
2019-06-01,EU,industry-household,2019,6,1373.97,calculated,"{'AT': 0.2676755387, 'BG': 0.1150231779, 'CZ': 28.6032336782, 'DK': 0.0808557549, 'EE': 0.0124710497, 'FI': 11.2811735881, 'GR': 28.6064851309, 'HR': 0.1037052288, 'LT': 11.7906459437, 'LV': 0.0, 'PL': 0.6456253748, 'SE': 4.5124694353, 'SI': 0.0361555383, 'SK': 13.9444805608}"
2019-07-01,EU,industry-household,2019,7,1450.21,calculated,"{'AT': 0.2327944864, 'BG': 0.1148461743, 'CZ': 27.5132783353, 'DK': 0.0703922308, 'EE': 0.0130214213, 'FI': 10.5502044745, 'GR': 32.9723950325, 'HR': 0.1132431819, 'LT': 7.7919810825, 'LV': 0.0, 'PL': 0.6293517906, 'SE': 4.2752462576, 'SI': 0.0334026462, 'SK': 15.6898428862}"
2019-08-01,EU,industry-household,2019,8,1401.99,calculated,"{'AT': 0.2584042262, 'BG': 0.0971911777, 'CZ': 28.1742244582, 'DK': 0.0846150043, 'EE': 0.0143932149, 'FI': 10.6990725791, 'GR': 31.3447784965, 'HR': 0.1271187096, 'LT': 7.1327150527, 'LV': 0.0, 'PL': 0.6636498676, 'SE': 5.3495362895, 'SI': 0.0379201011, 'SK': 16.0163808227}"
2019-09-01,EU,industry-household,2019,9,1570.56,calculated,"{'AT': 0.2905315731, 'BG': 0.0911981145, 'CZ': 30.8807375223, 'DK': 0.0872917749, 'EE': 0.0152644467, 'FI': 10.8241760387, 'GR': 27.3600610577, 'HR': 0.1152416052, 'LT': 9.1050421973, 'LV': 0.0, 'PL': 0.6592629274, 'SE': 4.202327168, 'SI': 0.0363104484, 'SK': 16.332555126}"
2019-10-01,EU,industry-household,2019,10,2007.33,calculated,"{'AT': 0.2956590468, 'BG': 0.082112165, 'CZ': 35.9183195388, 'DK': 0.1076112945, 'EE': 0.0182721064, 'FI': 10.3620117393, 'GR': 20.2698413597, 'HR': 0.1337918152, 'LT': 9.7143860056, 'LV': 0.0, 'PL': 0.6724766098, 'SE': 3.2879460327, 'SI': 0.0349430798, 'SK': 19.1026292063}"
2019-11-01,EU,industry-household,2019,11,2323.82,calculated,"{'AT': 0.3185318339, 'BG': 0.1004028981, 'CZ': 39.1596726538, 'DK': 0.1107810114, 'EE': 0.0202809163, 'FI': 8.9507823208, 'GR': 16.3780944131, 'HR': 0.1291732827, 'LT': 9.4671736086, 'LV': 0.0, 'PL': 0.6926303941, 'SE': 4.2171955166, 'SI': 0.0360602785, 'SK': 20.4192208722}"
2019-12-01,EU,industry-household,2019,12,2744.52,calculated,"{'AT': 0.3201808465, 'BG': 0.1075145503, 'CZ': 38.4766410127, 'DK': 0.0934088505, 'EE': 0.0205782505, 'FI': 8.2345841561, 'GR': 16.0245627094, 'HR': 0.1258999275, 'LT': 8.5989462869, 'LV': 0.0, 'PL': 0.6892291501, 'SE': 4.2994731435, 'SI': 0.0356270663, 'SK': 22.9733540497}"
2020-01-01,EU,industry-household,2020,1,3229.09,calculated,"{'AT': 0.3022988768, 'BG': 0.1011142439, 'CZ': 37.7126739682, 'DK': 0.0781347159, 'EE': 0.0167342561, 'FI': 7.8969499054, 'GR': 18.8230402846, 'HR': 0.1245889585, 'LT': 7.9898551984, 'LV': 0.0331252228, 'PL': 0.6231001688, 'SE': 3.5923379962, 'SI': 0.0355840296, 'SK': 22.6704621749}"
2020-02-01,EU,industry-household,2020,2,2649.65,calculated,"{'AT': 0.2952989857, 'BG': 0.1072312192, 'CZ': 37.0921991252, 'DK': 0.0986459567, 'EE': 0.0187982568, 'FI': 8.6992661863, 'GR': 18.2188488689, 'HR': 0.1177556039, 'LT': 8.7445552077, 'LV': 0.039068617, 'PL': 0.6864854012, 'SE': 4.3364237953, 'SI': 0.0343771377, 'SK': 21.5110456385}"
2020-03-01,EU,industry-household,2020,3,2440.23,calculated,"{'AT': 0.3031000451, 'BG': 0.1108636516, 'CZ': 37.6782579918, 'DK': 0.1009719888, 'EE': 0.0206153236, 'FI': 9.773659893, 'GR': 18.6236781094, 'HR': 0.123766552, 'LT': 7.0771952349, 'LV': 0.0416189763, 'PL': 0.7372142625, 'SE': 3.8520923687, 'SI': 0.0367363383, 'SK': 21.520229264}"
2020-04-01,EU,industry-household,2020,4,1803.9,calculated,"{'AT': 0.2753360423, 'BG': 0.1167467842, 'CZ': 32.277624353, 'DK': 0.102370157, 'EE': 0.0218867326, 'FI': 10.1446702343, 'GR': 20.7010539828, 'HR': 0.1081724378, 'LT': 12.0239288187, 'LV': 0.0413218141, 'PL': 0.7115172501, 'SE': 4.1282709964, 'SI': 0.0356549831, 'SK': 19.3114454137}"
2020-05-01,EU,industry-household,2020,5,1665.84,calculated,"{'AT': 0.2752778735, 'BG': 0.1028754546, 'CZ': 29.902720852, 'DK': 0.0890845488, 'EE': 0.0165804624, 'FI': 9.8448728845, 'GR': 22.1818154208, 'HR': 0.1141515246, 'LT': 14.1430003147, 'LV': 0.0275127709, 'PL': 0.7009725796, 'SE': 4.6523027351, 'SI': 0.0323475583, 'SK': 17.9164850201}"
2020-06-01,EU,industry-household,2020,6,1537.27,calculated,"{'AT': 0.2371990633, 'BG': 0.1109350293, 'CZ': 26.9085088094, 'DK': 0.0846930624, 'EE': 0.0118140298, 'FI': 10.7983746455, 'GR': 28.6505374744, 'HR': 0.117051867, 'LT': 11.2797479731, 'LV': 0.0176614607, 'PL': 0.634853356, 'SE': 5.4460236465, 'SI': 0.0294960661, 'SK': 15.6731035162}"
2020-07-01,EU,industry-household,2020,7,1608.16,calculated,"{'AT': 0.2062519971, 'BG': 0.0972109744, 'CZ': 26.4460772207, 'DK': 0.0657727536, 'EE': 0.011537723, 'FI': 9.6383271162, 'GR': 33.9252484336, 'HR': 0.1207784101, 'LT': 11.2426422104, 'LV': 0.0189472457, 'PL': 0.6212178371, 'SE': 3.326777424, 'SI': 0.031199518, 'SK': 14.248011136}"
2020-08-01,EU,industry-household,2020,8,1553.84,calculated,"{'AT': 0.2156886618, 'BG': 0.0878820142, 'CZ': 25.9874831442, 'DK': 0.0668076997, 'EE': 0.013198737, 'FI': 10.8763051572, 'GR': 32.6227973247, 'HR': 0.1186821024, 'LT': 9.7500605403, 'LV': 0.021182744, 'PL': 0.6136019867, 'SE': 5.5025094138, 'SI': 0.0308451597, 'SK': 14.0929553143}"
2020-09-01,EU,industry-household,2020,9,1596.73,calculated,"{'AT': 0.2556248481, 'BG': 0.0944312925, 'CZ': 26.6025770315, 'DK': 0.084186339, 'EE': 0.014681082, 'FI': 12.7134630752, 'GR': 29.271297893, 'HR': 0.1280501574, 'LT': 8.7992195176, 'LV': 0.023161313, 'PL': 0.6563719442, 'SE': 5.0352829126, 'SI': 0.032963255, 'SK': 16.2886893389}"
2020-10-01,EU,industry-household,2020,10,2200.55,calculated,"{'AT': 0.2886004477, 'BG': 0.1009742039, 'CZ': 34.0225124246, 'DK': 0.0837509071, 'EE': 0.0141384482, 'FI': 9.2022251924, 'GR': 19.8243071984, 'HR': 0.1234651135, 'LT': 8.7841487886, 'LV': 0.0274018172, 'PL': 0.6498417105, 'SE': 7.361780154, 'SI': 0.0330178123, 'SK': 19.4838357817}"
2020-11-01,EU,industry-household,2020,11,2713.65,calculated,"{'AT': 0.3003403202, 'BG': 0.1058904257, 'CZ': 37.8265531963, 'DK': 0.0849037092, 'EE': 0.0158346206, 'FI': 7.7202311731, 'GR': 18.7027641352, 'HR': 0.1270096649, 'LT': 8.2287714605, 'LV': 0.0302379156, 'PL': 0.6371673654, 'SE': 5.2328058549, 'SI': 0.0360403673, 'SK': 20.9514497913}"
2020-12-01,EU,industry-household,2020,12,3156.33,calculated,"{'AT': 0.2877419125, 'BG': 0.0980531935, 'CZ': 37.3191106226, 'DK': 0.0869251991, 'EE': 0.019436643, 'FI': 8.0631570643, 'GR': 19.042752146, 'HR': 0.1154744097, 'LT': 8.145531164, 'LV': 0.03677615, 'PL': 0.652662783, 'SE': 5.6077752471, 'SI': 0.031732276, 'SK': 20.492871189}"
2021-01-01,EU,industry-household,2021,1,3543.11,calculated,"{'AT': 0.2854484849, 'BG': 0.0985753899, 'CZ': 36.09963602, 'DK': 0.0896719148, 'EE': 0.0196209298, 'FI': 10.1295095876, 'GR': 17.6386947175, 'HR': 0.0913061236, 'LT': 9.062651236, 'LV': 0.0376409305, 'PL': 0.6406109252, 'SE': 5.1931729288, 'SI': 0.0309990288, 'SK': 20.5824617829}"
2021-02-01,EU,industry-household,2021,2,3109.01,calculated,"{'AT': 0.2701235706, 'BG': 0.101676176, 'CZ': 37.7272142351, 'DK': 0.1000891661, 'EE': 0.0240718098, 'FI': 11.5760308925, 'GR': 14.3710441563, 'HR': 0.0969812268, 'LT': 8.7809292405, 'LV': 0.0422422799, 'PL': 0.6852430403, 'SE': 4.9855092758, 'SI': 0.0303521129, 'SK': 21.2084928176}"
2021-03-01,EU,industry-household,2021,3,2913.88,calculated,"{'AT': 0.2801895943, 'BG': 0.1168511074, 'CZ': 37.4943722866, 'DK': 0.084946985, 'EE': 0.0197120038, 'FI': 9.1939271254, 'GR': 18.4375469638, 'HR': 0.1135291437, 'LT': 7.7868684762, 'LV': 0.0366165404, 'PL': 0.689270639, 'SE': 3.9809464224, 'SI': 0.0327584787, 'SK': 21.7324642334}"
2021-04-01,EU,industry-household,2021,4,2505.86,calculated,"{'AT': 0.270566541, 'BG': 0.1033561033, 'CZ': 35.1741912389, 'DK': 0.076888738, 'EE': 0.0154617566, 'FI': 9.0946819474, 'GR': 21.8534716587, 'HR': 0.1104386131, 'LT': 8.631767026, 'LV': 0.0305790468, 'PL': 0.6637170918, 'SE': 3.9906458743, 'SI': 0.0336998282, 'SK': 19.950534536}"
2021-05-01,EU,industry-household,2021,5,1717.68,calculated,"{'AT': 0.3001242582, 'BG': 0.1280569071, 'CZ': 34.3834784396, 'DK': 0.0859513872, 'EE': 0.0160898307, 'FI': 5.9324117599, 'GR': 23.3351985949, 'HR': 0.107682978, 'LT': 11.8764671151, 'LV': 0.0261781153, 'PL': 0.7120707603, 'SE': 3.7026632771, 'SI': 0.0386332106, 'SK': 19.354993366}"
2021-06-01,EU,industry-household,2021,6,1592.8,calculated,"{'AT': 0.2398506101, 'BG': 0.1311045019, 'CZ': 26.0839164559, 'DK': 0.0658314271, 'EE': 0.0105954791, 'FI': 7.5273216536, 'GR': 33.431152205, 'HR': 0.0818299088, 'LT': 9.5617923003, 'LV': 0.0159211122, 'PL': 0.5997261162, 'SE': 6.5105571999, 'SI': 0.0339934381, 'SK': 15.7064075918}"
2021-07-01,EU,industry-household,2021,7,1622.4,calculated,"{'AT': 0.2336590539, 'BG': 0.1448160265, 'CZ': 24.2554391013, 'DK': 0.050411833, 'EE': 0.0100169689, 'FI': 9.4240073221, 'GR': 37.6272227864, 'HR': 0.1122817019, 'LT': 8.666178943, 'LV': 0.0151919212, 'PL': 0.6050193066, 'SE': 3.9447756213, 'SI': 0.0294950641, 'SK': 14.8814843498}"
2021-08-01,EU,industry-household,2021,8,1538.82,calculated,"{'AT': 0.2517509208, 'BG': 0.1062423299, 'CZ': 24.2788678987, 'DK': 0.0721938815, 'EE': 0.0134183904, 'FI': 9.2860380785, 'GR': 37.5883089838, 'HR': 0.1178169033, 'LT': 7.0833699609, 'LV': 0.0185082462, 'PL': 0.669412502, 'SE': 5.2452679485, 'SI': 0.0302268169, 'SK': 15.2385771384}"
2021-09-01,EU,industry-household,2021,9,1620.61,calculated,"{'AT': 0.2641767257, 'BG': 0.0963202709, 'CZ': 27.0546401263, 'DK': 0.0746149311, 'EE': 0.0164745869, 'FI': 10.7919290339, 'GR': 31.8759384177, 'HR': 0.1079426065, 'LT': 7.2380186722, 'LV': 0.0248163679, 'PL': 0.6663265029, 'SE': 4.5195965699, 'SI': 0.0314368807, 'SK': 17.2377683073}"
2021-10-01,EU,industry-household,2021,10,2059.16,calculated,"{'AT': 0.2991105942, 'BG': 0.0941023108, 'CZ': 34.2154711839, 'DK': 0.07376297, 'EE': 0.0155693916, 'FI': 7.133716895, 'GR': 23.7659285684, 'HR': 0.1207586923, 'LT': 7.8915483539, 'LV': 0.0298593829, 'PL': 0.6915660448, 'SE': 4.3788623506, 'SI': 0.0368621143, 'SK': 21.2528811472}"
2021-11-01,EU,industry-household,2021,11,2475.52,calculated,"{'AT': 0.3261095152, 'BG': 0.0944275935, 'CZ': 39.9082768885, 'DK': 0.0797600136, 'EE': 0.0181712312, 'FI': 4.4796665835, 'GR': 20.5525085499, 'HR': 0.1313181405, 'LT': 6.4471327538, 'LV': 0.0338627048, 'PL': 0.6943859574, 'SE': 4.1535935536, 'SI': 0.036537002, 'SK': 23.0442495125}"
2021-12-01,EU,industry-household,2021,12,3075.49,calculated,"{'AT': 0.2867605382, 'BG': 0.0972967754, 'CZ': 36.7068594681, 'DK': 0.0863607931, 'EE': 0.0248547856, 'FI': 8.2879460864, 'GR': 19.4531973086, 'HR': 0.0965553106, 'LT': 7.6052907653, 'LV': 0.0427174294, 'PL': 0.7169083111, 'SE': 3.7371914735, 'SI': 0.034464031, 'SK': 22.8235969237}"
2022-01-01,EU,industry-household,2022,1,2919.86,calculated,"{'AT': 0.3320507661, 'BG': 0.1089995542, 'CZ': 38.4754384616, 'DK': 0.0813517253, 'EE': 0.0221767728, 'FI': 6.1268345072, 'GR': 19.5398956197, 'HR': 0.1172206837, 'LT': 6.7742970207, 'LV': 0.039889045, 'PL': 0.7193866547, 'SE': 3.4992347, 'SI': 0.0384021963, 'SK': 24.1248222925}"
2022-02-01,EU,industry-household,2022,2,2594.56,calculated,"{'AT': 0.2933491526, 'BG': 0.0994460172, 'CZ': 43.2994817561, 'DK': 0.0798495774, 'EE': 0.0198534148, 'FI': 5.7772906145, 'GR': 18.9987550261, 'HR': 0.1188345667, 'LT': 6.0588417533, 'LV': 0.0387790803, 'PL': 0.6671022345, 'SE': 3.1504525462, 'SI': 0.033883865, 'SK': 21.3640803954}"
2022-03-01,EU,industry-household,2022,3,2532.44,calculated,"{'AT': 0.2901728818, 'BG': 0.1147391575, 'CZ': 35.6221520806, 'DK': 0.0803601238, 'EE': 0.0192658893, 'FI': 6.4102254362, 'GR': 24.9834833028, 'HR': 0.1071097756, 'LT': 7.8146032206, 'LV': 0.0383535777, 'PL': 0.676918817, 'SE': 2.3549956377, 'SI': 0.035648701, 'SK': 21.4519713983}"
2022-04-01,EU,industry-household,2022,4,1730.09,calculated,"{'AT': 0.3338960604, 'BG': 0.1037824201, 'CZ': 39.7567495276, 'DK': 0.085053763, 'EE': 0.0186134267, 'FI': 5.554339748, 'GR': 17.0151665227, 'HR': 0.1115302455, 'LT': 8.7914571588, 'LV': 0.0378880438, 'PL': 0.8575884037, 'SE': 3.1797028953, 'SI': 0.0405096937, 'SK': 24.1137220908}"
2022-05-01,EU,industry-household,2022,5,1281.95,calculated,"{'AT': 0.2805687784, 'BG': 0.1358457004, 'CZ': 30.7582793078, 'DK': 0.0812895, 'EE': 0.0169942029, 'FI': 8.0264188802, 'GR': 26.4649787002, 'HR': 0.0990677482, 'LT': 11.0222361414, 'LV': 0.0225891597, 'PL': 0.7746721187, 'SE': 3.9175947632, 'SI': 0.0400339917, 'SK': 18.3594310074}"
2022-06-01,EU,industry-household,2022,6,1246.19,calculated,"{'AT': 0.2815626759, 'BG': 0.1304264856, 'CZ': 27.2594919815, 'DK': 0.0733007625, 'EE': 0.0117170218, 'FI': 7.5048541609, 'GR': 33.8681215541, 'HR': 0.0989477773, 'LT': 11.6595061168, 'LV': 0.0153597974, 'PL': 0.6912000285, 'SE': 2.985471637, 'SI': 0.0387443102, 'SK': 15.3812956904}"
2022-07-01,EU,industry-household,2022,7,1277.2,calculated,"{'AT': 0.24390734, 'BG': 0.1163419078, 'CZ': 24.1628649013, 'DK': 0.051094356, 'EE': 0.0100418875, 'FI': 6.6408788924, 'GR': 41.2120123782, 'HR': 0.1173870042, 'LT': 7.4616616768, 'LV': 0.0140429812, 'PL': 0.6402234236, 'SE': 4.1168943009, 'SI': 0.0352768747, 'SK': 15.1773720755}"
2022-08-01,EU,industry-household,2022,8,1178.64,calculated,"{'AT': 0.2465768893, 'BG': 0.0922222316, 'CZ': 26.1598651213, 'DK': 0.0586070967, 'EE': 0.0111674095, 'FI': 8.5602796716, 'GR': 40.8162707323, 'HR': 0.1204889248, 'LT': 4.6748739769, 'LV': 0.0172435728, 'PL': 0.6206397128, 'SE': 4.5694829902, 'SI': 0.0350616514, 'SK': 14.0172200188}"
2022-09-01,EU,industry-household,2022,9,1121.42,calculated,"{'AT': 0.3078792138, 'BG': 0.1007771431, 'CZ': 34.8961288471, 'DK': 0.0712162846, 'EE': 0.0138469907, 'FI': 6.5824439623, 'GR': 28.5106215638, 'HR': 0.1191197016, 'LT': 8.0522737282, 'LV': 0.0186870178, 'PL': 0.6862722925, 'SE': 3.8307413886, 'SI': 0.043502976, 'SK': 16.7664888897}"
2022-10-01,EU,industry-household,2022,10,1298.56,calculated,"{'AT': 0.3304192126, 'BG': 0.0883239452, 'CZ': 40.5564722207, 'DK': 0.0749203014, 'EE': 0.014921277, 'FI': 5.3322154173, 'GR': 18.625918534, 'HR': 0.1366375121, 'LT': 7.0462683152, 'LV': 0.0208502402, 'PL': 0.7958210194, 'SE': 4.2129540302, 'SI': 0.0421334756, 'SK': 22.7221444991}"
2022-11-01,EU,industry-household,2022,11,1833.44,calculated,"{'AT': 0.3357706352, 'BG': 0.1014285858, 'CZ': 41.5261297211, 'DK': 0.0766101432, 'EE': 0.0170389056, 'FI': 4.3031170758, 'GR': 19.2608695154, 'HR': 0.1228606968, 'LT': 6.0814697249, 'LV': 0.031786137, 'PL': 0.8406747753, 'SE': 2.9201766466, 'SI': 0.0428730639, 'SK': 24.3391943732}"
2022-12-01,EU,industry-household,2022,12,2434.0,calculated,"{'AT': 0.304128735, 'BG': 0.096971474, 'CZ': 39.9767578516, 'DK': 0.0860383392, 'EE': 0.0182068145, 'FI': 3.6604403353, 'GR': 18.9078166923, 'HR': 0.102847943, 'LT': 8.7921233712, 'LV': 0.0346455683, 'PL': 0.7799317726, 'SE': 3.3565884218, 'SI': 0.0347848732, 'SK': 23.848717808}"
2023-01-01,EU,industry-household,2023,1,2172.09,calculated,"{'AT': 0.3612959008, 'BG': 0.1030188558, 'CZ': 41.1780077434, 'DK': 0.090674331, 'EE': 0.0188707536, 'FI': 6.0325267553, 'GR': 16.949217862, 'HR': 0.1243299765, 'LT': 5.8561069302, 'LV': 0.0356141566, 'PL': 0.8185602347, 'SE': 3.5650753352, 'SI': 0.0432803073, 'SK': 24.8234208576}"
2023-02-01,EU,industry-household,2023,2,2139.09,calculated,"{'AT': 0.3187645316, 'BG': 0.1028214459, 'CZ': 40.6066494971, 'DK': 0.0846039011, 'EE': 0.0169205601, 'FI': 6.773540613, 'GR': 18.2531050141, 'HR': 0.1280545059, 'LT': 4.6374901914, 'LV': 0.0339635468, 'PL': 0.8061809124, 'SE': 3.1901461266, 'SI': 0.0405956047, 'SK': 25.0071635495}"
2023-03-01,EU,industry-household,2023,3,2019.09,calculated,"{'AT': 0.2978767648, 'BG': 0.1133145154, 'CZ': 38.4817772652, 'DK': 0.0905206042, 'EE': 0.0198156019, 'FI': 6.6243850199, 'GR': 18.0819230739, 'HR': 0.1227918005, 'LT': 7.8005610431, 'LV': 0.03326338, 'PL': 0.7970985157, 'SE': 4.2350761639, 'SI': 0.0376608275, 'SK': 23.263935424}"
2023-04-01,EU,industry-household,2023,4,1611.06,calculated,"{'AT': 0.3440284451, 'BG': 0.1133900292, 'CZ': 37.9285684777, 'DK': 0.0786061038, 'EE': 0.0153016168, 'FI': 4.7802067837, 'GR': 21.7849692321, 'HR': 0.1328898512, 'LT': 7.6036894381, 'LV': 0.0232821463, 'PL': 0.7847758523, 'SE': 3.0287199376, 'SI': 0.0427605137, 'SK': 23.3388115724}"
2023-05-01,EU,industry-household,2023,5,1237.51,calculated,"{'AT': 0.3361864765, 'BG': 0.1043438237, 'CZ': 29.9593043103, 'DK': 0.0783822579, 'EE': 0.0140863683, 'FI': 11.2881934298, 'GR': 23.4007191202, 'HR': 0.1242992621, 'LT': 8.6706694372, 'LV': 0.016281046, 'PL': 0.7755909147, 'SE': 4.2794573207, 'SI': 0.0482669516, 'SK': 20.904219281}"
2023-06-01,EU,industry-household,2023,6,1180.92,calculated,"{'AT': 0.2736611947, 'BG': 0.1040581727, 'CZ': 27.2775520417, 'DK': 0.0767844469, 'EE': 0.0109153986, 'FI': 8.4604978148, 'GR': 32.8527108522, 'HR': 0.1066518314, 'LT': 8.6373086027, 'LV': 0.0160769145, 'PL': 0.6779818295, 'SE': 4.4089022872, 'SI': 0.0426025531, 'SK': 17.0542960601}"
2023-07-01,EU,industry-household,2023,7,1230.6,calculated,"{'AT': 0.2535422533, 'BG': 0.1265334177, 'CZ': 23.5166558747, 'DK': 0.0649430731, 'EE': 0.010083811, 'FI': 9.1623904463, 'GR': 38.8057105481, 'HR': 0.1395945148, 'LT': 8.0042523322, 'LV': 0.0132765344, 'PL': 0.6346952456, 'SE': 3.8972863065, 'SI': 0.0359317985, 'SK': 15.3351038439}"
2023-08-01,EU,industry-household,2023,8,1176.55,calculated,"{'AT': 0.267805959, 'BG': 0.1212564753, 'CZ': 24.6287962277, 'DK': 0.0887604443, 'EE': 0.0114014949, 'FI': 11.4122230794, 'GR': 35.3231305544, 'HR': 0.1448162903, 'LT': 9.4683968947, 'LV': 0.0168224766, 'PL': 0.7234288217, 'SE': 4.3297723629, 'SI': 0.0339259376, 'SK': 13.429462981}"
2023-09-01,EU,industry-household,2023,9,1194.15,calculated,"{'AT': 0.2741863131, 'BG': 0.1287255477, 'CZ': 25.9800487888, 'DK': 0.0741521268, 'EE': 0.0104305949, 'FI': 9.7148521955, 'GR': 33.8239216113, 'HR': 0.151317816, 'LT': 10.442565889, 'LV': 0.0173454959, 'PL': 0.7186158204, 'SE': 5.3855928918, 'SI': 0.0383967553, 'SK': 13.2398481537}"
2023-10-01,EU,industry-household,2023,10,1716.8,calculated,"{'AT': 0.2614803119, 'BG': 0.0940934289, 'CZ': 27.612579312, 'DK': 0.0827311435, 'EE': 0.0180021687, 'FI': 17.3520416009, 'GR': 22.9382226224, 'HR': 0.1246676226, 'LT': 10.1875531252, 'LV': 0.0270600446, 'PL': 0.6948937063, 'SE': 3.710598507, 'SI': 0.0339636595, 'SK': 16.8621127466}"
2023-11-01,EU,industry-household,2023,11,1968.18,calculated,"{'AT': 0.3440576867, 'BG': 0.1138697426, 'CZ': 37.4667899636, 'DK': 0.1000067046, 'EE': 0.0195798846, 'FI': 7.9281567237, 'GR': 16.9751129343, 'HR': 0.1554504867, 'LT': 8.0379030613, 'LV': 0.033684001, 'PL': 0.8603454277, 'SE': 4.1976163937, 'SI': 0.0418645775, 'SK': 23.7255624119}"
2023-12-01,EU,industry-household,2023,12,2446.97,calculated,"{'AT': 0.3165778976, 'BG': 0.1029185231, 'CZ': 36.2420318234, 'DK': 0.0821780814, 'EE': 0.0219126608, 'FI': 7.8415403456, 'GR': 18.0834954407, 'HR': 0.1164808685, 'LT': 8.3695406649, 'LV': 0.0351512739, 'PL': 0.8136616602, 'SE': 3.7551276454, 'SI': 0.0387885063, 'SK': 24.1805946081}"
2024-01-01,EU,industry-household,2024,1,2867.5,calculated,"{'AT': 0.3109414155, 'BG': 0.0888090811, 'CZ': 36.7259472056, 'DK': 0.0997531401, 'EE': 0.0253044849, 'FI': 8.1090461229, 'GR': 19.2271526816, 'HR': 0.112811334, 'LT': 7.4803803144, 'LV': 0.0387079449, 'PL': 0.7655432721, 'SE': 4.3981493373, 'SI': 0.0393748228, 'SK': 22.5780788429}"
2024-02-01,EU,industry-household,2024,2,2105.17,calculated,"{'AT': 0.2890661389, 'BG': 0.0961277886, 'CZ': 33.8666702961, 'DK': 0.0838958439, 'EE': 0.0221050979, 'FI': 9.7102233277, 'GR': 21.1696379073, 'HR': 0.1092111843, 'LT': 7.9138388999, 'LV': 0.0331399788, 'PL': 0.8005777855, 'SE': 4.2128333721, 'SI': 0.0395734551, 'SK': 21.6530989238}"
2024-03-01,EU,industry-household,2024,3,2015.75,calculated,"{'AT': 0.2755915204, 'BG': 0.1134229586, 'CZ': 33.1948342013, 'DK': 0.0850875557, 'EE': 0.0175444132, 'FI': 8.5515180073, 'GR': 23.9250243009, 'HR': 0.1067468251, 'LT': 7.7142603139, 'LV': 0.0289382207, 'PL': 0.8189893524, 'SE': 3.5500704992, 'SI': 0.0401785735, 'SK': 21.577793258}"
2024-04-01,EU,industry-household,2024,4,1592.56,calculated,"{'AT': 0.2930869505, 'BG': 0.1108224895, 'CZ': 29.737808922, 'DK': 0.0962968693, 'EE': 0.0213502407, 'FI': 7.7910317881, 'GR': 24.1323908351, 'HR': 0.1004060225, 'LT': 12.081163439, 'LV': 0.0270681667, 'PL': 0.8136574473, 'SE': 5.0049885212, 'SI': 0.0459596865, 'SK': 19.7439686217}"
2024-05-01,EU,industry-household,2024,5,1262.75,calculated,"{'AT': 0.2888548344, 'BG': 0.1388782805, 'CZ': 25.2495158944, 'DK': 0.0729452367, 'EE': 0.0133676458, 'FI': 8.4772985904, 'GR': 35.7443911177, 'HR': 0.1050924145, 'LT': 7.5074304405, 'LV': 0.0161388147, 'PL': 0.7832273839, 'SE': 4.7174746025, 'SI': 0.0490237484, 'SK': 16.8363609957}"
2024-06-01,EU,industry-household,2024,6,1276.8,calculated,"{'AT': 0.2608676666, 'BG': 0.1236265489, 'CZ': 24.0362650528, 'DK': 0.0748922638, 'EE': 0.009591747, 'FI': 10.3357286841, 'GR': 38.3691103613, 'HR': 0.080430222, 'LT': 6.9235370636, 'LV': 0.0113863384, 'PL': 0.6573296902, 'SE': 4.0446554311, 'SI': 0.0398936452, 'SK': 15.032685285}"
2024-07-01,EU,industry-household,2024,7,1325.54,calculated,"{'AT': 0.236343493, 'BG': 0.0996101514, 'CZ': 20.4472882776, 'DK': 0.0490744763, 'EE': 0.0090421736, 'FI': 10.0199912991, 'GR': 42.6089126557, 'HR': 0.1006204525, 'LT': 7.1895223636, 'LV': 0.0139348263, 'PL': 0.6514159885, 'SE': 4.1519126817, 'SI': 0.0355978993, 'SK': 14.3867332612}"
2024-08-01,EU,industry-household,2024,8,1281.98,calculated,"{'AT': 0.2284837994, 'BG': 0.1215699291, 'CZ': 22.3197696873, 'DK': 0.0620382569, 'EE': 0.0095929799, 'FI': 7.9952380131, 'GR': 40.7605018769, 'HR': 0.1145257226, 'LT': 7.207625515, 'LV': 0.0169544416, 'PL': 0.6766080012, 'SE': 4.7411672805, 'SI': 0.0361445471, 'SK': 15.7097799493}"
2024-09-01,EU,industry-household,2024,9,1315.35,calculated,"{'AT': 0.2948075263, 'BG': 0.1248185359, 'CZ': 25.5311907286, 'DK': 0.0756306776, 'EE': 0.0099175979, 'FI': 10.1210178758, 'GR': 33.7675064063, 'HR': 0.1501690383, 'LT': 7.1995943185, 'LV': 0.0169645075, 'PL': 0.7360573395, 'SE': 4.4920404655, 'SI': 0.0403765442, 'SK': 17.4399084382}"
2024-10-01,EU,industry-household,2024,10,1728.32,calculated,"{'AT': 0.2887000813, 'BG': 0.111230585, 'CZ': 32.8013533042, 'DK': 0.0803926832, 'EE': 0.0138732129, 'FI': 8.5856260103, 'GR': 24.8188939775, 'HR': 0.1362055098, 'LT': 8.8120309823, 'LV': 0.0252914247, 'PL': 0.7726743276, 'SE': 2.9064817952, 'SI': 0.0342759276, 'SK': 20.6129701784}"
2024-11-01,EU,industry-household,2024,11,2446.76,calculated,"{'AT': 0.2975920459, 'BG': 0.109548496, 'CZ': 35.4184611134, 'DK': 0.0768492757, 'EE': 0.0143583204, 'FI': 4.3930276616, 'GR': 24.8628253245, 'HR': 0.1130970135, 'LT': 8.2231075899, 'LV': 0.0255269861, 'PL': 0.7317624438, 'SE': 3.2380041087, 'SI': 0.0351291371, 'SK': 22.4607104834}"
2024-12-01,EU,industry-household,2024,12,2678.47,calculated,"{'AT': 0.2895723385, 'BG': 0.0983414047, 'CZ': 35.4736030037, 'DK': 0.0763827957, 'EE': 0.0177633563, 'FI': 6.3609876545, 'GR': 24.1971215469, 'HR': 0.1232250666, 'LT': 7.1832114941, 'LV': 0.0283125182, 'PL': 0.7194775469, 'SE': 2.7160992116, 'SI': 0.035791646, 'SK': 22.6801104164}"
2025-01-01,EU,industry-household,2025,1,2886.19,calculated,"{'AT': 0.2963230929, 'BG': 0.0911656794, 'CZ': 36.5920089155, 'DK': 0.0898785672, 'EE': 0.0153856676, 'FI': 5.4192546403, 'GR': 24.4221315531, 'HR': 0.1141550177, 'LT': 7.1686195581, 'LV': 0.0175374211, 'PL': 0.6400839505, 'SE': 2.8114173246, 'SI': 0.0353124164, 'SK': 22.2867261956}"
2025-02-01,EU,industry-household,2025,2,2734.25,calculated,"{'AT': 0.2853578984, 'BG': 0.0994341056, 'CZ': 35.4310543287, 'DK': 0.0838928793, 'EE': 0.0170694398, 'FI': 5.2917597405, 'GR': 26.0362963977, 'HR': 0.1116760445, 'LT': 7.6803479542, 'LV': 0.0294936055, 'PL': 0.7090224164, 'SE': 2.9143682598, 'SI': 0.0347612332, 'SK': 21.2754656963}"
2025-03-01,EU,industry-household,2025,3,2106.99,calculated,"{'AT': 0.3066953852, 'BG': 0.1083484234, 'CZ': 35.8217172232, 'DK': 0.0777704402, 'EE': 0.015437701, 'FI': 7.9084381007, 'GR': 22.7786002697, 'HR': 0.1209465608, 'LT': 7.5985173134, 'LV': 0.029224193, 'PL': 0.7231620158, 'SE': 2.5555257206, 'SI': 0.0382834226, 'SK': 21.9173332303}"
2025-04-01,EU,industry-household,2025,4,1567.63,calculated,"{'AT': 0.2942992684, 'BG': 0.1238553354, 'CZ': 32.2168516165, 'DK': 0.0695627827, 'EE': 0.0157903538, 'FI': 8.7745664527, 'GR': 22.8910001401, 'HR': 0.140436459, 'LT': 9.9640667955, 'LV': 0.0273369904, 'PL': 0.7069054577, 'SE': 3.5934819898, 'SI': 0.0393847894, 'SK': 21.1424615686}"
2025-05-01,EU,industry-household,2025,5,1366.69,calculated,"{'AT': 0.3057420069, 'BG': 0.1118313839, 'CZ': 30.699397351, 'DK': 0.0659025635, 'EE': 0.0142530186, 'FI': 8.8804771517, 'GR': 28.3567626144, 'HR': 0.0875492298, 'LT': 9.8924808716, 'LV': 0.021816373, 'PL': 0.8103896153, 'SE': 3.4238381603, 'SI': 0.0438794588, 'SK': 17.2856802012}"
2025-06-01,EU,industry-household,2025,6,1194.22,calculated,"{'AT': 0.2642143519, 'BG': 0.0290939884, 'CZ': 25.3253024944, 'DK': 0.0787873796, 'EE': 0.0040537825, 'FI': 7.3361650295, 'GR': 41.6949583759, 'HR': 0.0201708529, 'LT': 7.2767120314, 'LV': 0.0044903462, 'PL': 0.1540075951, 'SE': 4.524167153, 'SI': 0.0092409802, 'SK': 13.278635639}"
2025-07-01,EU,industry-household,2025,7,1277.56,calculated,"{'AT': 0.245414478, 'BG': 0.0, 'CZ': 22.9259615749, 'DK': 0.0557224153, 'EE': 0.0, 'FI': 9.0437687367, 'GR': 45.1597878893, 'HR': 0.0, 'HU': 0.0, 'LT': 3.7258386002, 'LU': 0.0, 'LV': 0.0, 'PL': 0.0, 'PT': 0.0, 'RO': 0.0, 'SE': 3.8666361467, 'SI': 0.0, 'SK': 14.9768701589}"
2025-08-01,EU,industry-household,2025,8,1193.92,calculated,"{'AT': 0.2520114131, 'BG': 0.0, 'CZ': 22.6151027333, 'DK': 0.0619296131, 'EE': 0.0, 'FI': 7.9561513768, 'GR': 40.1881575662, 'HR': 0.0, 'HU': 0.0, 'LT': 7.3204298382, 'LU': 0.0, 'LV': 0.0, 'PL': 0.0, 'PT': 0.0, 'RO': 0.0, 'SE': 5.2609090026, 'SI': 0.0, 'SK': 16.3453084567}"
2025-09-01,EU,industry-household,2025,9,1232.54,calculated,"{'AT': 0.2868166018, 'BG': 0.0, 'CZ': 25.8964047257, 'DK': 0.0880005291, 'EE': 0.0, 'FI': 4.5840232186, 'GR': 36.4450865856, 'HR': 0.0, 'HU': 0.0, 'LT': 10.1010777118, 'LU': 0.0, 'LV': 0.0, 'PL': 0.0, 'PT': 0.0, 'RO': 0.0, 'SE': 3.6826206819, 'SI': 0.0, 'SK': 18.9159699455}"
2025-10-01,EU,industry-household,2025,10,1819.62,calculated,"{'AT': 0.3032948417, 'BG': 0.0348929812, 'CZ': 31.4178383158, 'DK': 0.0850947308, 'EE': 0.0052310227, 'FI': 6.1018263348, 'GR': 28.1463936148, 'HR': 0.0554801105, 'LT': 7.8423004411, 'LV': 0.0014160827, 'PL': 0.2022260662, 'SE': 3.6742951564, 'SI': 0.0095395081, 'SK': 22.1201707933}"
2025-11-01,EU,industry-household,2025,11,148.39,calculated,"{'AT': 5.1190263149, 'BG': 1.5586597554, 'DK': 1.2636123508, 'EE': 0.2603942309, 'FI': 79.315589189, 'GR': -2.345090399, 'HR': 2.1306892048, 'LV': 0.4311129825, 'PL': 12.1547803692, 'SE': -0.0011846797, 'SI': 0.577400176, 'SK': -0.4649894948}"
2019-01-01,EU,power,2019,1,80.16,calculated,"{'AT': 3.9264544898, 'BE': 7.2266711408, 'BG': 0.6742053619, 'CZ': 2.4e-09, 'DE': 14.7664473302, 'DK': 0.973988963, 'EE': 0.0027059227, 'FI': 2.6e-09, 'FR': 8.238632164, 'GR': 5.3985552699, 'HR': 2.3e-09, 'HU': 2.4518328432, 'IT': 34.9327413935, 'LT': 1.2e-09, 'LU': 0.077309778, 'LV': 0.9418661729, 'NL': 11.4432952508, 'PL': 2.1611333309, 'PT': 2.9054252339, 'RO': 3.2475795028, 'SE': 0.0, 'SI': 0.1177216082, 'SK': 0.5134342352}"
2019-02-01,EU,power,2019,2,60.97,calculated,"{'AT': 4.0820862132, 'BE': 6.691104757, 'BG': 0.8600081842, 'CZ': 2.3e-09, 'DE': 15.0774024459, 'DK': 1.0089901488, 'EE': 0.0033292481, 'FI': 2.8e-09, 'FR': 7.5360665573, 'GR': 4.6635486216, 'HR': 1.8e-09, 'HU': 1.7716244698, 'IT': 34.4550657254, 'LT': 1.1e-09, 'LU': 0.0859458722, 'LV': 0.6303691248, 'NL': 13.3797841064, 'PL': 2.5483617599, 'PT': 2.7385970084, 'RO': 3.6568094631, 'SE': 0.0, 'SI': 0.1349659254, 'SK': 0.6759403604}"
2019-03-01,EU,power,2019,3,53.55,calculated,"{'AT': 2.4862177492, 'BE': 6.1401124406, 'BG': 0.8853260656, 'CZ': 1.6e-09, 'DE': 13.0109237815, 'DK': 1.0223631511, 'EE': 0.0042180081, 'FI': 2.5e-09, 'FR': 4.0452113931, 'GR': 3.6443717053, 'HR': 1.4e-09, 'HU': 1.7618465632, 'IT': 41.6335974422, 'LT': 1.1e-09, 'LU': 0.1001692895, 'LV': 0.5953202681, 'NL': 14.7404490824, 'PL': 3.4056396916, 'PT': 2.4642634913, 'RO': 3.0560189562, 'SE': 0.0, 'SI': 0.1693391698, 'SK': 0.8346117448}"
2019-04-01,EU,power,2019,4,49.62,calculated,"{'AT': 2.1263346961, 'BE': 6.9012346975, 'BG': 0.8605911117, 'CZ': 2e-09, 'DE': 12.6431629642, 'DK': 0.6978910653, 'EE': 0.0043295796, 'FI': 1.4e-09, 'FR': 5.8754929372, 'GR': 4.1694806783, 'HR': 1.2e-09, 'HU': 1.7572709885, 'IT': 40.7642697567, 'LT': 7e-10, 'LU': 0.0811688347, 'LV': 0.348845365, 'NL': 13.1133896937, 'PL': 4.0890184587, 'PT': 3.9985765602, 'RO': 1.7850004927, 'SE': 0.0, 'SI': 0.1101481165, 'SK': 0.6737939982}"
2019-05-01,EU,power,2019,5,48.78,calculated,"{'AT': 0.3225406306, 'BE': 6.4571220157, 'BG': 0.6110461128, 'CZ': 1.4e-09, 'DE': 12.8878664471, 'DK': 0.6034203865, 'EE': 0.0043247022, 'FI': 8e-10, 'FR': 5.621458215, 'GR': 4.2337068003, 'HR': 8e-10, 'HU': 1.5025503344, 'IT': 38.2920214557, 'LT': 5e-10, 'LU': 0.0755944546, 'LV': 0.5967178975, 'NL': 17.0617761978, 'PL': 3.6644474209, 'PT': 5.6309599208, 'RO': 1.4377345309, 'SE': 0.0, 'SI': 0.0827461609, 'SK': 0.9139663126}"
2019-06-01,EU,power,2019,6,51.62,calculated,"{'AT': 0.6971282866, 'BE': 7.2237673294, 'BG': 0.449545577, 'CZ': 3.1e-09, 'DE': 11.2029270714, 'DK': 0.4004443245, 'EE': 0.0041160847, 'FI': 4e-10, 'FR': 5.0435505805, 'GR': 5.7254881954, 'HR': 6e-10, 'HU': 1.7581535486, 'IT': 40.9619875577, 'LT': 4e-10, 'LU': 0.0494963742, 'LV': 0.9441576902, 'NL': 14.3086495598, 'PL': 2.6987256962, 'PT': 6.5118242782, 'RO': 1.177572978, 'SE': 0.0, 'SI': 0.0540674445, 'SK': 0.7883974187}"
2019-07-01,EU,power,2019,7,66.95,calculated,"{'AT': 1.4683206109, 'BE': 6.1821379801, 'BG': 0.3693951459, 'CZ': 3.1e-09, 'DE': 11.608735302, 'DK': 0.3942026236, 'EE': 0.003133161, 'FI': 5e-10, 'FR': 6.7058238953, 'GR': 5.7229271598, 'HR': 1e-09, 'HU': 1.8568910579, 'IT': 40.9923069621, 'LT': 3e-10, 'LU': 0.0343693248, 'LV': 0.6281557704, 'NL': 13.1916219478, 'PL': 2.5282882895, 'PT': 5.6780719922, 'RO': 1.8903990471, 'SE': 0.0, 'SI': 0.0513888599, 'SK': 0.6938308648}"
2019-08-01,EU,power,2019,8,63.08,calculated,"{'AT': 2.2328105493, 'BE': 5.8713843942, 'BG': 0.3659745833, 'CZ': 3.1e-09, 'DE': 12.822045534, 'DK': 0.4976929011, 'EE': 0.0035769568, 'FI': 5e-10, 'FR': 4.7913943976, 'GR': 5.6267518086, 'HR': 1.6e-09, 'HU': 2.0033264396, 'IT': 39.27144542, 'LT': 3e-10, 'LU': 0.0363536254, 'LV': 1.1195389564, 'NL': 14.1253968402, 'PL': 3.0186385587, 'PT': 5.4318404822, 'RO': 1.9921464547, 'SE': 0.0, 'SI': 0.0733486995, 'SK': 0.7163333929}"
2019-09-01,EU,power,2019,9,64.96,calculated,"{'AT': 2.8558371424, 'BE': 6.154869799, 'BG': 0.3514619561, 'CZ': 3.3e-09, 'DE': 13.240793238, 'DK': 0.4846709391, 'EE': 0.0048871291, 'FI': 1e-09, 'FR': 6.9984086683, 'GR': 5.0713670801, 'HR': 1.5e-09, 'HU': 2.1157840727, 'IT': 37.429427523, 'LT': 3e-10, 'LU': 0.041188372, 'LV': 1.1661866826, 'NL': 14.1522061915, 'PL': 1.9207113259, 'PT': 5.0234776484, 'RO': 2.1839684988, 'SE': 0.0, 'SI': 0.0539767139, 'SK': 0.750777013}"
2019-10-01,EU,power,2019,10,71.84,calculated,"{'AT': 3.4377989754, 'BE': 7.4068509948, 'BG': 0.376303202, 'CZ': 3.1e-09, 'DE': 15.0007342992, 'DK': 0.6109898019, 'EE': 0.0064930356, 'FI': 1.3e-09, 'FR': 7.3578202805, 'GR': 4.3385414634, 'HR': 2.2e-09, 'HU': 2.3870898178, 'IT': 34.2704650562, 'LT': 5e-10, 'LU': 0.0559021437, 'LV': 0.6824090173, 'NL': 13.3535262123, 'PL': 2.5640631057, 'PT': 4.7056796972, 'RO': 2.6042395288, 'SE': 0.0, 'SI': 0.0800329826, 'SK': 0.7610603785}"
2019-11-01,EU,power,2019,11,67.37,calculated,"{'AT': 3.7675281275, 'BE': 7.9655686344, 'BG': 0.5660519418, 'CZ': 3e-09, 'DE': 16.1954801114, 'DK': 0.8461806924, 'EE': 0.0062587558, 'FI': 1.5e-09, 'FR': 9.2611561304, 'GR': 3.5665200011, 'HR': 1.8e-09, 'HU': 2.2319229394, 'IT': 30.4497043588, 'LT': 7e-10, 'LU': 0.0748289738, 'LV': 0.6120025261, 'NL': 13.5879992335, 'PL': 2.9808483651, 'PT': 4.0902922397, 'RO': 2.9577620411, 'SE': 0.0, 'SI': 0.1062818786, 'SK': 0.7336130422}"
2019-12-01,EU,power,2019,12,59.87,calculated,"{'AT': 4.2362161547, 'BE': 6.6234488706, 'BG': 0.9009932282, 'CZ': 2.2e-09, 'DE': 15.9880467329, 'DK': 0.9086482917, 'EE': 0.0068673763, 'FI': 1.6e-09, 'FR': 6.5440615893, 'GR': 3.6783789543, 'HR': 1.8e-09, 'HU': 2.4948328415, 'IT': 33.3904567892, 'LT': 1e-09, 'LU': 0.0858731873, 'LV': 0.5203278567, 'NL': 12.7601701701, 'PL': 3.5832889416, 'PT': 3.704264066, 'RO': 3.6235004065, 'SE': 0.0, 'SI': 0.1302493227, 'SK': 0.820375214}"
2020-01-01,EU,power,2020,1,80.37,calculated,"{'AT': 4.5376172337, 'BE': 6.1995409584, 'BG': 0.7437827497, 'CZ': 2.7e-09, 'DE': 15.5640128582, 'DK': 0.5655571682, 'EE': 0.0053559246, 'FI': 1.4e-09, 'FR': 7.4322842783, 'GR': 4.367280717, 'HR': 2.7e-09, 'HU': 2.2485101504, 'IT': 33.357901574, 'LT': 8e-10, 'LU': 0.0673927922, 'LV': 0.2780233472, 'NL': 13.7107210701, 'PL': 2.4673841736, 'PT': 4.1172124892, 'RO': 3.3744163703, 'SE': 0.0, 'SI': 0.1091522199, 'SK': 0.8538539173}"
2020-02-01,EU,power,2020,2,60.02,calculated,"{'AT': 3.3148792111, 'BE': 6.4138125662, 'BG': 0.8606509133, 'CZ': 2.9e-09, 'DE': 14.8093989941, 'DK': 0.5843788512, 'EE': 0.0067126933, 'FI': 1.5e-09, 'FR': 5.4071581071, 'GR': 4.2860171567, 'HR': 3.2e-09, 'HU': 2.8383642936, 'IT': 35.5354818673, 'LT': 9e-10, 'LU': 0.0815568072, 'LV': 0.4051707675, 'NL': 13.5748583985, 'PL': 3.0484950844, 'PT': 4.1808206397, 'RO': 3.6072124206, 'SE': 0.0, 'SI': 0.1356060671, 'SK': 0.9094251526}"
2020-03-01,EU,power,2020,3,54.46,calculated,"{'AT': 3.4718715779, 'BE': 7.4104004871, 'BG': 0.8385297589, 'CZ': 2.9e-09, 'DE': 16.8571049406, 'DK': 0.686637092, 'EE': 0.007826028, 'FI': 1.4e-09, 'FR': 5.4564289355, 'GR': 4.4677699094, 'HR': 3.2e-09, 'HU': 2.3054716812, 'IT': 33.0771738566, 'LT': 9e-10, 'LU': 0.0879586198, 'LV': 0.2585758731, 'NL': 13.2754660189, 'PL': 3.6272881425, 'PT': 3.927682528, 'RO': 3.1549253396, 'SE': 0.0, 'SI': 0.1552549685, 'SK': 0.9336342338}"
2020-04-01,EU,power,2020,4,40.08,calculated,"{'AT': 2.0519404866, 'BE': 6.9879890561, 'BG': 0.794345092, 'CZ': 3e-09, 'DE': 16.3492759962, 'DK': 0.6937882531, 'EE': 0.0105347208, 'FI': 1.4e-09, 'FR': 0.5458668672, 'GR': 5.7430743514, 'HR': 2.6e-09, 'HU': 2.0047962721, 'IT': 37.5017679883, 'LT': 8e-10, 'LU': 0.075768138, 'LV': 0.2866936905, 'NL': 15.1837934485, 'PL': 4.9114261493, 'PT': 2.8562026058, 'RO': 2.7084735283, 'SE': 0.0, 'SI': 0.113567324, 'SK': 1.180696024}"
2020-05-01,EU,power,2020,5,44.56,calculated,"{'AT': 0.3800981901, 'BE': 7.8560791945, 'BG': 0.4553944753, 'CZ': 3.4e-09, 'DE': 15.7323061565, 'DK': 0.5878700118, 'EE': 0.0096545783, 'FI': 1.7e-09, 'FR': 3.3897769644, 'GR': 6.0393045448, 'HR': 3.6e-09, 'HU': 1.7225903086, 'IT': 33.9460722332, 'LT': 3e-10, 'LU': 0.0659729519, 'LV': 0.5613883698, 'NL': 17.3204718089, 'PL': 4.4153573431, 'PT': 4.1842848182, 'RO': 2.1410816057, 'SE': 0.0, 'SI': 0.0685829645, 'SK': 1.1237134715}"
2020-06-01,EU,power,2020,6,57.41,calculated,"{'AT': 0.3257737876, 'BE': 8.0290736515, 'BG': 0.3617811966, 'CZ': 3.4e-09, 'DE': 16.2680337389, 'DK': 0.3452975138, 'EE': 0.0074280044, 'FI': 1.3e-09, 'FR': 7.1709769573, 'GR': 5.2316618494, 'HR': 2.7e-09, 'HU': 1.9053793721, 'IT': 33.9669043326, 'LT': 2e-10, 'LU': 0.0414834763, 'LV': 0.7999501914, 'NL': 15.0778018434, 'PL': 2.8071052607, 'PT': 4.616849468, 'RO': 2.0501644028, 'SE': 0.0, 'SI': 0.0478766779, 'SK': 0.9464582676}"
2020-07-01,EU,power,2020,7,71.73,calculated,"{'AT': 1.2322964175, 'BE': 8.017579459, 'BG': 0.3024243859, 'CZ': 3.6e-09, 'DE': 14.2633500471, 'DK': 0.2542977015, 'EE': 0.0061026942, 'FI': 6e-10, 'FR': 5.9003949085, 'GR': 5.904082011, 'HR': 2.5e-09, 'HU': 1.7322994328, 'IT': 36.1337092353, 'LT': 3e-10, 'LU': 0.0285815276, 'LV': 0.1666710876, 'NL': 14.6965835365, 'PL': 2.9826607147, 'PT': 5.4153469934, 'RO': 2.3138067097, 'SE': 0.0, 'SI': 0.0701433402, 'SK': 0.5796697904}"
2020-08-01,EU,power,2020,8,69.4,calculated,"{'AT': 1.1571804781, 'BE': 7.2717425931, 'BG': 0.3728180072, 'CZ': 3.3e-09, 'DE': 13.348295813, 'DK': 0.2387050799, 'EE': 0.0056829465, 'FI': 8e-10, 'FR': 6.0501030879, 'GR': 5.6052325289, 'HR': 2.5e-09, 'HU': 1.9044341294, 'IT': 36.014235242, 'LT': 3e-10, 'LU': 0.027193634, 'LV': 0.6944433865, 'NL': 16.2165649492, 'PL': 2.6239216014, 'PT': 5.2095380683, 'RO': 2.3400849347, 'SE': 0.0, 'SI': 0.0747076924, 'SK': 0.8451158206}"
2020-09-01,EU,power,2020,9,65.53,calculated,"{'AT': 1.2091353068, 'BE': 6.6791418928, 'BG': 0.3770279259, 'CZ': 3.5e-09, 'DE': 12.9492766384, 'DK': 0.3328404496, 'EE': 0.0065225309, 'FI': 1.2e-09, 'FR': 6.3312113711, 'GR': 5.2797797094, 'HR': 1.8e-09, 'HU': 2.0171287555, 'IT': 38.3410257446, 'LT': 3e-10, 'LU': 0.0382346368, 'LV': 0.4319337794, 'NL': 13.3287330732, 'PL': 3.299335434, 'PT': 5.9160991471, 'RO': 2.4597120342, 'SE': 0.0, 'SI': 0.1189481337, 'SK': 0.8839134297}"
2020-10-01,EU,power,2020,10,57.48,calculated,"{'AT': 2.8042958501, 'BE': 6.8128046665, 'BG': 0.5504426386, 'CZ': 3e-09, 'DE': 15.0864909334, 'DK': 0.4884263681, 'EE': 0.0074838764, 'FI': 1.5e-09, 'FR': 6.1214841727, 'GR': 5.2444445868, 'HR': 3.4e-09, 'HU': 2.4864415419, 'IT': 34.4036652223, 'LT': 6e-10, 'LU': 0.0752296254, 'LV': 0.4082430721, 'NL': 13.0031308069, 'PL': 3.7637658941, 'PT': 5.6353098383, 'RO': 1.9839464989, 'SE': 0.0, 'SI': 0.142179036, 'SK': 0.9822153631}"
2020-11-01,EU,power,2020,11,69.77,calculated,"{'AT': 3.3962681336, 'BE': 6.5343548958, 'BG': 0.6900812795, 'CZ': 4.1e-09, 'DE': 17.5215841395, 'DK': 0.4970049354, 'EE': 0.0059626215, 'FI': 1.5e-09, 'FR': 6.7384256208, 'GR': 4.3319009536, 'HR': 2.8e-09, 'HU': 2.6087817486, 'IT': 32.5413580546, 'LT': 7e-10, 'LU': 0.0645497055, 'LV': 0.575311852, 'NL': 12.461257778, 'PL': 3.6859018544, 'PT': 4.2341250832, 'RO': 3.1138312928, 'SE': 0.0, 'SI': 0.1492392383, 'SK': 0.8500608036}"
2020-12-01,EU,power,2020,12,73.61,calculated,"{'AT': 4.0018003522, 'BE': 6.8641143281, 'BG': 0.7416984074, 'CZ': 4.1e-09, 'DE': 18.0276565548, 'DK': 0.7345487541, 'EE': 0.0059652898, 'FI': 1.8e-09, 'FR': 6.2645732211, 'GR': 5.0028227195, 'HR': 2.7e-09, 'HU': 2.0054609533, 'IT': 33.3524979203, 'LT': 9e-10, 'LU': 0.070109205, 'LV': 0.5878643013, 'NL': 11.6528552301, 'PL': 3.7227076581, 'PT': 2.7576881448, 'RO': 3.1671521055, 'SE': 0.0, 'SI': 0.1534135062, 'SK': 0.8870713387}"
2021-01-01,EU,power,2021,1,75.55,calculated,"{'AT': 3.8564930914, 'BE': 6.7484078553, 'BG': 0.7755281316, 'CZ': 3.8e-09, 'DE': 18.3111373588, 'DK': 0.9956528954, 'EE': 0.005621438, 'FI': 2.8e-09, 'FR': 6.548338516, 'GR': 4.5573277058, 'HR': 2.6e-09, 'HU': 2.4559989111, 'IT': 33.1971374076, 'LT': 1.1e-09, 'LU': 0.0693211855, 'LV': 0.7991495543, 'NL': 10.7715918095, 'PL': 3.3682597527, 'PT': 3.20867233, 'RO': 3.0191505847, 'SE': 0.0, 'SI': 0.1513097328, 'SK': 1.1609017295}"
2021-02-01,EU,power,2021,2,61.15,calculated,"{'AT': 3.7564620937, 'BE': 6.3625279613, 'BG': 0.8408059117, 'CZ': 4.1e-09, 'DE': 19.7624689919, 'DK': 1.0975673628, 'EE': 0.0064133699, 'FI': 3e-09, 'FR': 5.7287295375, 'GR': 3.059258236, 'HR': 2.6e-09, 'HU': 2.3150998859, 'IT': 33.3558720635, 'LT': 1.4e-09, 'LU': 0.0743658517, 'LV': 0.9573579288, 'NL': 13.3879656599, 'PL': 3.0513158486, 'PT': 1.7648924194, 'RO': 3.0076307554, 'SE': 0.0, 'SI': 0.1634073279, 'SK': 1.3078587829}"
2021-03-01,EU,power,2021,3,65.96,calculated,"{'AT': 3.3494034625, 'BE': 6.7217442689, 'BG': 0.8689308473, 'CZ': 4.6e-09, 'DE': 18.5142684993, 'DK': 0.8625754939, 'EE': 0.0066861593, 'FI': 2.2e-09, 'FR': 5.6297461269, 'GR': 4.3253607661, 'HR': 2.8e-09, 'HU': 2.1451188678, 'IT': 34.447423846, 'LT': 1e-09, 'LU': 0.067289048, 'LV': 0.5766179427, 'NL': 12.6338928064, 'PL': 2.6524780122, 'PT': 2.6398731268, 'RO': 3.0484750516, 'SE': 0.0, 'SI': 0.1682749622, 'SK': 1.3418407014}"
2021-04-01,EU,power,2021,4,60.16,calculated,"{'AT': 2.8285081362, 'BE': 7.2547302199, 'BG': 0.7360466675, 'CZ': 4.8e-09, 'DE': 16.9778433509, 'DK': 0.7634445474, 'EE': 0.0069889294, 'FI': 1.6e-09, 'FR': 7.4533148269, 'GR': 5.7023587098, 'HR': 2.6e-09, 'HU': 1.9771234386, 'IT': 35.5059542094, 'LT': 1e-09, 'LU': 0.0683194198, 'LV': 0.1373750325, 'NL': 9.856991523, 'PL': 2.6962965938, 'PT': 4.5717225986, 'RO': 2.0562578634, 'SE': 0.0, 'SI': 0.1292674355, 'SK': 1.2774564875}"
2021-05-01,EU,power,2021,5,41.67,calculated,"{'AT': 1.2965065371, 'BE': 6.8350144251, 'BG': 0.7063779153, 'CZ': 3.4e-09, 'DE': 14.3114751149, 'DK': 1.0508272519, 'EE': 0.0099374737, 'FI': 9e-10, 'FR': 3.273994395, 'GR': 6.2541056453, 'HR': 2.6e-09, 'HU': 2.7850194674, 'IT': 37.9473449455, 'LT': 9e-10, 'LU': 0.0867938048, 'LV': 0.0205449002, 'NL': 12.7994461411, 'PL': 4.3564263429, 'PT': 4.5960088653, 'RO': 2.5961056071, 'SE': 0.0, 'SI': 0.1198644473, 'SK': 0.9542067124}"
2021-06-01,EU,power,2021,6,53.27,calculated,"{'AT': 0.2888002685, 'BE': 6.0033134744, 'BG': 0.5110760262, 'CZ': 4.3e-09, 'DE': 12.8488553624, 'DK': 0.4662858192, 'EE': 0.0079799076, 'FI': 5e-10, 'FR': 3.8842310553, 'GR': 7.7125916101, 'HR': 2e-09, 'HU': 2.2275706205, 'IT': 38.5353676079, 'LT': 4e-10, 'LU': 0.0413665323, 'LV': 0.3642245502, 'NL': 13.4431452052, 'PL': 3.8147979576, 'PT': 5.9642826063, 'RO': 2.5994351983, 'SE': 0.0, 'SI': 0.0744954075, 'SK': 1.2121807833}"
2021-07-01,EU,power,2021,7,54.75,calculated,"{'AT': 0.2831363092, 'BE': 4.5361602676, 'BG': 0.5640888977, 'CZ': 3.8e-09, 'DE': 10.4451708973, 'DK': 0.3593700082, 'EE': 0.0079838409, 'FI': 7e-10, 'FR': 3.6206542897, 'GR': 9.1383782233, 'HR': 2.9e-09, 'HU': 2.3261482632, 'IT': 45.4221658718, 'LT': 3e-10, 'LU': 0.0419358951, 'LV': 0.5898749212, 'NL': 9.8674753461, 'PL': 3.7659411477, 'PT': 4.8690748294, 'RO': 3.1046412429, 'SE': 0.0, 'SI': 0.0752576364, 'SK': 0.9825421047}"
2021-08-01,EU,power,2021,8,42.27,calculated,"{'AT': 0.2682949421, 'BE': 4.8051525567, 'BG': 0.7318661923, 'CZ': 2.8e-09, 'DE': 8.5321149404, 'DK': 0.4766968026, 'EE': 0.0102612879, 'FI': 6e-10, 'FR': 1.6740972244, 'GR': 11.1254601549, 'HR': 3.9e-09, 'HU': 2.7666968624, 'IT': 48.830457043, 'LT': 3e-10, 'LU': 0.0509772125, 'LV': 0.06871301, 'NL': 5.524335882, 'PL': 4.4594147257, 'PT': 5.7102001877, 'RO': 3.9435433211, 'SE': 0.0, 'SI': 0.1051293437, 'SK': 0.9165883031}"
2021-09-01,EU,power,2021,9,54.02,calculated,"{'AT': 0.6925625644, 'BE': 4.3135763075, 'BG': 0.9732562471, 'CZ': 2.7e-09, 'DE': 10.9315810251, 'DK': 0.4318355805, 'EE': 0.0076746582, 'FI': 6e-10, 'FR': 4.3731964548, 'GR': 7.7090775603, 'HR': 2.9e-09, 'HU': 2.1703988972, 'IT': 45.4453115388, 'LT': 4e-10, 'LU': 0.0440601462, 'LV': 0.6138060585, 'NL': 8.8612614149, 'PL': 3.4040296788, 'PT': 5.8367678675, 'RO': 2.9722126093, 'SE': 0.0, 'SI': 0.0973796768, 'SK': 1.1220117076}"
2021-10-01,EU,power,2021,10,53.13,calculated,"{'AT': 3.5116603746, 'BE': 4.492240498, 'BG': 0.9041112744, 'CZ': 2.8e-09, 'DE': 10.7391456015, 'DK': 0.6657137011, 'EE': 0.0067768442, 'FI': 6e-10, 'FR': 5.0998098453, 'GR': 7.4637177449, 'HR': 3.3e-09, 'HU': 2.7960897937, 'IT': 43.0483005305, 'LT': 5e-10, 'LU': 0.0742626666, 'LV': 0.3521760515, 'NL': 7.0427982001, 'PL': 4.2206153259, 'PT': 4.9718798147, 'RO': 3.4014999526, 'SE': 0.0, 'SI': 0.1737502743, 'SK': 1.035451499}"
2021-11-01,EU,power,2021,11,77.05,calculated,"{'AT': 4.3190913424, 'BE': 6.133185623, 'BG': 0.7046180436, 'CZ': 3.2e-09, 'DE': 14.6644231814, 'DK': 0.6498950883, 'EE': 0.0044691136, 'FI': 5e-10, 'FR': 7.7133431336, 'GR': 4.9925919788, 'HR': 2.7e-09, 'HU': 2.5108630492, 'IT': 37.0416331104, 'LT': 4e-10, 'LU': 0.0574448653, 'LV': 0.4212315427, 'NL': 9.9914808161, 'PL': 3.1939701254, 'PT': 3.6637166126, 'RO': 2.8416782356, 'SE': 0.0, 'SI': 0.1382554308, 'SK': 0.9581087002}"
2021-12-01,EU,power,2021,12,74.11,calculated,"{'AT': 4.2385358792, 'BE': 5.4212509371, 'BG': 0.9796060815, 'CZ': 3.3e-09, 'DE': 15.3956210373, 'DK': 0.8350022808, 'EE': 0.0051810178, 'FI': 1.7e-09, 'FR': 7.3010907849, 'GR': 5.377949872, 'HR': 1.9e-09, 'HU': 2.6463558094, 'IT': 37.0004582937, 'LT': 1.1e-09, 'LU': 0.0653163372, 'LV': 0.8051235221, 'NL': 9.1482004151, 'PL': 3.2943487561, 'PT': 3.0928635925, 'RO': 3.2599164687, 'SE': 0.0081346216, 'SI': 0.1799588025, 'SK': 0.9450854828}"
2022-01-01,EU,power,2022,1,75.27,calculated,"{'AT': 4.1954732099, 'BE': 5.85442172, 'BG': 1.1161572794, 'CZ': 2.1e-09, 'DE': 16.1826063238, 'DK': 0.7266025733, 'EE': 0.0048857722, 'FI': 9e-10, 'FR': 7.7431620794, 'GR': 4.4180698635, 'HR': 2.4e-09, 'HU': 2.4327417586, 'IT': 37.0104385546, 'LT': 7e-10, 'LU': 0.0638275906, 'LV': 0.490928833, 'NL': 8.7872045269, 'PL': 2.9218350059, 'PT': 3.8359614724, 'RO': 3.2209769299, 'SE': 0.0003188626, 'SI': 0.1627878611, 'SK': 0.8315997765}"
2022-02-01,EU,power,2022,2,56.67,calculated,"{'AT': 4.46787663, 'BE': 4.2269587246, 'BG': 1.0547496025, 'CZ': 1.6e-09, 'DE': 14.2091217352, 'DK': 0.7112651924, 'EE': 0.005685469, 'FI': 9e-10, 'FR': 6.3605665748, 'GR': 5.5259504903, 'HR': 3.4e-09, 'HU': 3.0047751252, 'IT': 40.9724702485, 'LT': 7e-10, 'LU': 0.0617213575, 'LV': 0.1577999077, 'NL': 6.7400059819, 'PL': 3.142878276, 'PT': 4.3996605303, 'RO': 3.9190113136, 'SE': 0.0066456925, 'SI': 0.185702147, 'SK': 0.8471549944}"
2022-03-01,EU,power,2022,3,67.39,calculated,"{'AT': 4.4475351038, 'BE': 4.5765444928, 'BG': 0.8682349325, 'CZ': 2.3e-09, 'DE': 15.8631289919, 'DK': 0.7211709334, 'EE': 0.005288462, 'FI': 7e-10, 'FR': 8.8024731275, 'GR': 6.3879361836, 'HR': 2.6e-09, 'HU': 2.3064277058, 'IT': 38.083682582, 'LT': 6e-10, 'LU': 0.0483488861, 'LV': 0.027853536, 'NL': 8.7998339688, 'PL': 2.52374227, 'PT': 3.9216202774, 'RO': 2.0101627611, 'SE': 0.0002819484, 'SI': 0.1767659296, 'SK': 0.428967901}"
2022-04-01,EU,power,2022,4,46.4,calculated,"{'AT': 3.1613724016, 'BE': 4.7731051934, 'BG': 0.886532601, 'CZ': 9e-10, 'DE': 14.2740748503, 'DK': 0.7036441115, 'EE': 0.0175908118, 'FI': 3e-10, 'FR': 11.0112738351, 'GR': 3.8851351393, 'HR': 3e-09, 'HU': 1.8993788656, 'IT': 40.3156955113, 'LT': 5e-10, 'LU': 0.0548194952, 'LV': 0.0408614466, 'NL': 8.633259563, 'PL': 2.8347580089, 'PT': 4.6695977521, 'RO': 2.0754215864, 'SE': 0.0006940282, 'SI': 0.1523034015, 'SK': 0.6104813927}"
2022-05-01,EU,power,2022,5,48.02,calculated,"{'AT': 2.3494703719, 'BE': 5.6883995432, 'BG': 0.6246045036, 'CZ': 1.8e-09, 'DE': 12.8011948602, 'DK': 0.5892130248, 'EE': 0.0058874742, 'FI': 4e-10, 'FR': 9.4541241662, 'GR': 5.2913971476, 'HR': 2.5e-09, 'HU': 1.9400949683, 'IT': 37.4046421126, 'LT': 2e-10, 'LU': 0.0314288759, 'LV': 0.0650758099, 'NL': 10.7206743568, 'PL': 3.2962717656, 'PT': 5.6495664761, 'RO': 3.458941821, 'SE': 0.0004918375, 'SI': 0.102669105, 'SK': 0.5258517747}"
2022-06-01,EU,power,2022,6,51.8,calculated,"{'AT': 0.4922667542, 'BE': 5.5908196187, 'BG': 0.5831428501, 'CZ': 1.7e-09, 'DE': 10.7778902098, 'DK': 0.4515203806, 'EE': 0.0070216822, 'FI': 2e-10, 'FR': 7.4192619983, 'GR': 6.6747716436, 'HR': 2.7e-09, 'HU': 1.9019955121, 'IT': 42.4642819219, 'LT': 2e-10, 'LU': 0.0262094027, 'LV': 0.0041388043, 'NL': 11.0702628088, 'PL': 2.9720961926, 'PT': 5.9617436952, 'RO': 3.2046845413, 'SE': 0.0004795144, 'SI': 0.0647973821, 'SK': 0.3326150821}"
2022-07-01,EU,power,2022,7,57.57,calculated,"{'AT': 0.6927200299, 'BE': 6.5262560742, 'BG': 0.6329860994, 'CZ': 1.2e-09, 'DE': 8.623496877, 'DK': 0.3522666402, 'EE': 0.0085061239, 'FI': 2e-10, 'FR': 8.6669056882, 'GR': 8.2470981138, 'HR': 3.3e-09, 'HU': 2.080038152, 'IT': 44.2021762286, 'LT': 3e-10, 'LU': 0.0209514455, 'LV': 0.0067045737, 'NL': 8.9130630433, 'PL': 1.955478202, 'PT': 5.6383189541, 'RO': 2.9977641389, 'SE': 0.0003737887, 'SI': 0.0817742613, 'SK': 0.3531215602}"
2022-08-01,EU,power,2022,8,55.78,calculated,"{'AT': 0.6803830032, 'BE': 7.8944661089, 'BG': 0.5115263829, 'CZ': 2.1e-09, 'DE': 10.5960446941, 'DK': 0.3670153053, 'EE': 0.011381284, 'FI': 2e-10, 'FR': 8.3119826646, 'GR': 8.0162273791, 'HR': 3.2e-09, 'HU': 2.1047062544, 'IT': 40.0196790481, 'LT': 4e-10, 'LU': 0.0191443143, 'LV': 0.4047682681, 'NL': 10.3042998445, 'PL': 1.7233898565, 'PT': 5.5692151057, 'RO': 3.0764594323, 'SE': 0.003911364, 'SI': 0.080202861, 'SK': 0.3051968231}"
2022-09-01,EU,power,2022,9,50.52,calculated,"{'AT': 2.8662905459, 'BE': 7.3460562889, 'BG': 0.4607293342, 'CZ': 2e-09, 'DE': 9.8042693828, 'DK': 0.4682712873, 'EE': 0.0118481344, 'FI': 3e-10, 'FR': 9.9483095856, 'GR': 5.2600253956, 'HR': 2.7e-09, 'HU': 2.2617012862, 'IT': 40.5746412547, 'LT': 4e-10, 'LU': 0.0255422699, 'LV': 0.310169354, 'NL': 9.5298871731, 'PL': 1.7669867482, 'PT': 5.6259518406, 'RO': 3.2814481073, 'SE': 0.002392191, 'SI': 0.0777475927, 'SK': 0.3777322223}"
2022-10-01,EU,power,2022,10,54.63,calculated,"{'AT': 2.8407659581, 'BE': 7.233379468, 'BG': 0.5842742896, 'CZ': 2.1e-09, 'DE': 12.0266364753, 'DK': 0.6217996557, 'EE': 0.0145125908, 'FI': 3e-10, 'FR': 10.9660552632, 'GR': 3.2023146874, 'HR': 3.5e-09, 'HU': 2.2190821791, 'IT': 37.5425852171, 'LT': 1e-10, 'LU': 0.0304903897, 'LV': 0.0299997903, 'NL': 11.2010075949, 'PL': 2.5320943304, 'PT': 5.2174555903, 'RO': 3.1659809471, 'SE': 0.0005074409, 'SI': 0.1236775586, 'SK': 0.4473805676}"
2022-11-01,EU,power,2022,11,55.13,calculated,"{'AT': 4.376009404, 'BE': 5.1292434407, 'BG': 0.860473025, 'CZ': 2.1e-09, 'DE': 14.1274321007, 'DK': 0.6684218199, 'EE': 0.016117905, 'FI': 6e-10, 'FR': 10.1965022325, 'GR': 4.681241097, 'HR': 3.3e-09, 'HU': 2.6328104512, 'IT': 34.8345765338, 'LT': 4e-10, 'LU': 0.0382103725, 'LV': 0.9256313702, 'NL': 8.6099154474, 'PL': 3.2387546204, 'PT': 5.2744235349, 'RO': 3.7375928075, 'SE': 0.0006540757, 'SI': 0.1497898623, 'SK': 0.5021998931}"
2022-12-01,EU,power,2022,12,67.49,calculated,"{'AT': 3.8056587316, 'BE': 6.3377530395, 'BG': 0.8360475917, 'CZ': 2.3e-09, 'DE': 17.8036742617, 'DK': 0.957936917, 'EE': 0.014889422, 'FI': 9e-10, 'FR': 7.9775643327, 'GR': 4.9077515436, 'HR': 2e-09, 'HU': 2.329749003, 'IT': 33.5932970025, 'LT': 5e-10, 'LU': 0.0405327516, 'LV': 1.1182149688, 'NL': 11.001087693, 'PL': 2.7321351424, 'PT': 2.8252599631, 'RO': 3.0580078595, 'SE': 0.0025866689, 'SI': 0.1882051264, 'SK': 0.4696479755}"
2023-01-01,EU,power,2023,1,54.24,calculated,"{'AT': 3.8397396917, 'BE': 6.5324973225, 'BG': 0.9695424031, 'CZ': 1.8e-09, 'DE': 16.9838139032, 'DK': 0.9877661566, 'EE': 0.0176374368, 'FI': 8e-10, 'FR': 8.2874757966, 'GR': 3.5796326706, 'HR': 3.3e-09, 'HU': 2.4296571316, 'IT': 34.7331411516, 'LT': 5e-10, 'LU': 0.0403136935, 'LV': 0.6313339503, 'NL': 9.1243664634, 'PL': 4.4515050478, 'PT': 2.1828645685, 'RO': 4.4996640451, 'SE': 0.0005571852, 'SI': 0.1708699982, 'SK': 0.5376213772}"
2023-02-01,EU,power,2023,2,58.99,calculated,"{'AT': 3.6802937442, 'BE': 6.7091309989, 'BG': 0.8021107176, 'CZ': 2.1e-09, 'DE': 16.6721032551, 'DK': 0.8395572515, 'EE': 0.0148866, 'FI': 1.5e-09, 'FR': 9.8758133811, 'GR': 3.3784740228, 'HR': 2.8e-09, 'HU': 2.3671390055, 'IT': 32.2183395918, 'LT': 4e-10, 'LU': 0.0332803269, 'LV': 0.7979616317, 'NL': 9.8255869022, 'PL': 3.559876003, 'PT': 4.4841003048, 'RO': 3.7795852372, 'SE': 0.0016348171, 'SI': 0.1485747709, 'SK': 0.8115514305}"
2023-03-01,EU,power,2023,3,50.55,calculated,"{'AT': 3.1603722522, 'BE': 6.9517360477, 'BG': 0.9708808302, 'CZ': 2.2e-09, 'DE': 16.5002513018, 'DK': 0.995279843, 'EE': 0.0187226983, 'FI': 1.2e-09, 'FR': 6.9203780561, 'GR': 4.1612049685, 'HR': 4.3e-09, 'HU': 2.2515440396, 'IT': 35.495950689, 'LT': 5e-10, 'LU': 0.0394127399, 'LV': 0.7030091925, 'NL': 10.4283549177, 'PL': 5.2985457876, 'PT': 2.5714966637, 'RO': 2.6150960169, 'SE': 0.0003750712, 'SI': 0.1711159357, 'SK': 0.7462729401}"
2023-04-01,EU,power,2023,4,42.39,calculated,"{'AT': 2.9661820563, 'BE': 6.1522742605, 'BG': 1.0327803526, 'CZ': 1.6e-09, 'DE': 14.470308868, 'DK': 0.8001794156, 'EE': 0.0188631437, 'FI': 8e-10, 'FR': 7.1369457206, 'GR': 5.5362206396, 'HR': 4.8e-09, 'HU': 1.9742728313, 'IT': 38.4503343965, 'LT': 6e-10, 'LU': 0.0346349916, 'LV': 0.0602903531, 'NL': 10.8007270429, 'PL': 5.0777252419, 'PT': 2.5932579173, 'RO': 2.0169251897, 'SE': 0.0011892956, 'SI': 0.1462819458, 'SK': 0.7306063296}"
2023-05-01,EU,power,2023,5,35.81,calculated,"{'AT': 1.3965694095, 'BE': 6.0151711867, 'BG': 0.6902291483, 'CZ': 9e-10, 'DE': 12.4415400199, 'DK': 0.6645091226, 'EE': 0.0173125762, 'FI': 3e-10, 'FR': 4.7487131183, 'GR': 5.3338150898, 'HR': 4.2e-09, 'HU': 2.2772377336, 'IT': 42.1530746749, 'LT': 4e-10, 'LU': 0.0281310512, 'LV': 0.0001619825, 'NL': 13.2060881221, 'PL': 4.2221131037, 'PT': 3.7851441278, 'RO': 2.0237107091, 'SE': 0.0013567429, 'SI': 0.1428607311, 'SK': 0.8522613441}"
2023-06-01,EU,power,2023,6,43.16,calculated,"{'AT': 0.1380944706, 'BE': 6.9148103961, 'BG': 0.5124593122, 'CZ': 2.8e-09, 'DE': 11.0821109216, 'DK': 0.3299503234, 'EE': 0.0062110073, 'FI': 2e-10, 'FR': 6.4635381325, 'GR': 6.8390220723, 'HR': 3.2e-09, 'HU': 1.8760760582, 'IT': 39.4034159117, 'LT': 4e-10, 'LU': 0.0154840742, 'LV': 0.2785384008, 'NL': 15.0187549156, 'PL': 3.9279836815, 'PT': 5.0059162171, 'RO': 1.2422778151, 'SE': 0.0005570119, 'SI': 0.0971772643, 'SK': 0.8476220068}"
2023-07-01,EU,power,2023,7,49.99,calculated,"{'AT': 0.4945780905, 'BE': 4.7402549942, 'BG': 0.4501781454, 'CZ': 2.2e-09, 'DE': 8.4305253308, 'DK': 0.2984322221, 'EE': 0.0090621931, 'FI': 2e-10, 'FR': 5.6141210904, 'GR': 7.9809754374, 'HR': 4e-09, 'HU': 2.2034520468, 'IT': 47.851233242, 'LT': 4e-10, 'LU': 0.0148490936, 'LV': 0.0445667854, 'NL': 9.8306345722, 'PL': 3.5640413164, 'PT': 4.7878078743, 'RO': 2.9153612325, 'SE': 0.000310075, 'SI': 0.0897661239, 'SK': 0.6798501272}"
2023-08-01,EU,power,2023,8,45.79,calculated,"{'AT': 0.1385452781, 'BE': 5.7365307541, 'BG': 0.5012020207, 'CZ': 2e-09, 'DE': 11.3143529297, 'DK': 0.3373798049, 'EE': 0.0115647691, 'FI': 2e-10, 'FR': 5.3128620401, 'GR': 7.430911234, 'HR': 4e-09, 'HU': 2.2798434079, 'IT': 39.6747619282, 'LT': 2e-10, 'LU': 0.0173202892, 'LV': 0.3856189792, 'NL': 14.381025609, 'PL': 3.940988052, 'PT': 4.2880128088, 'RO': 3.3588628248, 'SE': 0.0005613117, 'SI': 0.0853547663, 'SK': 0.8043011855}"
2023-09-01,EU,power,2023,9,45.66,calculated,"{'AT': 1.253392926, 'BE': 5.5300784018, 'BG': 0.5796938833, 'CZ': 2.3e-09, 'DE': 9.7667223279, 'DK': 0.3402712834, 'EE': 0.0157422079, 'FI': 2e-10, 'FR': 4.3574475728, 'GR': 6.8709393579, 'HR': 4.3e-09, 'HU': 2.099877264, 'IT': 43.8666008596, 'LT': 4e-10, 'LU': 0.0154417306, 'LV': 0.6106653852, 'NL': 13.7029592199, 'PL': 2.1621988209, 'PT': 4.6125207811, 'RO': 3.4335205916, 'SE': 0.0019517885, 'SI': 0.0983668985, 'SK': 0.6816086918}"
2023-10-01,EU,power,2023,10,44.84,calculated,"{'AT': 2.0397748295, 'BE': 4.2071951612, 'BG': 0.6168530378, 'CZ': 2e-09, 'DE': 13.4954765266, 'DK': 0.5265027085, 'EE': 0.0169788219, 'FI': 1e-10, 'FR': 3.9077198628, 'GR': 6.220697426, 'HR': 4.5e-09, 'HU': 2.3702379788, 'IT': 44.007075136, 'LT': 6e-10, 'LU': 0.0256999426, 'LV': 0.4555383963, 'NL': 9.4956092132, 'PL': 4.6242131548, 'PT': 3.1952138307, 'RO': 4.0828683801, 'SE': 0.000920595, 'SI': 0.1090624031, 'SK': 0.6023625877}"
2023-11-01,EU,power,2023,11,46.68,calculated,"{'AT': 3.2712396368, 'BE': 4.3695221519, 'BG': 0.8620836778, 'CZ': 1.8e-09, 'DE': 17.6237245741, 'DK': 0.9696185417, 'EE': 0.0184945723, 'FI': 1.1e-09, 'FR': 5.9396248439, 'GR': 4.3899446643, 'HR': 4.2e-09, 'HU': 2.8233431337, 'IT': 35.8196519898, 'LT': 9e-10, 'LU': 0.0398694012, 'LV': 0.7468742712, 'NL': 9.4465363392, 'PL': 5.9326464283, 'PT': 2.4234621189, 'RO': 4.5225704752, 'SE': 0.0012057486, 'SI': 0.1731299011, 'SK': 0.6264575219}"
2023-12-01,EU,power,2023,12,53.87,calculated,"{'AT': 3.5530098932, 'BE': 4.1467011807, 'BG': 0.9663343815, 'CZ': 1.9e-09, 'DE': 16.8717364756, 'DK': 0.8724890076, 'EE': 0.0178668946, 'FI': 1.6e-09, 'FR': 5.3372065031, 'GR': 4.6768697886, 'HR': 3.3e-09, 'HU': 2.3584741751, 'IT': 37.6895520797, 'LT': 9e-10, 'LU': 0.0372950265, 'LV': 0.6725849333, 'NL': 9.9187056895, 'PL': 5.3703895192, 'PT': 1.8809517358, 'RO': 4.7685777037, 'SE': 0.0004083607, 'SI': 0.1916266027, 'SK': 0.6692200411}"
2024-01-01,EU,power,2024,1,62.66,calculated,"{'AT': 3.8580846618, 'BE': 5.0025154374, 'BG': 0.8534320106, 'CZ': 2.2e-09, 'DE': 19.3328135925, 'DK': 0.9537556414, 'EE': 0.0141087886, 'FI': 1.9e-09, 'FR': 6.2296776284, 'GR': 4.6364648243, 'HR': 3.3e-09, 'HU': 2.3970963335, 'IT': 32.388134948, 'LT': 3e-10, 'LU': 0.0315756042, 'LV': 1.3063221457, 'NL': 10.8604912641, 'PL': 4.9287090916, 'PT': 2.193183131, 'RO': 4.1770870149, 'SE': 0.0016154151, 'SI': 0.1242519473, 'SK': 0.710680512}"
2024-02-01,EU,power,2024,2,45.81,calculated,"{'AT': 2.8024749584, 'BE': 3.8989832325, 'BG': 1.0545065124, 'CZ': 1.7e-09, 'DE': 18.1411715929, 'DK': 0.9366724128, 'EE': 0.0133003787, 'FI': 1.4e-09, 'FR': 3.5636011924, 'GR': 5.2484218877, 'HR': 3.9e-09, 'HU': 2.3960999764, 'IT': 37.3031227414, 'LT': 9e-10, 'LU': 0.0324959329, 'LV': 1.3782417544, 'NL': 9.8754816008, 'PL': 5.8258373953, 'PT': 1.796791361, 'RO': 4.7915046372, 'SE': 0.0012424222, 'SI': 0.1917870339, 'SK': 0.7482629687}"
2024-03-01,EU,power,2024,3,45.28,calculated,"{'AT': 2.1773722615, 'BE': 4.8421000028, 'BG': 0.9981689088, 'CZ': 2e-09, 'DE': 18.8483852241, 'DK': 0.9950067987, 'EE': 0.0206117985, 'FI': 1.7e-09, 'FR': 3.8227874215, 'GR': 6.4310003765, 'HR': 4.1e-09, 'HU': 2.2813097895, 'IT': 34.0394009404, 'LT': 6e-10, 'LU': 0.0287014821, 'LV': 0.7127313881, 'NL': 11.1401326133, 'PL': 5.873582081, 'PT': 2.0290265001, 'RO': 4.7736610515, 'SE': 0.0012080418, 'SI': 0.2114055414, 'SK': 0.7734077701}"
2024-04-01,EU,power,2024,4,32.12,calculated,"{'AT': 1.2823575841, 'BE': 5.0704437451, 'BG': 0.8757457665, 'CZ': 2.2e-09, 'DE': 19.7899440828, 'DK': 0.957245117, 'EE': 0.0227791398, 'FI': 1e-09, 'FR': 1.5113207923, 'GR': 7.6902483023, 'HR': 4.4e-09, 'HU': 2.4035537506, 'IT': 38.6509073944, 'LT': 6e-10, 'LU': 0.0313085507, 'LV': 0.235712844, 'NL': 10.8494644219, 'PL': 6.3352027311, 'PT': 1.0222993709, 'RO': 2.0469384851, 'SE': 0.0014391873, 'SI': 0.1859273021, 'SK': 1.0371614238}"
2024-05-01,EU,power,2024,5,29.67,calculated,"{'AT': 0.0795843963, 'BE': 4.9114344016, 'BG': 0.8537009115, 'CZ': 2.2e-09, 'DE': 16.9657369121, 'DK': 0.6095798995, 'EE': 0.0070665438, 'FI': 3e-10, 'FR': 0.2714052726, 'GR': 11.2913433656, 'HR': 4.5e-09, 'HU': 2.4980865961, 'IT': 40.8477117933, 'LT': 4e-10, 'LU': 0.0232866312, 'LV': 0.0244427051, 'NL': 13.2328638729, 'PL': 4.3239104943, 'PT': 0.8465777437, 'RO': 2.170436549, 'SE': 0.0038369519, 'SI': 0.1828052795, 'SK': 0.8561896724}"
2024-06-01,EU,power,2024,6,33.74,calculated,"{'AT': 0.2186963847, 'BE': 4.8393611481, 'BG': 0.7247879786, 'CZ': 2.6e-09, 'DE': 11.4256860593, 'DK': 0.4170511939, 'EE': 0.0104235683, 'FI': 3e-10, 'FR': 0.6195995231, 'GR': 12.0097560138, 'HR': 3e-09, 'HU': 2.0385890609, 'IT': 43.8972829339, 'LT': 5e-10, 'LU': 0.0189400213, 'LV': 0.017543505, 'NL': 12.2455993906, 'PL': 5.3708349932, 'PT': 0.9257340109, 'RO': 4.1327079084, 'SE': 0.0020050567, 'SI': 0.1457894898, 'SK': 0.9396117531}"
2024-07-01,EU,power,2024,7,44.57,calculated,"{'AT': 0.0739226204, 'BE': 3.3945783651, 'BG': 0.5982896406, 'CZ': 1.2e-09, 'DE': 7.7473147559, 'DK': 0.389047599, 'EE': 0.0069908004, 'FI': 1e-10, 'FR': 1.1847346427, 'GR': 10.7810096652, 'HR': 3.8e-09, 'HU': 1.8721674598, 'IT': 51.3654277953, 'LT': 4e-10, 'LU': 0.0126861396, 'LV': 0.3617149069, 'NL': 9.6135074913, 'PL': 6.0946715763, 'PT': 1.7116564979, 'RO': 3.8608184913, 'SE': 0.0016460557, 'SI': 0.1375605341, 'SK': 0.7922549569}"
2024-08-01,EU,power,2024,8,44.59,calculated,"{'AT': 0.3550453138, 'BE': 3.2379377472, 'BG': 0.6191457796, 'CZ': 1.9e-09, 'DE': 9.0752109185, 'DK': 0.3978715435, 'EE': 0.008675319, 'FI': 1e-10, 'FR': 1.3018313633, 'GR': 9.8373075964, 'HR': 4e-09, 'HU': 1.8762090811, 'IT': 49.4782626176, 'LT': 4e-10, 'LU': 0.0120557824, 'LV': 0.4695805167, 'NL': 10.148684635, 'PL': 6.6519817298, 'PT': 1.7302589831, 'RO': 3.8208249433, 'SE': 0.0031232225, 'SI': 0.1518909714, 'SK': 0.8241019294}"
2024-09-01,EU,power,2024,9,42.24,calculated,"{'AT': 0.4206719206, 'BE': 3.7444089948, 'BG': 0.601540746, 'CZ': 1.8e-09, 'DE': 10.7574056008, 'DK': 0.3856867562, 'EE': 0.0069274272, 'FI': 3e-10, 'FR': 1.679704826, 'GR': 8.0602153883, 'HR': 4.4e-09, 'HU': 1.97983619, 'IT': 47.8177686062, 'LT': 2e-10, 'LU': 0.0148923111, 'LV': 0.6533349834, 'NL': 10.1174701698, 'PL': 7.1955479463, 'PT': 1.9446173492, 'RO': 3.5408940194, 'SE': 0.0020379799, 'SI': 0.1517215454, 'SK': 0.9253172325}"
2024-10-01,EU,power,2024,10,43.08,calculated,"{'AT': 1.8732288676, 'BE': 4.1559554387, 'BG': 0.647346083, 'CZ': 2.4e-09, 'DE': 14.4831974941, 'DK': 0.6202932822, 'EE': 0.0160900792, 'FI': 6e-10, 'FR': 1.4334500292, 'GR': 6.704832612, 'HR': 3.9e-09, 'HU': 2.5052444111, 'IT': 41.4176882536, 'LT': 1e-10, 'LU': 0.0235956413, 'LV': 0.2971369692, 'NL': 11.1395066797, 'PL': 7.6886585239, 'PT': 1.9875948496, 'RO': 3.8408401842, 'SE': 0.0016825013, 'SI': 0.137319775, 'SK': 1.0263383181}"
2024-11-01,EU,power,2024,11,67.45,calculated,"{'AT': 4.404905489, 'BE': 5.0350243176, 'BG': 0.5280656412, 'CZ': 2.9e-09, 'DE': 18.7176183125, 'DK': 0.6075702978, 'EE': 0.0114698062, 'FI': 6e-10, 'FR': 4.3821643967, 'GR': 6.3801945743, 'HR': 2.3e-09, 'HU': 2.4855523906, 'IT': 33.3834011098, 'LT': 3e-10, 'LU': 0.022248954, 'LV': 0.4585989183, 'NL': 11.7092662934, 'PL': 5.8912081716, 'PT': 1.710194295, 'RO': 3.1001929483, 'SE': 0.0010309838, 'SI': 0.1771948951, 'SK': 0.9940981989}"
2024-12-01,EU,power,2024,12,63.67,calculated,"{'AT': 4.6426475765, 'BE': 4.0103978785, 'BG': 0.6968832828, 'CZ': 2.2e-09, 'DE': 18.9432507643, 'DK': 0.6457052944, 'EE': 0.0119834942, 'FI': 7e-10, 'FR': 3.7338530971, 'GR': 6.7906791769, 'HR': 3.3e-09, 'HU': 2.6824586299, 'IT': 35.6769833346, 'LT': 4e-10, 'LU': 0.0265133867, 'LV': 0.4075672696, 'NL': 8.731463199, 'PL': 5.9881908017, 'PT': 2.3113824068, 'RO': 3.4497230327, 'SE': 0.0018214585, 'SI': 0.2974565096, 'SK': 0.9510393998}"
2025-01-01,EU,power,2025,1,69.27,calculated,"{'AT': 4.6612673182, 'BE': 4.0579040338, 'BG': 0.651446722, 'CZ': 2.3e-09, 'DE': 20.1157558136, 'DK': 0.6804059345, 'EE': 0.0113034448, 'FI': 6e-10, 'FR': 4.2448598994, 'GR': 6.6130681143, 'HR': 3.1e-09, 'HU': 2.7120113058, 'IT': 32.6162433735, 'LT': 4e-10, 'LU': 0.0234394391, 'LV': 0.5906745014, 'NL': 10.8220270819, 'PL': 5.6902979345, 'PT': 1.9756931064, 'RO': 3.3799917231, 'SE': 0.0016555711, 'SI': 0.2501425277, 'SK': 0.9018121484}"
2025-02-01,EU,power,2025,2,72.25,calculated,"{'AT': 3.8957316545, 'BE': 4.5327037087, 'BG': 0.5520700449, 'CZ': 2.1e-09, 'DE': 18.8993947891, 'DK': 0.6339042027, 'EE': 0.012090002, 'FI': 8e-10, 'FR': 4.0325779332, 'GR': 6.6786001479, 'HR': 2.8e-09, 'HU': 2.5365004811, 'IT': 37.5008386279, 'LT': 6e-10, 'LU': 0.0216133526, 'LV': 1.1694009102, 'NL': 9.4387125046, 'PL': 4.9005677067, 'PT': 1.5506574276, 'RO': 2.7096310398, 'SE': 0.0011809032, 'SI': 0.1638003574, 'SK': 0.7700241995}"
2025-03-01,EU,power,2025,3,53.98,calculated,"{'AT': 3.2794922669, 'BE': 4.6650620122, 'BG': 0.741946282, 'CZ': 2.4e-09, 'DE': 18.4634893689, 'DK': 0.6006586085, 'EE': 0.0160605372, 'FI': 1.3e-09, 'FR': 2.7737699015, 'GR': 5.4857292321, 'HR': 2.8e-09, 'HU': 2.1914247719, 'IT': 38.5895647229, 'LT': 4e-10, 'LU': 0.0254853163, 'LV': 0.6110610734, 'NL': 10.082474546, 'PL': 6.6012640917, 'PT': 1.6240561072, 'RO': 3.0340593439, 'SE': 0.0024613041, 'SI': 0.2764367218, 'SK': 0.9355037846}"
2025-04-01,EU,power,2025,4,36.97,calculated,"{'AT': 2.536567162, 'BE': 5.9543301533, 'BG': 0.9144539383, 'CZ': 3.1e-09, 'DE': 15.4994807717, 'DK': 0.6611829428, 'EE': 0.0228792795, 'FI': 1.1e-09, 'FR': 1.2387855728, 'GR': 5.7528855184, 'HR': 4e-09, 'HU': 1.9659294628, 'IT': 38.4933143733, 'LT': 4e-10, 'LU': 0.0272853718, 'LV': 0.3349430673, 'NL': 12.9033797074, 'PL': 9.0036653231, 'PT': 1.8194798696, 'RO': 1.6252020724, 'SE': 0.0037598438, 'SI': 0.1990829435, 'SK': 1.0433926176}"
2025-05-01,EU,power,2025,5,31.28,calculated,"{'AT': 0.1678475487, 'BE': 4.2000947099, 'BG': 0.7513755713, 'CZ': 3.1e-09, 'DE': 14.0915247798, 'DK': 0.6973882875, 'EE': 0.0187498296, 'FI': 3e-10, 'FR': 0.3834845887, 'GR': 9.1423706179, 'HR': 2.2e-09, 'HU': 1.6708291958, 'IT': 39.3485912522, 'LT': 4e-10, 'LU': 0.0238592924, 'LV': 0.1089477379, 'NL': 11.6556936456, 'PL': 9.0653290489, 'PT': 4.2482450063, 'RO': 3.0577427224, 'SE': 0.011475351, 'SI': 0.424376983, 'SK': 0.9320738251}"
2025-06-01,EU,power,2025,6,21.91,calculated,"{'AT': 0.2893362543, 'BE': 1.9034693715, 'BG': 1.0739779185, 'CZ': 3.5e-09, 'DE': 21.9275399371, 'DK': 0.7311176285, 'EE': 0.0164246363, 'FI': 3e-10, 'FR': 3.3408040513, 'GR': 18.3173618481, 'HR': 2.8e-09, 'HU': 3.0371584224, 'IT': 20.7600965247, 'LT': 0.0, 'LU': 0.021974579, 'LV': 0.0800350797, 'NL': 4.6438540368, 'PL': 10.8022780427, 'PT': 6.2676392038, 'RO': 4.9750241145, 'SE': 0.020352604, 'SI': 0.6152325425, 'SK': 1.1763231976}"
2025-07-01,EU,power,2025,7,20.03,calculated,"{'AT': 0.492014806, 'BG': 0.9992513628, 'CZ': 4.8e-09, 'DE': 29.1557228906, 'DK': 0.8661476835, 'EE': 0.0137775771, 'FI': 3e-10, 'FR': 5.874269543, 'GR': 24.4664401324, 'HR': 7e-09, 'HU': 4.7899754239, 'LT': 0.0, 'LU': 0.0241755114, 'LV': 0.6421349664, 'PL': 15.5559314687, 'PT': 7.4813232387, 'RO': 6.9668123808, 'SE': 0.0210743497, 'SI': 0.6445429214, 'SK': 2.0064057315}"
2025-08-01,EU,power,2025,8,18.48,calculated,"{'AT': 0.0890135431, 'BG': 1.0002678418, 'CZ': 2.6e-09, 'DE': 32.6593514459, 'DK': 0.9229712495, 'EE': 0.0220344911, 'FI': 9e-10, 'FR': 5.6788464706, 'GR': 21.6024705226, 'HR': 7.1e-09, 'HU': 3.8140165685, 'LT': 3e-10, 'LU': 0.0246341693, 'LV': 0.6950816434, 'PL': 15.2162066164, 'PT': 7.9609515807, 'RO': 7.8384301125, 'SE': 0.021698979, 'SI': 0.6938694704, 'SK': 1.7601552842}"
2025-09-01,EU,power,2025,9,19.41,calculated,"{'AT': 1.2380910164, 'BG': 1.0302565241, 'CZ': 1.9e-09, 'DE': 39.1706530179, 'DK': 0.8061472521, 'EE': 0.0246383657, 'FI': 7e-10, 'FR': 1.5950104263, 'GR': 18.0291748682, 'HR': 5.6e-09, 'HU': 4.0203719474, 'LT': 3e-10, 'LU': 0.032997572, 'LV': 0.8912134537, 'PL': 15.7863047828, 'PT': 7.301390944, 'RO': 7.0569551148, 'SE': 0.0162953899, 'SI': 0.6418104142, 'SK': 2.3586889018}"
2025-10-01,EU,power,2025,10,37.25,calculated,"{'AT': 3.8006336728, 'BE': 1.7562305516, 'BG': 0.7718785454, 'CZ': 1.7e-09, 'DE': 28.2351978274, 'DK': 0.6699327782, 'EE': 0.019654531, 'FI': 9e-10, 'FR': 4.193309815, 'GR': 9.8211830372, 'HR': 4.3e-09, 'HU': 4.3431543738, 'IT': 20.8076525446, 'LT': 6e-10, 'LU': 0.0244932736, 'LV': 0.7384930608, 'NL': 3.0555381369, 'PL': 10.3441540268, 'PT': 4.1933828585, 'RO': 5.3450279123, 'SE': 0.0102591595, 'SI': 0.5488081271, 'SK': 1.3210157601}"
2025-11-01,EU,power,2025,11,66.84,calculated,"{'AT': 2.3437568647, 'BE': 4.0284751539, 'BG': 0.582741506, 'DE': 22.5133680798, 'DK': 0.6023984544, 'EE': 0.009642653, 'FI': 5e-10, 'FR': 2.4844973825, 'GR': 5.2065628564, 'HR': 2.8e-09, 'HU': 2.8905882031, 'IT': 34.644737034, 'LU': 0.019288074, 'LV': 0.6076960038, 'NL': 10.6640484896, 'PL': 6.6749688039, 'PT': 2.1922048802, 'RO': 3.0927746142, 'SE': 0.0026302225, 'SI': 0.407252402, 'SK': 1.0323683186}"
