AT,power,2016,1,12.491121104,eurostat
BE,power,2016,1,21.026683488,eurostat
BG,power,2016,1,4.403336856,eurostat
CY,power,2016,1,0.0,eurostat
CZ,power,2016,1,12.90695477,eurostat
DE,power,2016,1,138.45455520800002,eurostat
DK,power,2016,1,5.39167098,eurostat
EE,power,2016,1,1.045556392,eurostat
ES,power,2016,1,30.455857698000003,eurostat
EU27_2020,power,2016,1,525.876531812,eurostat
FI,power,2016,1,4.312781228,eurostat
FR,power,2016,1,63.129494948,eurostat
GR,power,2016,1,4.478059138,eurostat
HR,power,2016,1,3.648058474,eurostat
HU,power,2016,1,16.228068538000002,eurostat
IE,power,2016,1,4.713337104,eurostat
IT,power,2016,1,96.647021762,eurostat
LT,power,2016,1,3.06528023,eurostat
LU,power,2016,1,1.109167554,eurostat
LV,power,2016,1,2.583613178,eurostat
MT,power,2016,1,0.0,eurostat
NL,power,2016,1,46.786981874,eurostat
PL,power,2016,1,22.75835154,eurostat
PT,power,2016,1,4.226947826,eurostat
RO,power,2016,1,14.866956338,eurostat
SE,power,2016,1,1.800834774,eurostat
SI,power,2016,1,1.161389818,eurostat
SK,power,2016,1,8.184450992,eurostat
AT,power,2016,1,9.403618634,eurostat
BE,power,2016,1,19.349459924,eurostat
BG,power,2016,1,3.27361373,eurostat
CY,power,2016,1,0.0,eurostat
CZ,power,2016,1,9.731118896,eurostat
DE,power,2016,1,106.602029726,eurostat
DK,power,2016,1,4.116947738,eurostat
EE,power,2016,1,0.65416719,eurostat
ES,power,2016,1,29.164189998,eurostat
EU27_2020,power,2016,1,432.38506813,eurostat
FI,power,2016,1,2.9150023320000003,eurostat
FR,power,2016,1,56.858101042,eurostat
GR,power,2016,1,2.985835722,eurostat
HR,power,2016,1,2.805002244,eurostat
HU,power,2016,1,11.412786908,eurostat
IE,power,2016,1,4.977226204,eurostat
IT,power,2016,1,79.523119174,eurostat
LT,power,2016,1,2.1486128300000003,eurostat
LU,power,2016,1,1.020000816,eurostat
LV,power,2016,1,1.391945558,eurostat
MT,power,2016,1,0.0,eurostat
NL,power,2016,1,42.205311542,eurostat
PL,power,2016,1,18.264736834,eurostat
PT,power,2016,1,3.6944474,eurostat
RO,power,2016,1,11.901953966,eurostat
SE,power,2016,1,1.350278858,eurostat
SI,power,2016,1,0.943611866,eurostat
SK,power,2016,1,5.691948998,eurostat
AT,power,2016,1,9.271674084,eurostat
BE,power,2016,1,19.290015432,eurostat
BG,power,2016,1,3.198058114,eurostat
CY,power,2016,1,0.0,eurostat
CZ,power,2016,1,9.79584117,eurostat
DE,power,2016,1,101.895081516,eurostat
DK,power,2016,1,3.987225412,eurostat
EE,power,2016,1,0.6319449500000001,eurostat
ES,power,2016,1,29.297523438,eurostat
EU27_2020,power,2016,1,398.685874504,eurostat
FI,power,2016,1,2.74166886,eurostat
FR,power,2016,1,57.10699013,eurostat
GR,power,2016,1,3.17361365,eurostat
HR,power,2016,1,2.960280146,eurostat
HU,power,2016,1,10.65417519,eurostat
IE,power,2016,1,4.818892744,eurostat
IT,power,2016,1,74.35839282,eurostat
LT,power,2016,1,2.401113032,eurostat
LU,power,2016,1,1.025834154,eurostat
LV,power,2016,1,1.471390066,eurostat
MT,power,2016,1,0.0,eurostat
NL,power,2016,1,18.862792868,eurostat
PL,power,2016,1,18.738070546,eurostat
PT,power,2016,1,4.094725498,eurostat
RO,power,2016,1,11.4027869,eurostat
SE,power,2016,1,1.096945322,eurostat
SI,power,2016,1,0.941945198,eurostat
SK,power,2016,1,5.468893264,eurostat
AT,power,2016,1,6.932227768000001,eurostat
BE,power,2016,1,14.479733806,eurostat
BG,power,2016,1,2.501113112,eurostat
CY,power,2016,1,0.0,eurostat
CZ,power,2016,1,6.670005336,eurostat
DE,power,2016,1,62.903105878000005,eurostat
DK,power,2016,1,3.1566691920000003,eurostat
EE,power,2016,1,0.43472257,eurostat
ES,power,2016,1,25.22918685,eurostat
EU27_2020,power,2016,1,291.86356682400003,eurostat
FI,power,2016,1,1.907501526,eurostat
FR,power,2016,1,39.131697972,eurostat
GR,power,2016,1,2.765835546,eurostat
HR,power,2016,1,2.101112792,eurostat
HU,power,2016,1,6.33889396,eurostat
IE,power,2016,1,4.810837182,eurostat
IT,power,2016,1,46.672537338000005,eurostat
LT,power,2016,1,1.830001464,eurostat
LU,power,2016,1,0.798333972,eurostat
LV,power,2016,1,0.967778552,eurostat
MT,power,2016,1,0.0,eurostat
NL,power,2016,1,30.774746842000003,eurostat
PL,power,2016,1,15.216956618,eurostat
PT,power,2016,1,3.6944474,eurostat
RO,power,2016,1,8.24445104,eurostat
SE,power,2016,1,0.62083383,eurostat
SI,power,2016,1,0.6663894220000001,eurostat
SK,power,2016,1,3.014446856,eurostat
AT,power,2016,1,5.3611154,eurostat
BE,power,2016,1,10.093896964,eurostat
BG,power,2016,1,2.4961131080000003,eurostat
CY,power,2016,1,0.0,eurostat
CZ,power,2016,1,4.621670364,eurostat
DE,power,2016,1,57.111990134,eurostat
DK,power,2016,1,2.026112732,eurostat
EE,power,2016,1,0.2361113,eurostat
ES,power,2016,1,23.14029629,eurostat
EU27_2020,power,2016,1,240.232692186,eurostat
FI,power,2016,1,1.407223348,eurostat
FR,power,2016,1,25.584464912,eurostat
GR,power,2016,1,2.733057742,eurostat
HR,power,2016,1,2.101112792,eurostat
HU,power,2016,1,5.189448596,eurostat
IE,power,2016,1,4.306670112,eurostat
IT,power,2016,1,44.185590904,eurostat
LT,power,2016,1,1.751668068,eurostat
LU,power,2016,1,0.601111592,eurostat
LV,power,2016,1,0.615556048,eurostat
MT,power,2016,1,0.0,eurostat
NL,power,2016,1,21.621128408,eurostat
PL,power,2016,1,12.44028773,eurostat
PT,power,2016,1,3.823891948,eurostat
RO,power,2016,1,7.073338992,eurostat
SE,power,2016,1,0.501667068,eurostat
SI,power,2016,1,0.591389362,eurostat
SK,power,2016,1,0.617778272,eurostat
AT,power,2016,1,3.970280954,eurostat
BE,power,2016,1,9.159451772,eurostat
BG,power,2016,1,2.191390642,eurostat
CY,power,2016,1,0.0,eurostat
CZ,power,2016,1,3.5777806400000003,eurostat
DE,power,2016,1,43.070590012,eurostat
DK,power,2016,1,1.848057034,eurostat
EE,power,2016,1,0.193333488,eurostat
ES,power,2016,1,22.103073238,eurostat
EU27_2020,power,2016,1,208.347944456,eurostat
FI,power,2016,1,1.414167798,eurostat
FR,power,2016,1,20.576127572,eurostat
GR,power,2016,1,3.73194743,eurostat
HR,power,2016,1,1.492778972,eurostat
HU,power,2016,1,4.114725514,eurostat
IE,power,2016,1,4.153058878,eurostat
IT,power,2016,1,39.32780924,eurostat
LT,power,2016,1,1.366389982,eurostat
LU,power,2016,1,0.500555956,eurostat
LV,power,2016,1,0.686944994,eurostat
MT,power,2016,1,0.0,eurostat
NL,power,2016,1,20.158627238,eurostat
PL,power,2016,1,10.396397206,eurostat
PT,power,2016,1,4.6166703600000005,eurostat
RO,power,2016,1,6.319727278,eurostat
SE,power,2016,1,0.445000356,eurostat
SI,power,2016,1,0.5197226380000001,eurostat
SK,power,2016,1,2.413335264,eurostat
AT,power,2016,1,4.0458365700000005,eurostat
BE,power,2016,1,8.49584013,eurostat
BG,power,2016,1,1.79027921,eurostat
CY,power,2016,1,0.0,eurostat
CZ,power,2016,1,3.351113792,eurostat
DE,power,2016,1,46.870315274,eurostat
DK,power,2016,1,1.57083459,eurostat
EE,power,2016,1,0.177222364,eurostat
ES,power,2016,1,23.668630046,eurostat
EU27_2020,power,2016,1,216.603784394,eurostat
FI,power,2016,1,1.376945546,eurostat
FR,power,2016,1,19.733626898,eurostat
GR,power,2016,1,3.755280782,eurostat
HR,power,2016,1,1.124445344,eurostat
HU,power,2016,1,4.182781124,eurostat
IE,power,2016,1,3.812780828,eurostat
IT,power,2016,1,44.354757706,eurostat
LT,power,2016,1,1.038334164,eurostat
LU,power,2016,1,0.458889256,eurostat
LV,power,2016,1,0.625556056,eurostat
MT,power,2016,1,0.0,eurostat
NL,power,2016,1,20.445571912,eurostat
PL,power,2016,1,10.564730674,eurostat
PT,power,2016,1,5.368893184,eurostat
RO,power,2016,1,6.5694497,eurostat
SE,power,2016,1,0.411389218,eurostat
SI,power,2016,1,0.501111512,eurostat
SK,power,2016,1,2.309168514,eurostat
AT,power,2016,1,3.914169798,eurostat
BE,power,2016,1,9.164451776,eurostat
BG,power,2016,1,1.82500146,eurostat
CY,power,2016,1,0.0,eurostat
CZ,power,2016,1,3.635836242,eurostat
DE,power,2016,1,46.958648678,eurostat
DK,power,2016,1,1.753612514,eurostat
EE,power,2016,1,0.182500146,eurostat
ES,power,2016,1,21.385850442,eurostat
EU27_2020,power,2016,1,209.304056332,eurostat
FI,power,2016,1,1.4686122860000002,eurostat
FR,power,2016,1,18.188625662,eurostat
GR,power,2016,1,3.2802804020000003,eurostat
HR,power,2016,1,1.663056886,eurostat
HU,power,2016,1,4.204725586,eurostat
IE,power,2016,1,3.911947574,eurostat
IT,power,2016,1,37.666141244,eurostat
LT,power,2016,1,1.088056426,eurostat
LU,power,2016,1,0.391111424,eurostat
LV,power,2016,1,0.589167138,eurostat
MT,power,2016,1,0.0,eurostat
NL,power,2016,1,21.167516934,eurostat
PL,power,2016,1,11.172508938,eurostat
PT,power,2016,1,4.997781776,eurostat
RO,power,2016,1,6.976672248,eurostat
SE,power,2016,1,0.497500398,eurostat
SI,power,2016,1,0.496389286,eurostat
SK,power,2016,1,2.723891068,eurostat
AT,power,2016,1,5.309448692,eurostat
BE,power,2016,1,9.718896664,eurostat
BG,power,2016,1,2.154446168,eurostat
CY,power,2016,1,0.0,eurostat
CZ,power,2016,1,4.4766702480000005,eurostat
DE,power,2016,1,46.639203978000005,eurostat
DK,power,2016,1,1.71527915,eurostat
EE,power,2016,1,0.210000168,eurostat
ES,power,2016,1,23.248907488,eurostat
EU27_2020,power,2016,1,237.90574588,eurostat
FI,power,2016,1,1.389167778,eurostat
FR,power,2016,1,23.72779676,eurostat
GR,power,2016,1,3.447780536,eurostat
HR,power,2016,1,1.830001464,eurostat
HU,power,2016,1,4.607781464,eurostat
IE,power,2016,1,4.53055918,eurostat
IT,power,2016,1,49.265594968,eurostat
LT,power,2016,1,1.293334368,eurostat
LU,power,2016,1,0.474722602,eurostat
LV,power,2016,1,0.6075004860000001,eurostat
MT,power,2016,1,0.0,eurostat
NL,power,2016,1,22.194739978,eurostat
PL,power,2016,1,11.595009276,eurostat
PT,power,2016,1,5.785837962,eurostat
RO,power,2016,1,8.496117908,eurostat
SE,power,2016,1,0.599167146,eurostat
SI,power,2016,1,0.533611538,eurostat
SK,power,2016,1,4.05416991,eurostat
AT,power,2016,1,8.539451276,eurostat
BE,power,2016,1,16.311679716,eurostat
BG,power,2016,1,2.978057938,eurostat
CY,power,2016,1,0.0,eurostat
CZ,power,2016,1,8.433062302,eurostat
DE,power,2016,1,77.181450634,eurostat
DK,power,2016,1,3.100558036,eurostat
EE,power,2016,1,0.491111504,eurostat
ES,power,2016,1,27.061688316,eurostat
EU27_2020,power,2016,1,344.049997462,eurostat
FI,power,2016,1,1.70972359,eurostat
FR,power,2016,1,41.816144564,eurostat
GR,power,2016,1,4.071947702,eurostat
HR,power,2016,1,2.960002368,eurostat
HU,power,2016,1,8.97917385,eurostat
IE,power,2016,1,4.518614726,eurostat
IT,power,2016,1,59.637269932,eurostat
LT,power,2016,1,2.272779596,eurostat
LU,power,2016,1,0.756111716,eurostat
LV,power,2016,1,1.485834522,eurostat
MT,power,2016,1,0.0,eurostat
NL,power,2016,1,32.848081834,eurostat
PL,power,2016,1,16.210012968,eurostat
PT,power,2016,1,5.780282402,eurostat
RO,power,2016,1,11.253897892,eurostat
SE,power,2016,1,0.738056146,eurostat
SI,power,2016,1,0.78333396,eurostat
SK,power,2016,1,4.131669972,eurostat
AT,power,2016,1,10.692508554,eurostat
BE,power,2016,1,19.986960434,eurostat
BG,power,2016,1,3.569169522,eurostat
CY,power,2016,1,0.0,eurostat
CZ,power,2016,1,10.655841858,eurostat
DE,power,2016,1,108.88480933,eurostat
DK,power,2016,1,4.526114732,eurostat
EE,power,2016,1,0.625278278,eurostat
ES,power,2016,1,32.490859326,eurostat
EU27_2020,power,2016,1,448.770914572,eurostat
FI,power,2016,1,2.943335688,eurostat
FR,power,2016,1,58.498935688,eurostat
GR,power,2016,1,4.209725590000001,eurostat
HR,power,2016,1,3.281669292,eurostat
HU,power,2016,1,12.064176318,eurostat
IE,power,2016,1,5.1952819340000005,eurostat
IT,power,2016,1,78.98339652,eurostat
LT,power,2016,1,0.951111872,eurostat
LU,power,2016,1,0.952500762,eurostat
LV,power,2016,1,1.959168234,eurostat
MT,power,2016,1,0.0,eurostat
NL,power,2016,1,41.973922468000005,eurostat
PL,power,2016,1,19.153070878,eurostat
PT,power,2016,1,5.59167114,eurostat
RO,power,2016,1,14.01112232,eurostat
SE,power,2016,1,1.218612086,eurostat
SI,power,2016,1,0.953056318,eurostat
SK,power,2016,1,5.39861543,eurostat
AT,power,2016,1,12.82917693,eurostat
BE,power,2016,1,22.357240108,eurostat
BG,power,2016,1,4.342225696,eurostat
CY,power,2016,1,0.0,eurostat
CZ,power,2016,1,12.809454692,eurostat
DE,power,2016,1,120.678985432,eurostat
DK,power,2016,1,4.2013922500000005,eurostat
EE,power,2016,1,0.652222744,eurostat
ES,power,2016,1,33.831693732,eurostat
EU27_2020,power,2016,1,521.764584078,eurostat
FI,power,2016,1,2.961391258,eurostat
FR,power,2016,1,70.94589009,eurostat
GR,power,2016,1,6.07083819,eurostat
HR,power,2016,1,4.203336696,eurostat
HU,power,2016,1,15.793345968,eurostat
IE,power,2016,1,4.813337184,eurostat
IT,power,2016,1,99.885635464,eurostat
LT,power,2016,1,2.771113328,eurostat
LU,power,2016,1,1.07500086,eurostat
LV,power,2016,1,1.732501386,eurostat
MT,power,2016,1,0.0,eurostat
NL,power,2016,1,46.573926148,eurostat
PL,power,2016,1,21.989462036,eurostat
PT,power,2016,1,5.673060094,eurostat
RO,power,2016,1,16.0416795,eurostat
SE,power,2016,1,1.28194547,eurostat
SI,power,2016,1,1.183612058,eurostat
SK,power,2016,1,7.066116764,eurostat
AT,power,2017,1,16.540846566,eurostat
BE,power,2017,1,26.3143821626,eurostat
BG,power,2017,1,5.037226252,eurostat
CY,power,2017,1,0.0,eurostat
CZ,power,2017,1,15.782790404,eurostat
DE,power,2017,1,144.365671048,eurostat
DK,power,2017,1,5.004448448,eurostat
EE,power,2017,1,0.746667264,eurostat
ES,power,2017,1,38.470030776,eurostat
EU27_2020,power,2017,1,615.6262425006,eurostat
FI,power,2017,1,3.375558256,eurostat
FR,power,2017,1,81.902565522,eurostat
GR,power,2017,1,7.0116722760000005,eurostat
HR,power,2017,1,4.981392874,eurostat
HU,power,2017,1,20.248905088,eurostat
IE,power,2017,1,5.323337592000001,eurostat
IT,power,2017,1,117.908983216,eurostat
LT,power,2017,1,2.929724566,eurostat
LU,power,2017,1,1.302223264,eurostat
LV,power,2017,1,2.1247239220000003,eurostat
MT,power,2017,1,0.033888916,eurostat
NL,power,2017,1,54.876155012000005,eurostat
PL,power,2017,1,25.217797952,eurostat
PT,power,2017,1,5.688060106,eurostat
RO,power,2017,1,18.844737298,eurostat
SE,power,2017,1,1.05972307,eurostat
SI,power,2017,1,1.45277894,eurostat
SK,power,2017,1,9.08195171,eurostat
AT,power,2017,1,11.492509194,eurostat
BE,power,2017,1,19.448348892,eurostat
BG,power,2017,1,3.889447556,eurostat
CY,power,2017,1,0.0,eurostat
CZ,power,2017,1,11.08473109,eurostat
DE,power,2017,1,99.32091279,eurostat
DK,power,2017,1,4.387225732,eurostat
EE,power,2017,1,0.6805561,eurostat
ES,power,2017,1,29.264190078,eurostat
EU27_2020,power,2017,1,447.139524378,eurostat
FI,power,2017,1,3.001946846,eurostat
FR,power,2017,1,56.196711624,eurostat
GR,power,2017,1,4.82222608,eurostat
HR,power,2017,1,3.4519472060000003,eurostat
HU,power,2017,1,13.183899436,eurostat
IE,power,2017,1,4.439725774,eurostat
IT,power,2017,1,85.492290616,eurostat
LT,power,2017,1,2.578335396,eurostat
LU,power,2017,1,0.955834098,eurostat
LV,power,2017,1,1.890557068,eurostat
MT,power,2017,1,0.106666752,eurostat
NL,power,2017,1,41.98336692,eurostat
PL,power,2017,1,20.664460976,eurostat
PT,power,2017,1,5.437226572,eurostat
RO,power,2017,1,14.989178658,eurostat
SE,power,2017,1,0.960834102,eurostat
SI,power,2017,1,1.042500834,eurostat
SK,power,2017,1,6.373893988,eurostat
AT,power,2017,1,9.04861835,eurostat
BE,power,2017,1,17.2535138028,eurostat
BG,power,2017,1,3.3763915900000003,eurostat
CY,power,2017,1,0.0,eurostat
CZ,power,2017,1,8.821118168,eurostat
DE,power,2017,1,87.881459194,eurostat
DK,power,2017,1,4.01944766,eurostat
EE,power,2017,1,0.616389382,eurostat
ES,power,2017,1,29.250578956,eurostat
EU27_2020,power,2017,1,389.9752008688,eurostat
FI,power,2017,1,2.60833542,eurostat
FR,power,2017,1,48.812261272,eurostat
GR,power,2017,1,3.636947354,eurostat
HR,power,2017,1,2.72083551,eurostat
HU,power,2017,1,9.547507638,eurostat
IE,power,2017,1,4.870281674,eurostat
IT,power,2017,1,68.69644384600001,eurostat
LT,power,2017,1,2.34444632,eurostat
LU,power,2017,1,0.869722918,eurostat
LV,power,2017,1,1.372778876,eurostat
MT,power,2017,1,0.10972231,eurostat
NL,power,2017,1,36.80002944,eurostat
PL,power,2017,1,18.906681792,eurostat
PT,power,2017,1,5.533893316,eurostat
RO,power,2017,1,11.976676248,eurostat
SE,power,2017,1,4.97917065,eurostat
SI,power,2017,1,0.889167378,eurostat
SK,power,2017,1,5.032781804,eurostat
AT,power,2017,1,7.442505954,eurostat
BE,power,2017,1,15.595012476,eurostat
BG,power,2017,1,2.815002252,eurostat
CY,power,2017,1,0.0,eurostat
CZ,power,2017,1,7.456117076,eurostat
DE,power,2017,1,82.521732684,eurostat
DK,power,2017,1,3.106113596,eurostat
EE,power,2017,1,0.466389262,eurostat
ES,power,2017,1,23.718352308,eurostat
EU27_2020,power,2017,1,324.15637043600003,eurostat
FI,power,2017,1,1.981112696,eurostat
FR,power,2017,1,36.11808445,eurostat
GR,power,2017,1,3.135002508,eurostat
HR,power,2017,1,2.276668488,eurostat
HU,power,2017,1,8.056395334,eurostat
IE,power,2017,1,4.734448232,eurostat
IT,power,2017,1,51.170596492,eurostat
LT,power,2017,1,2.338612982,eurostat
LU,power,2017,1,0.726111692,eurostat
LV,power,2017,1,1.116945338,eurostat
MT,power,2017,1,0.205000164,eurostat
NL,power,2017,1,32.107525686,eurostat
PL,power,2017,1,16.898346852,eurostat
PT,power,2017,1,5.178059698,eurostat
RO,power,2017,1,9.51806317,eurostat
SE,power,2017,1,0.6005560360000001,eurostat
SI,power,2017,1,0.699722782,eurostat
SK,power,2017,1,4.173892228,eurostat
AT,power,2017,1,5.215004172,eurostat
BE,power,2017,1,11.9043428568,eurostat
BG,power,2017,1,2.378613014,eurostat
CY,power,2017,1,0.0,eurostat
CZ,power,2017,1,4.725837114,eurostat
DE,power,2017,1,65.463663482,eurostat
DK,power,2017,1,2.2083351,eurostat
EE,power,2017,1,0.303333576,eurostat
ES,power,2017,1,23.395574272,eurostat
EU27_2020,power,2017,1,264.6287117028,eurostat
FI,power,2017,1,1.579723486,eurostat
FR,power,2017,1,26.305854378,eurostat
GR,power,2017,1,3.4538916520000003,eurostat
HR,power,2017,1,1.978612694,eurostat
HU,power,2017,1,5.219726398000001,eurostat
IE,power,2017,1,4.219725598,eurostat
IT,power,2017,1,47.730871518,eurostat
LT,power,2017,1,1.577501262,eurostat
LU,power,2017,1,0.5491671060000001,eurostat
LV,power,2017,1,0.643333848,eurostat
MT,power,2017,1,0.229444628,eurostat
NL,power,2017,1,25.267797992,eurostat
PL,power,2017,1,13.430010744,eurostat
PT,power,2017,1,5.4947266180000005,eurostat
RO,power,2017,1,7.473061534,eurostat
SE,power,2017,1,0.5516671080000001,eurostat
SI,power,2017,1,0.589444916,eurostat
SK,power,2017,1,2.7394466360000003,eurostat
AT,power,2017,1,4.724726002000001,eurostat
BE,power,2017,1,9.6173965828,eurostat
BG,power,2017,1,2.310001848,eurostat
CY,power,2017,1,0.0,eurostat
CZ,power,2017,1,3.830836398,eurostat
DE,power,2017,1,52.658653238,eurostat
DK,power,2017,1,1.7919458780000002,eurostat
EE,power,2017,1,0.185277926,eurostat
ES,power,2017,1,24.964186638,eurostat
EU27_2020,power,2017,1,233.5181312588,eurostat
FI,power,2017,1,1.369723318,eurostat
FR,power,2017,1,19.019181882,eurostat
GR,power,2017,1,4.304725666,eurostat
HR,power,2017,1,1.778890312,eurostat
HU,power,2017,1,4.60694813,eurostat
IE,power,2017,1,4.111392178,eurostat
IT,power,2017,1,46.12225912,eurostat
LT,power,2017,1,1.290556588,eurostat
LU,power,2017,1,0.456389254,eurostat
LV,power,2017,1,0.5541671100000001,eurostat
MT,power,2017,1,0.331666932,eurostat
NL,power,2017,1,20.899183386,eurostat
PL,power,2017,1,11.310564604,eurostat
PT,power,2017,1,6.078615974,eurostat
RO,power,2017,1,8.086395358,eurostat
SE,power,2017,1,0.473889268,eurostat
SI,power,2017,1,0.52500042,eurostat
SK,power,2017,1,2.115557248,eurostat
AT,power,2017,1,4.542225856,eurostat
BE,power,2017,1,9.5390631868,eurostat
BG,power,2017,1,1.915557088,eurostat
CY,power,2017,1,0.0,eurostat
CZ,power,2017,1,3.79305859,eurostat
DE,power,2017,1,58.22643547,eurostat
DK,power,2017,1,1.589445716,eurostat
EE,power,2017,1,0.193333488,eurostat
ES,power,2017,1,26.757799184,eurostat
EU27_2020,power,2017,1,245.9311967448,eurostat
FI,power,2017,1,1.368334428,eurostat
FR,power,2017,1,19.862793668,eurostat
GR,power,2017,1,4.4566702320000005,eurostat
HR,power,2017,1,2.140835046,eurostat
HU,power,2017,1,4.629725926,eurostat
IE,power,2017,1,4.452503562,eurostat
IT,power,2017,1,48.313094206,eurostat
LT,power,2017,1,1.32083439,eurostat
LU,power,2017,1,0.457500366,eurostat
LV,power,2017,1,0.541389322,eurostat
MT,power,2017,1,0.382778084,eurostat
NL,power,2017,1,22.713073726,eurostat
PL,power,2017,1,11.816953898,eurostat
PT,power,2017,1,6.6722275600000005,eurostat
RO,power,2017,1,7.120283474,eurostat
SE,power,2017,1,0.414444776,eurostat
SI,power,2017,1,0.508611518,eurostat
SK,power,2017,1,2.202223984,eurostat
AT,power,2017,1,4.801948286,eurostat
BE,power,2017,1,9.3867297316,eurostat
BG,power,2017,1,1.807223668,eurostat
CY,power,2017,1,0.0,eurostat
CZ,power,2017,1,7.456117076,eurostat
DE,power,2017,1,48.847539078,eurostat
DK,power,2017,1,1.808612558,eurostat
EE,power,2017,1,0.20416683,eurostat
ES,power,2017,1,24.711686436,eurostat
EU27_2020,power,2017,1,229.4405168856,eurostat
FI,power,2017,1,1.523056774,eurostat
FR,power,2017,1,17.90001432,eurostat
GR,power,2017,1,4.620281474,eurostat
HR,power,2017,1,2.151946166,eurostat
HU,power,2017,1,4.710559324,eurostat
IE,power,2017,1,4.42222576,eurostat
IT,power,2017,1,42.036978074,eurostat
LT,power,2017,1,1.396390006,eurostat
LU,power,2017,1,0.403611434,eurostat
LV,power,2017,1,0.542778212,eurostat
MT,power,2017,1,0.39722254,eurostat
NL,power,2017,1,21.361961534,eurostat
PL,power,2017,1,11.572509258,eurostat
PT,power,2017,1,6.681394234,eurostat
RO,power,2017,1,7.431394834000001,eurostat
SE,power,2017,1,0.5291670900000001,eurostat
SI,power,2017,1,0.516111524,eurostat
SK,power,2017,1,2.218890664,eurostat
AT,power,2017,1,5.881393594,eurostat
BE,power,2017,1,11.1170644492,eurostat
BG,power,2017,1,1.99861271,eurostat
CY,power,2017,1,0.0,eurostat
CZ,power,2017,1,5.0594484920000005,eurostat
DE,power,2017,1,60.446715024,eurostat
DK,power,2017,1,2.12639059,eurostat
EE,power,2017,1,0.250555756,eurostat
ES,power,2017,1,25.711965014,eurostat
EU27_2020,power,2017,1,261.5139314332,eurostat
FI,power,2017,1,1.518890104,eurostat
FR,power,2017,1,25.7500206,eurostat
GR,power,2017,1,4.075836594,eurostat
HR,power,2017,1,2.200835094,eurostat
HU,power,2017,1,5.5225044180000005,eurostat
IE,power,2017,1,4.31250345,eurostat
IT,power,2017,1,45.794203302,eurostat
LT,power,2017,1,1.747501398,eurostat
LU,power,2017,1,0.565833786,eurostat
LV,power,2017,1,0.607778264,eurostat
MT,power,2017,1,0.454722586,eurostat
NL,power,2017,1,25.906409614,eurostat
PL,power,2017,1,12.916399222,eurostat
PT,power,2017,1,6.0255603760000005,eurostat
RO,power,2017,1,7.661395018,eurostat
SE,power,2017,1,0.550833774,eurostat
SI,power,2017,1,0.61666716,eurostat
SK,power,2017,1,2.693891044,eurostat
AT,power,2017,1,7.77222844,eurostat
BE,power,2017,1,14.4712893548,eurostat
BG,power,2017,1,2.728613294,eurostat
CY,power,2017,1,0.0,eurostat
CZ,power,2017,1,7.099727902000001,eurostat
DE,power,2017,1,71.863390824,eurostat
DK,power,2017,1,2.5200020160000003,eurostat
EE,power,2017,1,0.46527815,eurostat
ES,power,2017,1,28.574189526,eurostat
EU27_2020,power,2017,1,322.1548688348,eurostat
FI,power,2017,1,1.774168086,eurostat
FR,power,2017,1,36.651973766000005,eurostat
GR,power,2017,1,3.945280934,eurostat
HR,power,2017,1,2.936669016,eurostat
HU,power,2017,1,8.498340132000001,eurostat
IE,power,2017,1,4.519725838,eurostat
IT,power,2017,1,55.42504434,eurostat
LT,power,2017,1,2.203890652,eurostat
LU,power,2017,1,0.682222768,eurostat
LV,power,2017,1,1.132778684,eurostat
MT,power,2017,1,0.371666964,eurostat
NL,power,2017,1,30.052801820000003,eurostat
PL,power,2017,1,16.986680256,eurostat
PT,power,2017,1,5.496393286,eurostat
RO,power,2017,1,10.250841534,eurostat
SE,power,2017,1,0.7327783640000001,eurostat
SI,power,2017,1,0.760556164,eurostat
SK,power,2017,1,4.238336724,eurostat
AT,power,2017,1,10.57223068,eurostat
BE,power,2017,1,19.964043749,eurostat
BG,power,2017,1,3.55278062,eurostat
CY,power,2017,1,0.0,eurostat
CZ,power,2017,1,10.205841498,eurostat
DE,power,2017,1,108.09453092,eurostat
DK,power,2017,1,3.490836126,eurostat
EE,power,2017,1,0.532778204,eurostat
ES,power,2017,1,36.45419583,eurostat
EU27_2020,power,2017,1,456.358837309,eurostat
FI,power,2017,1,1.980834918,eurostat
FR,power,2017,1,59.536158740000005,eurostat
GR,power,2017,1,5.162226352,eurostat
HR,power,2017,1,3.5238917080000003,eurostat
HU,power,2017,1,12.401121032,eurostat
IE,power,2017,1,5.279448668000001,eurostat
IT,power,2017,1,83.926178252,eurostat
LT,power,2017,1,2.370001896,eurostat
LU,power,2017,1,0.934445192,eurostat
LV,power,2017,1,1.33055662,eurostat
MT,power,2017,1,0.206111276,eurostat
NL,power,2017,1,40.57642135,eurostat
PL,power,2017,1,19.89307147,eurostat
PT,power,2017,1,5.523893308,eurostat
RO,power,2017,1,13.257788384,eurostat
SE,power,2017,1,0.92500074,eurostat
SI,power,2017,1,0.98194523,eurostat
SK,power,2017,1,5.6825045460000005,eurostat
AT,power,2017,1,11.746676064,eurostat
BE,power,2017,1,22.9628239258,eurostat
BG,power,2017,1,3.897780896,eurostat
CY,power,2017,1,0.0,eurostat
CZ,power,2017,1,11.64584265,eurostat
DE,power,2017,1,114.48481381,eurostat
DK,power,2017,1,3.867780872,eurostat
EE,power,2017,1,0.611944934,eurostat
ES,power,2017,1,37.321418746,eurostat
EU27_2020,power,2017,1,516.2432185498001,eurostat
FI,power,2017,1,2.6497243420000003,eurostat
FR,power,2017,1,69.266444302,eurostat
GR,power,2017,1,5.384170974,eurostat
HR,power,2017,1,3.718614086,eurostat
HU,power,2017,1,14.596122788,eurostat
IE,power,2017,1,5.0913929620000005,eurostat
IT,power,2017,1,102.722026622,eurostat
LT,power,2017,1,2.667502134,eurostat
LU,power,2017,1,1.053611954,eurostat
LV,power,2017,1,1.448890048,eurostat
MT,power,2017,1,0.29722246,eurostat
NL,power,2017,1,48.48059434,eurostat
PL,power,2017,1,22.437795728,eurostat
PT,power,2017,1,5.295559792000001,eurostat
RO,power,2017,1,15.516956858,eurostat
SE,power,2017,1,1.031111936,eurostat
SI,power,2017,1,1.127500902,eurostat
SK,power,2017,1,6.918894424,eurostat
AT,power,2018,1,11.5694537,eurostat
BE,power,2018,1,21.569739478,eurostat
BG,power,2018,1,4.204725586,eurostat
CY,power,2018,1,0.0,eurostat
CZ,power,2018,1,11.598342612,eurostat
DE,power,2018,1,109.214809594,eurostat
DK,power,2018,1,4.627503702,eurostat
EE,power,2018,1,0.7102783460000001,eurostat
ES,power,2018,1,35.24447264,eurostat
EU27_2020,power,2018,1,489.65594728,eurostat
FI,power,2018,1,3.1347247300000003,eurostat
FR,power,2018,1,59.590603228,eurostat
GR,power,2018,1,5.413615442,eurostat
HR,power,2018,1,3.715002972,eurostat
HU,power,2018,1,14.613067246,eurostat
IE,power,2018,1,4.973059534,eurostat
IT,power,2018,1,93.387296932,eurostat
LT,power,2018,1,2.769724438,eurostat
LU,power,2018,1,1.049723062,eurostat
LV,power,2018,1,1.890834846,eurostat
MT,power,2018,1,0.22638907,eurostat
NL,power,2018,1,47.012815388,eurostat
PL,power,2018,1,23.65696337,eurostat
PT,power,2018,1,6.314449496,eurostat
RO,power,2018,1,13.941122264,eurostat
SE,power,2018,1,1.219167642,eurostat
SI,power,2018,1,1.10555644,eurostat
SK,power,2018,1,6.902505522,eurostat
AT,power,2018,1,12.424176606,eurostat
BE,power,2018,1,23.596352210400003,eurostat
BG,power,2018,1,3.788336364,eurostat
CY,power,2018,1,0.0,eurostat
CZ,power,2018,1,12.333898756,eurostat
DE,power,2018,1,123.253154158,eurostat
DK,power,2018,1,4.6844481920000005,eurostat
EE,power,2018,1,0.7816672920000001,eurostat
ES,power,2018,1,34.46530535,eurostat
EU27_2020,power,2018,1,526.9261993184,eurostat
FI,power,2018,1,3.626947346,eurostat
FR,power,2018,1,70.532556426,eurostat
GR,power,2018,1,4.657503726,eurostat
HR,power,2018,1,3.874725322,eurostat
HU,power,2018,1,14.916123044,eurostat
IE,power,2018,1,4.82917053,eurostat
IT,power,2018,1,95.017298236,eurostat
LT,power,2018,1,2.656391014,eurostat
LU,power,2018,1,1.14444536,eurostat
LV,power,2018,1,2.348057434,eurostat
MT,power,2018,1,0.312778028,eurostat
NL,power,2018,1,49.90142881,eurostat
PL,power,2018,1,23.353352016,eurostat
PT,power,2018,1,5.216393062,eurostat
RO,power,2018,1,19.304737666,eurostat
SE,power,2018,1,1.647779096,eurostat
SI,power,2018,1,1.183056502,eurostat
SK,power,2018,1,7.076116772000001,eurostat
AT,power,2018,1,11.49862031,eurostat
BE,power,2018,1,21.5050449818,eurostat
BG,power,2018,1,3.580836198,eurostat
CY,power,2018,1,0.0,eurostat
CZ,power,2018,1,11.818620566,eurostat
DE,power,2018,1,112.12092303,eurostat
DK,power,2018,1,4.773892708,eurostat
EE,power,2018,1,0.767500614,eurostat
ES,power,2018,1,31.465025172,eurostat
EU27_2020,power,2018,1,479.4701335758001,eurostat
FI,power,2018,1,3.655280702,eurostat
FR,power,2018,1,59.370047496000005,eurostat
GR,power,2018,1,3.665558488,eurostat
HR,power,2018,1,3.471391666,eurostat
HU,power,2018,1,13.888066666,eurostat
IE,power,2018,1,5.348059834,eurostat
IT,power,2018,1,87.354792106,eurostat
LT,power,2018,1,2.76111332,eurostat
LU,power,2018,1,1.068889744,eurostat
LV,power,2018,1,2.15694617,eurostat
MT,power,2018,1,0.209444612,eurostat
NL,power,2018,1,45.466147484,eurostat
PL,power,2018,1,23.802241264,eurostat
PT,power,2018,1,4.318614566,eurostat
RO,power,2018,1,15.996123908,eurostat
SE,power,2018,1,1.49583453,eurostat
SI,power,2018,1,1.13194535,eurostat
SK,power,2018,1,6.77917209,eurostat
AT,power,2018,1,5.6302822820000005,eurostat
BE,power,2018,1,12.826815817,eurostat
BG,power,2018,1,2.172501738,eurostat
CY,power,2018,1,0.0,eurostat
CZ,power,2018,1,4.972226200000001,eurostat
DE,power,2018,1,64.767829592,eurostat
DK,power,2018,1,2.609446532,eurostat
EE,power,2018,1,0.393889204,eurostat
ES,power,2018,1,26.582243488,eurostat
EU27_2020,power,2018,1,278.426750519,eurostat
FI,power,2018,1,1.798890328,eurostat
FR,power,2018,1,30.39585765,eurostat
GR,power,2018,1,3.28611374,eurostat
HR,power,2018,1,1.894168182,eurostat
HU,power,2018,1,5.996671464,eurostat
IE,power,2018,1,4.70139265,eurostat
IT,power,2018,1,49.953373296,eurostat
LT,power,2018,1,1.940834886,eurostat
LU,power,2018,1,0.636667176,eurostat
LV,power,2018,1,0.837778448,eurostat
MT,power,2018,1,0.19583349,eurostat
NL,power,2018,1,26.520576772,eurostat
PL,power,2018,1,14.467233796,eurostat
PT,power,2018,1,3.92361425,eurostat
RO,power,2018,1,6.83056102,eurostat
SE,power,2018,1,1.060834182,eurostat
SI,power,2018,1,0.660000528,eurostat
SK,power,2018,1,3.371113808,eurostat
AT,power,2018,1,4.314725674,eurostat
BE,power,2018,1,11.2782590226,eurostat
BG,power,2018,1,2.21527955,eurostat
CY,power,2018,1,0.0,eurostat
CZ,power,2018,1,3.675836274,eurostat
DE,power,2018,1,50.97642967,eurostat
DK,power,2018,1,1.7919458780000002,eurostat
EE,power,2018,1,0.21944462,eurostat
ES,power,2018,1,26.203076518,eurostat
EU27_2020,power,2018,1,234.7726044846,eurostat
FI,power,2018,1,1.388334444,eurostat
FR,power,2018,1,22.428629054,eurostat
GR,power,2018,1,3.53611394,eurostat
HR,power,2018,1,1.613056846,eurostat
HU,power,2018,1,4.501670268,eurostat
IE,power,2018,1,4.66250373,eurostat
IT,power,2018,1,42.873089854,eurostat
LT,power,2018,1,1.644167982,eurostat
LU,power,2018,1,0.52500042,eurostat
LV,power,2018,1,0.489722614,eurostat
MT,power,2018,1,0.311666916,eurostat
NL,power,2018,1,22.246406686,eurostat
PL,power,2018,1,12.85973251,eurostat
PT,power,2018,1,5.003337336,eurostat
RO,power,2018,1,5.972227,eurostat
SE,power,2018,1,0.821945102,eurostat
SI,power,2018,1,0.598889368,eurostat
SK,power,2018,1,2.621113208,eurostat
AT,power,2018,1,4.282503426,eurostat
BE,power,2018,1,10.4764806034,eurostat
BG,power,2018,1,2.02916829,eurostat
CY,power,2018,1,0.0,eurostat
CZ,power,2018,1,3.5958362100000003,eurostat
DE,power,2018,1,51.454485608,eurostat
DK,power,2018,1,1.485001188,eurostat
EE,power,2018,1,0.187777928,eurostat
ES,power,2018,1,24.381686172,eurostat
EU27_2020,power,2018,1,225.96748632940003,eurostat
FI,power,2018,1,1.4305567,eurostat
FR,power,2018,1,18.597514878,eurostat
GR,power,2018,1,3.860003088,eurostat
HR,power,2018,1,1.656390214,eurostat
HU,power,2018,1,4.2777812,eurostat
IE,power,2018,1,4.709448212,eurostat
IT,power,2018,1,41.899477964,eurostat
LT,power,2018,1,1.267501014,eurostat
LU,power,2018,1,0.45277814,eurostat
LV,power,2018,1,0.600833814,eurostat
MT,power,2018,1,0.297778016,eurostat
NL,power,2018,1,22.071128768,eurostat
PL,power,2018,1,11.997787376,eurostat
PT,power,2018,1,5.695560112,eurostat
RO,power,2018,1,5.97083811,eurostat
SE,power,2018,1,0.474444824,eurostat
SI,power,2018,1,0.540555988,eurostat
SK,power,2018,1,2.274168486,eurostat
AT,power,2018,1,4.415559088,eurostat
BE,power,2018,1,10.2125915034,eurostat
BG,power,2018,1,1.815834786,eurostat
CY,power,2018,1,0.0,eurostat
CZ,power,2018,1,3.58611398,eurostat
DE,power,2018,1,45.177536142,eurostat
DK,power,2018,1,1.433056702,eurostat
EE,power,2018,1,0.200277938,eurostat
ES,power,2018,1,24.478630694,eurostat
EU27_2020,power,2018,1,221.71164959140003,eurostat
FI,power,2018,1,1.370556652,eurostat
FR,power,2018,1,20.248071754,eurostat
GR,power,2018,1,4.294725658,eurostat
HR,power,2018,1,1.290556588,eurostat
HU,power,2018,1,4.490559148,eurostat
IE,power,2018,1,0.0,eurostat
IT,power,2018,1,47.116982138,eurostat
LT,power,2018,1,0.7616672760000001,eurostat
LU,power,2018,1,0.435555904,eurostat
LV,power,2018,1,0.76944506,eurostat
MT,power,2018,1,0.423333672,eurostat
NL,power,2018,1,22.258906696,eurostat
PL,power,2018,1,11.557787024,eurostat
PT,power,2018,1,6.182227168,eurostat
RO,power,2018,1,5.735282366,eurostat
SE,power,2018,1,0.7052783420000001,eurostat
SI,power,2018,1,0.521111528,eurostat
SK,power,2018,1,2.230001784,eurostat
AT,power,2018,1,4.658892616,eurostat
BE,power,2018,1,10.6483696298,eurostat
BG,power,2018,1,1.711390258,eurostat
CY,power,2018,1,0.0,eurostat
CZ,power,2018,1,3.573336192,eurostat
DE,power,2018,1,47.59170474,eurostat
DK,power,2018,1,1.546112348,eurostat
EE,power,2018,1,0.26250021,eurostat
ES,power,2018,1,23.795019036,eurostat
EU27_2020,power,2018,1,225.2704857718,eurostat
FI,power,2018,1,1.82500146,eurostat
FR,power,2018,1,18.633626018,eurostat
GR,power,2018,1,4.069169922,eurostat
HR,power,2018,1,1.867501494,eurostat
HU,power,2018,1,3.990558748,eurostat
IE,power,2018,1,4.410281306,eurostat
IT,power,2018,1,41.931144656,eurostat
LT,power,2018,1,0.985834122,eurostat
LU,power,2018,1,0.384444752,eurostat
LV,power,2018,1,0.936667416,eurostat
MT,power,2018,1,0.412778108,eurostat
NL,power,2018,1,23.444740978,eurostat
PL,power,2018,1,12.995288174,eurostat
PT,power,2018,1,5.958060322000001,eurostat
RO,power,2018,1,6.065004852,eurostat
SE,power,2018,1,0.91111184,eurostat
SI,power,2018,1,0.491111504,eurostat
SK,power,2018,1,2.17083507,eurostat
AT,power,2018,1,5.801115752,eurostat
BE,power,2018,1,11.1760922742,eurostat
BG,power,2018,1,1.989723814,eurostat
CY,power,2018,1,0.0,eurostat
CZ,power,2018,1,4.242503394,eurostat
DE,power,2018,1,51.32226328,eurostat
DK,power,2018,1,1.943334888,eurostat
EE,power,2018,1,0.222500178,eurostat
ES,power,2018,1,24.475575136,eurostat
EU27_2020,power,2018,1,247.8571149522,eurostat
FI,power,2018,1,2.06250165,eurostat
FR,power,2018,1,22.10696213,eurostat
GR,power,2018,1,4.359170154,eurostat
HR,power,2018,1,1.77639031,eurostat
HU,power,2018,1,5.137226332,eurostat
IE,power,2018,1,4.087225492,eurostat
IT,power,2018,1,48.82087239,eurostat
LT,power,2018,1,2.8752800780000003,eurostat
LU,power,2018,1,0.501667068,eurostat
LV,power,2018,1,0.854445128,eurostat
MT,power,2018,1,0.374722522,eurostat
NL,power,2018,1,24.600297458,eurostat
PL,power,2018,1,12.730010184,eurostat
PT,power,2018,1,6.024449264,eurostat
RO,power,2018,1,6.56667192,eurostat
SE,power,2018,1,0.712222792,eurostat
SI,power,2018,1,0.566944898,eurostat
SK,power,2018,1,2.526946466,eurostat
AT,power,2018,1,7.403061478000001,eurostat
BE,power,2018,1,16.540568788,eurostat
BG,power,2018,1,2.427224164,eurostat
CY,power,2018,1,0.0,eurostat
CZ,power,2018,1,7.0194500600000005,eurostat
DE,power,2018,1,75.427004786,eurostat
DK,power,2018,1,2.595002076,eurostat
EE,power,2018,1,0.4027781,eurostat
ES,power,2018,1,27.85141117,eurostat
EU27_2020,power,2018,1,320.402756322,eurostat
FI,power,2018,1,2.017501614,eurostat
FR,power,2018,1,35.508083962,eurostat
GR,power,2018,1,4.695281534,eurostat
HR,power,2018,1,2.624724322,eurostat
HU,power,2018,1,7.690839486000001,eurostat
IE,power,2018,1,5.024726242,eurostat
IT,power,2018,1,53.149486964000005,eurostat
LT,power,2018,1,2.033612738,eurostat
LU,power,2018,1,0.7008338940000001,eurostat
LV,power,2018,1,1.158612038,eurostat
MT,power,2018,1,0.34583361,eurostat
NL,power,2018,1,29.812246072,eurostat
PL,power,2018,1,16.218624086000002,eurostat
PT,power,2018,1,5.23472641,eurostat
RO,power,2018,1,9.044729458,eurostat
SE,power,2018,1,0.989445236,eurostat
SI,power,2018,1,0.7477783760000001,eurostat
SK,power,2018,1,3.739169658,eurostat
AT,power,2018,1,10.007508006,eurostat
BE,power,2018,1,21.6252117446,eurostat
BG,power,2018,1,3.316113764,eurostat
CY,power,2018,1,0.0,eurostat
CZ,power,2018,1,9.786674496,eurostat
DE,power,2018,1,104.917583934,eurostat
DK,power,2018,1,3.576669528,eurostat
EE,power,2018,1,0.49722262,eurostat
ES,power,2018,1,33.946693824,eurostat
EU27_2020,power,2018,1,435.9452654226,eurostat
FI,power,2018,1,2.191946198,eurostat
FR,power,2018,1,55.843378008,eurostat
GR,power,2018,1,4.756670472000001,eurostat
HR,power,2018,1,3.155835858,eurostat
HU,power,2018,1,11.207786744,eurostat
IE,power,2018,1,5.168615246,eurostat
IT,power,2018,1,73.003947292,eurostat
LT,power,2018,1,2.406390814,eurostat
LU,power,2018,1,0.929722966,eurostat
LV,power,2018,1,1.563334584,eurostat
MT,power,2018,1,0.349722502,eurostat
NL,power,2018,1,40.792532634,eurostat
PL,power,2018,1,20.133627218,eurostat
PT,power,2018,1,5.191670820000001,eurostat
RO,power,2018,1,14.055289022,eurostat
SE,power,2018,1,1.398890008,eurostat
SI,power,2018,1,0.9027785,eurostat
SK,power,2018,1,5.2194486200000005,eurostat
AT,power,2018,1,12.414454376,eurostat
BE,power,2018,1,22.1581843932,eurostat
BG,power,2018,1,4.326114572,eurostat
CY,power,2018,1,0.0,eurostat
CZ,power,2018,1,11.905009524,eurostat
DE,power,2018,1,81.59117638400001,eurostat
DK,power,2018,1,3.824725282,eurostat
EE,power,2018,1,0.698889448,eurostat
ES,power,2018,1,34.795305614,eurostat
EU27_2020,power,2018,1,469.1796531212,eurostat
FI,power,2018,1,3.05972467,eurostat
FR,power,2018,1,60.740326370000005,eurostat
GR,power,2018,1,6.198893848,eurostat
HR,power,2018,1,4.051669908,eurostat
HU,power,2018,1,16.009179474,eurostat
IE,power,2018,1,5.118892984,eurostat
IT,power,2018,1,94.552020086,eurostat
LT,power,2018,1,2.771668884,eurostat
LU,power,2018,1,1.003611914,eurostat
LV,power,2018,1,1.885557064,eurostat
MT,power,2018,1,0.321389146,eurostat
NL,power,2018,1,44.54864675,eurostat
PL,power,2018,1,23.481407674,eurostat
PT,power,2018,1,5.032226248,eurostat
RO,power,2018,1,18.90695957,eurostat
SE,power,2018,1,1.457778944,eurostat
SI,power,2018,1,1.117500894,eurostat
SK,power,2018,1,7.2083391,eurostat
AT,power,2019,1,13.815011052,eurostat
BE,power,2019,1,26.1501875868,eurostat
BG,power,2019,1,4.36667016,eurostat
CY,power,2019,1,0.0,eurostat
CZ,power,2019,1,13.787233252,eurostat
DE,power,2019,1,140.21122328,eurostat
DK,power,2019,1,4.39028129,eurostat
EE,power,2019,1,0.79027841,eurostat
ES,power,2019,1,40.197809936,eurostat
EU27_2020,power,2019,1,590.9244130169301,eurostat
FI,power,2019,1,4.088058826,eurostat
FR,power,2019,1,74.544226302,eurostat
GR,power,2019,1,7.468339308,eurostat
HR,power,2019,1,4.267781192,eurostat
HU,power,2019,1,17.789180898,eurostat
IE,power,2019,1,5.46389326,eurostat
IT,power,2019,1,112.162867508,eurostat
LT,power,2019,1,3.041113544,eurostat
LU,power,2019,1,1.206667632,eurostat
LV,power,2019,1,2.1566683920000003,eurostat
MT,power,2019,1,0.365204181052,eurostat
NL,power,2019,1,51.998055765078,eurostat
PL,power,2019,1,26.090854206,eurostat
PT,power,2019,1,5.615560048,eurostat
RO,power,2019,1,19.982793764,eurostat
SE,power,2019,1,1.52639011,eurostat
SI,power,2019,1,1.278334356,eurostat
SK,power,2019,1,8.169728758,eurostat
AT,power,2019,1,10.566397342,eurostat
BE,power,2019,1,19.688932417800004,eurostat
BG,power,2019,1,3.485558344,eurostat
CY,power,2019,1,0.0,eurostat
CZ,power,2019,1,10.726119692,eurostat
DE,power,2019,1,115.07231428,eurostat
DK,power,2019,1,3.3980582740000003,eurostat
EE,power,2019,1,0.567222676,eurostat
ES,power,2019,1,33.005026404,eurostat
EU27_2020,power,2019,1,462.751210200672,eurostat
FI,power,2019,1,2.9688912640000003,eurostat
FR,power,2019,1,56.167267156,eurostat
GR,power,2019,1,5.429726566,eurostat
HR,power,2019,1,3.381669372,eurostat
HU,power,2019,1,12.958065922,eurostat
IE,power,2019,1,4.4583369,eurostat
IT,power,2019,1,85.344234942,eurostat
LT,power,2019,1,2.297501838,eurostat
LU,power,2019,1,0.962222992,eurostat
LV,power,2019,1,1.488334524,eurostat
MT,power,2019,1,0.281017724814,eurostat
NL,power,2019,1,40.741493982058,eurostat
PL,power,2019,1,20.81390554,eurostat
PT,power,2019,1,4.976670648,eurostat
RO,power,2019,1,15.509179074,eurostat
SE,power,2019,1,1.21666764,eurostat
SI,power,2019,1,1.02222304,eurostat
SK,power,2019,1,6.224171646,eurostat
AT,power,2019,1,8.71945142,eurostat
BE,power,2019,1,18.336542447,eurostat
BG,power,2019,1,3.117780272,eurostat
CY,power,2019,1,0.0,eurostat
CZ,power,2019,1,9.04722946,eurostat
DE,power,2019,1,101.837025914,eurostat
DK,power,2019,1,3.323891548,eurostat
EE,power,2019,1,0.56388934,eurostat
ES,power,2019,1,31.135302686,eurostat
EU27_2020,power,2019,1,416.0745273038,eurostat
FI,power,2019,1,2.8672245160000003,eurostat
FR,power,2019,1,49.140872646,eurostat
GR,power,2019,1,4.19028113,eurostat
HR,power,2019,1,2.6336132180000003,eurostat
HU,power,2019,1,10.482786164,eurostat
IE,power,2019,1,5.258893096,eurostat
IT,power,2019,1,73.998948088,eurostat
LT,power,2019,1,2.297501838,eurostat
LU,power,2019,1,0.925278518,eurostat
LV,power,2019,1,1.413612242,eurostat
MT,power,2019,1,0.275987443012,eurostat
NL,power,2019,1,40.712545347788,eurostat
PL,power,2019,1,21.165850266,eurostat
PT,power,2019,1,4.290003432,eurostat
RO,power,2019,1,12.482232208,eurostat
SE,power,2019,1,1.496667864,eurostat
SI,power,2019,1,0.943889644,eurostat
SK,power,2019,1,5.417226556,eurostat
AT,power,2019,1,7.045283414,eurostat
BE,power,2019,1,14.5754005492,eurostat
BG,power,2019,1,2.690002152,eurostat
CY,power,2019,1,0.0,eurostat
CZ,power,2019,1,6.5166718800000005,eurostat
DE,power,2019,1,70.039778254,eurostat
DK,power,2019,1,2.440557508,eurostat
EE,power,2019,1,0.35694473,eurostat
ES,power,2019,1,30.534191094,eurostat
EU27_2020,power,2019,1,321.822953569268,eurostat
FI,power,2019,1,2.2744462640000003,eurostat
FR,power,2019,1,37.268918704,eurostat
GR,power,2019,1,3.925836474,eurostat
HR,power,2019,1,2.226112892,eurostat
HU,power,2019,1,7.463339304000001,eurostat
IE,power,2019,1,5.150837454,eurostat
IT,power,2019,1,58.589213538,eurostat
LT,power,2019,1,2.163335064,eurostat
LU,power,2019,1,0.720556132,eurostat
LV,power,2019,1,0.8472229,eurostat
MT,power,2019,1,0.285538839542,eurostat
NL,power,2019,1,29.854570272526,eurostat
PL,power,2019,1,17.049458084,eurostat
PT,power,2019,1,5.045559592,eurostat
RO,power,2019,1,9.057785024,eurostat
SE,power,2019,1,1.19305651,eurostat
SI,power,2019,1,0.767778392,eurostat
SK,power,2019,1,3.740558548,eurostat
AT,power,2019,1,6.173616050000001,eurostat
BE,power,2019,1,13.5446219468,eurostat
BG,power,2019,1,2.205835098,eurostat
CY,power,2019,1,0.0,eurostat
CZ,power,2019,1,5.999449244,eurostat
DE,power,2019,1,65.701719228,eurostat
DK,power,2019,1,2.292224056,eurostat
EE,power,2019,1,0.275833554,eurostat
ES,power,2019,1,30.928635854,eurostat
EU27_2020,power,2019,1,295.037239362936,eurostat
FI,power,2019,1,1.6527791,eurostat
FR,power,2019,1,30.843358008000003,eurostat
GR,power,2019,1,3.5972251,eurostat
HR,power,2019,1,2.22500178,eurostat
HU,power,2019,1,6.773894308,eurostat
IE,power,2019,1,5.120004096000001,eurostat
IT,power,2019,1,52.091152784,eurostat
LT,power,2019,1,1.410556684,eurostat
LU,power,2019,1,0.648333852,eurostat
LV,power,2019,1,0.7272228040000001,eurostat
MT,power,2019,1,0.312769139104,eurostat
NL,power,2019,1,29.984369543032003,eurostat
PL,power,2019,1,15.086400958,eurostat
PT,power,2019,1,5.7819490700000005,eurostat
RO,power,2019,1,6.203893852,eurostat
SE,power,2019,1,1.197500958,eurostat
SI,power,2019,1,0.721667244,eurostat
SK,power,2019,1,3.537225052,eurostat
AT,power,2019,1,4.326947906,eurostat
BE,power,2019,1,10.939175418,eurostat
BG,power,2019,1,1.907223748,eurostat
CY,power,2019,1,0.0,eurostat
CZ,power,2019,1,4.1805589,eurostat
DE,power,2019,1,38.908642238,eurostat
DK,power,2019,1,1.653056878,eurostat
EE,power,2019,1,0.170277914,eurostat
ES,power,2019,1,30.783635738,eurostat
EU27_2020,power,2019,1,227.590973183744,eurostat
FI,power,2019,1,1.6527791,eurostat
FR,power,2019,1,21.032794604,eurostat
GR,power,2019,1,4.335836802,eurostat
HR,power,2019,1,1.649167986,eurostat
HU,power,2019,1,4.060281026,eurostat
IE,power,2019,1,4.600837014000001,eurostat
IT,power,2019,1,45.794203302,eurostat
LT,power,2019,1,1.778890312,eurostat
LU,power,2019,1,0.467500374,eurostat
LV,power,2019,1,0.677222764,eurostat
MT,power,2019,1,0.361544455902,eurostat
NL,power,2019,1,22.986487555842,eurostat
PL,power,2019,1,11.63195375,eurostat
PT,power,2019,1,6.257505006000001,eurostat
RO,power,2019,1,4.0619476940000006,eurostat
SE,power,2019,1,0.7772228440000001,eurostat
SI,power,2019,1,0.5266670880000001,eurostat
SK,power,2019,1,2.068612766,eurostat
AT,power,2019,1,4.757781584,eurostat
BE,power,2019,1,10.5903695834,eurostat
BG,power,2019,1,1.974723802,eurostat
CY,power,2019,1,0.0,eurostat
CZ,power,2019,1,4.239170058,eurostat
DE,power,2019,1,56.776712088,eurostat
DK,power,2019,1,1.617501294,eurostat
EE,power,2019,1,0.184166814,eurostat
ES,power,2019,1,34.183638458000004,eurostat
EU27_2020,power,2019,1,262.923690616562,eurostat
FI,power,2019,1,1.631667972,eurostat
FR,power,2019,1,21.564739474,eurostat
GR,power,2019,1,5.376670968,eurostat
HR,power,2019,1,1.87222372,eurostat
HU,power,2019,1,4.420003536,eurostat
IE,power,2019,1,4.715003772,eurostat
IT,power,2019,1,52.726153292,eurostat
LT,power,2019,1,1.239167658,eurostat
LU,power,2019,1,0.447778136,eurostat
LV,power,2019,1,0.778333956,eurostat
MT,power,2019,1,0.383906140458,eurostat
NL,power,2019,1,24.922566604704,eurostat
PL,power,2019,1,12.44584329,eurostat
PT,power,2019,1,6.613616402,eurostat
RO,power,2019,1,5.402504322,eurostat
SE,power,2019,1,1.07916753,eurostat
SI,power,2019,1,0.523333752,eurostat
SK,power,2019,1,2.45694641,eurostat
AT,power,2019,1,5.218337508,eurostat
BE,power,2019,1,10.2487304212,eurostat
BG,power,2019,1,1.625556856,eurostat
CY,power,2019,1,0.0,eurostat
CZ,power,2019,1,4.206114476,eurostat
DE,power,2019,1,43.30836798,eurostat
DK,power,2019,1,1.808057002,eurostat
EE,power,2019,1,0.204722386,eurostat
ES,power,2019,1,33.279748846000004,eurostat
EU27_2020,power,2019,1,236.40126412086,eurostat
FI,power,2019,1,1.605279062,eurostat
FR,power,2019,1,18.441125864,eurostat
GR,power,2019,1,4.913615042,eurostat
HR,power,2019,1,2.007779384,eurostat
HU,power,2019,1,4.767503814,eurostat
IE,power,2019,1,3.93611426,eurostat
IT,power,2019,1,44.174757562,eurostat
LT,power,2019,1,1.08472309,eurostat
LU,power,2019,1,0.383055862,eurostat
LV,power,2019,1,1.098889768,eurostat
MT,power,2019,1,0.431544511902,eurostat
NL,power,2019,1,24.964161915758,eurostat
PL,power,2019,1,12.934177014,eurostat
PT,power,2019,1,6.127504902,eurostat
RO,power,2019,1,5.727226804,eurostat
SE,power,2019,1,0.8919451580000001,eurostat
SI,power,2019,1,0.590000472,eurostat
SK,power,2019,1,2.4222241600000003,eurostat
AT,power,2019,1,6.7322276080000005,eurostat
BE,power,2019,1,12.186676416,eurostat
BG,power,2019,1,1.724723602,eurostat
CY,power,2019,1,0.0,eurostat
CZ,power,2019,1,5.157781904,eurostat
DE,power,2019,1,56.099489324,eurostat
DK,power,2019,1,1.934168214,eurostat
EE,power,2019,1,0.251111312,eurostat
ES,power,2019,1,30.83891356,eurostat
EU27_2020,power,2019,1,267.782057836586,eurostat
FI,power,2019,1,1.804445888,eurostat
FR,power,2019,1,22.838073826,eurostat
GR,power,2019,1,4.742503794,eurostat
HR,power,2019,1,2.036668296,eurostat
HU,power,2019,1,5.800560196,eurostat
IE,power,2019,1,4.130281082,eurostat
IT,power,2019,1,50.44031813,eurostat
LT,power,2019,1,1.560556804,eurostat
LU,power,2019,1,0.495278174,eurostat
LV,power,2019,1,1.174445384,eurostat
MT,power,2019,1,0.334108322842,eurostat
NL,power,2019,1,27.601646525744,eurostat
PL,power,2019,1,13.395010716,eurostat
PT,power,2019,1,5.965004772,eurostat
RO,power,2019,1,6.35972731,eurostat
SE,power,2019,1,0.8016673080000001,eurostat
SI,power,2019,1,0.607222708,eurostat
SK,power,2019,1,2.7694466600000003,eurostat
AT,power,2019,1,8.50556236,eurostat
BE,power,2019,1,16.4865131892,eurostat
BG,power,2019,1,1.970557132,eurostat
CY,power,2019,1,0.0,eurostat
CZ,power,2019,1,7.669172802,eurostat
DE,power,2019,1,78.132840284,eurostat
DK,power,2019,1,2.792780012,eurostat
EE,power,2019,1,0.385000308,eurostat
ES,power,2019,1,33.2778044,eurostat
EU27_2020,power,2019,1,338.768107958714,eurostat
FI,power,2019,1,2.221390666,eurostat
FR,power,2019,1,33.899193786,eurostat
GR,power,2019,1,4.522503618,eurostat
HR,power,2019,1,2.8952800940000003,eurostat
HU,power,2019,1,8.660284706,eurostat
IE,power,2019,1,4.365836826,eurostat
IT,power,2019,1,55.234488632,eurostat
LT,power,2019,1,2.128335036,eurostat
LU,power,2019,1,0.686667216,eurostat
LV,power,2019,1,1.19583429,eurostat
MT,power,2019,1,0.333735544766,eurostat
NL,power,2019,1,35.096796410748,eurostat
PL,power,2019,1,17.398347252,eurostat
PT,power,2019,1,6.110282666,eurostat
RO,power,2019,1,9.155285102,eurostat
SE,power,2019,1,0.740556148,eurostat
SI,power,2019,1,0.7691672820000001,eurostat
SK,power,2019,1,4.133892196000001,eurostat
AT,power,2019,1,10.105841418,eurostat
BE,power,2019,1,21.485433855,eurostat
BG,power,2019,1,2.790002232,eurostat
CY,power,2019,1,0.0,eurostat
CZ,power,2019,1,9.688341084,eurostat
DE,power,2019,1,105.972307,eurostat
DK,power,2019,1,3.400836054,eurostat
EE,power,2019,1,0.466944818,eurostat
ES,power,2019,1,34.868639006,eurostat
EU27_2020,power,2019,1,435.247100419624,eurostat
FI,power,2019,1,2.221390666,eurostat
FR,power,2019,1,56.855878818,eurostat
GR,power,2019,1,4.287781208,eurostat
HR,power,2019,1,3.5800028640000003,eurostat
HU,power,2019,1,10.94723098,eurostat
IE,power,2019,1,5.588060026,eurostat
IT,power,2019,1,70.82366777,eurostat
LT,power,2019,1,2.387224132,eurostat
LU,power,2019,1,0.938334084,eurostat
LV,power,2019,1,1.313612162,eurostat
MT,power,2019,1,0.27347660767,eurostat
NL,power,2019,1,42.605671028954006,eurostat
PL,power,2019,1,20.306405134,eurostat
PT,power,2019,1,5.967504774,eurostat
RO,power,2019,1,11.311397938,eurostat
SE,power,2019,1,1.043889724,eurostat
SI,power,2019,1,0.90555628,eurostat
SK,power,2019,1,5.1116707560000005,eurostat
AT,power,2019,1,11.443898044,eurostat
BE,power,2019,1,22.0057953824,eurostat
BG,power,2019,1,3.595558432,eurostat
CY,power,2019,1,0.0,eurostat
CZ,power,2019,1,11.278342356,eurostat
DE,power,2019,1,116.337315292,eurostat
DK,power,2019,1,3.3861138200000003,eurostat
EE,power,2019,1,0.698889448,eurostat
ES,power,2019,1,34.957805744,eurostat
EU27_2020,power,2019,1,483.460569823702,eurostat
FI,power,2019,1,2.416390822,eurostat
FR,power,2019,1,60.13477033,eurostat
GR,power,2019,1,4.9038928120000005,eurostat
HR,power,2019,1,3.657780704,eurostat
HU,power,2019,1,14.713067326,eurostat
IE,power,2019,1,5.244726418,eurostat
IT,power,2019,1,85.132290328,eurostat
LT,power,2019,1,2.556668712,eurostat
LU,power,2019,1,0.958056322,eurostat
LV,power,2019,1,1.35833442,eurostat
MT,power,2019,1,0.314099973502,eurostat
NL,power,2019,1,44.6511746098,eurostat
PL,power,2019,1,23.655018924,eurostat
PT,power,2019,1,5.18472637,eurostat
RO,power,2019,1,15.60556804,eurostat
SE,power,2019,1,1.4197233580000002,eurostat
SI,power,2019,1,1.061667516,eurostat
SK,power,2019,1,6.78889432,eurostat
AT,power,2020,1,13.462272992032,eurostat
BE,power,2020,1,23.3985464966,eurostat
BG,power,2020,1,3.8676142052,eurostat
CY,power,2020,1,0.0,eurostat
CZ,power,2020,1,12.961453146932,eurostat
DE,power,2020,1,125.551158496402,eurostat
DK,power,2020,1,3.2938273572820003,eurostat
EE,power,2020,1,0.574722682,eurostat
ES,power,2020,1,39.255031404,eurostat
EU27_2020,power,2020,1,541.6211724632581,eurostat
FI,power,2020,1,2.707779944,eurostat
FR,power,2020,1,65.227766348838,eurostat
GR,power,2020,1,6.6996431374880006,eurostat
HR,power,2020,1,4.155898602494,eurostat
HU,power,2020,1,17.787359229876003,eurostat
IE,power,2020,1,5.46648215096,eurostat
IT,power,2020,1,102.57369317,eurostat
LT,power,2020,1,2.761946654,eurostat
LU,power,2020,1,1.0913458730760002,eurostat
LV,power,2020,1,1.292316033852,eurostat
MT,power,2020,1,0.407579770508,eurostat
NL,power,2020,1,48.731152318224005,eurostat
PL,power,2020,1,24.249850788754,eurostat
PT,power,2020,1,6.542391900576001,eurostat
RO,power,2020,1,19.035293006,eurostat
SE,power,2020,1,1.39861223,eurostat
SI,power,2020,1,1.2441957175779998,eurostat
SK,power,2020,1,7.883238806586,eurostat
AT,power,2020,1,9.852408437476,eurostat
BE,power,2020,1,20.4935441726,eurostat
BG,power,2020,1,3.3977716071040005,eurostat
CY,power,2020,1,0.0,eurostat
CZ,power,2020,1,10.463055037104,eurostat
DE,power,2020,1,103.466344161898,eurostat
DK,power,2020,1,3.251224545422,eurostat
EE,power,2020,1,0.529722646,eurostat
ES,power,2020,1,32.10002568,eurostat
EU27_2020,power,2020,1,444.520497005002,eurostat
FI,power,2020,1,2.439168618,eurostat
FR,power,2020,1,52.33722103641,eurostat
GR,power,2020,1,5.282075614546,eurostat
HR,power,2020,1,3.278765678566,eurostat
HU,power,2020,1,13.373247643034,eurostat
IE,power,2020,1,5.014764011808,eurostat
IT,power,2020,1,80.07367517,eurostat
LT,power,2020,1,2.480279762,eurostat
LU,power,2020,1,0.953112429156,eurostat
LV,power,2020,1,1.292223256,eurostat
MT,power,2020,1,0.389915311932,eurostat
NL,power,2020,1,42.582044898942,eurostat
PL,power,2020,1,22.126103256424,eurostat
PT,power,2020,1,5.84346161921,eurostat
RO,power,2020,1,15.023067574,eurostat
SE,power,2020,1,1.336945514,eurostat
SI,power,2020,1,0.992413016152,eurostat
SK,power,2020,1,6.147916307218,eurostat
AT,power,2020,1,9.50113398979,eurostat
BE,power,2020,1,19.8190991886,eurostat
BG,power,2020,1,3.241011203918,eurostat
CY,power,2020,1,0.0,eurostat
CZ,power,2020,1,9.786294773474,eurostat
DE,power,2020,1,106.686211182234,eurostat
DK,power,2020,1,3.19462061125,eurostat
EE,power,2020,1,0.537778208,eurostat
ES,power,2020,1,29.060301026,eurostat
EU27_2020,power,2020,1,421.654163434172,eurostat
FI,power,2020,1,2.540835366,eurostat
FR,power,2020,1,49.223851323494,eurostat
GR,power,2020,1,4.969237864276,eurostat
HR,power,2020,1,3.2128078480220004,eurostat
HU,power,2020,1,12.04838047203,eurostat
IE,power,2020,1,5.297663404794,eurostat
IT,power,2020,1,70.82366777,eurostat
LT,power,2020,1,1.87083483,eurostat
LU,power,2020,1,0.863060968226,eurostat
LV,power,2020,1,1.15560925782,eurostat
MT,power,2020,1,0.330617208938,eurostat
NL,power,2020,1,40.159923239024,eurostat
PL,power,2020,1,22.075644049390004,eurostat
PT,power,2020,1,5.034539027628,eurostat
RO,power,2020,1,12.466398862,eurostat
SE,power,2020,1,1.080000864,eurostat
SI,power,2020,1,0.991024126152,eurostat
SK,power,2020,1,5.6836167691120005,eurostat
AT,power,2020,1,6.202979684602,eurostat
BE,power,2020,1,12.375704345,eurostat
BG,power,2020,1,2.487588378958,eurostat
CY,power,2020,1,0.0,eurostat
CZ,power,2020,1,6.195318011806,eurostat
DE,power,2020,1,57.958162755382006,eurostat
DK,power,2020,1,2.43453528096,eurostat
EE,power,2020,1,0.39444476,eurostat
ES,power,2020,1,23.776685688,eurostat
EU27_2020,power,2020,1,267.509392062898,eurostat
FI,power,2020,1,1.9401126632,eurostat
FR,power,2020,1,24.325930849618,eurostat
GR,power,2020,1,4.089146049092,eurostat
HR,power,2020,1,2.141969491352,eurostat
HU,power,2020,1,7.458433744520001,eurostat
IE,power,2020,1,4.616590637714,eurostat
IT,power,2020,1,45.169758358,eurostat
LT,power,2020,1,2.346668544,eurostat
LU,power,2020,1,0.54882821684,eurostat
LV,power,2020,1,0.860237632634,eurostat
MT,power,2020,1,0.300594962698,eurostat
NL,power,2020,1,27.404855812756,eurostat
PL,power,2020,1,16.620343296264,eurostat
PT,power,2020,1,4.072031868734,eurostat
RO,power,2020,1,8.478340116,eurostat
SE,power,2020,1,0.845278454,eurostat
SI,power,2020,1,0.6926080540860001,eurostat
SK,power,2020,1,3.772244406682,eurostat
AT,power,2020,1,4.994413439972,eurostat
BE,power,2020,1,12.3012320632,eurostat
BG,power,2020,1,1.987348256544,eurostat
CY,power,2020,1,0.0,eurostat
CZ,power,2020,1,5.322098702120001,eurostat
DE,power,2020,1,59.445468111892,eurostat
DK,power,2020,1,2.093175841206,eurostat
EE,power,2020,1,0.276944666,eurostat
ES,power,2020,1,22.54585137,eurostat
EU27_2020,power,2020,1,250.767798391856,eurostat
FI,power,2020,1,1.721945822,eurostat
FR,power,2020,1,22.683909536002,eurostat
GR,power,2020,1,4.09985605766,eurostat
HR,power,2020,1,2.10182945924,eurostat
HU,power,2020,1,5.564274451416,eurostat
IE,power,2020,1,4.693721532752,eurostat
IT,power,2020,1,39.613365024,eurostat
LT,power,2020,1,2.5438909240000003,eurostat
LU,power,2020,1,0.51640596868,eurostat
LV,power,2020,1,0.7394564248980001,eurostat
MT,power,2020,1,0.325776371732,eurostat
NL,power,2020,1,26.830440631002,eurostat
PL,power,2020,1,14.860077443608,eurostat
PT,power,2020,1,4.333200411002,eurostat
RO,power,2020,1,6.4886163020000005,eurostat
SE,power,2020,1,0.8750007000000001,eurostat
SI,power,2020,1,0.5759010162760001,eurostat
SK,power,2020,1,3.233597864654,eurostat
AT,power,2020,1,4.15813665984,eurostat
BE,power,2020,1,11.7896760984,eurostat
BG,power,2020,1,1.870089829404,eurostat
CY,power,2020,1,0.0,eurostat
CZ,power,2020,1,4.407413803706,eurostat
DE,power,2020,1,48.631566405222,eurostat
DK,power,2020,1,1.820607289818,eurostat
EE,power,2020,1,0.177222364,eurostat
ES,power,2020,1,25.24168686,eurostat
EU27_2020,power,2020,1,236.982339030164,eurostat
FI,power,2020,1,1.7500014000000002,eurostat
FR,power,2020,1,21.802853553380004,eurostat
GR,power,2020,1,4.870588340912,eurostat
HR,power,2020,1,1.99696270868,eurostat
HU,power,2020,1,4.641827880126,eurostat
IE,power,2020,1,4.4671041292360005,eurostat
IT,power,2020,1,43.328090218,eurostat
LT,power,2020,1,1.881390394,eurostat
LU,power,2020,1,0.421651448432,eurostat
LV,power,2020,1,0.73055614,eurostat
MT,power,2020,1,0.359765010034,eurostat
NL,power,2020,1,24.578380218244,eurostat
PL,power,2020,1,12.921017003472002,eurostat
PT,power,2020,1,5.034475138688,eurostat
RO,power,2020,1,6.044727058,eurostat
SE,power,2020,1,0.962222992,eurostat
SI,power,2020,1,0.484518165392,eurostat
SK,power,2020,1,2.609807921178,eurostat
AT,power,2020,1,4.521979728692,eurostat
BE,power,2020,1,12.96528815,eurostat
BG,power,2020,1,1.832695077266,eurostat
CY,power,2020,1,0.0,eurostat
CZ,power,2020,1,4.535031961356,eurostat
DE,power,2020,1,47.076415716658005,eurostat
DK,power,2020,1,1.5672240315560002,eurostat
EE,power,2020,1,0.183055702,eurostat
ES,power,2020,1,30.07919073,eurostat
EU27_2020,power,2020,1,254.170043058094,eurostat
FI,power,2020,1,1.66389022,eurostat
FR,power,2020,1,20.94928342608,eurostat
GR,power,2020,1,5.994200350912,eurostat
HR,power,2020,1,2.139245044728,eurostat
HU,power,2020,1,4.923979772514,eurostat
IE,power,2020,1,4.646365661533999,eurostat
IT,power,2020,1,50.63059606,eurostat
LT,power,2020,1,1.96111268,eurostat
LU,power,2020,1,0.397786151562,eurostat
LV,power,2020,1,0.424121450408,eurostat
MT,power,2020,1,0.41506838761,eurostat
NL,power,2020,1,27.429316387880004,eurostat
PL,power,2020,1,13.119335773238,eurostat
PT,power,2020,1,6.505849371342,eurostat
RO,power,2020,1,6.593616386,eurostat
SE,power,2020,1,0.580000464,eurostat
SI,power,2020,1,0.55602961149,eurostat
SK,power,2020,1,2.479364761268,eurostat
AT,power,2020,1,4.402574910946,eurostat
BE,power,2020,1,11.5470370154,eurostat
BG,power,2020,1,1.6772005084260002,eurostat
CY,power,2020,1,0.0,eurostat
CZ,power,2020,1,4.300815385094,eurostat
DE,power,2020,1,46.0253284869,eurostat
DK,power,2020,1,1.574075981482,eurostat
EE,power,2020,1,0.199166826,eurostat
ES,power,2020,1,29.964190638,eurostat
EU27_2020,power,2020,1,240.720758687564,eurostat
FI,power,2020,1,1.793890324,eurostat
FR,power,2020,1,18.738758324328,eurostat
GR,power,2020,1,5.570745567704001,eurostat
HR,power,2020,1,2.04035718784,eurostat
HU,power,2020,1,4.6169439713300005,eurostat
IE,power,2020,1,4.717503774,eurostat
IT,power,2020,1,43.497534798,eurostat
LT,power,2020,1,1.628056858,eurostat
LU,power,2020,1,0.344987220434,eurostat
LV,power,2020,1,0.8108956487160001,eurostat
MT,power,2020,1,0.4251947846,eurostat
NL,power,2020,1,27.041865244586003,eurostat
PL,power,2020,1,13.17423692827,eurostat
PT,power,2020,1,6.136421298021999,eurostat
RO,power,2020,1,6.617783072,eurostat
SE,power,2020,1,0.973889668,eurostat
SI,power,2020,1,0.52905320102,eurostat
SK,power,2020,1,2.372251064466,eurostat
AT,power,2020,1,5.13807494379,eurostat
BE,power,2020,1,12.0622874276,eurostat
BG,power,2020,1,1.840306194466,eurostat
CY,power,2020,1,0.0,eurostat
CZ,power,2020,1,4.5307436245920005,eurostat
DE,power,2020,1,55.429121843262,eurostat
DK,power,2020,1,1.91790708988,eurostat
EE,power,2020,1,0.242777972,eurostat
ES,power,2020,1,29.060578804,eurostat
EU27_2020,power,2020,1,265.551746885672,eurostat
FI,power,2020,1,2.150279498,eurostat
FR,power,2020,1,23.367383693892,eurostat
GR,power,2020,1,5.126547434568001,eurostat
HR,power,2020,1,2.186739804946,eurostat
HU,power,2020,1,5.415896832714,eurostat
IE,power,2020,1,4.59057728357,eurostat
IT,power,2020,1,51.032818604,eurostat
LT,power,2020,1,1.528334556,eurostat
LU,power,2020,1,0.4480517473299999,eurostat
LV,power,2020,1,0.652697466602,eurostat
MT,power,2020,1,0.353233893698,eurostat
NL,power,2020,1,26.360948033186,eurostat
PL,power,2020,1,14.294778102480002,eurostat
PT,power,2020,1,6.697335080086,eurostat
RO,power,2020,1,6.7961165480000005,eurostat
SE,power,2020,1,0.90138961,eurostat
SI,power,2020,1,0.61148104474,eurostat
SK,power,2020,1,2.8153397522700003,eurostat
AT,power,2020,1,8.212625736762,eurostat
BE,power,2020,1,15.890096045400002,eurostat
BG,power,2020,1,2.64809795181,eurostat
CY,power,2020,1,0.0,eurostat
CZ,power,2020,1,7.985487777274001,eurostat
DE,power,2020,1,81.327043950472,eurostat
DK,power,2020,1,2.499870888784,eurostat
EE,power,2020,1,0.316389142,eurostat
ES,power,2020,1,28.143633626,eurostat
EU27_2020,power,2020,1,344.016788824322,eurostat
FI,power,2020,1,2.1527795000000003,eurostat
FR,power,2020,1,38.525985820764,eurostat
GR,power,2020,1,4.76846075921,eurostat
HR,power,2020,1,2.920992336792,eurostat
HU,power,2020,1,9.457700066154,eurostat
IE,power,2020,1,4.668312345758,eurostat
IT,power,2020,1,56.578656374000005,eurostat
LT,power,2020,1,2.073890548,eurostat
LU,power,2020,1,0.7086069557740001,eurostat
LV,power,2020,1,0.837331780976,eurostat
MT,power,2020,1,0.312770250216,eurostat
NL,power,2020,1,33.388552266376,eurostat
PL,power,2020,1,18.630143792992,eurostat
PT,power,2020,1,6.171792715208,eurostat
RO,power,2020,1,8.47361789,eurostat
SE,power,2020,1,1.87361261,eurostat
SI,power,2020,1,0.819553988976,eurostat
SK,power,2020,1,4.630783704624,eurostat
AT,power,2020,1,10.424929451048,eurostat
BE,power,2020,1,18.7921817004,eurostat
BG,power,2020,1,3.4672919404980003,eurostat
CY,power,2020,1,0.0,eurostat
CZ,power,2020,1,10.95676848763,eurostat
DE,power,2020,1,105.267206991476,eurostat
DK,power,2020,1,3.00043851146,eurostat
EE,power,2020,1,0.434167014,eurostat
ES,power,2020,1,31.776969866,eurostat
EU27_2020,power,2020,1,429.794885780078,eurostat
FI,power,2020,1,2.225557336,eurostat
FR,power,2020,1,49.026705332444,eurostat
GR,power,2020,1,5.568834177286,eurostat
HR,power,2020,1,3.619477062246,eurostat
HU,power,2020,1,13.257069772314,eurostat
IE,power,2020,1,5.007384839238,eurostat
IT,power,2020,1,73.55422551000001,eurostat
LT,power,2020,1,2.391113024,eurostat
LU,power,2020,1,0.855721795688,eurostat
LV,power,2020,1,1.22146903273,eurostat
MT,power,2020,1,0.220838510004,eurostat
NL,power,2020,1,37.243661183794,eurostat
PL,power,2020,1,22.102376570776,eurostat
PT,power,2020,1,5.939815029626,eurostat
RO,power,2020,1,14.528067178,eurostat
SE,power,2020,1,1.686390238,eurostat
SI,power,2020,1,1.091185872948,eurostat
SK,power,2020,1,6.135039352472,eurostat
AT,power,2020,1,12.309536792066,eurostat
BE,power,2020,1,22.790018232,eurostat
BG,power,2020,1,4.117249404908,eurostat
CY,power,2020,1,0.0,eurostat
CZ,power,2020,1,12.582078676766,eurostat
DE,power,2020,1,125.258526040074,eurostat
DK,power,2020,1,3.60799177528,eurostat
EE,power,2020,1,0.6325005060000001,eurostat
ES,power,2020,1,35.831139776,eurostat
EU27_2020,power,2020,1,515.707697843606,eurostat
FI,power,2020,1,2.713335504,eurostat
FR,power,2020,1,61.118933339552,eurostat
GR,power,2020,1,6.591256939668001,eurostat
HR,power,2020,1,3.82006416716,eurostat
HU,power,2020,1,14.607215019096,eurostat
IE,power,2020,1,5.569288066537999,eurostat
IT,power,2020,1,93.69868607,eurostat
LT,power,2020,1,2.760279986,eurostat
LU,power,2020,1,0.94099797502,eurostat
LV,power,2020,1,1.592506274004,eurostat
MT,power,2020,1,0.270277716222,eurostat
NL,power,2020,1,47.13077659348,eurostat
PL,power,2020,1,25.81380259547,eurostat
PT,power,2020,1,4.989380935946,eurostat
RO,power,2020,1,16.802513442000002,eurostat
SE,power,2020,1,2.054446088,eurostat
SI,power,2020,1,1.125278955778,eurostat
SK,power,2020,1,6.979616972578,eurostat
AT,power,2021,1,13.248372265356,eurostat
BE,power,2021,1,25.885298486,eurostat
BG,power,2021,1,4.086237713432,eurostat
CY,power,2021,1,0.0,eurostat
CZ,power,2021,1,13.651823977006002,eurostat
DE,power,2021,1,141.761988131722,eurostat
DK,power,2021,1,4.31867845494,eurostat
EE,power,2021,1,0.699445004,eurostat
ES,power,2021,1,38.471909110836,eurostat
EU27_2020,power,2021,1,577.146683661422,eurostat
FI,power,2021,1,3.813058606,eurostat
FR,power,2021,1,70.39571464986,eurostat
GR,power,2021,1,6.881132449346,eurostat
HR,power,2021,1,3.407738003966,eurostat
HU,power,2021,1,16.49271736083,eurostat
IE,power,2021,1,6.008173417646,eurostat
IT,power,2021,1,103.960083168,eurostat
LT,power,2021,1,3.4380583060000003,eurostat
LU,power,2021,1,1.1434775814479998,eurostat
LV,power,2021,1,1.936028493266,eurostat
MT,power,2021,1,0.288899675564,eurostat
NL,power,2021,1,54.67226734889,eurostat
PL,power,2021,1,27.746961641996,eurostat
PT,power,2021,1,5.924899462138,eurostat
RO,power,2021,1,17.72640307,eurostat
SE,power,2021,1,2.100557236,eurostat
SI,power,2021,1,1.215674028094,eurostat
SK,power,2021,1,7.871086019086,eurostat
AT,power,2021,1,10.869616751242,eurostat
BE,power,2021,1,21.4503227158,eurostat
BG,power,2021,1,3.719149364206,eurostat
CY,power,2021,1,0.0,eurostat
CZ,power,2021,1,12.521012516802,eurostat
DE,power,2021,1,121.345578743052,eurostat
DK,power,2021,1,4.12006162938,eurostat
EE,power,2021,1,0.753333936,eurostat
ES,power,2021,1,28.967425396144,eurostat
EU27_2020,power,2021,1,476.36405581316205,eurostat
FI,power,2021,1,3.81389194,eurostat
FR,power,2021,1,53.931947034412,eurostat
GR,power,2021,1,4.921613103954001,eurostat
HR,power,2021,1,3.176803652552,eurostat
HU,power,2021,1,14.205638308946,eurostat
IE,power,2021,1,4.73490378792,eurostat
IT,power,2021,1,81.253676114,eurostat
LT,power,2021,1,2.9211134480000003,eurostat
LU,power,2021,1,0.936491304748,eurostat
LV,power,2021,1,1.897243462238,eurostat
MT,power,2021,1,0.293009123296,eurostat
NL,power,2021,1,45.16605946615201,eurostat
PL,power,2021,1,25.416509499858,eurostat
PT,power,2021,1,4.346623477296,eurostat
RO,power,2021,1,15.646123628,eurostat
SE,power,2021,1,1.7869458740000002,eurostat
SI,power,2021,1,1.048979172516,eurostat
SK,power,2021,1,7.119982362648001,eurostat
AT,power,2021,1,10.664117975732,eurostat
BE,power,2021,1,20.7345721432,eurostat
BG,power,2021,1,4.042171567068,eurostat
CY,power,2021,1,0.0,eurostat
CZ,power,2021,1,11.640015700894,eurostat
DE,power,2021,1,109.509667329886,eurostat
DK,power,2021,1,3.4401863632580003,eurostat
EE,power,2021,1,0.56527823,eurostat
ES,power,2021,1,32.020316449566,eurostat
EU27_2020,power,2021,1,459.442188109012,eurostat
FI,power,2021,1,2.850280058,eurostat
FR,power,2021,1,52.74725469777,eurostat
GR,power,2021,1,5.923516683254,eurostat
HR,power,2021,1,3.5991478793160003,eurostat
HU,power,2021,1,13.159382471942,eurostat
IE,power,2021,1,5.383384306704,eurostat
IT,power,2021,1,80.83589800200001,eurostat
LT,power,2021,1,2.424446384,eurostat
LU,power,2021,1,0.938759362118,eurostat
LV,power,2021,1,1.446131156904,eurostat
MT,power,2021,1,0.314166362444,eurostat
NL,power,2021,1,43.134990619076,eurostat
PL,power,2021,1,24.127144579478,eurostat
PT,power,2021,1,4.895705861005999,eurostat
RO,power,2021,1,15.788345964,eurostat
SE,power,2021,1,1.35138997,eurostat
SI,power,2021,1,1.06791335433,eurostat
SK,power,2021,1,6.838004637066,eurostat
AT,power,2021,1,8.78095841365,eurostat
BE,power,2021,1,18.3662924708,eurostat
BG,power,2021,1,3.14800946285,eurostat
CY,power,2021,1,0.0,eurostat
CZ,power,2021,1,9.389236122494,eurostat
DE,power,2021,1,91.27282718487,eurostat
DK,power,2021,1,2.776826388126,eurostat
EE,power,2021,1,0.41805589,eurostat
ES,power,2021,1,30.694458166658,eurostat
EU27_2020,power,2021,1,382.503286002384,eurostat
FI,power,2021,1,2.430279722,eurostat
FR,power,2021,1,41.118675672692,eurostat
GR,power,2021,1,5.975644502734,eurostat
HR,power,2021,1,2.950607360484,eurostat
HU,power,2021,1,10.191692597792,eurostat
IE,power,2021,1,5.030874024696001,eurostat
IT,power,2021,1,65.20421883,eurostat
LT,power,2021,1,2.314724074,eurostat
LU,power,2021,1,0.7846375721540001,eurostat
LV,power,2021,1,0.8482542897140001,eurostat
MT,power,2021,1,0.354896395028,eurostat
NL,power,2021,1,35.728071915768005,eurostat
PL,power,2021,1,20.307542357132,eurostat
PT,power,2021,1,5.860255799312,eurostat
RO,power,2021,1,11.088064426,eurostat
SE,power,2021,1,1.145556472,eurostat
SI,power,2021,1,0.92784657561,eurostat
SK,power,2021,1,5.39477931582,eurostat
AT,power,2021,1,6.027314266292,eurostat
BE,power,2021,1,13.654122034400002,eurostat
BG,power,2021,1,2.516394513114,eurostat
CY,power,2021,1,0.0,eurostat
CZ,power,2021,1,6.284118638402001,eurostat
DE,power,2021,1,67.942379909416,eurostat
DK,power,2021,1,2.335876590922,eurostat
EE,power,2021,1,0.273333552,eurostat
ES,power,2021,1,27.010881053132,eurostat
EU27_2020,power,2021,1,283.97591606944,eurostat
FI,power,2021,1,1.092500874,eurostat
FR,power,2021,1,29.708955433812,eurostat
GR,power,2021,1,4.388958511164,eurostat
HR,power,2021,1,2.003720214086,eurostat
HU,power,2021,1,6.75259984652,eurostat
IE,power,2021,1,4.268774526128,eurostat
IT,power,2021,1,44.609202354,eurostat
LT,power,2021,1,2.19166842,eurostat
LU,power,2021,1,0.661242473438,eurostat
LV,power,2021,1,0.458025088642,eurostat
MT,power,2021,1,0.350941114086,eurostat
NL,power,2021,1,29.100581891558,eurostat
PL,power,2021,1,15.804114309948002,eurostat
PT,power,2021,1,4.939815896294,eurostat
RO,power,2021,1,6.5972275,eurostat
SE,power,2021,1,0.697778336,eurostat
SI,power,2021,1,0.718688352728,eurostat
SK,power,2021,1,3.586700369358,eurostat
AT,power,2021,1,4.216054483952,eurostat
BE,power,2021,1,10.2556193156,eurostat
BG,power,2021,1,2.48625893345,eurostat
CY,power,2021,1,0.0,eurostat
CZ,power,2021,1,4.414933809722,eurostat
DE,power,2021,1,45.90369644515,eurostat
DK,power,2021,1,1.659789938942,eurostat
EE,power,2021,1,0.178889032,eurostat
ES,power,2021,1,27.432793335106,eurostat
EU27_2020,power,2021,1,233.667019989022,eurostat
FI,power,2021,1,1.284167694,eurostat
FR,power,2021,1,19.203272307050003,eurostat
GR,power,2021,1,5.88268248392,eurostat
HR,power,2021,1,1.553728187426,eurostat
HU,power,2021,1,4.564246429172001,eurostat
IE,power,2021,1,4.0659063082780005,eurostat
IT,power,2021,1,45.68892544,eurostat
LT,power,2021,1,1.626667968,eurostat
LU,power,2021,1,0.415382832306,eurostat
LV,power,2021,1,0.44741841349,eurostat
MT,power,2021,1,0.403318655988,eurostat
NL,power,2021,1,22.531656080866,eurostat
PL,power,2021,1,13.290655910294,eurostat
PT,power,2021,1,6.008345084450001,eurostat
RO,power,2021,1,5.659171194,eurostat
SE,power,2021,1,1.205834298,eurostat
SI,power,2021,1,0.579267407858,eurostat
SK,power,2021,1,2.708338000002,eurostat
AT,power,2021,1,4.198215025236,eurostat
BE,power,2021,1,9.7035633184,eurostat
BG,power,2021,1,2.803383076038,eurostat
CY,power,2021,1,0.0,eurostat
CZ,power,2021,1,4.183106679816,eurostat
DE,power,2021,1,40.100310135778,eurostat
DK,power,2021,1,1.465489227946,eurostat
EE,power,2021,1,0.161944574,eurostat
ES,power,2021,1,27.785569172882,eurostat
EU27_2020,power,2021,1,228.813221661542,eurostat
FI,power,2021,1,1.629445748,eurostat
FR,power,2021,1,18.2517229347,eurostat
GR,power,2021,1,6.716911206858001,eurostat
HR,power,2021,1,2.027431066388,eurostat
HU,power,2021,1,4.743855739526,eurostat
IE,power,2021,1,4.26025201931,eurostat
IT,power,2021,1,48.376983146,eurostat
LT,power,2021,1,1.499445644,eurostat
LU,power,2021,1,0.41757950073,eurostat
LV,power,2021,1,0.569369066606,eurostat
MT,power,2021,1,0.466556206578,eurostat
NL,power,2021,1,21.009932919044,eurostat
PL,power,2021,1,13.680842889110002,eurostat
PT,power,2021,1,5.390584590242,eurostat
RO,power,2021,1,5.52083775,eurostat
SE,power,2021,1,0.714445016,eurostat
SI,power,2021,1,0.522180139966,eurostat
SK,power,2021,1,2.613264868388,eurostat
AT,power,2021,1,4.18327417995,eurostat
BE,power,2021,1,9.7305077844,eurostat
BG,power,2021,1,2.09748223354,eurostat
CY,power,2021,1,0.0,eurostat
CZ,power,2021,1,3.962320947632,eurostat
DE,power,2021,1,38.544918335910005,eurostat
DK,power,2021,1,1.7006752494280002,eurostat
EE,power,2021,1,0.214444616,eurostat
ES,power,2021,1,27.266725424474,eurostat
EU27_2020,power,2021,1,211.904679801386,eurostat
FI,power,2021,1,1.5275012220000002,eurostat
FR,power,2021,1,15.830121275198,eurostat
GR,power,2021,1,6.333462288988001,eurostat
HR,power,2021,1,2.002946602356,eurostat
HU,power,2021,1,4.708689044726,eurostat
IE,power,2021,1,4.285461483922,eurostat
IT,power,2021,1,41.073921748,eurostat
LT,power,2021,1,1.161945374,eurostat
LU,power,2021,1,0.377332524088,eurostat
LV,power,2021,1,0.313414695176,eurostat
MT,power,2021,1,0.45309897359,eurostat
NL,power,2021,1,17.958036310862,eurostat
PL,power,2021,1,13.702977073484,eurostat
PT,power,2021,1,5.051667096886001,eurostat
RO,power,2021,1,5.4586154780000005,eurostat
SE,power,2021,1,0.9161673996,eurostat
SI,power,2021,1,0.51421291137,eurostat
SK,power,2021,1,2.534759527806,eurostat
AT,power,2021,1,4.9123664298900005,eurostat
BE,power,2021,1,9.9320635012,eurostat
BG,power,2021,1,2.203077318016,eurostat
CY,power,2021,1,0.0,eurostat
CZ,power,2021,1,4.649940942172001,eurostat
DE,power,2021,1,45.026071854162,eurostat
DK,power,2021,1,1.769120026406,eurostat
EE,power,2021,1,0.27222244,eurostat
ES,power,2021,1,30.201808050316004,eurostat
EU27_2020,power,2021,1,243.912969296886,eurostat
FI,power,2021,1,1.857223708,eurostat
FR,power,2021,1,19.917575100714,eurostat
GR,power,2021,1,5.6904073301,eurostat
HR,power,2021,1,1.9540273965540005,eurostat
HU,power,2021,1,5.0155345679800005,eurostat
IE,power,2021,1,4.1026566154560005,eurostat
IT,power,2021,1,52.006430494,eurostat
LT,power,2021,1,1.257223228,eurostat
LU,power,2021,1,0.4498475821,eurostat
LV,power,2021,1,0.7330769753499999,eurostat
MT,power,2021,1,0.322114424358,eurostat
NL,power,2021,1,20.851703348016,eurostat
PL,power,2021,1,14.256965294452,eurostat
PT,power,2021,1,5.8860522088380005,eurostat
RO,power,2021,1,6.2252827580000005,eurostat
SE,power,2021,1,0.8349820568740001,eurostat
SI,power,2021,1,0.562292672056,eurostat
SK,power,2021,1,3.022902973876,eurostat
AT,power,2021,1,8.182695157262,eurostat
BE,power,2021,1,13.670427603,eurostat
BG,power,2021,1,2.581765120966,eurostat
CY,power,2021,1,0.0,eurostat
CZ,power,2021,1,7.509532674288,eurostat
DE,power,2021,1,72.95581947572,eurostat
DK,power,2021,1,2.262476532202,eurostat
EE,power,2021,1,0.325555816,eurostat
ES,power,2021,1,30.480299939776,eurostat
EU27_2020,power,2021,1,324.169768224496,eurostat
FI,power,2021,1,1.57361237,eurostat
FR,power,2021,1,33.501523190086004,eurostat
GR,power,2021,1,5.389999311996,eurostat
HR,power,2021,1,2.619965429304,eurostat
HU,power,2021,1,10.098828356834,eurostat
IE,power,2021,1,4.24000616978,eurostat
IT,power,2021,1,58.90699157,eurostat
LT,power,2021,1,1.732223608,eurostat
LU,power,2021,1,0.702814173362,eurostat
LV,power,2021,1,0.80117841872,eurostat
MT,power,2021,1,0.310286637118,eurostat
NL,power,2021,1,25.248006587278,eurostat
PL,power,2021,1,18.516364535302,eurostat
PT,power,2021,1,5.676853708146,eurostat
RO,power,2021,1,10.226674848,eurostat
SE,power,2021,1,1.076236694322,eurostat
SI,power,2021,1,0.8533467937879999,eurostat
SK,power,2021,1,4.726283503246,eurostat
AT,power,2021,1,10.938695139838,eurostat
BE,power,2021,1,20.2929051232,eurostat
BG,power,2021,1,3.0422824338240004,eurostat
CY,power,2021,1,0.0,eurostat
CZ,power,2021,1,10.52569592055,eurostat
DE,power,2021,1,109.484935921212,eurostat
DK,power,2021,1,2.84881616794,eurostat
EE,power,2021,1,0.463055926,eurostat
ES,power,2021,1,39.060651804052,eurostat
EU27_2020,power,2021,1,450.998480798496,eurostat
FI,power,2021,1,1.188056506,eurostat
FR,power,2021,1,56.937485272174,eurostat
GR,power,2021,1,5.603251149264,eurostat
HR,power,2021,1,3.446823035234,eurostat
HU,power,2021,1,13.380734037912,eurostat
IE,power,2021,1,4.995864552244001,eurostat
IT,power,2021,1,80.782564626,eurostat
LT,power,2021,1,1.697779136,eurostat
LU,power,2021,1,0.92955491031,eurostat
LV,power,2021,1,1.1616403737560002,eurostat
MT,power,2021,1,0.274115219292,eurostat
NL,power,2021,1,35.846439510462,eurostat
PL,power,2021,1,21.09585021,eurostat
PT,power,2021,1,5.7420848714420005,eurostat
RO,power,2021,1,12.91389922,eurostat
SE,power,2021,1,1.1622781520440002,eurostat
SI,power,2021,1,1.020846927788,eurostat
SK,power,2021,1,6.162174651958001,eurostat
AT,power,2021,1,12.539837531862,eurostat
BE,power,2021,1,21.419600469,eurostat
BG,power,2021,1,3.949190103794,eurostat
CY,power,2021,1,0.0,eurostat
CZ,power,2021,1,12.03976379847,eurostat
DE,power,2021,1,125.34982666867,eurostat
DK,power,2021,1,3.677074886102,eurostat
EE,power,2021,1,0.77083395,eurostat
ES,power,2021,1,38.156714414236,eurostat
EU27_2020,power,2021,1,522.634206718142,eurostat
FI,power,2021,1,2.716946618,eurostat
FR,power,2021,1,62.50933417409401,eurostat
GR,power,2021,1,6.564893863022,eurostat
HR,power,2021,1,3.604288438984,eurostat
HU,power,2021,1,16.59420077535,eurostat
IE,power,2021,1,5.10100685858,eurostat
IT,power,2021,1,102.774804442,eurostat
LT,power,2021,1,2.492224216,eurostat
LU,power,2021,1,0.951667428,eurostat
LV,power,2021,1,1.908924860472,eurostat
MT,power,2021,1,0.282774115108,eurostat
NL,power,2021,1,41.106017051454,eurostat
PL,power,2021,1,26.58600182434,eurostat
PT,power,2021,1,5.032290970274,eurostat
RO,power,2021,1,16.483624298000002,eurostat
SE,power,2021,1,1.246903497522,eurostat
SI,power,2021,1,1.198480403228,eurostat
SK,power,2021,1,7.576981061580001,eurostat
AT,power,2022,1,12.403029366860002,eurostat
BE,power,2022,1,23.5284077116,eurostat
BG,power,2022,1,4.161796107212,eurostat
CY,power,2022,1,0.0,eurostat
CZ,power,2022,1,11.979963195074,eurostat
DE,power,2022,1,130.717704296302,eurostat
DK,power,2022,1,3.276295398812,eurostat
EE,power,2022,1,0.643889404,eurostat
ES,power,2022,1,40.631369171736,eurostat
EU27_2020,power,2022,1,537.560365047948,eurostat
FI,power,2022,1,1.913334864,eurostat
FR,power,2022,1,68.386941653954,eurostat
GR,power,2022,1,6.34355090817,eurostat
HR,power,2022,1,4.093362163576001,eurostat
HU,power,2022,1,17.160839284216,eurostat
IE,power,2022,1,5.636953954004,eurostat
IT,power,2022,1,103.007582406,eurostat
LT,power,2022,1,2.110001688,eurostat
LU,power,2022,1,1.09121198408,eurostat
LV,power,2022,1,1.532250392466,eurostat
MT,power,2022,1,0.310271914884,eurostat
NL,power,2022,1,41.624864410976,eurostat
PL,power,2022,1,24.122812076012004,eurostat
PT,power,2022,1,5.8030621424460005,eurostat
RO,power,2022,1,17.038346964000002,eurostat
SE,power,2022,1,1.195074011614,eurostat
SI,power,2022,1,1.247144608826,eurostat
SK,power,2022,1,7.600304969128,eurostat
AT,power,2022,1,10.481641440862,eurostat
BE,power,2022,1,17.8468476108,eurostat
BG,power,2022,1,3.43306385756,eurostat
CY,power,2022,1,0.0,eurostat
CZ,power,2022,1,11.979963195074,eurostat
DE,power,2022,1,106.686027848754,eurostat
DK,power,2022,1,2.8425378295840003,eurostat
EE,power,2022,1,0.531389314,eurostat
ES,power,2022,1,34.944379066592,eurostat
EU27_2020,power,2022,1,433.074556459368,eurostat
FI,power,2022,1,1.5972235,eurostat
FR,power,2022,1,50.754793659358,eurostat
GR,power,2022,1,5.493439950304,eurostat
HR,power,2022,1,3.295611525376,eurostat
HU,power,2022,1,13.262354498764,eurostat
IE,power,2022,1,4.38266878391,eurostat
IT,power,2022,1,81.19534273400001,eurostat
LT,power,2022,1,1.678890232,eurostat
LU,power,2022,1,0.862943190354,eurostat
LV,power,2022,1,1.093308930202,eurostat
MT,power,2022,1,0.283001059734,eurostat
NL,power,2022,1,33.37168780844,eurostat
PL,power,2022,1,20.797032470946,eurostat
PT,power,2022,1,4.847947489466001,eurostat
RO,power,2022,1,13.519733038,eurostat
SE,power,2022,1,0.921411570462,eurostat
SI,power,2022,1,0.992753849758,eurostat
SK,power,2022,1,5.978562005068,eurostat
AT,power,2022,1,10.67109742576,eurostat
BE,power,2022,1,16.3359019576,eurostat
BG,power,2022,1,3.77760857764,eurostat
CY,power,2022,1,0.0,eurostat
CZ,power,2022,1,9.670317736248,eurostat
DE,power,2022,1,101.879985392812,eurostat
DK,power,2022,1,2.9193926132900003,eurostat
EE,power,2022,1,0.482500386,eurostat
ES,power,2022,1,34.01500776754,eurostat
EU27_2020,power,2022,1,424.192754909488,eurostat
FI,power,2022,1,1.7380569460000002,eurostat
FR,power,2022,1,47.52663246572,eurostat
GR,power,2022,1,6.962979181490001,eurostat
HR,power,2022,1,2.957909588548,eurostat
HU,power,2022,1,12.955673975642002,eurostat
IE,power,2022,1,5.052965431258,eurostat
IT,power,2022,1,84.349234146,eurostat
LT,power,2022,1,2.112223912,eurostat
LU,power,2022,1,0.7953423029400001,eurostat
LV,power,2022,1,0.98603412216,eurostat
MT,power,2022,1,0.320088867182,eurostat
NL,power,2022,1,31.728585660626,eurostat
PL,power,2022,1,20.816576653248,eurostat
PT,power,2022,1,5.24568752988,eurostat
RO,power,2022,1,13.337232892,eurostat
SE,power,2022,1,0.6543655234920001,eurostat
SI,power,2022,1,1.032702492828,eurostat
SK,power,2022,1,5.868651361584001,eurostat
AT,power,2022,1,7.58692551398,eurostat
BE,power,2022,1,13.3610940222,eurostat
BG,power,2022,1,2.1793572990400003,eurostat
CY,power,2022,1,0.0,eurostat
CZ,power,2022,1,7.381952016668,eurostat
DE,power,2022,1,75.050388929152,eurostat
DK,power,2022,1,2.202002317156,eurostat
EE,power,2022,1,0.333611378,eurostat
ES,power,2022,1,26.697758024856,eurostat
EU27_2020,power,2022,1,312.32847680702605,eurostat
FI,power,2022,1,1.014723034,eurostat
FR,power,2022,1,36.009105751706,eurostat
GR,power,2022,1,3.230308417578,eurostat
HR,power,2022,1,2.167142844824,eurostat
HU,power,2022,1,9.04431001322,eurostat
IE,power,2022,1,4.989286491426,eurostat
IT,power,2022,1,55.753100158,eurostat
LT,power,2022,1,1.624723522,eurostat
LU,power,2022,1,0.629324392348,eurostat
LV,power,2022,1,0.668374423588,eurostat
MT,power,2022,1,0.239779636268,eurostat
NL,power,2022,1,25.948223814118,eurostat
PL,power,2022,1,17.871788186308,eurostat
PT,power,2022,1,4.647764551542,eurostat
RO,power,2022,1,7.80000624,eurostat
SE,power,2022,1,0.614177713564,eurostat
SI,power,2022,1,0.7781417336240001,eurostat
SK,power,2022,1,4.50510638186,eurostat
AT,power,2022,1,5.034143193978001,eurostat
BE,power,2022,1,10.6706196476,eurostat
BG,power,2022,1,2.151036165272,eurostat
CY,power,2022,1,0.0,eurostat
CZ,power,2022,1,4.2051572530120005,eurostat
DE,power,2022,1,46.443637710436,eurostat
DK,power,2022,1,1.722600544746,eurostat
EE,power,2022,1,0.228333516,eurostat
ES,power,2022,1,25.976673836878,eurostat
EU27_2020,power,2022,1,230.081751009698,eurostat
FI,power,2022,1,1.102223104,eurostat
FR,power,2022,1,22.800293240220004,eurostat
GR,power,2022,1,3.749944388842,eurostat
HR,power,2022,1,1.5006500894080002,eurostat
HU,power,2022,1,4.596934788656,eurostat
IE,power,2022,1,4.651377054432,eurostat
IT,power,2022,1,44.439479996,eurostat
LT,power,2022,1,1.51111232,eurostat
LU,power,2022,1,0.394942815954,eurostat
LV,power,2022,1,0.333095266476,eurostat
MT,power,2022,1,0.305782466848,eurostat
NL,power,2022,1,20.364383235938003,eurostat
PL,power,2022,1,12.999915677702,eurostat
PT,power,2022,1,5.073899892450001,eurostat
RO,power,2022,1,6.153060478,eurostat
SE,power,2022,1,0.552536830918,eurostat
SI,power,2022,1,0.5703974007620001,eurostat
SK,power,2022,1,2.54952009517,eurostat
AT,power,2022,1,4.055842689116,eurostat
BE,power,2022,1,9.7678133698,eurostat
BG,power,2022,1,2.01061688627,eurostat
CY,power,2022,1,0.0,eurostat
CZ,power,2022,1,3.655485424386,eurostat
DE,power,2022,1,37.442031064712,eurostat
DK,power,2022,1,1.550671240536,eurostat
EE,power,2022,1,0.15972235,eurostat
ES,power,2022,1,29.460924124276,eurostat
EU27_2020,power,2022,1,213.90371417839,eurostat
FI,power,2022,1,0.989723014,eurostat
FR,power,2022,1,19.308794891468,eurostat
GR,power,2022,1,4.64739816236,eurostat
HR,power,2022,1,1.45928033409,eurostat
HU,power,2022,1,4.110889677598,eurostat
IE,power,2022,1,4.513980555626,eurostat
IT,power,2022,1,44.788646942,eurostat
LT,power,2022,1,1.561390138,eurostat
LU,power,2022,1,0.310219137064,eurostat
LV,power,2022,1,0.201495161196,eurostat
MT,power,2022,1,0.384122251742,eurostat
NL,power,2022,1,18.808044490868003,eurostat
PL,power,2022,1,11.369001872972,eurostat
PT,power,2022,1,5.155882458036,eurostat
RO,power,2022,1,5.260281986,eurostat
SE,power,2022,1,0.354336950136,eurostat
SI,power,2022,1,0.523704030074,eurostat
SK,power,2022,1,2.053414976064,eurostat
AT,power,2022,1,3.75442522576,eurostat
BE,power,2022,1,9.6326743728,eurostat
BG,power,2022,1,2.08944889378,eurostat
CY,power,2022,1,0.0,eurostat
CZ,power,2022,1,3.329717108216,eurostat
DE,power,2022,1,39.48473714332,eurostat
DK,power,2022,1,1.342870240962,eurostat
EE,power,2022,1,0.123055654,eurostat
ES,power,2022,1,31.177164663934,eurostat
EU27_2020,power,2022,1,218.20381761847,eurostat
FI,power,2022,1,0.893334048,eurostat
FR,power,2022,1,19.32484045986,eurostat
GR,power,2022,1,5.847504678,eurostat
HR,power,2022,1,1.74199444915,eurostat
HU,power,2022,1,4.30455344364,eurostat
IE,power,2022,1,4.720563220892,eurostat
IT,power,2022,1,47.021704284,eurostat
LT,power,2022,1,1.023889708,eurostat
LU,power,2022,1,0.283514671256,eurostat
LV,power,2022,1,0.201701272472,eurostat
MT,power,2022,1,0.464188426906,eurostat
NL,power,2022,1,17.127358701876002,eurostat
PL,power,2022,1,10.594612364572,eurostat
PT,power,2022,1,5.604247261172,eurostat
RO,power,2022,1,4.92361505,eurostat
SE,power,2022,1,0.592334640534,eurostat
SI,power,2022,1,0.501082900866,eurostat
SK,power,2022,1,2.098684734502,eurostat
AT,power,2022,1,3.418010234406,eurostat
BE,power,2022,1,10.2269804038,eurostat
BG,power,2022,1,1.47945396134,eurostat
CY,power,2022,1,0.0,eurostat
CZ,power,2022,1,3.32910266328,eurostat
DE,power,2022,1,32.30327445371,eurostat
DK,power,2022,1,1.3786719362700002,eurostat
EE,power,2022,1,0.13659455372,eurostat
ES,power,2022,1,28.423248016358,eurostat
EU27_2020,power,2022,1,195.716915462296,eurostat
FI,power,2022,1,1.064445296,eurostat
FR,power,2022,1,17.612742145738,eurostat
GR,power,2022,1,5.361844845028,eurostat
HR,power,2022,1,1.576580705708,eurostat
HU,power,2022,1,3.705905464722,eurostat
IE,power,2022,1,4.844546653412,eurostat
IT,power,2022,1,40.322532258,eurostat
LT,power,2022,1,0.70555612,eurostat
LU,power,2022,1,0.240769914838,eurostat
LV,power,2022,1,0.43215729017,eurostat
MT,power,2022,1,0.44355868818,eurostat
NL,power,2022,1,16.338657793138,eurostat
PL,power,2022,1,9.442154220384,eurostat
PT,power,2022,1,5.38846681077,eurostat
RO,power,2022,1,4.682503746,eurostat
SE,power,2022,1,0.6083227088800001,eurostat
SI,power,2022,1,0.455646753406,eurostat
SK,power,2022,1,1.7951878250380002,eurostat
AT,power,2022,1,5.045406814100001,eurostat
BE,power,2022,1,10.6001751468,eurostat
BG,power,2022,1,1.5629040281,eurostat
CY,power,2022,1,0.0,eurostat
CZ,power,2022,1,4.298932883588001,eurostat
DE,power,2022,1,45.790198021018,eurostat
DK,power,2022,1,1.477533682026,eurostat
EE,power,2022,1,0.1693612466,eurostat
ES,power,2022,1,28.405784946832004,eurostat
EU27_2020,power,2022,1,219.738494401766,eurostat
FI,power,2022,1,0.791389522,eurostat
FR,power,2022,1,22.221929166418,eurostat
GR,power,2022,1,3.5107622530520004,eurostat
HR,power,2022,1,1.562784861338,eurostat
HU,power,2022,1,4.589215615814,eurostat
IE,power,2022,1,4.332217910216,eurostat
IT,power,2022,1,42.69308971,eurostat
LT,power,2022,1,0.987223012,eurostat
LU,power,2022,1,0.363506124138,eurostat
LV,power,2022,1,0.374005299204,eurostat
MT,power,2022,1,0.36425723585,eurostat
NL,power,2022,1,17.002342768530003,eurostat
PL,power,2022,1,10.082741955076,eurostat
PT,power,2022,1,5.125837156222,eurostat
RO,power,2022,1,5.3272264840000005,eurostat
SE,power,2022,1,0.484754276692,eurostat
SI,power,2022,1,0.528085422468,eurostat
SK,power,2022,1,2.046828859684,eurostat
AT,power,2022,1,6.06330346175,eurostat
BE,power,2022,1,12.3092320696,eurostat
BG,power,2022,1,1.6286896362840002,eurostat
CY,power,2022,1,0.0,eurostat
CZ,power,2022,1,5.751979323802001,eurostat
DE,power,2022,1,54.207877255156,eurostat
DK,power,2022,1,1.77177502853,eurostat
EE,power,2022,1,0.2011668276,eurostat
ES,power,2022,1,28.466968051334,eurostat
EU27_2020,power,2022,1,249.691841142202,eurostat
FI,power,2022,1,0.736945034,eurostat
FR,power,2022,1,26.440741708132,eurostat
GR,power,2022,1,2.691111597332,eurostat
HR,power,2022,1,2.239193735798,eurostat
HU,power,2022,1,5.868530250376,eurostat
IE,power,2022,1,4.162402218808,eurostat
IT,power,2022,1,44.820591412,eurostat
LT,power,2022,1,1.000834134,eurostat
LU,power,2022,1,0.449351192814,eurostat
LV,power,2022,1,0.300805240644,eurostat
MT,power,2022,1,0.29723773779,eurostat
NL,power,2022,1,20.568321176866,eurostat
PL,power,2022,1,13.394782104706,eurostat
PT,power,2022,1,5.030914024728,eurostat
RO,power,2022,1,6.836672136,eurostat
SE,power,2022,1,0.6217504974000001,eurostat
SI,power,2022,1,0.614955214186,eurostat
SK,power,2022,1,3.2157100725660004,eurostat
AT,power,2022,1,8.76473617845,eurostat
BE,power,2022,1,14.3607337108,eurostat
BG,power,2022,1,2.460909190948,eurostat
CY,power,2022,1,0.0,eurostat
CZ,power,2022,1,8.312763872428,eurostat
DE,power,2022,1,76.541753177798,eurostat
DK,power,2022,1,2.175295351346,eurostat
EE,power,2022,1,0.3240835926,eurostat
ES,power,2022,1,27.60145124781,eurostat
EU27_2020,power,2022,1,332.162957952376,eurostat
FI,power,2022,1,0.8230562140000001,eurostat
FR,power,2022,1,41.043812835024006,eurostat
GR,power,2022,1,3.909858127884,eurostat
HR,power,2022,1,2.578737340766,eurostat
HU,power,2022,1,9.811204237846,eurostat
IE,power,2022,1,4.6708565144600005,eurostat
IT,power,2022,1,59.033936116,eurostat
LT,power,2022,1,1.214723194,eurostat
LU,power,2022,1,0.6133221573240001,eurostat
LV,power,2022,1,1.12370089896,eurostat
MT,power,2022,1,0.38047808216,eurostat
NL,power,2022,1,25.46593009495,eurostat
PL,power,2022,1,18.97768601547,eurostat
PT,power,2022,1,5.31024730375,eurostat
RO,power,2022,1,10.328619374,eurostat
SE,power,2022,1,0.604397427962,eurostat
SI,power,2022,1,0.8692884732080001,eurostat
SK,power,2022,1,4.861377222432,eurostat
AT,power,2022,1,10.512522854456002,eurostat
BE,power,2022,1,20.087099403,eurostat
BG,power,2022,1,3.103746649662,eurostat
CY,power,2022,1,0.0,eurostat
CZ,power,2022,1,10.593460419206002,eurostat
DE,power,2022,1,107.31299418366,eurostat
DK,power,2022,1,3.130357782062,eurostat
EE,power,2022,1,0.461250369,eurostat
ES,power,2022,1,27.448648070012,eurostat
EU27_2020,power,2022,1,436.8006741624821,eurostat
FI,power,2022,1,0.946111868,eurostat
FR,power,2022,1,57.353074215756,eurostat
GR,power,2022,1,5.177887753418,eurostat
HR,power,2022,1,2.729029127666,eurostat
HU,power,2022,1,12.640684834762,eurostat
IE,power,2022,1,5.722807356020001,eurostat
IT,power,2022,1,78.020340194,eurostat
LT,power,2022,1,2.335557424,eurostat
LU,power,2022,1,0.810182870368,eurostat
LV,power,2022,1,1.599993224438,eurostat
MT,power,2022,1,0.377700579938,eurostat
NL,power,2022,1,37.205266708634,eurostat
PL,power,2022,1,22.777095166106,eurostat
PT,power,2022,1,4.221354210414,eurostat
RO,power,2022,1,14.007788984,eurostat
SE,power,2022,1,0.92082156999,eurostat
SI,power,2022,1,0.986661344884,eurostat
SK,power,2022,1,6.31823699903,eurostat
AT,power,2023,1,10.125896711822,eurostat
BE,power,2023,1,19.6359045976,eurostat
BG,power,2023,1,2.8723072978440003,eurostat
CY,power,2023,1,0.0,eurostat
CZ,power,2023,1,9.725569169338,eurostat
DE,power,2023,1,122.410612928412,eurostat
DK,power,2023,1,2.893003425512,eurostat
EE,power,2023,1,0.4238336724,eurostat
ES,power,2023,1,29.38711517634,eurostat
EU27_2020,power,2023,1,443.980640739784,eurostat
FI,power,2023,1,1.399445564,eurostat
FR,power,2023,1,56.099483490662,eurostat
GR,power,2023,1,4.126475245622,eurostat
HR,power,2023,1,2.978717382972,eurostat
HU,power,2023,1,12.03194295888,eurostat
IE,power,2023,1,5.274203663804,eurostat
IT,power,2023,1,79.6290637032,eurostat
LT,power,2023,1,1.369167762,eurostat
LU,power,2023,1,0.8372781698220001,eurostat
LV,power,2023,1,1.119013950766,eurostat
MT,power,2023,1,0.389871423008,eurostat
NL,power,2023,1,33.09186952903,eurostat
PL,power,2023,1,22.560572492888,eurostat
PT,power,2023,1,3.96584483934,eurostat
RO,power,2023,1,13.84028885,eurostat
SE,power,2023,1,0.88681737612,eurostat
SI,power,2023,1,1.038753331002,eurostat
SK,power,2023,1,5.8675880274,eurostat
AT,power,2023,1,8.806706212026,eurostat
BE,power,2023,1,17.9814588296,eurostat
BG,power,2023,1,2.836846158364,eurostat
CY,power,2023,1,0.0,eurostat
CZ,power,2023,1,9.416790033426,eurostat
DE,power,2023,1,96.852395815188,eurostat
DK,power,2023,1,2.6469054508560004,eurostat
EE,power,2023,1,0.3779725246,eurostat
ES,power,2023,1,33.690185285460004,eurostat
EU27_2020,power,2023,1,404.004378203244,eurostat
FI,power,2023,1,1.5494456840000002,eurostat
FR,power,2023,1,50.688510828554,eurostat
GR,power,2023,1,4.350071257832,eurostat
HR,power,2023,1,2.89342314807,eurostat
HU,power,2023,1,11.687428238824,eurostat
IE,power,2023,1,4.664070675698,eurostat
IT,power,2023,1,74.83480986779999,eurostat
LT,power,2023,1,1.06666752,eurostat
LU,power,2023,1,0.75851866237,eurostat
LV,power,2023,1,1.19896207028,eurostat
MT,power,2023,1,0.329065263252,eurostat
NL,power,2023,1,29.89006696759,eurostat
PL,power,2023,1,21.140473023476,eurostat
PT,power,2023,1,4.893771137236,eurostat
RO,power,2023,1,13.894177782,eurostat
SE,power,2023,1,0.7695122822760001,eurostat
SI,power,2023,1,0.961537991452,eurostat
SK,power,2023,1,5.824605215236001,eurostat
AT,power,2023,1,7.567869109846001,eurostat
BE,power,2023,1,17.827375373,eurostat
BG,power,2023,1,2.854942006174,eurostat
CY,power,2023,1,0.0,eurostat
CZ,power,2023,1,8.40984700565,eurostat
DE,power,2023,1,91.071686468402,eurostat
DK,power,2023,1,2.7168732846080004,eurostat
EE,power,2023,1,0.404444768,eurostat
ES,power,2023,1,29.015003489762,eurostat
EU27_2020,power,2023,1,366.1381804103101,eurostat
FI,power,2023,1,1.459445612,eurostat
FR,power,2023,1,43.922192915504006,eurostat
GR,power,2023,1,4.022542662476,eurostat
HR,power,2023,1,2.705066886274,eurostat
HU,power,2023,1,9.697673591466,eurostat
IE,power,2023,1,5.288498953017999,eurostat
IT,power,2023,1,62.2723831512,eurostat
LT,power,2023,1,1.736668056,eurostat
LU,power,2023,1,0.737547256704,eurostat
LV,power,2023,1,1.029791934944,eurostat
MT,power,2023,1,0.361013622144,eurostat
NL,power,2023,1,30.468176874522,eurostat
PL,power,2023,1,20.836414724674,eurostat
PT,power,2023,1,4.043395179158,eurostat
RO,power,2023,1,10.743897484,eurostat
SE,power,2023,1,0.978225227024,eurostat
SI,power,2023,1,0.857649019452,eurostat
SK,power,2023,1,5.109555754308,eurostat
AT,power,2023,1,7.031699514244001,eurostat
BE,power,2023,1,13.7877054746,eurostat
BG,power,2023,1,2.332292421388,eurostat
CY,power,2023,1,0.0,eurostat
CZ,power,2023,1,6.662601441188,eurostat
DE,power,2023,1,69.657154614568,eurostat
DK,power,2023,1,1.967409351704,eurostat
EE,power,2023,1,0.266111324,eurostat
ES,power,2023,1,24.285693317428,eurostat
EU27_2020,power,2023,1,285.677521875168,eurostat
FI,power,2023,1,0.8350006680000001,eurostat
FR,power,2023,1,31.36694592687,eurostat
GR,power,2023,1,3.90849618235,eurostat
HR,power,2023,1,2.29124349966,eurostat
HU,power,2023,1,7.71415339354,eurostat
IE,power,2023,1,4.557276423596,eurostat
IT,power,2023,1,48.9056224578,eurostat
LT,power,2023,1,1.348334412,eurostat
LU,power,2023,1,0.579845741654,eurostat
LV,power,2023,1,0.415398387874,eurostat
MT,power,2023,1,0.349042223678,eurostat
NL,power,2023,1,23.785237083730003,eurostat
PL,power,2023,1,16.690840297106,eurostat
PT,power,2023,1,3.452954706806,eurostat
RO,power,2023,1,8.083339800000001,eurostat
SE,power,2023,1,0.554723221556,eurostat
SI,power,2023,1,0.758303662198,eurostat
SK,power,2023,1,4.090096605408,eurostat
AT,power,2023,1,4.929491165812,eurostat
BE,power,2023,1,9.866480115400002,eurostat
BG,power,2023,1,1.6307310268060002,eurostat
CY,power,2023,1,0.0,eurostat
CZ,power,2023,1,4.047154904388,eurostat
DE,power,2023,1,47.805125466292,eurostat
DK,power,2023,1,1.614830180752,eurostat
EE,power,2023,1,0.179722366,eurostat
ES,power,2023,1,24.586604391490003,eurostat
EU27_2020,power,2023,1,216.88243822803403,eurostat
FI,power,2023,1,1.49166786,eurostat
FR,power,2023,1,19.642924603216,eurostat
GR,power,2023,1,3.207900344096,eurostat
HR,power,2023,1,1.785536706206,eurostat
HU,power,2023,1,4.914777820708,eurostat
IE,power,2023,1,4.564680318408,eurostat
IT,power,2023,1,40.3648656252,eurostat
LT,power,2023,1,1.17083427,eurostat
LU,power,2023,1,0.39054336799,eurostat
LV,power,2023,1,0.228946294268,eurostat
MT,power,2023,1,0.3664447376,eurostat
NL,power,2023,1,18.471615055058,eurostat
PL,power,2023,1,12.655753457928,eurostat
PT,power,2023,1,3.802453875294,eurostat
RO,power,2023,1,5.089170738,eurostat
SE,power,2023,1,0.60960604324,eurostat
SI,power,2023,1,0.645763849944,eurostat
SK,power,2023,1,2.818813921716,eurostat
AT,power,2023,1,3.443139143398,eurostat
BE,power,2023,1,9.0962294992,eurostat
BG,power,2023,1,1.599497390708,eurostat
CY,power,2023,1,0.0,eurostat
CZ,power,2023,1,3.512158920836,eurostat
DE,power,2023,1,36.057283845804,eurostat
DK,power,2023,1,1.5406376213980002,eurostat
EE,power,2023,1,0.138333444,eurostat
ES,power,2023,1,26.276087965298,eurostat
EU27_2020,power,2023,1,194.986334877832,eurostat
FI,power,2023,1,1.080278642,eurostat
FR,power,2023,1,16.629159692206002,eurostat
GR,power,2023,1,4.2863367624,eurostat
HR,power,2023,1,1.478104515816,eurostat
HU,power,2023,1,4.094667164620001,eurostat
IE,power,2023,1,4.113263846164,eurostat
IT,power,2023,1,38.6186142282,eurostat
LT,power,2023,1,1.112778668,eurostat
LU,power,2023,1,0.278539389498,eurostat
LV,power,2023,1,0.340483327942,eurostat
MT,power,2023,1,0.362824734704,eurostat
NL,power,2023,1,18.224725968658,eurostat
PL,power,2023,1,11.146976417574,eurostat
PT,power,2023,1,4.438352439568,eurostat
RO,power,2023,1,3.755836338,eurostat
SE,power,2023,1,0.605558540002,eurostat
SI,power,2023,1,0.552416830822,eurostat
SK,power,2023,1,2.204049263238,eurostat
AT,power,2023,1,3.457859988508,eurostat
BE,power,2023,1,8.4498400932,eurostat
BG,power,2023,1,1.978944916488,eurostat
CY,power,2023,1,0.0,eurostat
CZ,power,2023,1,3.170733925474,eurostat
DE,power,2023,1,35.798352527548005,eurostat
DK,power,2023,1,1.52361371889,eurostat
EE,power,2023,1,0.121944542,eurostat
ES,power,2023,1,26.129260903392,eurostat
EU27_2020,power,2023,1,200.924449350542,eurostat
FI,power,2023,1,1.208889856,eurostat
FR,power,2023,1,16.095210931714,eurostat
GR,power,2023,1,5.31456397387,eurostat
HR,power,2023,1,1.834613134356,eurostat
HU,power,2023,1,4.224729213114,eurostat
IE,power,2023,1,3.87153920834,eurostat
IT,power,2023,1,45.2755362204,eurostat
LT,power,2023,1,1.07500086,eurostat
LU,power,2023,1,0.29013634322,eurostat
LV,power,2023,1,0.209713223326,eurostat
MT,power,2023,1,0.43793229479,eurostat
NL,power,2023,1,16.862349878758,eurostat
PL,power,2023,1,11.18706589409,eurostat
PT,power,2023,1,4.73131211838,eurostat
RO,power,2023,1,4.562225872,eurostat
SE,power,2023,1,0.55732544586,eurostat
SI,power,2023,1,0.486147333362,eurostat
SK,power,2023,1,2.069606933462,eurostat
AT,power,2023,1,3.264398722628,eurostat
BE,power,2023,1,8.9689516196,eurostat
BG,power,2023,1,1.828175351428,eurostat
CY,power,2023,1,0.0,eurostat
CZ,power,2023,1,3.167546700702,eurostat
DE,power,2023,1,35.82971338597,eurostat
DK,power,2023,1,1.6598468834320002,eurostat
EE,power,2023,1,0.148333452,eurostat
ES,power,2023,1,25.178323198198,eurostat
EU27_2020,power,2023,1,191.297591093506,eurostat
FI,power,2023,1,1.432223368,eurostat
FR,power,2023,1,14.854354105696,eurostat
GR,power,2023,1,4.633975373844,eurostat
HR,power,2023,1,2.140405601212,eurostat
HU,power,2023,1,3.864760591806,eurostat
IE,power,2023,1,3.815056385376,eurostat
IT,power,2023,1,36.1209455634,eurostat
LT,power,2023,1,1.211389858,eurostat
LU,power,2023,1,0.256920483314,eurostat
LV,power,2023,1,0.407063381206,eurostat
MT,power,2023,1,0.439527296066,eurostat
NL,power,2023,1,18.793325590204,eurostat
PL,power,2023,1,11.966900684624,eurostat
PT,power,2023,1,4.174798339836,eurostat
RO,power,2023,1,4.371947942,eurostat
SE,power,2023,1,0.590674361428,eurostat
SI,power,2023,1,0.441614519958,eurostat
SK,power,2023,1,1.736418333578,eurostat
AT,power,2023,1,3.943413432506,eurostat
BE,power,2023,1,9.0587850248,eurostat
BG,power,2023,1,1.953231007028,eurostat
CY,power,2023,1,0.0,eurostat
CZ,power,2023,1,3.4074043925880004,eurostat
DE,power,2023,1,38.648617863314,eurostat
DK,power,2023,1,1.496179530276,eurostat
EE,power,2023,1,0.138333444,eurostat
ES,power,2023,1,26.262326009844,eurostat
EU27_2020,power,2023,1,206.32862061832,eurostat
FI,power,2023,1,1.244167662,eurostat
FR,power,2023,1,16.261992731806,eurostat
GR,power,2023,1,4.457721066174,eurostat
HR,power,2023,1,1.86061815516,eurostat
HU,power,2023,1,4.089530493844,eurostat
IE,power,2023,1,3.80043081812,eurostat
IT,power,2023,1,43.8785351028,eurostat
LT,power,2023,1,1.361945534,eurostat
LU,power,2023,1,0.301988574924,eurostat
LV,power,2023,1,0.510913464286,eurostat
MT,power,2023,1,0.40865727137,eurostat
NL,power,2023,1,18.800142262324,eurostat
PL,power,2023,1,12.245635352056,eurostat
PT,power,2023,1,4.513694722064001,eurostat
RO,power,2023,1,4.701670428,eurostat
SE,power,2023,1,0.74456865121,eurostat
SI,power,2023,1,0.502020123838,eurostat
SK,power,2023,1,1.736097777766,eurostat
AT,power,2023,1,5.371074852412,eurostat
BE,power,2023,1,10.927508742,eurostat
BG,power,2023,1,2.101507792316,eurostat
CY,power,2023,1,0.0,eurostat
CZ,power,2023,1,5.18902220677,eurostat
DE,power,2023,1,54.784223271788,eurostat
DK,power,2023,1,2.112859745842,eurostat
EE,power,2023,1,0.324722482,eurostat
ES,power,2023,1,25.048842816836,eurostat
EU27_2020,power,2023,1,250.04918198363,eurostat
FI,power,2023,1,3.203058118,eurostat
FR,power,2023,1,22.900249153518,eurostat
GR,power,2023,1,4.340873472696,eurostat
HR,power,2023,1,2.327831584486,eurostat
HU,power,2023,1,6.183240224366,eurostat
IE,power,2023,1,4.265523690194,eurostat
IT,power,2023,1,45.878786703,eurostat
LT,power,2023,1,1.885557064,eurostat
LU,power,2023,1,0.468035929984,eurostat
LV,power,2023,1,0.6805424888780001,eurostat
MT,power,2023,1,0.341614717736,eurostat
NL,power,2023,1,20.854003349856,eurostat
PL,power,2023,1,15.977594170954,eurostat
PT,power,2023,1,3.658353204458,eurostat
RO,power,2023,1,6.678060898,eurostat
SE,power,2023,1,0.733870864874,eurostat
SI,power,2023,1,0.6391191224060001,eurostat
SK,power,2023,1,3.173105038482,eurostat
AT,power,2023,1,8.31123998232,eurostat
BE,power,2023,1,15.821095990200002,eurostat
BG,power,2023,1,2.8568997855180003,eurostat
CY,power,2023,1,0.0,eurostat
CZ,power,2023,1,8.044390879952001,eurostat
DE,power,2023,1,89.329225907768,eurostat
DK,power,2023,1,2.8083141910940004,eurostat
EE,power,2023,1,0.401944766,eurostat
ES,power,2023,1,26.339692460626,eurostat
EU27_2020,power,2023,1,354.860591388246,eurostat
FI,power,2023,1,1.683612458,eurostat
FR,power,2023,1,41.196668235086,eurostat
GR,power,2023,1,3.697646569226,eurostat
HR,power,2023,1,3.058618280226,eurostat
HU,power,2023,1,9.942898509868002,eurostat
IE,power,2023,1,4.800625229386,eurostat
IT,power,2023,1,60.7907152992,eurostat
LT,power,2023,1,1.711390258,eurostat
LU,power,2023,1,0.724306690556,eurostat
LV,power,2023,1,1.01444386711,eurostat
MT,power,2023,1,0.293988012968,eurostat
NL,power,2023,1,28.021653528416003,eurostat
PL,power,2023,1,21.80833827999,eurostat
PT,power,2023,1,3.66720293376,eurostat
RO,power,2023,1,11.574175926,eurostat
SE,power,2023,1,0.945364089624,eurostat
SI,power,2023,1,0.905555446666,eurostat
SK,power,2023,1,5.110583810686,eurostat
AT,power,2023,1,9.953927129802,eurostat
BE,power,2023,1,17.6653752434,eurostat
BG,power,2023,1,3.208620066894,eurostat
CY,power,2023,1,0.0,eurostat
CZ,power,2023,1,9.663630508676,eurostat
DE,power,2023,1,103.084550800908,eurostat
DK,power,2023,1,3.097283311158,eurostat
EE,power,2023,1,0.5516671080000001,eurostat
ES,power,2023,1,29.988368712898,eurostat
EU27_2020,power,2023,1,419.357003263112,eurostat
FI,power,2023,1,2.0555572,eurostat
FR,power,2023,1,48.88337105111,eurostat
GR,power,2023,1,4.886479464736,eurostat
HR,power,2023,1,2.769038604118,eurostat
HU,power,2023,1,12.602456193068,eurostat
IE,power,2023,1,4.476032191934,eurostat
IT,power,2023,1,76.570477923,eurostat
LT,power,2023,1,2.2105573240000003,eurostat
LU,power,2023,1,0.7926342452180001,eurostat
LV,power,2023,1,1.250481000384,eurostat
MT,power,2023,1,0.276216609862,eurostat
NL,power,2023,1,32.917027722490005,eurostat
PL,power,2023,1,25.266943824650003,eurostat
PT,power,2023,1,3.723400478718,eurostat
RO,power,2023,1,14.88751191,eurostat
SE,power,2023,1,1.047148893274,eurostat
SI,power,2023,1,1.061387793554,eurostat
SK,power,2023,1,6.466857673482001,eurostat
AT,power,2024,1,11.312466272188,eurostat
BE,power,2024,1,21.4542671634,eurostat
BG,power,2024,1,3.2500851000660003,eurostat
CY,power,2024,1,0.0,eurostat
CZ,power,2024,1,11.467945563238,eurostat
DE,power,2024,1,124.079837597124,eurostat
DK,power,2024,1,3.792146644826,eurostat
EE,power,2024,1,0.744167262,eurostat
ES,power,2024,1,33.177698486582,eurostat
EU27_2020,power,2024,1,485.385720808266,eurostat
FI,power,2024,1,2.48055754,eurostat
FR,power,2024,1,57.738005912590005,eurostat
GR,power,2024,1,6.058735958096,eurostat
HR,power,2024,1,3.0411490995840005,eurostat
HU,power,2024,1,13.90434862347,eurostat
IE,power,2024,1,5.685258159314,eurostat
IT,power,2024,1,83.25914994060001,eurostat
LT,power,2024,1,2.315835186,eurostat
LU,power,2024,1,0.956779098756,eurostat
LV,power,2024,1,1.93193765666,eurostat
MT,power,2024,1,0.324408037304,eurostat
NL,power,2024,1,40.307271690236,eurostat
PL,power,2024,1,27.53374702698,eurostat
PT,power,2024,1,4.22676171474,eurostat
RO,power,2024,1,16.617791072,eurostat
SE,power,2024,1,1.443839210626,eurostat
SI,power,2024,1,1.204962908414,eurostat
SK,power,2024,1,7.076567605694001,eurostat
AT,power,2024,1,7.467016251386,eurostat
BE,power,2024,1,15.287095563,eurostat
BG,power,2024,1,2.725592180472,eurostat
CY,power,2024,1,0.0,eurostat
CZ,power,2024,1,7.757679261694,eurostat
DE,power,2024,1,87.170583347522,eurostat
DK,power,2024,1,2.640730723694,eurostat
EE,power,2024,1,0.473333712,eurostat
ES,power,2024,1,27.75331942486,eurostat
EU27_2020,power,2024,1,360.551263718558,eurostat
FI,power,2024,1,2.171390626,eurostat
FR,power,2024,1,40.583543022364005,eurostat
GR,power,2024,1,4.90224697735,eurostat
HR,power,2024,1,2.44953112629,eurostat
HU,power,2024,1,9.462862014728,eurostat
IE,power,2024,1,4.520413616328001,eurostat
IT,power,2024,1,67.441733397788,eurostat
LT,power,2024,1,1.805001444,eurostat
LU,power,2024,1,0.7205364097620001,eurostat
LV,power,2024,1,1.33128717614,eurostat
MT,power,2024,1,0.319059699692,eurostat
NL,power,2024,1,29.277960366794,eurostat
PL,power,2024,1,21.63866314425,eurostat
PT,power,2024,1,3.5717989685480003,eurostat
RO,power,2024,1,12.182231968,eurostat
SE,power,2024,1,1.023788596808,eurostat
SI,power,2024,1,0.91891462402,eurostat
SK,power,2024,1,4.954950075068,eurostat
AT,power,2024,1,6.710875924252,eurostat
BE,power,2024,1,14.9615675248,eurostat
BG,power,2024,1,2.987219334218,eurostat
CY,power,2024,1,0.0,eurostat
CZ,power,2024,1,7.280857491348,eurostat
DE,power,2024,1,83.46960038673801,eurostat
DK,power,2024,1,2.592135962596,eurostat
EE,power,2024,1,0.379722526,eurostat
ES,power,2024,1,26.841254528542,eurostat
EU27_2020,power,2024,1,341.21279130334807,eurostat
FI,power,2024,1,1.828612574,eurostat
FR,power,2024,1,37.805547466636,eurostat
GR,power,2024,1,5.3038236875,eurostat
HR,power,2024,1,2.274036263672,eurostat
HU,power,2024,1,8.936612149284,eurostat
IE,power,2024,1,4.75220657954,eurostat
IT,power,2024,1,60.314211029108,eurostat
LT,power,2024,1,1.67639023,eurostat
LU,power,2024,1,0.6688122017160001,eurostat
LV,power,2024,1,0.907585726068,eurostat
MT,power,2024,1,0.306661078662,eurostat
NL,power,2024,1,27.845313665122,eurostat
PL,power,2024,1,21.329032896546,eurostat
PT,power,2024,1,3.804637488152,eurostat
RO,power,2024,1,11.803064998,eurostat
SE,power,2024,1,0.814662040618,eurostat
SI,power,2024,1,0.8992004415820001,eurostat
SK,power,2024,1,4.719147386426001,eurostat
AT,power,2024,1,5.204243330058,eurostat
BE,power,2024,1,12.321815413,eurostat
BG,power,2024,1,2.249585966334,eurostat
CY,power,2024,1,0.0,eurostat
CZ,power,2024,1,5.157063570092,eurostat
DE,power,2024,1,66.089107871244,eurostat
DK,power,2024,1,2.250572356012,eurostat
EE,power,2024,1,0.336944714,eurostat
ES,power,2024,1,22.710369279392,eurostat
EU27_2020,power,2024,1,261.469046397292,eurostat
FI,power,2024,1,1.31805661,eurostat
FR,power,2024,1,26.591347106394,eurostat
GR,power,2024,1,4.235037276916,eurostat
HR,power,2024,1,1.791616155514,eurostat
HU,power,2024,1,6.10697294113,eurostat
IE,power,2024,1,4.435144659224,eurostat
IT,power,2024,1,43.818525888126,eurostat
LT,power,2024,1,2.1027794600000003,eurostat
LU,power,2024,1,0.580151575232,eurostat
LV,power,2024,1,0.5106456862940001,eurostat
MT,power,2024,1,0.250779922846,eurostat
NL,power,2024,1,22.780596557796,eurostat
PL,power,2024,1,16.829749297122,eurostat
PT,power,2024,1,2.868942017374001,eurostat
RO,power,2024,1,5.790837966,eurostat
SE,power,2024,1,0.91772851196,eurostat
SI,power,2024,1,0.790587021358,eurostat
SK,power,2024,1,3.4298452438740004,eurostat
AT,power,2024,1,3.854342250138,eurostat
BE,power,2024,1,9.0772850396,eurostat
BG,power,2024,1,2.2578654174020003,eurostat
CY,power,2024,1,0.0,eurostat
CZ,power,2024,1,3.489753902912,eurostat
DE,power,2024,1,45.714151293514,eurostat
DK,power,2024,1,1.57752070646,eurostat
EE,power,2024,1,0.183611258,eurostat
ES,power,2024,1,22.36748594953,eurostat
EU27_2020,power,2024,1,205.552144163806,eurostat
FI,power,2024,1,1.119723118,eurostat
FR,power,2024,1,18.501299801028,eurostat
GR,power,2024,1,5.01499567866,eurostat
HR,power,2024,1,1.434699203314,eurostat
HU,power,2024,1,4.553285864848,eurostat
IE,power,2024,1,4.543810579490001,eurostat
IT,power,2024,1,37.612519534436,eurostat
LT,power,2024,1,1.023056374,eurostat
LU,power,2024,1,0.429140898868,eurostat
LV,power,2024,1,0.221306288156,eurostat
MT,power,2024,1,0.294466346684,eurostat
NL,power,2024,1,18.270070727156003,eurostat
PL,power,2024,1,12.462119969688,eurostat
PT,power,2024,1,2.796867237492,eurostat
RO,power,2024,1,5.06250405,eurostat
SE,power,2024,1,0.684123880632,eurostat
SI,power,2024,1,0.672472482422,eurostat
SK,power,2024,1,2.333666311376,eurostat
AT,power,2024,1,3.586715647148,eurostat
BE,power,2024,1,8.4543400968,eurostat
BG,power,2024,1,2.021149950252,eurostat
CY,power,2024,1,0.0,eurostat
CZ,power,2024,1,3.32239571347,eurostat
DE,power,2024,1,40.207350776966,eurostat
DK,power,2024,1,1.5153253789260002,eurostat
EE,power,2024,1,0.116388982,eurostat
ES,power,2024,1,21.140333301142,eurostat
EU27_2020,power,2024,1,188.66863149034,eurostat
FI,power,2024,1,1.372501098,eurostat
FR,power,2024,1,15.12185376414,eurostat
GR,power,2024,1,5.436424071358,eurostat
HR,power,2024,1,1.201694850244,eurostat
HU,power,2024,1,3.897941173906,eurostat
IE,power,2024,1,3.766268013012,eurostat
IT,power,2024,1,36.421663581752,eurostat
LT,power,2024,1,0.968611886,eurostat
LU,power,2024,1,0.367015015834,eurostat
LV,power,2024,1,0.1638612422,eurostat
MT,power,2024,1,0.346418610468,eurostat
NL,power,2024,1,17.242122960354,eurostat
PL,power,2024,1,11.629381803498,eurostat
PT,power,2024,1,2.653637122908,eurostat
RO,power,2024,1,4.4566702320000005,eurostat
SE,power,2024,1,0.5891149157359999,eurostat
SI,power,2024,1,0.566189064062,eurostat
SK,power,2024,1,2.103261960386,eurostat
AT,power,2024,1,3.31823321014,eurostat
BE,power,2024,1,7.7459228634,eurostat
BG,power,2024,1,1.6970738576580002,eurostat
CY,power,2024,1,0.0,eurostat
CZ,power,2024,1,2.951475416734,eurostat
DE,power,2024,1,37.675303195774006,eurostat
DK,power,2024,1,1.282747970642,eurostat
EE,power,2024,1,0.138889,eurostat
ES,power,2024,1,23.966465284268,eurostat
EU27_2020,power,2024,1,197.881821360886,eurostat
FI,power,2024,1,1.388334444,eurostat
FR,power,2024,1,14.425902374046002,eurostat
GR,power,2024,1,6.280429191005999,eurostat
HR,power,2024,1,1.475315902474,eurostat
HU,power,2024,1,3.858251975488,eurostat
IE,power,2024,1,4.098734945652,eurostat
IT,power,2024,1,44.47114113244,eurostat
LT,power,2024,1,1.03194527,eurostat
LU,power,2024,1,0.323641647802,eurostat
LV,power,2024,1,0.366078348418,eurostat
MT,power,2024,1,0.403261155942,eurostat
NL,power,2024,1,16.681319733934,eurostat
PL,power,2024,1,12.845318887358,eurostat
PT,power,2024,1,3.1594672497940004,eurostat
RO,power,2024,1,5.0794485080000005,eurostat
SE,power,2024,1,0.594340197694,eurostat
SI,power,2024,1,0.53747959665,eurostat
SK,power,2024,1,2.08530027935,eurostat
AT,power,2024,1,3.184054213908,eurostat
BE,power,2024,1,7.4133114862,eurostat
BG,power,2024,1,2.016747724508,eurostat
CY,power,2024,1,0.0,eurostat
CZ,power,2024,1,3.1301494485620003,eurostat
DE,power,2024,1,36.694569355632005,eurostat
DK,power,2024,1,1.394209170922,eurostat
EE,power,2024,1,0.146944562,eurostat
ES,power,2024,1,22.920753614366,eurostat
EU27_2020,power,2024,1,187.348284322952,eurostat
FI,power,2024,1,1.070556412,eurostat
FR,power,2024,1,12.437349949872,eurostat
GR,power,2024,1,5.7963949148900005,eurostat
HR,power,2024,1,1.803190053662,eurostat
HU,power,2024,1,3.770538016428,eurostat
IE,power,2024,1,3.6878779503,eurostat
IT,power,2024,1,39.428908209768,eurostat
LT,power,2024,1,0.999723022,eurostat
LU,power,2024,1,0.227051292752,eurostat
LV,power,2024,1,0.440841463784,eurostat
MT,power,2024,1,0.454378419058,eurostat
NL,power,2024,1,16.250706333888,eurostat
PL,power,2024,1,13.02825903371,eurostat
PT,power,2024,1,2.95710653235,eurostat
RO,power,2024,1,4.650281498,eurostat
SE,power,2024,1,0.70508528629,eurostat
SI,power,2024,1,0.532299870284,eurostat
SK,power,2024,1,2.206996487818,eurostat
AT,power,2024,1,4.092569662942,eurostat
BE,power,2024,1,8.816034830600001,eurostat
BG,power,2024,1,2.092181673744,eurostat
CY,power,2024,1,0.0,eurostat
CZ,power,2024,1,3.665852654902,eurostat
DE,power,2024,1,43.38062776003,eurostat
DK,power,2024,1,1.530235668632,eurostat
EE,power,2024,1,0.141389002,eurostat
ES,power,2024,1,22.551153874242004,eurostat
EU27_2020,power,2024,1,211.094415819842,eurostat
FI,power,2024,1,1.409167794,eurostat
FR,power,2024,1,16.825042348912,eurostat
GR,power,2024,1,4.916789211206,eurostat
HR,power,2024,1,2.066514986544,eurostat
HU,power,2024,1,4.5952536762000005,eurostat
IE,power,2024,1,4.134626085476,eurostat
IT,power,2024,1,45.144895560332,eurostat
LT,power,2024,1,1.024445264,eurostat
LU,power,2024,1,0.368675017162,eurostat
LV,power,2024,1,0.5153143011400001,eurostat
MT,power,2024,1,0.340506661294,eurostat
NL,power,2024,1,17.565929052732002,eurostat
PL,power,2024,1,14.100544335982,eurostat
PT,power,2024,1,3.318985432964,eurostat
RO,power,2024,1,4.708059322,eurostat
SE,power,2024,1,0.682622490542,eurostat
SI,power,2024,1,0.5960857546460001,eurostat
SK,power,2024,1,2.5109133976180003,eurostat
AT,power,2024,1,5.811218260082,eurostat
BE,power,2024,1,11.4448980448,eurostat
BG,power,2024,1,2.410003872446,eurostat
CY,power,2024,1,0.0,eurostat
CZ,power,2024,1,6.201247460994001,eurostat
DE,power,2024,1,57.463399581794,eurostat
DK,power,2024,1,2.017927169896,eurostat
EE,power,2024,1,0.2471113088,eurostat
ES,power,2024,1,23.8547551949,eurostat
EU27_2020,power,2024,1,260.03117608033,eurostat
FI,power,2024,1,1.568612366,eurostat
FR,power,2024,1,23.615912226048,eurostat
GR,power,2024,1,4.756854361036,eurostat
HR,power,2024,1,2.565889274932,eurostat
HU,power,2024,1,7.324001136974001,eurostat
IE,power,2024,1,4.632157316834,eurostat
IT,power,2024,1,46.210858079768,eurostat
LT,power,2024,1,1.648334652,eurostat
LU,power,2024,1,0.5137551332260001,eurostat
LV,power,2024,1,0.574003514758,eurostat
MT,power,2024,1,0.358226397692,eurostat
NL,power,2024,1,21.941478108724,eurostat
PL,power,2024,1,18.734938876828,eurostat
PT,power,2024,1,3.453513318364001,eurostat
RO,power,2024,1,7.554728266000001,eurostat
SE,power,2024,1,0.5640723957020001,eurostat
SI,power,2024,1,0.658246915486,eurostat
SK,power,2024,1,3.905032846246,eurostat
AT,power,2024,1,10.395611649816,eurostat
BE,power,2024,1,17.345791654400003,eurostat
BG,power,2024,1,3.190726441468,eurostat
CY,power,2024,1,0.0,eurostat
CZ,power,2024,1,9.453005340176,eurostat
DE,power,2024,1,98.759090396098,eurostat
DK,power,2024,1,2.762193320864,eurostat
EE,power,2024,1,0.377222524,eurostat
ES,power,2024,1,29.623995088066003,eurostat
EU27_2020,power,2024,1,393.318527710126,eurostat
FI,power,2024,1,1.139723134,eurostat
FR,power,2024,1,41.146187916924,eurostat
GR,power,2024,1,6.7334542756480005,eurostat
HR,power,2024,1,2.99713711993,eurostat
HU,power,2024,1,11.823472236548,eurostat
IE,power,2024,1,5.629195058908,eurostat
IT,power,2024,1,66.87531127798401,eurostat
LT,power,2024,1,2.176112852,eurostat
LU,power,2024,1,0.739857814108,eurostat
LV,power,2024,1,0.935490748392,eurostat
MT,power,2024,1,0.330427486564,eurostat
NL,power,2024,1,32.122422364584,eurostat
PL,power,2024,1,24.005798649068,eurostat
PT,power,2024,1,3.666791266764,eurostat
RO,power,2024,1,13.190843886,eurostat
SE,power,2024,1,0.915148787674,eurostat
SI,power,2024,1,0.986235788988,eurostat
SK,power,2024,1,5.997280631154,eurostat
AT,power,2024,1,10.980692951214,eurostat
BE,power,2024,1,18.786153917800004,eurostat
BG,power,2024,1,3.248707876742,eurostat
CY,power,2024,1,0.0,eurostat
CZ,power,2024,1,10.339183826896,eurostat
DE,power,2024,1,117.341931651248,eurostat
DK,power,2024,1,2.8682145167920003,eurostat
EE,power,2024,1,0.476667048,eurostat
ES,power,2024,1,35.056402489544006,eurostat
EU27_2020,power,2024,1,455.58671308019,eurostat
FI,power,2024,1,1.825557016,eurostat
FR,power,2024,1,50.410450606106,eurostat
GR,power,2024,1,7.164776842928,eurostat
HR,power,2024,1,3.5060997493220003,eurostat
HU,power,2024,1,13.47610661421,eurostat
IE,power,2024,1,5.131242716102,eurostat
IT,power,2024,1,83.767425624998,eurostat
LT,power,2024,1,2.081668332,eurostat
LU,power,2024,1,0.851924570428,eurostat
LV,power,2024,1,1.050563896006,eurostat
MT,power,2024,1,0.318945810712,eurostat
NL,power,2024,1,33.82843817384,eurostat
PL,power,2024,1,25.483261775482,eurostat
PT,power,2024,1,4.12177551964,eurostat
RO,power,2024,1,14.86528967,eurostat
SE,power,2024,1,0.8372101142120001,eurostat
SI,power,2024,1,1.147465640194,eurostat
SK,power,2024,1,6.620556129774,eurostat
AT,power,2025,1,11.940661219188,eurostat
BE,power,2025,1,21.6970729132,eurostat
BG,power,2025,1,3.2692045598060004,eurostat
CY,power,2025,1,0.0,eurostat
CZ,power,2025,1,11.474844179868,eurostat
DE,power,2025,1,123.252687213182,eurostat
DK,power,2025,1,3.519397815516,eurostat
EE,power,2025,1,0.46111148,eurostat
ES,power,2025,1,32.517670736338,eurostat
EU27_2020,power,2025,1,482.621930263902,eurostat
FI,power,2025,1,1.67777912,eurostat
FR,power,2025,1,55.950978649636,eurostat
GR,power,2025,1,7.728947572042,eurostat
HR,power,2025,1,3.5238078190440003,eurostat
HU,power,2025,1,14.1934557992,eurostat
IE,power,2025,1,5.946589479490001,eurostat
IT,power,2025,1,85.84822006741,eurostat
LT,power,2025,1,2.243612906,eurostat
LU,power,2025,1,0.951610761288,eurostat
LV,power,2025,1,1.183049835328,eurostat
MT,power,2025,1,0.29288495653,eurostat
NL,power,2025,1,39.657806170664,eurostat
PL,power,2025,1,26.676873563704003,eurostat
PT,power,2025,1,4.2082005887800005,eurostat
RO,power,2025,1,15.276123332,eurostat
SE,power,2025,1,0.9278896312,eurostat
SI,power,2025,1,1.194808733624,eurostat
SK,power,2025,1,7.006641160864,eurostat
AT,power,2025,1,10.862112023016,eurostat
BE,power,2025,1,18.8460984102,eurostat
BG,power,2025,1,3.370468807484,eurostat
CY,power,2025,1,0.0,eurostat
CZ,power,2025,1,10.509314240778,eurostat
DE,power,2025,1,116.911449640196,eurostat
DK,power,2025,1,3.137698065712,eurostat
EE,power,2025,1,0.480278162,eurostat
ES,power,2025,1,28.60724788578,eurostat
EU27_2020,power,2025,1,440.2221668996741,eurostat
FI,power,2025,1,1.535001228,eurostat
FR,power,2025,1,46.355143472974,eurostat
GR,power,2025,1,7.903195766996,eurostat
HR,power,2025,1,3.2140025712,eurostat
HU,power,2025,1,13.58655114701,eurostat
IE,power,2025,1,4.38431322967,eurostat
IT,power,2025,1,77.49092977047201,eurostat
LT,power,2025,1,2.283890716,eurostat
LU,power,2025,1,0.840672616982,eurostat
LV,power,2025,1,1.653888267554,eurostat
MT,power,2025,1,0.292784123116,eurostat
NL,power,2025,1,34.693960255146,eurostat
PL,power,2025,1,25.806350922842004,eurostat
PT,power,2025,1,3.70976546781,eurostat
RO,power,2025,1,15.431123456,eurostat
SE,power,2025,1,0.922247404464,eurostat
SI,power,2025,1,1.07236613567,eurostat
SK,power,2025,1,6.321313112602,eurostat
AT,power,2025,1,8.386989487364,eurostat
BE,power,2025,1,15.1781788092,eurostat
BG,power,2025,1,2.856969507796,eurostat
CY,power,2025,1,0.0,eurostat
CZ,power,2025,1,8.228453527202,eurostat
DE,power,2025,1,88.67419205040801,eurostat
DK,power,2025,1,2.356170218268,eurostat
EE,power,2025,1,0.344722498,eurostat
ES,power,2025,1,28.074571348528004,eurostat
EU27_2020,power,2025,1,356.57070442300204,eurostat
FI,power,2025,1,1.775834754,eurostat
FR,power,2025,1,38.21311251491,eurostat
GR,power,2025,1,5.347848167164001,eurostat
HR,power,2025,1,2.74861331,eurostat
HU,power,2025,1,9.93727600537,eurostat
IE,power,2025,1,4.94156645325,eurostat
IT,power,2025,1,65.674610039646,eurostat
LT,power,2025,1,1.73750139,eurostat
LU,power,2025,1,0.693114165602,eurostat
LV,power,2025,1,0.947559646936,eurostat
MT,power,2025,1,0.25719881687,eurostat
NL,power,2025,1,27.48964560281,eurostat
PL,power,2025,1,21.803876887532,eurostat
PT,power,2025,1,3.664031820112001,eurostat
RO,power,2025,1,10.637786288,eurostat
SE,power,2025,1,0.6210418857219999,eurostat
SI,power,2025,1,0.962409658816,eurostat
SK,power,2025,1,5.0174295694960005,eurostat
AT,power,2025,1,5.787647407892,eurostat
BE,power,2025,1,11.3871202208,eurostat
BG,power,2025,1,2.408384426706,eurostat
CY,power,2025,1,0.0,eurostat
CZ,power,2025,1,5.530889146930001,eurostat
DE,power,2025,1,59.290581321316,eurostat
DK,power,2025,1,1.82350562547,eurostat
EE,power,2025,1,0.2622502098,eurostat
ES,power,2025,1,23.24619081916,eurostat
EU27_2020,power,2025,1,250.036586695776,eurostat
FI,power,2025,1,1.465834506,eurostat
FR,power,2025,1,22.158279671054,eurostat
GR,power,2025,1,3.967800952016,eurostat
HR,power,2025,1,2.3698241180800004,eurostat
HU,power,2025,1,6.5379080081000005,eurostat
IE,power,2025,1,4.357922097446,eurostat
IT,power,2025,1,44.44485361141,eurostat
LT,power,2025,1,1.690556908,eurostat
LU,power,2025,1,0.522932918346,eurostat
LV,power,2025,1,0.5547965549480001,eurostat
MT,power,2025,1,0.259030207224,eurostat
NL,power,2025,1,20.144231115372,eurostat
PL,power,2025,1,16.928474376102002,eurostat
PT,power,2025,1,2.98838294626,eurostat
RO,power,2025,1,6.959172234,eurostat
SE,power,2025,1,0.649803575398,eurostat
SI,power,2025,1,0.688798051038,eurostat
SK,power,2025,1,3.611415666908,eurostat
AT,power,2025,1,4.485319977142,eurostat
BE,power,2025,1,9.155923991400002,eurostat
BG,power,2025,1,1.991404926456,eurostat
CY,power,2025,1,0.0,eurostat
CZ,power,2025,1,4.597757011536,eurostat
DE,power,2025,1,47.808348246648,eurostat
DK,power,2025,1,1.618972684066,eurostat
EE,power,2025,1,0.20277794,eurostat
ES,power,2025,1,24.542691578582,eurostat
EU27_2020,power,2025,1,209.97338047857,eurostat
FI,power,2025,1,1.285556584,eurostat
FR,power,2025,1,16.02829337818,eurostat
GR,power,2025,1,4.314137340196,eurostat
HR,power,2025,1,1.2884176974,eurostat
HU,power,2025,1,5.056589600824,eurostat
IE,power,2025,1,3.874861155442,eurostat
IT,power,2025,1,35.477636437642,eurostat
LT,power,2025,1,1.470001176,eurostat
LU,power,2025,1,0.4184308902999999,eurostat
LV,power,2025,1,0.334409156416,eurostat
MT,power,2025,1,0.285181061478,eurostat
NL,power,2025,1,16.941856886808,eurostat
PL,power,2025,1,15.554575499206,eurostat
PT,power,2025,1,3.91344201964,eurostat
RO,power,2025,1,5.464171038,eurostat
SE,power,2025,1,0.5413776553240001,eurostat
SI,power,2025,1,0.737006700716,eurostat
SK,power,2025,1,2.584239845168,eurostat
AT,power,2025,1,3.4421708092900003,eurostat
BE,power,2025,1,8.0062008494,eurostat
BG,power,2025,1,1.647646595894,eurostat
CY,power,2025,1,0.0,eurostat
CZ,power,2025,1,3.286835685022,eurostat
DE,power,2025,1,34.384081951688,eurostat
DK,power,2025,1,1.4630822815759998,eurostat
EE,power,2025,1,0.13472233,eurostat
ES,power,2025,1,25.588841026612,eurostat
EU27_2020,power,2025,1,183.62601356736,eurostat
FI,power,2025,1,0.93353685794,eurostat
FR,power,2025,1,13.659580649878,eurostat
GR,power,2025,1,5.560828893104,eurostat
HR,power,2025,1,1.0307230468,eurostat
HU,power,2025,1,3.36630685971,eurostat
IE,power,2025,1,3.52074448326,eurostat
IT,power,2025,1,38.22981391716,eurostat
LT,power,2025,1,0.934445192,eurostat
LU,power,2025,1,0.330079152952,eurostat
LV,power,2025,1,0.198287103074,eurostat
MT,power,2025,1,0.355390839868,eurostat
NL,power,2025,1,14.66084228422,eurostat
PL,power,2025,1,12.209773378922,eurostat
PT,power,2025,1,3.518739481656,eurostat
RO,power,2025,1,4.1455588720000005,eurostat
SE,power,2025,1,0.6359310643,eurostat
SI,power,2025,1,0.6416635688860001,eurostat
SK,power,2025,1,1.7401866699260002,eurostat
AT,power,2025,1,3.4555827644640003,eurostat
BE,power,2025,1,7.7355895218,eurostat
BG,power,2025,1,1.7551086263080002,eurostat
CY,power,2025,1,0.0,eurostat
CZ,power,2025,1,3.226021747482,eurostat
DE,power,2025,1,35.311328526818,eurostat
DK,power,2025,1,1.264325455904,eurostat
EE,power,2025,1,0.128611214,eurostat
ES,power,2025,1,25.41529811,eurostat
EU27_2020,power,2025,1,195.569952844726,eurostat
FI,power,2025,1,1.216112084,eurostat
FR,power,2025,1,13.688771784342,eurostat
GR,power,2025,1,6.431465700724001,eurostat
HR,power,2025,1,1.6775291198000002,eurostat
HU,power,2025,1,3.4843169541180004,eurostat
IE,power,2025,1,4.318231787916,eurostat
IT,power,2025,1,43.164385364814,eurostat
LT,power,2025,1,0.520278194,eurostat
LU,power,2025,1,0.32509470452,eurostat
LV,power,2025,1,0.329817208298,eurostat
MT,power,2025,1,0.419716169106,eurostat
NL,power,2025,1,16.86482043629,eurostat
PL,power,2025,1,13.304143698862,eurostat
PT,power,2025,1,3.699677126406,eurostat
RO,power,2025,1,4.522781396,eurostat
SE,power,2025,1,0.5756174049380001,eurostat
SI,power,2025,1,0.629467725796,eurostat
SK,power,2025,1,2.10586001802,eurostat
AT,power,2025,1,3.205322564256,eurostat
BE,power,2025,1,7.744617306799999,eurostat
BG,power,2025,1,1.7071521990540002,eurostat
CY,power,2025,1,0.0,eurostat
CZ,power,2025,1,2.969666542398,eurostat
DE,power,2025,1,34.998565776608004,eurostat
DK,power,2025,1,1.3853352749340002,eurostat
EE,power,2025,1,0.146944562,eurostat
ES,power,2025,1,23.159984083528,eurostat
EU27_2020,power,2025,1,180.306394245,eurostat
FI,power,2025,1,1.0138897,eurostat
FR,power,2025,1,12.203963652052,eurostat
GR,power,2025,1,5.3746929108620005,eurostat
HR,power,2025,1,1.7562236272,eurostat
HU,power,2025,1,2.965489316834,eurostat
IE,power,2025,1,3.94441287775,eurostat
IT,power,2025,1,33.849701246406,eurostat
LT,power,2025,1,0.953056318,eurostat
LU,power,2025,1,0.267467713974,eurostat
LV,power,2025,1,0.357829175152,eurostat
MT,power,2025,1,0.418653946034,eurostat
NL,power,2025,1,17.05250669755,eurostat
PL,power,2025,1,13.135791619736,eurostat
PT,power,2025,1,3.488185012768,eurostat
RO,power,2025,1,4.7441704620000005,eurostat
SE,power,2025,1,0.739234758054,eurostat
SI,power,2025,1,0.585219357064,eurostat
SK,power,2025,1,2.138317821764,eurostat
AT,power,2025,1,3.824910837704,eurostat
BE,power,2025,1,8.7957292588,eurostat
BG,power,2025,1,1.97950297249,eurostat
CY,power,2025,1,0.0,eurostat
CZ,power,2025,1,3.528353100458,eurostat
DE,power,2025,1,39.878411902704,eurostat
DK,power,2025,1,1.570340422938,eurostat
EE,power,2025,1,0.15000012,eurostat
ES,power,2025,1,24.54905297256,eurostat
EU27_2020,power,2025,1,204.762900476856,eurostat
FI,power,2025,1,0.610278266,eurostat
FR,power,2025,1,16.242789660888,eurostat
GR,power,2025,1,5.0162401241,eurostat
HR,power,2025,1,1.637362421,eurostat
HU,power,2025,1,4.127218301772,eurostat
IE,power,2025,1,3.832178899074,eurostat
IT,power,2025,1,42.394776971350005,eurostat
LT,power,2025,1,1.344723298,eurostat
LU,power,2025,1,0.396213928082,eurostat
LV,power,2025,1,0.410365328292,eurostat
MT,power,2025,1,0.355791117966,eurostat
NL,power,2025,1,17.214574604982,eurostat
PL,power,2025,1,14.300633940498,eurostat
PT,power,2025,1,3.909240349612,eurostat
RO,power,2025,1,4.953059518,eurostat
SE,power,2025,1,0.518383192484,eurostat
SI,power,2025,1,0.66059913959,eurostat
SK,power,2025,1,2.562169827512,eurostat
AT,power,2025,1,7.115777081506,eurostat
BE,power,2025,1,12.718343508,eurostat
BG,power,2025,1,2.545882314482,eurostat
CY,power,2025,1,0.0,eurostat
CZ,power,2025,1,6.2499355555000005,eurostat
DE,power,2025,1,72.2771133772,eurostat
DK,power,2025,1,2.100250013532,eurostat
EE,power,2025,1,0.270000216,eurostat
ES,power,2025,1,29.165065554256003,eurostat
EU27_2020,power,2025,1,297.28117393586007,eurostat
FI,power,2025,1,1.1796120548000002,eurostat
FR,power,2025,1,25.408157270954003,eurostat
GR,power,2025,1,5.691034830602,eurostat
HR,power,2025,1,2.6328076618000003,eurostat
HU,power,2025,1,8.420933681186,eurostat
IE,power,2025,1,4.464990516434,eurostat
IT,power,2025,1,49.726868670352005,eurostat
LT,power,2025,1,1.542223456,eurostat
LU,power,2025,1,0.559214058482,eurostat
LV,power,2025,1,0.750286433562,eurostat
MT,power,2025,1,0.32726137292,eurostat
NL,power,2025,1,23.361738689376,eurostat
PL,power,2025,1,21.05679878987,eurostat
PT,power,2025,1,4.079055485464,eurostat
RO,power,2025,1,9.470007576,eurostat
SE,power,2025,1,0.768130336726,eurostat
SI,power,2025,1,0.982530786024,eurostat
SK,power,2025,1,4.417154644832,eurostat
AT,power,2025,1,0.0,eurostat
BE,power,2025,1,15.853623794,eurostat
BG,power,2025,1,,eurostat
CY,power,2025,1,0.0,eurostat
CZ,power,2025,1,7.383140350952,eurostat
DE,power,2025,1,,eurostat
DK,power,2025,1,2.789899176362,eurostat
EE,power,2025,1,,eurostat
ES,power,2025,1,31.10958183209,eurostat
EU27_2020,power,2025,1,,eurostat
FI,power,2025,1,1.26250101,eurostat
FR,power,2025,1,,eurostat
GR,power,2025,1,,eurostat
HR,power,2025,1,3.3973916068000003,eurostat
HU,power,2025,1,10.925675962756,eurostat
IE,power,2025,1,5.137689110148001,eurostat
IT,power,2025,1,53.1094035986,eurostat
LT,power,2025,1,,eurostat
LU,power,2025,1,0.724933357724,eurostat
LV,power,2025,1,1.051290841032,eurostat
MT,power,2025,1,0.329391096846,eurostat
NL,power,2025,1,29.651723443582004,eurostat
PL,power,2025,1,24.449068725906,eurostat
PT,power,2025,1,4.078318818208,eurostat
RO,power,2025,1,11.159175594,eurostat
SE,power,2025,1,,eurostat
SI,power,2025,1,1.129294792324,eurostat
SK,power,2025,1,,eurostat
