Unnamed: 0,country,date,demand,type
0.0,AT,2016-01-01,250.0,power
7.0,EE,2016-01-01,52.0,power
11.0,FR,2016-01-01,308.0,power
10.0,FI,2016-01-01,84.0,power
9.0,EU27_2020,2016-01-01,7118.0,power
8.0,ES,2016-01-01,409.0,power
4.0,CZ,2016-01-01,47.0,power
6.0,DK,2016-01-01,70.0,power
3.0,CY,2016-01-01,0.0,power
2.0,BG,2016-01-01,151.0,power
1.0,BE,2016-01-01,367.0,power
13.0,HR,2016-01-01,43.0,power
12.0,GR,2016-01-01,232.0,power
20.0,MT,2016-01-01,0.0,power
5.0,DE,2016-01-01,1496.0,power
15.0,IE,2016-01-01,0.0,power
14.0,HU,2016-01-01,220.0,power
27.0,SK,2016-01-01,0.0,power
26.0,SI,2016-01-01,16.0,power
25.0,SE,2016-01-01,0.0,power
23.0,PT,2016-01-01,177.0,power
22.0,PL,2016-01-01,162.0,power
24.0,RO,2016-01-01,0.0,power
19.0,LV,2016-01-01,133.0,power
18.0,LU,2016-01-01,0.0,power
17.0,LT,2016-01-01,59.0,power
16.0,IT,2016-01-01,2126.0,power
21.0,NL,2016-01-01,716.0,power
41.0,HR,2016-02-01,40.0,power
32.0,CZ,2016-02-01,30.0,power
29.0,BE,2016-02-01,304.0,power
30.0,BG,2016-02-01,102.0,power
31.0,CY,2016-02-01,0.0,power
33.0,DE,2016-02-01,1193.0,power
39.0,FR,2016-02-01,214.0,power
35.0,EE,2016-02-01,28.0,power
36.0,ES,2016-02-01,286.0,power
37.0,EU27_2020,2016-02-01,5572.0,power
38.0,FI,2016-02-01,61.0,power
40.0,GR,2016-02-01,159.0,power
28.0,AT,2016-02-01,172.0,power
34.0,DK,2016-02-01,36.0,power
55.0,SK,2016-02-01,0.0,power
50.0,PL,2016-02-01,148.0,power
42.0,HU,2016-02-01,163.0,power
48.0,MT,2016-02-01,0.0,power
45.0,LT,2016-02-01,43.0,power
46.0,LU,2016-02-01,0.0,power
47.0,LV,2016-02-01,61.0,power
49.0,NL,2016-02-01,559.0,power
44.0,IT,2016-02-01,1812.0,power
51.0,PT,2016-02-01,146.0,power
52.0,RO,2016-02-01,0.0,power
53.0,SE,2016-02-01,0.0,power
54.0,SI,2016-02-01,15.0,power
43.0,IE,2016-02-01,0.0,power
58.0,BG,2016-03-01,100.0,power
59.0,CY,2016-03-01,0.0,power
60.0,CZ,2016-03-01,10.0,power
61.0,DE,2016-03-01,1217.0,power
56.0,AT,2016-03-01,154.0,power
65.0,EU27_2020,2016-03-01,5076.0,power
64.0,ES,2016-03-01,316.0,power
57.0,BE,2016-03-01,331.0,power
66.0,FI,2016-03-01,56.0,power
67.0,FR,2016-03-01,272.0,power
69.0,HR,2016-03-01,33.0,power
63.0,EE,2016-03-01,28.0,power
68.0,GR,2016-03-01,166.0,power
62.0,DK,2016-03-01,39.0,power
70.0,HU,2016-03-01,137.0,power
73.0,LT,2016-03-01,40.0,power
74.0,LU,2016-03-01,0.0,power
75.0,LV,2016-03-01,70.0,power
77.0,NL,2016-03-01,0.0,power
80.0,RO,2016-03-01,0.0,power
79.0,PT,2016-03-01,160.0,power
72.0,IT,2016-03-01,1775.0,power
71.0,IE,2016-03-01,0.0,power
81.0,SE,2016-03-01,0.0,power
82.0,SI,2016-03-01,15.0,power
83.0,SK,2016-03-01,0.0,power
78.0,PL,2016-03-01,157.0,power
76.0,MT,2016-03-01,0.0,power
85.0,BE,2016-04-01,295.0,power
86.0,BG,2016-04-01,47.0,power
87.0,CY,2016-04-01,0.0,power
88.0,CZ,2016-04-01,18.0,power
89.0,DE,2016-04-01,813.0,power
92.0,ES,2016-04-01,271.0,power
91.0,EE,2016-04-01,15.0,power
93.0,EU27_2020,2016-04-01,4351.0,power
94.0,FI,2016-04-01,31.0,power
95.0,FR,2016-04-01,234.0,power
84.0,AT,2016-04-01,113.0,power
97.0,HR,2016-04-01,21.0,power
96.0,GR,2016-04-01,173.0,power
90.0,DK,2016-04-01,25.0,power
98.0,HU,2016-04-01,104.0,power
100.0,IT,2016-04-01,1444.0,power
101.0,LT,2016-04-01,19.0,power
102.0,LU,2016-04-01,0.0,power
103.0,LV,2016-04-01,0.0,power
104.0,MT,2016-04-01,0.0,power
107.0,PT,2016-04-01,137.0,power
111.0,SK,2016-04-01,0.0,power
108.0,RO,2016-04-01,0.0,power
109.0,SE,2016-04-01,0.0,power
110.0,SI,2016-04-01,11.0,power
99.0,IE,2016-04-01,0.0,power
105.0,NL,2016-04-01,433.0,power
106.0,PL,2016-04-01,147.0,power
123.0,FR,2016-05-01,122.0,power
124.0,GR,2016-05-01,180.0,power
112.0,AT,2016-05-01,29.0,power
113.0,BE,2016-05-01,229.0,power
115.0,CY,2016-05-01,0.0,power
116.0,CZ,2016-05-01,36.0,power
119.0,EE,2016-05-01,6.0,power
118.0,DK,2016-05-01,8.0,power
120.0,ES,2016-05-01,330.0,power
121.0,EU27_2020,2016-05-01,3373.0,power
122.0,FI,2016-05-01,9.0,power
125.0,HR,2016-05-01,21.0,power
114.0,BG,2016-05-01,45.0,power
117.0,DE,2016-05-01,0.0,power
139.0,SK,2016-05-01,0.0,power
126.0,HU,2016-05-01,108.0,power
133.0,NL,2016-05-01,391.0,power
127.0,IE,2016-05-01,0.0,power
128.0,IT,2016-05-01,1524.0,power
130.0,LU,2016-05-01,0.0,power
131.0,LV,2016-05-01,35.0,power
129.0,LT,2016-05-01,17.0,power
135.0,PT,2016-05-01,148.0,power
134.0,PL,2016-05-01,126.0,power
136.0,RO,2016-05-01,0.0,power
137.0,SE,2016-05-01,0.0,power
138.0,SI,2016-05-01,9.0,power
132.0,MT,2016-05-01,0.0,power
145.0,DE,2016-06-01,626.0,power
140.0,AT,2016-06-01,17.0,power
141.0,BE,2016-06-01,244.0,power
142.0,BG,2016-06-01,39.0,power
144.0,CZ,2016-06-01,18.0,power
143.0,CY,2016-06-01,0.0,power
153.0,HR,2016-06-01,10.0,power
148.0,ES,2016-06-01,391.0,power
149.0,EU27_2020,2016-06-01,4078.0,power
150.0,FI,2016-06-01,8.0,power
151.0,FR,2016-06-01,141.0,power
152.0,GR,2016-06-01,283.0,power
147.0,EE,2016-06-01,4.0,power
146.0,DK,2016-06-01,18.0,power
167.0,SK,2016-06-01,0.0,power
162.0,PL,2016-06-01,105.0,power
160.0,MT,2016-06-01,0.0,power
156.0,IT,2016-06-01,1470.0,power
157.0,LT,2016-06-01,10.0,power
159.0,LV,2016-06-01,45.0,power
161.0,NL,2016-06-01,316.0,power
158.0,LU,2016-06-01,0.0,power
163.0,PT,2016-06-01,219.0,power
164.0,RO,2016-06-01,0.0,power
165.0,SE,2016-06-01,0.0,power
166.0,SI,2016-06-01,7.0,power
155.0,IE,2016-06-01,0.0,power
154.0,HU,2016-06-01,107.0,power
173.0,DE,2016-07-01,630.0,power
169.0,BE,2016-07-01,244.0,power
170.0,BG,2016-07-01,38.0,power
171.0,CY,2016-07-01,0.0,power
172.0,CZ,2016-07-01,27.0,power
168.0,AT,2016-07-01,14.0,power
174.0,DK,2016-07-01,7.0,power
176.0,ES,2016-07-01,481.0,power
177.0,EU27_2020,2016-07-01,4879.0,power
178.0,FI,2016-07-01,8.0,power
179.0,FR,2016-07-01,191.0,power
180.0,GR,2016-07-01,269.0,power
175.0,EE,2016-07-01,4.0,power
181.0,HR,2016-07-01,16.0,power
182.0,HU,2016-07-01,118.0,power
190.0,PL,2016-07-01,63.0,power
184.0,IT,2016-07-01,2010.0,power
185.0,LT,2016-07-01,8.0,power
186.0,LU,2016-07-01,0.0,power
187.0,LV,2016-07-01,36.0,power
189.0,NL,2016-07-01,548.0,power
188.0,MT,2016-07-01,0.0,power
191.0,PT,2016-07-01,159.0,power
192.0,RO,2016-07-01,0.0,power
193.0,SE,2016-07-01,0.0,power
194.0,SI,2016-07-01,8.0,power
183.0,IE,2016-07-01,0.0,power
195.0,SK,2016-07-01,0.0,power
197.0,BE,2016-08-01,280.0,power
198.0,BG,2016-08-01,37.0,power
199.0,CY,2016-08-01,0.0,power
200.0,CZ,2016-08-01,48.0,power
201.0,DE,2016-08-01,0.0,power
204.0,ES,2016-08-01,420.0,power
203.0,EE,2016-08-01,2.0,power
205.0,EU27_2020,2016-08-01,4136.0,power
206.0,FI,2016-08-01,10.0,power
207.0,FR,2016-08-01,216.0,power
196.0,AT,2016-08-01,10.0,power
209.0,HR,2016-08-01,16.0,power
208.0,GR,2016-08-01,229.0,power
202.0,DK,2016-08-01,4.0,power
210.0,HU,2016-08-01,111.0,power
212.0,IT,2016-08-01,1756.0,power
213.0,LT,2016-08-01,0.0,power
214.0,LU,2016-08-01,0.0,power
215.0,LV,2016-08-01,28.0,power
216.0,MT,2016-08-01,0.0,power
219.0,PT,2016-08-01,273.0,power
223.0,SK,2016-08-01,0.0,power
220.0,RO,2016-08-01,0.0,power
221.0,SE,2016-08-01,0.0,power
222.0,SI,2016-08-01,8.0,power
211.0,IE,2016-08-01,0.0,power
217.0,NL,2016-08-01,607.0,power
218.0,PL,2016-08-01,81.0,power
225.0,BE,2016-09-01,327.0,power
226.0,BG,2016-09-01,38.0,power
227.0,CY,2016-09-01,0.0,power
228.0,CZ,2016-09-01,78.0,power
229.0,DE,2016-09-01,0.0,power
232.0,ES,2016-09-01,437.0,power
231.0,EE,2016-09-01,3.0,power
233.0,EU27_2020,2016-09-01,5234.0,power
234.0,FI,2016-09-01,11.0,power
235.0,FR,2016-09-01,460.0,power
224.0,AT,2016-09-01,90.0,power
237.0,HR,2016-09-01,20.0,power
236.0,GR,2016-09-01,229.0,power
230.0,DK,2016-09-01,8.0,power
238.0,HU,2016-09-01,128.0,power
240.0,IT,2016-09-01,2288.0,power
241.0,LT,2016-09-01,20.0,power
242.0,LU,2016-09-01,0.0,power
243.0,LV,2016-09-01,30.0,power
244.0,MT,2016-09-01,0.0,power
247.0,PT,2016-09-01,278.0,power
251.0,SK,2016-09-01,0.0,power
248.0,RO,2016-09-01,0.0,power
249.0,SE,2016-09-01,0.0,power
250.0,SI,2016-09-01,8.0,power
239.0,IE,2016-09-01,0.0,power
245.0,NL,2016-09-01,695.0,power
246.0,PL,2016-09-01,86.0,power
263.0,FR,2016-10-01,560.0,power
264.0,GR,2016-10-01,266.0,power
252.0,AT,2016-10-01,162.0,power
253.0,BE,2016-10-01,475.0,power
254.0,BG,2016-10-01,67.0,power
256.0,CZ,2016-10-01,87.0,power
259.0,EE,2016-10-01,18.0,power
258.0,DK,2016-10-01,13.0,power
260.0,ES,2016-10-01,633.0,power
261.0,EU27_2020,2016-10-01,6005.0,power
262.0,FI,2016-10-01,29.0,power
265.0,HR,2016-10-01,53.0,power
255.0,CY,2016-10-01,0.0,power
257.0,DE,2016-10-01,0.0,power
279.0,SK,2016-10-01,0.0,power
266.0,HU,2016-10-01,148.0,power
273.0,NL,2016-10-01,735.0,power
267.0,IE,2016-10-01,0.0,power
268.0,IT,2016-10-01,2230.0,power
269.0,LT,2016-10-01,28.0,power
271.0,LV,2016-10-01,85.0,power
270.0,LU,2016-10-01,0.0,power
275.0,PT,2016-10-01,256.0,power
274.0,PL,2016-10-01,153.0,power
276.0,RO,2016-10-01,0.0,power
277.0,SE,2016-10-01,0.0,power
278.0,SI,2016-10-01,7.0,power
272.0,MT,2016-10-01,0.0,power
285.0,DE,2016-11-01,0.0,power
282.0,BG,2016-11-01,105.0,power
283.0,CY,2016-11-01,0.0,power
284.0,CZ,2016-11-01,66.0,power
280.0,AT,2016-11-01,247.0,power
281.0,BE,2016-11-01,477.0,power
288.0,ES,2016-11-01,674.0,power
289.0,EU27_2020,2016-11-01,5768.0,power
290.0,FI,2016-11-01,73.0,power
291.0,FR,2016-11-01,570.0,power
293.0,HR,2016-11-01,45.0,power
287.0,EE,2016-11-01,25.0,power
292.0,GR,2016-11-01,246.0,power
286.0,DK,2016-11-01,58.0,power
294.0,HU,2016-11-01,168.0,power
296.0,IT,2016-11-01,2386.0,power
297.0,LT,2016-11-01,66.0,power
298.0,LU,2016-11-01,0.0,power
301.0,NL,2016-11-01,0.0,power
295.0,IE,2016-11-01,0.0,power
303.0,PT,2016-11-01,277.0,power
299.0,LV,2016-11-01,111.0,power
304.0,RO,2016-11-01,0.0,power
305.0,SE,2016-11-01,0.0,power
306.0,SI,2016-11-01,14.0,power
307.0,SK,2016-11-01,0.0,power
302.0,PL,2016-11-01,160.0,power
300.0,MT,2016-11-01,0.0,power
309.0,BE,2016-12-01,515.0,power
310.0,BG,2016-12-01,145.0,power
311.0,CY,2016-12-01,0.0,power
312.0,CZ,2016-12-01,82.0,power
313.0,DE,2016-12-01,0.0,power
308.0,AT,2016-12-01,318.0,power
317.0,EU27_2020,2016-12-01,7104.0,power
316.0,ES,2016-12-01,644.0,power
318.0,FI,2016-12-01,66.0,power
319.0,FR,2016-12-01,644.0,power
314.0,DK,2016-12-01,47.0,power
320.0,GR,2016-12-01,342.0,power
315.0,EE,2016-12-01,27.0,power
321.0,HR,2016-12-01,61.0,power
322.0,HU,2016-12-01,195.0,power
330.0,PL,2016-12-01,176.0,power
325.0,LT,2016-12-01,55.0,power
326.0,LU,2016-12-01,0.0,power
327.0,LV,2016-12-01,90.0,power
328.0,MT,2016-12-01,0.0,power
329.0,NL,2016-12-01,837.0,power
324.0,IT,2016-12-01,2562.0,power
331.0,PT,2016-12-01,282.0,power
333.0,SE,2016-12-01,0.0,power
334.0,SI,2016-12-01,16.0,power
335.0,SK,2016-12-01,0.0,power
323.0,IE,2016-12-01,0.0,power
332.0,RO,2016-12-01,0.0,power
337.0,BE,2017-01-01,502.1,power
338.0,BG,2017-01-01,188.0,power
339.0,CY,2017-01-01,0.0,power
340.0,CZ,2017-01-01,74.0,power
341.0,DE,2017-01-01,2010.0,power
344.0,ES,2017-01-01,580.0,power
343.0,EE,2017-01-01,32.0,power
345.0,EU27_2020,2017-01-01,9754.1,power
346.0,FI,2017-01-01,84.0,power
347.0,FR,2017-01-01,629.0,power
336.0,AT,2017-01-01,459.0,power
349.0,HR,2017-01-01,87.0,power
348.0,GR,2017-01-01,377.0,power
342.0,DK,2017-01-01,67.0,power
350.0,HU,2017-01-01,410.0,power
352.0,IT,2017-01-01,2562.0,power
353.0,LT,2017-01-01,52.0,power
354.0,LU,2017-01-01,0.0,power
355.0,LV,2017-01-01,107.0,power
356.0,MT,2017-01-01,0.0,power
359.0,PT,2017-01-01,306.0,power
363.0,SK,2017-01-01,0.0,power
360.0,RO,2017-01-01,0.0,power
361.0,SE,2017-01-01,0.0,power
362.0,SI,2017-01-01,21.0,power
351.0,IE,2017-01-01,0.0,power
357.0,NL,2017-01-01,927.0,power
358.0,PL,2017-01-01,280.0,power
365.0,BE,2017-02-01,379.7,power
366.0,BG,2017-02-01,127.0,power
367.0,CY,2017-02-01,0.0,power
368.0,CZ,2017-02-01,52.0,power
369.0,DE,2017-02-01,1371.0,power
372.0,ES,2017-02-01,320.0,power
371.0,EE,2017-02-01,30.0,power
373.0,EU27_2020,2017-02-01,7197.7,power
374.0,FI,2017-02-01,73.0,power
375.0,FR,2017-02-01,499.0,power
364.0,AT,2017-02-01,320.0,power
377.0,HR,2017-02-01,67.0,power
376.0,GR,2017-02-01,253.0,power
370.0,DK,2017-02-01,57.0,power
378.0,HU,2017-02-01,258.0,power
380.0,IT,2017-02-01,2164.0,power
381.0,LT,2017-02-01,43.0,power
382.0,LU,2017-02-01,0.0,power
383.0,LV,2017-02-01,93.0,power
384.0,MT,2017-02-01,3.0,power
387.0,PT,2017-02-01,247.0,power
391.0,SK,2017-02-01,0.0,power
388.0,RO,2017-02-01,0.0,power
389.0,SE,2017-02-01,0.0,power
390.0,SI,2017-02-01,17.0,power
379.0,IE,2017-02-01,0.0,power
385.0,NL,2017-02-01,658.0,power
386.0,PL,2017-02-01,166.0,power
403.0,FR,2017-03-01,437.0,power
404.0,GR,2017-03-01,174.0,power
392.0,AT,2017-03-01,206.0,power
393.0,BE,2017-03-01,352.4,power
394.0,BG,2017-03-01,98.0,power
396.0,CZ,2017-03-01,34.0,power
399.0,EE,2017-03-01,24.0,power
398.0,DK,2017-03-01,37.0,power
400.0,ES,2017-03-01,304.0,power
401.0,EU27_2020,2017-03-01,6217.4,power
402.0,FI,2017-03-01,58.0,power
405.0,HR,2017-03-01,39.0,power
395.0,CY,2017-03-01,0.0,power
397.0,DE,2017-03-01,1213.0,power
419.0,SK,2017-03-01,0.0,power
406.0,HU,2017-03-01,181.0,power
413.0,NL,2017-03-01,658.0,power
407.0,IE,2017-03-01,0.0,power
408.0,IT,2017-03-01,1864.0,power
409.0,LT,2017-03-01,14.0,power
411.0,LV,2017-03-01,60.0,power
410.0,LU,2017-03-01,0.0,power
415.0,PT,2017-03-01,268.0,power
414.0,PL,2017-03-01,174.0,power
416.0,RO,2017-03-01,0.0,power
417.0,SE,2017-03-01,0.0,power
418.0,SI,2017-03-01,14.0,power
412.0,MT,2017-03-01,8.0,power
424.0,CZ,2017-04-01,22.0,power
421.0,BE,2017-04-01,374.9,power
422.0,BG,2017-04-01,64.0,power
423.0,CY,2017-04-01,0.0,power
425.0,DE,2017-04-01,982.0,power
420.0,AT,2017-04-01,117.0,power
427.0,EE,2017-04-01,22.0,power
428.0,ES,2017-04-01,264.0,power
429.0,EU27_2020,2017-04-01,5561.9,power
430.0,FI,2017-04-01,36.0,power
431.0,FR,2017-04-01,347.0,power
433.0,HR,2017-04-01,32.0,power
432.0,GR,2017-04-01,177.0,power
426.0,DK,2017-04-01,21.0,power
434.0,HU,2017-04-01,172.0,power
439.0,LV,2017-04-01,55.0,power
436.0,IT,2017-04-01,1731.0,power
437.0,LT,2017-04-01,25.0,power
438.0,LU,2017-04-01,0.0,power
440.0,MT,2017-04-01,19.0,power
435.0,IE,2017-04-01,0.0,power
447.0,SK,2017-04-01,0.0,power
443.0,PT,2017-04-01,250.0,power
444.0,RO,2017-04-01,0.0,power
445.0,SE,2017-04-01,0.0,power
446.0,SI,2017-04-01,11.0,power
441.0,NL,2017-04-01,669.0,power
442.0,PL,2017-04-01,171.0,power
449.0,BE,2017-05-01,304.9,power
450.0,BG,2017-05-01,42.0,power
451.0,CY,2017-05-01,0.0,power
452.0,CZ,2017-05-01,15.0,power
453.0,DE,2017-05-01,909.0,power
456.0,ES,2017-05-01,338.0,power
455.0,EE,2017-05-01,12.0,power
448.0,AT,2017-05-01,33.0,power
457.0,EU27_2020,2017-05-01,5089.9,power
458.0,FI,2017-05-01,14.0,power
459.0,FR,2017-05-01,192.0,power
461.0,HR,2017-05-01,29.0,power
460.0,GR,2017-05-01,220.0,power
454.0,DK,2017-05-01,10.0,power
462.0,HU,2017-05-01,125.0,power
464.0,IT,2017-05-01,1745.0,power
465.0,LT,2017-05-01,18.0,power
466.0,LU,2017-05-01,0.0,power
467.0,LV,2017-05-01,31.0,power
468.0,MT,2017-05-01,21.0,power
471.0,PT,2017-05-01,303.0,power
475.0,SK,2017-05-01,0.0,power
463.0,IE,2017-05-01,0.0,power
472.0,RO,2017-05-01,0.0,power
473.0,SE,2017-05-01,0.0,power
474.0,SI,2017-05-01,9.0,power
469.0,NL,2017-05-01,618.0,power
470.0,PL,2017-05-01,101.0,power
487.0,FR,2017-06-01,172.0,power
488.0,GR,2017-06-01,302.0,power
476.0,AT,2017-06-01,85.0,power
477.0,BE,2017-06-01,268.8,power
478.0,BG,2017-06-01,36.0,power
480.0,CZ,2017-06-01,44.0,power
483.0,EE,2017-06-01,7.0,power
482.0,DK,2017-06-01,6.0,power
484.0,ES,2017-06-01,618.0,power
485.0,EU27_2020,2017-06-01,5563.8,power
486.0,FI,2017-06-01,5.0,power
489.0,HR,2017-06-01,34.0,power
479.0,CY,2017-06-01,0.0,power
481.0,DE,2017-06-01,723.0,power
503.0,SK,2017-06-01,0.0,power
490.0,HU,2017-06-01,144.0,power
497.0,NL,2017-06-01,559.0,power
491.0,IE,2017-06-01,0.0,power
492.0,IT,2017-06-01,2048.0,power
493.0,LT,2017-06-01,11.0,power
495.0,LV,2017-06-01,32.0,power
494.0,LU,2017-06-01,0.0,power
499.0,PT,2017-06-01,338.0,power
498.0,PL,2017-06-01,92.0,power
500.0,RO,2017-06-01,0.0,power
501.0,SE,2017-06-01,0.0,power
502.0,SI,2017-06-01,9.0,power
496.0,MT,2017-06-01,30.0,power
515.0,FR,2017-07-01,285.0,power
504.0,AT,2017-07-01,73.0,power
505.0,BE,2017-07-01,277.9,power
506.0,BG,2017-07-01,36.0,power
507.0,CY,2017-07-01,0.0,power
508.0,CZ,2017-07-01,73.0,power
511.0,EE,2017-07-01,8.0,power
510.0,DK,2017-07-01,8.0,power
512.0,ES,2017-07-01,732.0,power
513.0,EU27_2020,2017-07-01,6255.9,power
517.0,HR,2017-07-01,61.0,power
509.0,DE,2017-07-01,803.0,power
516.0,GR,2017-07-01,320.0,power
514.0,FI,2017-07-01,6.0,power
530.0,SI,2017-07-01,9.0,power
531.0,SK,2017-07-01,0.0,power
519.0,IE,2017-07-01,0.0,power
520.0,IT,2017-07-01,2234.0,power
521.0,LT,2017-07-01,3.0,power
522.0,LU,2017-07-01,0.0,power
523.0,LV,2017-07-01,30.0,power
525.0,NL,2017-07-01,617.0,power
527.0,PT,2017-07-01,398.0,power
526.0,PL,2017-07-01,100.0,power
528.0,RO,2017-07-01,0.0,power
529.0,SE,2017-07-01,0.0,power
518.0,HU,2017-07-01,147.0,power
524.0,MT,2017-07-01,35.0,power
534.0,BG,2017-08-01,35.0,power
535.0,CY,2017-08-01,0.0,power
536.0,CZ,2017-08-01,49.0,power
537.0,DE,2017-08-01,682.0,power
545.0,HR,2017-08-01,63.0,power
541.0,EU27_2020,2017-08-01,5698.3,power
540.0,ES,2017-08-01,690.0,power
542.0,FI,2017-08-01,8.0,power
543.0,FR,2017-08-01,196.0,power
538.0,DK,2017-08-01,7.0,power
533.0,BE,2017-08-01,263.3,power
539.0,EE,2017-08-01,9.0,power
532.0,AT,2017-08-01,69.0,power
544.0,GR,2017-08-01,345.0,power
548.0,IT,2017-08-01,2076.0,power
559.0,SK,2017-08-01,0.0,power
549.0,LT,2017-08-01,5.0,power
550.0,LU,2017-08-01,0.0,power
551.0,LV,2017-08-01,24.0,power
555.0,PT,2017-08-01,415.0,power
554.0,PL,2017-08-01,99.0,power
552.0,MT,2017-08-01,36.0,power
557.0,SE,2017-08-01,0.0,power
558.0,SI,2017-08-01,9.0,power
547.0,IE,2017-08-01,0.0,power
553.0,NL,2017-08-01,455.0,power
546.0,HU,2017-08-01,163.0,power
556.0,RO,2017-08-01,0.0,power
564.0,CZ,2017-09-01,39.0,power
572.0,GR,2017-09-01,268.0,power
560.0,AT,2017-09-01,78.0,power
561.0,BE,2017-09-01,272.9,power
562.0,BG,2017-09-01,34.0,power
563.0,CY,2017-09-01,0.0,power
571.0,FR,2017-09-01,306.0,power
567.0,EE,2017-09-01,9.0,power
568.0,ES,2017-09-01,611.0,power
569.0,EU27_2020,2017-09-01,5642.9,power
570.0,FI,2017-09-01,11.0,power
565.0,DE,2017-09-01,880.0,power
566.0,DK,2017-09-01,9.0,power
573.0,HR,2017-09-01,46.0,power
575.0,IE,2017-09-01,0.0,power
581.0,NL,2017-09-01,596.0,power
587.0,SK,2017-09-01,0.0,power
576.0,IT,2017-09-01,1800.0,power
577.0,LT,2017-09-01,9.0,power
579.0,LV,2017-09-01,25.0,power
580.0,MT,2017-09-01,42.0,power
578.0,LU,2017-09-01,0.0,power
582.0,PL,2017-09-01,112.0,power
584.0,RO,2017-09-01,0.0,power
585.0,SE,2017-09-01,0.0,power
586.0,SI,2017-09-01,8.0,power
574.0,HU,2017-09-01,147.0,power
583.0,PT,2017-09-01,340.0,power
593.0,DE,2017-10-01,977.0,power
601.0,HR,2017-10-01,68.0,power
590.0,BG,2017-10-01,53.0,power
591.0,CY,2017-10-01,0.0,power
592.0,CZ,2017-10-01,38.0,power
588.0,AT,2017-10-01,158.0,power
594.0,DK,2017-10-01,5.0,power
596.0,ES,2017-10-01,755.0,power
597.0,EU27_2020,2017-10-01,6846.6,power
598.0,FI,2017-10-01,22.0,power
599.0,FR,2017-10-01,570.0,power
589.0,BE,2017-10-01,395.6,power
595.0,EE,2017-10-01,21.0,power
600.0,GR,2017-10-01,243.0,power
607.0,LV,2017-10-01,50.0,power
602.0,HU,2017-10-01,194.0,power
604.0,IT,2017-10-01,2119.0,power
605.0,LT,2017-10-01,25.0,power
606.0,LU,2017-10-01,0.0,power
608.0,MT,2017-10-01,35.0,power
603.0,IE,2017-10-01,0.0,power
613.0,SE,2017-10-01,0.0,power
611.0,PT,2017-10-01,279.0,power
612.0,RO,2017-10-01,0.0,power
614.0,SI,2017-10-01,10.0,power
615.0,SK,2017-10-01,0.0,power
609.0,NL,2017-10-01,659.0,power
610.0,PL,2017-10-01,170.0,power
618.0,BG,2017-11-01,102.0,power
619.0,CY,2017-11-01,0.0,power
620.0,CZ,2017-11-01,62.0,power
621.0,DE,2017-11-01,1467.0,power
616.0,AT,2017-11-01,244.0,power
625.0,EU27_2020,2017-11-01,8576.1,power
624.0,ES,2017-11-01,889.0,power
626.0,FI,2017-11-01,27.0,power
627.0,FR,2017-11-01,572.0,power
622.0,DK,2017-11-01,11.0,power
617.0,BE,2017-11-01,450.1,power
623.0,EE,2017-11-01,26.0,power
628.0,GR,2017-11-01,304.0,power
629.0,HR,2017-11-01,75.0,power
632.0,IT,2017-11-01,2566.0,power
630.0,HU,2017-11-01,318.0,power
633.0,LT,2017-11-01,32.0,power
634.0,LU,2017-11-01,0.0,power
635.0,LV,2017-11-01,57.0,power
637.0,NL,2017-11-01,844.0,power
640.0,RO,2017-11-01,0.0,power
636.0,MT,2017-11-01,19.0,power
641.0,SE,2017-11-01,0.0,power
642.0,SI,2017-11-01,14.0,power
643.0,SK,2017-11-01,0.0,power
631.0,IE,2017-11-01,0.0,power
638.0,PL,2017-11-01,178.0,power
639.0,PT,2017-11-01,319.0,power
649.0,DE,2017-12-01,1443.0,power
645.0,BE,2017-12-01,415.4,power
646.0,BG,2017-12-01,131.0,power
647.0,CY,2017-12-01,0.0,power
648.0,CZ,2017-12-01,41.0,power
657.0,HR,2017-12-01,55.0,power
644.0,AT,2017-12-01,233.0,power
652.0,ES,2017-12-01,608.0,power
653.0,EU27_2020,2017-12-01,7825.4,power
654.0,FI,2017-12-01,55.0,power
655.0,FR,2017-12-01,480.0,power
650.0,DK,2017-12-01,16.0,power
651.0,EE,2017-12-01,31.0,power
656.0,GR,2017-12-01,291.0,power
660.0,IT,2017-12-01,2333.0,power
658.0,HU,2017-12-01,303.0,power
671.0,SK,2017-12-01,0.0,power
661.0,LT,2017-12-01,37.0,power
662.0,LU,2017-12-01,0.0,power
664.0,MT,2017-12-01,27.0,power
667.0,PT,2017-12-01,261.0,power
663.0,LV,2017-12-01,57.0,power
668.0,RO,2017-12-01,0.0,power
669.0,SE,2017-12-01,0.0,power
670.0,SI,2017-12-01,14.0,power
659.0,IE,2017-12-01,0.0,power
665.0,NL,2017-12-01,804.0,power
666.0,PL,2017-12-01,190.0,power
677.0,DE,2018-01-01,1393.0,power
673.0,BE,2018-01-01,316.0,power
674.0,BG,2018-01-01,137.0,power
675.0,CY,2018-01-01,0.0,power
676.0,CZ,2018-01-01,39.0,power
685.0,HR,2018-01-01,63.0,power
678.0,DK,2018-01-01,43.0,power
680.0,ES,2018-01-01,460.0,power
681.0,EU27_2020,2018-01-01,7108.0,power
682.0,FI,2018-01-01,68.0,power
683.0,FR,2018-01-01,168.0,power
672.0,AT,2018-01-01,258.0,power
679.0,EE,2018-01-01,40.0,power
684.0,GR,2018-01-01,271.0,power
688.0,IT,2018-01-01,2126.0,power
686.0,HU,2018-01-01,296.0,power
689.0,LT,2018-01-01,42.0,power
690.0,LU,2018-01-01,0.0,power
691.0,LV,2018-01-01,81.0,power
692.0,MT,2018-01-01,21.0,power
695.0,PT,2018-01-01,322.0,power
699.0,SK,2018-01-01,0.0,power
696.0,RO,2018-01-01,0.0,power
697.0,SE,2018-01-01,0.0,power
698.0,SI,2018-01-01,16.0,power
687.0,IE,2018-01-01,0.0,power
693.0,NL,2018-01-01,754.0,power
694.0,PL,2018-01-01,194.0,power
712.0,GR,2018-02-01,236.0,power
700.0,AT,2018-02-01,289.0,power
701.0,BE,2018-02-01,373.0,power
702.0,BG,2018-02-01,128.0,power
704.0,CZ,2018-02-01,55.0,power
707.0,EE,2018-02-01,42.0,power
706.0,DK,2018-02-01,41.0,power
708.0,ES,2018-02-01,393.0,power
709.0,EU27_2020,2018-02-01,7580.0,power
710.0,FI,2018-02-01,82.0,power
711.0,FR,2018-02-01,460.0,power
703.0,CY,2018-02-01,0.0,power
705.0,DE,2018-02-01,1639.0,power
713.0,HR,2018-02-01,67.0,power
721.0,NL,2018-02-01,763.0,power
727.0,SK,2018-02-01,0.0,power
715.0,IE,2018-02-01,0.0,power
716.0,IT,2018-02-01,2077.0,power
717.0,LT,2018-02-01,42.0,power
719.0,LV,2018-02-01,107.0,power
720.0,MT,2018-02-01,28.0,power
718.0,LU,2018-02-01,0.0,power
722.0,PL,2018-02-01,187.0,power
724.0,RO,2018-02-01,0.0,power
725.0,SE,2018-02-01,0.0,power
726.0,SI,2018-02-01,17.0,power
714.0,HU,2018-02-01,302.0,power
723.0,PT,2018-02-01,252.0,power
733.0,DE,2018-03-01,1403.0,power
729.0,BE,2018-03-01,350.1,power
730.0,BG,2018-03-01,121.0,power
731.0,CY,2018-03-01,0.0,power
732.0,CZ,2018-03-01,38.0,power
741.0,HR,2018-03-01,39.0,power
728.0,AT,2018-03-01,225.0,power
736.0,ES,2018-03-01,297.0,power
737.0,EU27_2020,2018-03-01,6545.1,power
738.0,FI,2018-03-01,85.0,power
739.0,FR,2018-03-01,319.0,power
734.0,DK,2018-03-01,39.0,power
735.0,EE,2018-03-01,43.0,power
740.0,GR,2018-03-01,171.0,power
755.0,SK,2018-03-01,0.0,power
742.0,HU,2018-03-01,251.0,power
747.0,LV,2018-03-01,96.0,power
744.0,IT,2018-03-01,1916.0,power
745.0,LT,2018-03-01,43.0,power
748.0,MT,2018-03-01,19.0,power
743.0,IE,2018-03-01,0.0,power
746.0,LU,2018-03-01,0.0,power
751.0,PT,2018-03-01,160.0,power
752.0,RO,2018-03-01,0.0,power
753.0,SE,2018-03-01,0.0,power
754.0,SI,2018-03-01,15.0,power
749.0,NL,2018-03-01,723.0,power
750.0,PL,2018-03-01,192.0,power
761.0,DE,2018-04-01,708.0,power
757.0,BE,2018-04-01,240.2,power
758.0,BG,2018-04-01,59.0,power
759.0,CY,2018-04-01,0.0,power
760.0,CZ,2018-04-01,15.0,power
769.0,HR,2018-04-01,17.0,power
762.0,DK,2018-04-01,3.0,power
764.0,ES,2018-04-01,275.0,power
765.0,EU27_2020,2018-04-01,4074.2,power
766.0,FI,2018-04-01,26.0,power
767.0,FR,2018-04-01,62.0,power
756.0,AT,2018-04-01,47.0,power
763.0,EE,2018-04-01,35.0,power
768.0,GR,2018-04-01,184.0,power
783.0,SK,2018-04-01,0.0,power
770.0,HU,2018-04-01,127.0,power
773.0,LT,2018-04-01,14.0,power
774.0,LU,2018-04-01,0.0,power
775.0,LV,2018-04-01,36.0,power
776.0,MT,2018-04-01,18.0,power
779.0,PT,2018-04-01,161.0,power
772.0,IT,2018-04-01,1439.0,power
771.0,IE,2018-04-01,0.0,power
780.0,RO,2018-04-01,0.0,power
781.0,SE,2018-04-01,0.0,power
782.0,SI,2018-04-01,11.0,power
777.0,NL,2018-04-01,444.0,power
778.0,PL,2018-04-01,153.0,power
796.0,GR,2018-05-01,214.0,power
784.0,AT,2018-05-01,22.0,power
785.0,BE,2018-05-01,265.2,power
786.0,BG,2018-05-01,45.0,power
788.0,CZ,2018-05-01,13.0,power
791.0,EE,2018-05-01,10.0,power
790.0,DK,2018-05-01,3.0,power
792.0,ES,2018-05-01,418.0,power
793.0,EU27_2020,2018-05-01,4049.2,power
794.0,FI,2018-05-01,3.0,power
795.0,FR,2018-05-01,30.0,power
787.0,CY,2018-05-01,0.0,power
797.0,HR,2018-05-01,17.0,power
789.0,DE,2018-05-01,548.0,power
805.0,NL,2018-05-01,491.0,power
799.0,IE,2018-05-01,0.0,power
800.0,IT,2018-05-01,1458.0,power
801.0,LT,2018-05-01,11.0,power
802.0,LU,2018-05-01,0.0,power
803.0,LV,2018-05-01,21.0,power
804.0,MT,2018-05-01,29.0,power
811.0,SK,2018-05-01,0.0,power
806.0,PL,2018-05-01,90.0,power
808.0,RO,2018-05-01,0.0,power
809.0,SE,2018-05-01,0.0,power
810.0,SI,2018-05-01,12.0,power
798.0,HU,2018-05-01,127.0,power
807.0,PT,2018-05-01,222.0,power
812.0,AT,2018-06-01,39.0,power
813.0,BE,2018-06-01,305.7,power
814.0,BG,2018-06-01,41.0,power
815.0,CY,2018-06-01,0.0,power
816.0,CZ,2018-06-01,21.0,power
819.0,EE,2018-06-01,9.0,power
818.0,DK,2018-06-01,4.0,power
820.0,ES,2018-06-01,447.0,power
821.0,EU27_2020,2018-06-01,4025.7,power
822.0,FI,2018-06-01,3.0,power
823.0,FR,2018-06-01,73.0,power
824.0,GR,2018-06-01,235.0,power
825.0,HR,2018-06-01,21.0,power
817.0,DE,2018-06-01,0.0,power
833.0,NL,2018-06-01,656.0,power
827.0,IE,2018-06-01,0.0,power
828.0,IT,2018-06-01,1598.0,power
829.0,LT,2018-06-01,1.0,power
830.0,LU,2018-06-01,0.0,power
831.0,LV,2018-06-01,35.0,power
832.0,MT,2018-06-01,27.0,power
838.0,SI,2018-06-01,9.0,power
834.0,PL,2018-06-01,86.0,power
836.0,RO,2018-06-01,0.0,power
837.0,SE,2018-06-01,0.0,power
826.0,HU,2018-06-01,115.0,power
839.0,SK,2018-06-01,0.0,power
835.0,PT,2018-06-01,300.0,power
840.0,AT,2018-07-01,47.0,power
841.0,BE,2018-07-01,341.4,power
842.0,BG,2018-07-01,44.0,power
843.0,CY,2018-07-01,0.0,power
844.0,CZ,2018-07-01,52.0,power
845.0,DE,2018-07-01,787.0,power
848.0,ES,2018-07-01,466.0,power
847.0,EE,2018-07-01,8.0,power
849.0,EU27_2020,2018-07-01,5923.4,power
850.0,FI,2018-07-01,8.0,power
851.0,FR,2018-07-01,257.0,power
852.0,GR,2018-07-01,273.0,power
853.0,HR,2018-07-01,29.0,power
846.0,DK,2018-07-01,2.0,power
867.0,SK,2018-07-01,0.0,power
861.0,NL,2018-07-01,784.0,power
854.0,HU,2018-07-01,138.0,power
856.0,IT,2018-07-01,2123.0,power
857.0,LT,2018-07-01,0.0,power
858.0,LU,2018-07-01,0.0,power
860.0,MT,2018-07-01,38.0,power
859.0,LV,2018-07-01,53.0,power
862.0,PL,2018-07-01,105.0,power
864.0,RO,2018-07-01,0.0,power
865.0,SE,2018-07-01,0.0,power
866.0,SI,2018-07-01,8.0,power
855.0,IE,2018-07-01,0.0,power
863.0,PT,2018-07-01,360.0,power
870.0,BG,2018-08-01,37.0,power
880.0,GR,2018-08-01,266.0,power
868.0,AT,2018-08-01,79.0,power
869.0,BE,2018-08-01,359.4,power
872.0,CZ,2018-08-01,63.0,power
879.0,FR,2018-08-01,240.0,power
874.0,DK,2018-08-01,8.0,power
875.0,EE,2018-08-01,9.0,power
876.0,ES,2018-08-01,540.0,power
877.0,EU27_2020,2018-08-01,6137.4,power
878.0,FI,2018-08-01,34.0,power
873.0,DE,2018-08-01,884.0,power
881.0,HR,2018-08-01,44.0,power
871.0,CY,2018-08-01,0.0,power
889.0,NL,2018-08-01,814.0,power
883.0,IE,2018-08-01,0.0,power
884.0,IT,2018-08-01,2069.0,power
885.0,LT,2018-08-01,1.0,power
886.0,LU,2018-08-01,0.0,power
887.0,LV,2018-08-01,65.0,power
888.0,MT,2018-08-01,37.0,power
895.0,SK,2018-08-01,0.0,power
890.0,PL,2018-08-01,116.0,power
892.0,RO,2018-08-01,0.0,power
893.0,SE,2018-08-01,0.0,power
894.0,SI,2018-08-01,9.0,power
882.0,HU,2018-08-01,129.0,power
891.0,PT,2018-08-01,334.0,power
897.0,BE,2018-09-01,330.5,power
898.0,BG,2018-09-01,39.0,power
899.0,CY,2018-09-01,0.0,power
900.0,CZ,2018-09-01,44.0,power
901.0,DE,2018-09-01,705.0,power
904.0,ES,2018-09-01,445.0,power
903.0,EE,2018-09-01,10.0,power
905.0,EU27_2020,2018-09-01,5782.5,power
906.0,FI,2018-09-01,50.0,power
907.0,FR,2018-09-01,207.0,power
896.0,AT,2018-09-01,107.0,power
909.0,HR,2018-09-01,27.0,power
908.0,GR,2018-09-01,285.0,power
902.0,DK,2018-09-01,10.0,power
910.0,HU,2018-09-01,139.0,power
915.0,LV,2018-09-01,53.0,power
912.0,IT,2018-09-01,2183.0,power
913.0,LT,2018-09-01,5.0,power
923.0,SK,2018-09-01,0.0,power
916.0,MT,2018-09-01,35.0,power
911.0,IE,2018-09-01,0.0,power
914.0,LU,2018-09-01,0.0,power
919.0,PT,2018-09-01,328.0,power
920.0,RO,2018-09-01,0.0,power
921.0,SE,2018-09-01,0.0,power
922.0,SI,2018-09-01,9.0,power
917.0,NL,2018-09-01,667.0,power
918.0,PL,2018-09-01,104.0,power
924.0,AT,2018-10-01,159.0,power
925.0,BE,2018-10-01,535.5,power
926.0,BG,2018-10-01,50.0,power
927.0,CY,2018-10-01,0.0,power
928.0,CZ,2018-10-01,60.0,power
929.0,DE,2018-10-01,1004.0,power
932.0,ES,2018-10-01,501.0,power
931.0,EE,2018-10-01,18.0,power
933.0,EU27_2020,2018-10-01,6593.5,power
934.0,FI,2018-10-01,39.0,power
935.0,FR,2018-10-01,390.0,power
936.0,GR,2018-10-01,308.0,power
937.0,HR,2018-10-01,37.0,power
930.0,DK,2018-10-01,7.0,power
951.0,SK,2018-10-01,0.0,power
945.0,NL,2018-10-01,711.0,power
938.0,HU,2018-10-01,179.0,power
940.0,IT,2018-10-01,2075.0,power
941.0,LT,2018-10-01,17.0,power
943.0,LV,2018-10-01,60.0,power
944.0,MT,2018-10-01,32.0,power
942.0,LU,2018-10-01,0.0,power
946.0,PL,2018-10-01,147.0,power
948.0,RO,2018-10-01,0.0,power
949.0,SE,2018-10-01,0.0,power
950.0,SI,2018-10-01,12.0,power
939.0,IE,2018-10-01,0.0,power
947.0,PT,2018-10-01,252.0,power
956.0,CZ,2018-11-01,73.0,power
964.0,GR,2018-11-01,265.0,power
952.0,AT,2018-11-01,247.0,power
953.0,BE,2018-11-01,580.6,power
955.0,CY,2018-11-01,0.0,power
954.0,BG,2018-11-01,104.0,power
962.0,FI,2018-11-01,48.0,power
959.0,EE,2018-11-01,25.0,power
960.0,ES,2018-11-01,631.0,power
957.0,DE,2018-11-01,1434.0,power
961.0,EU27_2020,2018-11-01,7968.6,power
963.0,FR,2018-11-01,496.0,power
958.0,DK,2018-11-01,13.0,power
965.0,HR,2018-11-01,50.0,power
969.0,LT,2018-11-01,24.0,power
973.0,NL,2018-11-01,984.0,power
979.0,SK,2018-11-01,0.0,power
967.0,IE,2018-11-01,0.0,power
968.0,IT,2018-11-01,2175.0,power
970.0,LU,2018-11-01,0.0,power
972.0,MT,2018-11-01,32.0,power
971.0,LV,2018-11-01,81.0,power
974.0,PL,2018-11-01,184.0,power
976.0,RO,2018-11-01,0.0,power
977.0,SE,2018-11-01,0.0,power
978.0,SI,2018-11-01,13.0,power
966.0,HU,2018-11-01,252.0,power
975.0,PT,2018-11-01,257.0,power
985.0,DE,2018-12-01,1433.0,power
981.0,BE,2018-12-01,429.7,power
982.0,BG,2018-12-01,153.0,power
983.0,CY,2018-12-01,0.0,power
984.0,CZ,2018-12-01,69.0,power
993.0,HR,2018-12-01,65.0,power
988.0,ES,2018-12-01,564.0,power
989.0,EU27_2020,2018-12-01,7691.7,power
990.0,FI,2018-12-01,74.0,power
991.0,FR,2018-12-01,331.0,power
992.0,GR,2018-12-01,333.0,power
987.0,EE,2018-12-01,36.0,power
986.0,DK,2018-12-01,20.0,power
980.0,AT,2018-12-01,328.0,power
1002.0,PL,2018-12-01,200.0,power
1000.0,MT,2018-12-01,29.0,power
996.0,IT,2018-12-01,2107.0,power
997.0,LT,2018-12-01,31.0,power
998.0,LU,2018-12-01,0.0,power
1001.0,NL,2018-12-01,866.0,power
999.0,LV,2018-12-01,89.0,power
1003.0,PT,2018-12-01,206.0,power
1004.0,RO,2018-12-01,0.0,power
1005.0,SE,2018-12-01,0.0,power
1006.0,SI,2018-12-01,14.0,power
995.0,IE,2018-12-01,0.0,power
1007.0,SK,2018-12-01,0.0,power
994.0,HU,2018-12-01,314.0,power
,DK,2018-12-31,104500.0,power
,BG,2018-12-31,295000.0,power
,HR,2018-12-31,207400.0,power
,CZ,2018-12-31,241000.0,power
,BE,2018-12-31,1920300.0,power
,AT,2018-12-31,1282800.0,power
1027.0,LV,2019-01-01,105.0,power
1030.0,PL,2019-01-01,217.0,power
1029.0,NL,2019-01-01,1158.039,power
1031.0,PT,2019-01-01,259.0,power
1028.0,MT,2019-01-01,33.866,power
1025.0,LT,2019-01-01,45.0,power
1026.0,LU,2019-01-01,0.0,power
1033.0,SE,2019-01-01,0.0,power
1024.0,IT,2019-01-01,2649.0,power
1023.0,IE,2019-01-01,0.0,power
1022.0,HU,2019-01-01,362.0,power
1020.0,GR,2019-01-01,416.0,power
1032.0,RO,2019-01-01,0.0,power
1019.0,FR,2019-01-01,571.0,power
1034.0,SI,2019-01-01,20.0,power
1035.0,SK,2019-01-01,0.0,power
1018.0,FI,2019-01-01,99.0,power
,HR,2019-01-01,5112000.0,power
,DK,2019-01-01,2512000.0,power
1011.0,CY,2019-01-01,,power
,AT,2019-01-01,12881100.0,power
,BG,2019-01-01,7078000.0,power
,CZ,2019-01-01,6492000.0,power
1013.0,DE,2019-01-01,1806.0,power
1015.0,EE,2019-01-01,43.0,power
,BE,2019-01-01,44956900.0,power
1016.0,ES,2019-01-01,613.0,power
1017.0,EU27_2020,2019-01-01,,power
,CZ,2019-01-02,15567700.0,power
,BG,2019-01-02,7357000.0,power
,HR,2019-01-02,5127500.0,power
,AT,2019-01-02,40819600.0,power
,BE,2019-01-02,101982600.0,power
,DK,2019-01-02,9849500.0,power
,BE,2019-01-03,100043500.0,power
,CZ,2019-01-03,19252400.0,power
,AT,2019-01-03,50956100.0,power
,BG,2019-01-03,7886000.0,power
,HR,2019-01-03,6223600.0,power
,DK,2019-01-03,13099600.0,power
,DK,2019-01-04,8459700.0,power
,HR,2019-01-04,7253500.0,power
,AT,2019-01-04,53350100.0,power
,BE,2019-01-04,108927400.0,power
,BG,2019-01-04,8168000.0,power
,CZ,2019-01-04,12107300.0,power
,BG,2019-01-05,8182000.0,power
,HR,2019-01-05,9535400.0,power
,CZ,2019-01-05,6581000.0,power
,DK,2019-01-05,9650000.0,power
,BE,2019-01-05,71387100.0,power
,AT,2019-01-05,26038300.0,power
,CZ,2019-01-06,15588000.0,power
,BE,2019-01-06,61849000.0,power
,AT,2019-01-06,27552700.0,power
,BG,2019-01-06,8232000.0,power
,DK,2019-01-06,12248300.0,power
,HR,2019-01-06,10702800.0,power
,DK,2019-01-07,11446900.0,power
,AT,2019-01-07,57756200.0,power
,CZ,2019-01-07,18515500.0,power
,BE,2019-01-07,80751800.0,power
,HR,2019-01-07,12001500.0,power
,BG,2019-01-07,8248000.0,power
,CZ,2019-01-08,16425800.0,power
,BG,2019-01-08,8380000.0,power
,DK,2019-01-08,9028400.0,power
,BE,2019-01-08,76479000.0,power
,AT,2019-01-08,51722100.0,power
,HR,2019-01-08,12082900.0,power
,DK,2019-01-09,12431200.0,power
,AT,2019-01-09,54825900.0,power
,BE,2019-01-09,85557300.0,power
,CZ,2019-01-09,20638400.0,power
,BG,2019-01-09,8644000.0,power
,HR,2019-01-09,12046500.0,power
,DK,2019-01-10,14973600.0,power
,BG,2019-01-10,8306000.0,power
,AT,2019-01-10,56677200.0,power
,BE,2019-01-10,102732800.0,power
,HR,2019-01-10,11387000.0,power
,CZ,2019-01-10,24330100.0,power
,BE,2019-01-11,96606700.0,power
,AT,2019-01-11,62123100.0,power
,HR,2019-01-11,11895900.0,power
,CZ,2019-01-11,19433100.0,power
,DK,2019-01-11,13054400.0,power
,BG,2019-01-11,8005000.0,power
,BG,2019-01-12,7878000.0,power
,DK,2019-01-12,13145000.0,power
,AT,2019-01-12,39812100.0,power
,CZ,2019-01-12,6720300.0,power
,HR,2019-01-12,12122800.0,power
,BE,2019-01-12,60953400.0,power
,DK,2019-01-13,7744100.0,power
,BG,2019-01-13,8162000.0,power
,HR,2019-01-13,11865800.0,power
,BE,2019-01-13,44170300.0,power
,AT,2019-01-13,25006200.0,power
,CZ,2019-01-13,6614400.0,power
,AT,2019-01-14,37757600.0,power
,DK,2019-01-14,11451800.0,power
,CZ,2019-01-14,14803000.0,power
,BE,2019-01-14,86867700.0,power
,BG,2019-01-14,8392000.0,power
,HR,2019-01-14,11965100.0,power
,HR,2019-01-15,12261800.0,power
,AT,2019-01-15,45617800.0,power
,BG,2019-01-15,9115000.0,power
,BE,2019-01-15,87822500.0,power
,DK,2019-01-15,12950300.0,power
,CZ,2019-01-15,11540000.0,power
,DK,2019-01-16,12618500.0,power
,CZ,2019-01-16,16330300.0,power
,HR,2019-01-16,12051500.0,power
,AT,2019-01-16,66135399.99999999,power
,BG,2019-01-16,9062000.0,power
,BE,2019-01-16,85950400.0,power
,BG,2019-01-17,8978000.0,power
,DK,2019-01-17,13719300.0,power
,HR,2019-01-17,11382400.0,power
,CZ,2019-01-17,10133900.0,power
,AT,2019-01-17,62807200.0,power
,BE,2019-01-17,90499400.0,power
,CZ,2019-01-18,20656200.0,power
,DK,2019-01-18,14762600.0,power
,BG,2019-01-18,9620000.0,power
,HR,2019-01-18,11606500.0,power
,BE,2019-01-18,99652600.0,power
,AT,2019-01-18,46725800.0,power
,HR,2019-01-19,12003000.0,power
,BE,2019-01-19,84533100.0,power
,CZ,2019-01-19,21959300.0,power
,BG,2019-01-19,9664000.0,power
,AT,2019-01-19,52189500.0,power
,DK,2019-01-19,14118800.0,power
,DK,2019-01-20,12277400.0,power
,AT,2019-01-20,54492400.0,power
,BE,2019-01-20,74034200.0,power
,HR,2019-01-20,12272100.0,power
,CZ,2019-01-20,19264600.0,power
,BG,2019-01-20,9731000.0,power
,HR,2019-01-21,12203500.0,power
,BG,2019-01-21,9678000.0,power
,DK,2019-01-21,12855800.0,power
,CZ,2019-01-21,24963400.0,power
,BE,2019-01-21,106288300.0,power
,AT,2019-01-21,58940900.0,power
,HR,2019-01-22,12128500.0,power
,BG,2019-01-22,9818000.0,power
,DK,2019-01-22,13067100.0,power
,BE,2019-01-22,110501500.0,power
,CZ,2019-01-22,25850200.0,power
,AT,2019-01-22,61729700.0,power
,BE,2019-01-23,114011100.0,power
,CZ,2019-01-23,24940800.0,power
,HR,2019-01-23,12248900.0,power
,AT,2019-01-23,61041400.0,power
,BG,2019-01-23,9217000.0,power
,DK,2019-01-23,13654600.0,power
,BE,2019-01-24,117586800.0,power
,CZ,2019-01-24,24904300.0,power
,BG,2019-01-24,8918000.0,power
,HR,2019-01-24,12248300.0,power
,AT,2019-01-24,59109600.0,power
,DK,2019-01-24,15395700.0,power
,AT,2019-01-25,58830299.99999999,power
,BG,2019-01-25,9043000.0,power
,HR,2019-01-25,11497400.0,power
,BE,2019-01-25,106987800.0,power
,CZ,2019-01-25,21942700.0,power
,DK,2019-01-25,16185800.0,power
,BG,2019-01-26,9104000.0,power
,AT,2019-01-26,59373100.0,power
,DK,2019-01-26,13322300.0,power
,BE,2019-01-26,50041700.0,power
,CZ,2019-01-26,11191700.0,power
,HR,2019-01-26,11637900.0,power
,AT,2019-01-27,47438500.0,power
,CZ,2019-01-27,6882100.0,power
,DK,2019-01-27,12881100.0,power
,BG,2019-01-27,9129000.0,power
,BE,2019-01-27,38020700.0,power
,HR,2019-01-27,8928100.0,power
,BE,2019-01-28,77520400.0,power
,AT,2019-01-28,60188000.0,power
,CZ,2019-01-28,19863100.0,power
,BG,2019-01-28,9259000.0,power
,DK,2019-01-28,15543400.0,power
,HR,2019-01-28,9546700.0,power
,BE,2019-01-29,102789100.0,power
,AT,2019-01-29,54687600.0,power
,CZ,2019-01-29,24219200.0,power
,BG,2019-01-29,9151000.0,power
,DK,2019-01-29,16463400.000000002,power
,HR,2019-01-29,9948400.0,power
,AT,2019-01-30,71421000.0,power
,CZ,2019-01-30,23751700.0,power
,DK,2019-01-30,15907400.0,power
,BE,2019-01-30,104090400.0,power
,HR,2019-01-30,10882600.0,power
,BG,2019-01-30,8881000.0,power
,BG,2019-01-31,8952000.0,power
,BE,2019-01-31,109693700.0,power
,AT,2019-01-31,55812500.0,power
,CZ,2019-01-31,24136400.0,power
,HR,2019-01-31,10422600.0,power
,DK,2019-01-31,15580600.0,power
1048.0,GR,2019-02-01,275.0,power
1047.0,FR,2019-02-01,397.0,power
1060.0,RO,2019-02-01,0.0,power
1045.0,EU27_2020,2019-02-01,,power
1044.0,ES,2019-02-01,485.0,power
1062.0,SI,2019-02-01,15.0,power
1041.0,DE,2019-02-01,1357.0,power
1039.0,CY,2019-02-01,,power
1050.0,HU,2019-02-01,223.0,power
1063.0,SK,2019-02-01,0.0,power
,AT,2019-02-01,67331500.0,power
1059.0,PT,2019-02-01,193.0,power
1061.0,SE,2019-02-01,0.0,power
1051.0,IE,2019-02-01,0.0,power
1055.0,LV,2019-02-01,65.0,power
1053.0,LT,2019-02-01,33.0,power
1054.0,LU,2019-02-01,0.0,power
1056.0,MT,2019-02-01,26.062,power
1057.0,NL,2019-02-01,1046.604,power
1058.0,PL,2019-02-01,190.0,power
1046.0,FI,2019-02-01,79.0,power
1043.0,EE,2019-02-01,28.0,power
,BE,2019-02-01,97096700.0,power
,HR,2019-02-01,7166500.0,power
,CZ,2019-02-01,23473100.0,power
,BG,2019-02-01,8995000.0,power
,DK,2019-02-01,15508000.0,power
1052.0,IT,2019-02-01,1987.0,power
,DK,2019-02-02,14627900.0,power
,BG,2019-02-02,8963000.0,power
,HR,2019-02-02,7062500.0,power
,AT,2019-02-02,51458800.0,power
,CZ,2019-02-02,20616400.0,power
,BE,2019-02-02,57590600.0,power
,BG,2019-02-03,8586000.0,power
,DK,2019-02-03,14474300.0,power
,HR,2019-02-03,5723600.0,power
,CZ,2019-02-03,5560500.0,power
,BE,2019-02-03,55897600.0,power
,AT,2019-02-03,47590300.0,power
,HR,2019-02-04,5898100.0,power
,DK,2019-02-04,14200700.0,power
,CZ,2019-02-04,20440800.0,power
,BE,2019-02-04,96645200.0,power
,AT,2019-02-04,60685400.0,power
,BG,2019-02-04,8633000.0,power
,BG,2019-02-05,9347000.0,power
,DK,2019-02-05,12333800.0,power
,HR,2019-02-05,5912900.0,power
,BE,2019-02-05,102412700.0,power
,AT,2019-02-05,66579300.0,power
,CZ,2019-02-05,15882700.0,power
,AT,2019-02-06,56873000.0,power
,CZ,2019-02-06,19538100.0,power
,HR,2019-02-06,5916200.0,power
,DK,2019-02-06,14863300.0,power
,BE,2019-02-06,101737100.0,power
,BG,2019-02-06,9031000.0,power
,BG,2019-02-07,9743000.0,power
,AT,2019-02-07,45010400.0,power
,DK,2019-02-07,11665700.0,power
,HR,2019-02-07,5875700.0,power
,BE,2019-02-07,61750000.0,power
,CZ,2019-02-07,17887900.0,power
,BG,2019-02-08,9744000.0,power
,HR,2019-02-08,6824800.0,power
,CZ,2019-02-08,18486400.0,power
,BE,2019-02-08,47119100.0,power
,DK,2019-02-08,9548600.0,power
,AT,2019-02-08,53630200.0,power
,BE,2019-02-09,35362500.0,power
,CZ,2019-02-09,8989100.0,power
,DK,2019-02-09,3436900.0,power
,AT,2019-02-09,29230300.0,power
,BG,2019-02-09,9829000.0,power
,HR,2019-02-09,7052200.0,power
,BG,2019-02-10,9672000.0,power
,HR,2019-02-10,6874000.0,power
,BE,2019-02-10,34520900.0,power
,CZ,2019-02-10,6716200.0,power
,AT,2019-02-10,27393100.0,power
,DK,2019-02-10,9654200.0,power
,DK,2019-02-11,9268500.0,power
,CZ,2019-02-11,18603900.0,power
,HR,2019-02-11,6961600.0,power
,AT,2019-02-11,38748400.0,power
,BE,2019-02-11,97390200.0,power
,BG,2019-02-11,9771000.0,power
,DK,2019-02-12,11935800.0,power
,BE,2019-02-12,97915100.0,power
,AT,2019-02-12,48416600.0,power
,CZ,2019-02-12,17309700.0,power
,HR,2019-02-12,6973500.0,power
,BG,2019-02-12,9525000.0,power
,AT,2019-02-13,54304100.0,power
,BG,2019-02-13,9729000.0,power
,HR,2019-02-13,7012500.0,power
,CZ,2019-02-13,20628300.0,power
,BE,2019-02-13,79249400.0,power
,DK,2019-02-13,9829700.0,power
,AT,2019-02-14,54108700.0,power
,DK,2019-02-14,11955200.0,power
,BG,2019-02-14,9490000.0,power
,BE,2019-02-14,83683800.0,power
,HR,2019-02-14,6981500.0,power
,CZ,2019-02-14,24468300.0,power
,HR,2019-02-15,6986500.0,power
,BG,2019-02-15,9032000.0,power
,AT,2019-02-15,51691100.0,power
,BE,2019-02-15,70502300.0,power
,CZ,2019-02-15,20845200.0,power
,DK,2019-02-15,10978400.0,power
,BE,2019-02-16,48175100.0,power
,DK,2019-02-16,10339200.0,power
,BG,2019-02-16,9458000.0,power
,CZ,2019-02-16,6816300.0,power
,HR,2019-02-16,6979200.0,power
,AT,2019-02-16,36658600.0,power
,BE,2019-02-17,40573200.0,power
,HR,2019-02-17,6980500.0,power
,DK,2019-02-17,9485200.0,power
,CZ,2019-02-17,6762700.0,power
,AT,2019-02-17,35535100.0,power
,BG,2019-02-17,9427000.0,power
,HR,2019-02-18,6957700.0,power
,DK,2019-02-18,10230800.0,power
,BE,2019-02-18,66230399.99999999,power
,CZ,2019-02-18,8033200.0,power
,BG,2019-02-18,9390000.0,power
,AT,2019-02-18,44517000.0,power
,HR,2019-02-19,7027100.0,power
,AT,2019-02-19,48896100.0,power
,CZ,2019-02-19,7282500.0,power
,BE,2019-02-19,63564900.0,power
,DK,2019-02-19,9182400.0,power
,BG,2019-02-19,9027000.0,power
,BE,2019-02-20,67432600.0,power
,CZ,2019-02-20,17588900.0,power
,DK,2019-02-20,12016800.0,power
,AT,2019-02-20,32768300.000000004,power
,BG,2019-02-20,8657000.0,power
,HR,2019-02-20,7194400.000000001,power
,AT,2019-02-21,37164400.0,power
,HR,2019-02-21,7248100.0,power
,BG,2019-02-21,8676000.0,power
,DK,2019-02-21,11223600.0,power
,CZ,2019-02-21,18576000.0,power
,BE,2019-02-21,80478800.0,power
,AT,2019-02-22,39508500.0,power
,BE,2019-02-22,65918100.00000001,power
,HR,2019-02-22,7244300.0,power
,DK,2019-02-22,12268100.0,power
,BG,2019-02-22,9164000.0,power
,CZ,2019-02-22,18467300.0,power
,BG,2019-02-23,9911000.0,power
,AT,2019-02-23,39921500.0,power
,BE,2019-02-23,55187600.0,power
,HR,2019-02-23,7378500.0,power
,CZ,2019-02-23,7166200.0,power
,DK,2019-02-23,11924700.0,power
,AT,2019-02-24,39869300.0,power
,CZ,2019-02-24,6924900.0,power
,DK,2019-02-24,10245800.0,power
,HR,2019-02-24,7328900.0,power
,BE,2019-02-24,57363500.0,power
,BG,2019-02-24,9919000.0,power
,HR,2019-02-25,7225800.0,power
,BG,2019-02-25,9866000.0,power
,CZ,2019-02-25,21024400.0,power
,DK,2019-02-25,10146800.0,power
,AT,2019-02-25,42952700.0,power
,BE,2019-02-25,76584200.0,power
,BE,2019-02-26,76270300.0,power
,HR,2019-02-26,7186500.0,power
,DK,2019-02-26,9701700.0,power
,CZ,2019-02-26,22970900.0,power
,AT,2019-02-26,33324300.000000004,power
,BG,2019-02-26,9576000.0,power
,AT,2019-02-27,32860200.0,power
,BG,2019-02-27,9534000.0,power
,CZ,2019-02-27,11659400.0,power
,DK,2019-02-27,8150400.000000001,power
,HR,2019-02-27,7181700.0,power
,BE,2019-02-27,63699500.0,power
,DK,2019-02-28,8387700.000000001,power
,BG,2019-02-28,9473000.0,power
,AT,2019-02-28,27370700.0,power
,CZ,2019-02-28,6855100.0,power
,HR,2019-02-28,7158700.0,power
,BE,2019-02-28,56218900.0,power
,AT,2019-03-01,26499400.0,power
1080.0,IT,2019-03-01,2109.0,power
1079.0,IE,2019-03-01,0.0,power
1076.0,GR,2019-03-01,195.0,power
1074.0,FI,2019-03-01,62.0,power
1075.0,FR,2019-03-01,187.0,power
1067.0,CY,2019-03-01,,power
1069.0,DE,2019-03-01,1083.0,power
1071.0,EE,2019-03-01,43.0,power
1072.0,ES,2019-03-01,434.0,power
,BG,2019-03-01,8839000.0,power
1073.0,EU27_2020,2019-03-01,,power
1081.0,LT,2019-03-01,28.0,power
1078.0,HU,2019-03-01,190.0,power
1082.0,LU,2019-03-01,0.0,power
,BE,2019-03-01,62877700.0,power
1091.0,SK,2019-03-01,0.0,power
1090.0,SI,2019-03-01,15.0,power
1089.0,SE,2019-03-01,0.0,power
1087.0,PT,2019-03-01,166.0,power
1088.0,RO,2019-03-01,0.0,power
1086.0,PL,2019-03-01,184.0,power
,CZ,2019-03-01,19085000.0,power
,DK,2019-03-01,10936200.0,power
1085.0,NL,2019-03-01,1016.715,power
1084.0,MT,2019-03-01,25.598,power
1083.0,LV,2019-03-01,59.0,power
,HR,2019-03-01,7140100.0,power
,HR,2019-03-02,5048900.0,power
,CZ,2019-03-02,6830300.0,power
,BE,2019-03-02,35275700.0,power
,BG,2019-03-02,8457000.0,power
,DK,2019-03-02,10013800.0,power
,AT,2019-03-02,20162900.0,power
,BE,2019-03-03,31011800.0,power
,BG,2019-03-03,8795000.0,power
,DK,2019-03-03,5302700.0,power
,AT,2019-03-03,10111100.0,power
,HR,2019-03-03,5028500.0,power
,CZ,2019-03-03,6442700.0,power
,BG,2019-03-04,8782000.0,power
,BE,2019-03-04,37601200.0,power
,DK,2019-03-04,6983600.0,power
,HR,2019-03-04,5053100.0,power
,CZ,2019-03-04,6451300.0,power
,AT,2019-03-04,15371000.0,power
,HR,2019-03-05,5056800.0,power
,CZ,2019-03-05,6679100.0,power
,DK,2019-03-05,10513900.0,power
,AT,2019-03-05,20755600.0,power
,BE,2019-03-05,51483700.0,power
,BG,2019-03-05,8632000.0,power
,AT,2019-03-06,25944600.000000004,power
,BG,2019-03-06,8614000.0,power
,HR,2019-03-06,4932600.0,power
,CZ,2019-03-06,6601500.0,power
,BE,2019-03-06,33141300.000000004,power
,DK,2019-03-06,13616600.0,power
,HR,2019-03-07,4842300.0,power
,DK,2019-03-07,11525900.0,power
,BE,2019-03-07,31514200.0,power
,AT,2019-03-07,14229300.0,power
,BG,2019-03-07,8386000.0,power
,CZ,2019-03-07,6544700.0,power
,CZ,2019-03-08,6581400.0,power
,AT,2019-03-08,16038200.0,power
,BE,2019-03-08,38701300.0,power
,BG,2019-03-08,8101000.0,power
,HR,2019-03-08,4834100.0,power
,DK,2019-03-08,9236500.0,power
,BG,2019-03-09,7346000.0,power
,CZ,2019-03-09,6406600.0,power
,BE,2019-03-09,30807500.0,power
,HR,2019-03-09,4894400.0,power
,AT,2019-03-09,8521900.0,power
,DK,2019-03-09,5390800.0,power
,HR,2019-03-10,4935400.0,power
,BE,2019-03-10,35926000.0,power
,DK,2019-03-10,12053100.0,power
,BG,2019-03-10,7171000.0,power
,AT,2019-03-10,9248400.0,power
,CZ,2019-03-10,6293600.0,power
,HR,2019-03-11,4952900.0,power
,BG,2019-03-11,7097000.0,power
,BE,2019-03-11,46146100.0,power
,DK,2019-03-11,13973600.0,power
,AT,2019-03-11,21973100.0,power
,CZ,2019-03-11,6573900.0,power
,HR,2019-03-12,5053100.0,power
,CZ,2019-03-12,6744500.0,power
,BE,2019-03-12,41061100.0,power
,AT,2019-03-12,30247600.0,power
,DK,2019-03-12,10833800.0,power
,BG,2019-03-12,7839000.0,power
,AT,2019-03-13,22618800.0,power
,DK,2019-03-13,9226100.0,power
,HR,2019-03-13,4999600.0,power
,BG,2019-03-13,8229000.0,power
,BE,2019-03-13,39957400.0,power
,CZ,2019-03-13,6747300.0,power
,BG,2019-03-14,8131000.0,power
,HR,2019-03-14,5016900.0,power
,DK,2019-03-14,12347900.0,power
,CZ,2019-03-14,6755800.0,power
,BE,2019-03-14,44832100.0,power
,AT,2019-03-14,18606600.0,power
,AT,2019-03-15,17295900.0,power
,HR,2019-03-15,4269700.0,power
,DK,2019-03-15,10861200.0,power
,BG,2019-03-15,8074000.0,power
,CZ,2019-03-15,6541000.0,power
,BE,2019-03-15,38949200.0,power
,AT,2019-03-16,13383900.0,power
,BE,2019-03-16,38170000.0,power
,DK,2019-03-16,7104300.0,power
,CZ,2019-03-16,9776400.0,power
,HR,2019-03-16,2873900.0,power
,BG,2019-03-16,7111000.0,power
,CZ,2019-03-17,5846000.0,power
,BE,2019-03-17,36353100.0,power
,DK,2019-03-17,3209800.0,power
,BG,2019-03-17,6968000.0,power
,AT,2019-03-17,3258900.0,power
,HR,2019-03-17,2820700.0,power
,DK,2019-03-18,7871300.0,power
,AT,2019-03-18,26422900.0,power
,BG,2019-03-18,7335000.0,power
,CZ,2019-03-18,5809600.0,power
,BE,2019-03-18,72857500.0,power
,HR,2019-03-18,3013700.0,power
,BE,2019-03-19,89672800.0,power
,HR,2019-03-19,2718000.0,power
,CZ,2019-03-19,19364900.0,power
,BG,2019-03-19,7129000.0,power
,AT,2019-03-19,32956600.0,power
,DK,2019-03-19,11169600.0,power
,AT,2019-03-20,32837900.0,power
,CZ,2019-03-20,18707300.0,power
,HR,2019-03-20,2500000.0,power
,BG,2019-03-20,6667000.0,power
,DK,2019-03-20,9745000.0,power
,BE,2019-03-20,75708100.0,power
,BE,2019-03-21,72768700.0,power
,BG,2019-03-21,6666000.0,power
,HR,2019-03-21,2217600.0,power
,DK,2019-03-21,7515900.0,power
,AT,2019-03-21,32926200.0,power
,CZ,2019-03-21,18709200.0,power
,DK,2019-03-22,9180300.0,power
,AT,2019-03-22,32141600.0,power
,HR,2019-03-22,2202800.0,power
,BE,2019-03-22,67218300.0,power
,CZ,2019-03-22,20383600.0,power
,BG,2019-03-22,6812000.0,power
,CZ,2019-03-23,5615600.0,power
,BE,2019-03-23,51252700.0,power
,AT,2019-03-23,15608800.0,power
,DK,2019-03-23,6555900.0,power
,HR,2019-03-23,2511900.0,power
,BG,2019-03-23,6943000.0,power
,DK,2019-03-24,7278600.0,power
,AT,2019-03-24,10893800.0,power
,BE,2019-03-24,39544300.0,power
,HR,2019-03-24,2504300.0,power
,BG,2019-03-24,7187000.0,power
,CZ,2019-03-24,5173300.0,power
,AT,2019-03-25,16908200.0,power
,BE,2019-03-25,38065600.0,power
,DK,2019-03-25,8284100.0,power
,CZ,2019-03-25,6577300.0,power
,HR,2019-03-25,2509100.0,power
,BG,2019-03-25,7226000.0,power
,AT,2019-03-26,29923900.0,power
,BG,2019-03-26,7724000.0,power
,CZ,2019-03-26,6765400.0,power
,DK,2019-03-26,8440700.0,power
,HR,2019-03-26,2520200.0,power
,BE,2019-03-26,63516800.0,power
,AT,2019-03-27,32332500.0,power
,CZ,2019-03-27,18539300.0,power
,BE,2019-03-27,74255300.0,power
,DK,2019-03-27,8577500.0,power
,HR,2019-03-27,2521200.0,power
,BG,2019-03-27,7739000.0,power
,BE,2019-03-28,78039600.0,power
,AT,2019-03-28,33213300.000000004,power
,HR,2019-03-28,2854400.0,power
,BG,2019-03-28,7485000.0,power
,DK,2019-03-28,9303500.0,power
,CZ,2019-03-28,19593200.0,power
,BE,2019-03-29,65553000.0,power
,BG,2019-03-29,7501000.0,power
,CZ,2019-03-29,6816000.0,power
,DK,2019-03-29,6939600.0,power
,AT,2019-03-29,30907300.0,power
,HR,2019-03-29,2986800.0,power
,BG,2019-03-30,6994000.0,power
,BE,2019-03-30,43680100.0,power
,AT,2019-03-30,27571400.0,power
,CZ,2019-03-30,6324599.999999999,power
,DK,2019-03-30,5747500.0,power
,HR,2019-03-30,2933600.0,power
,CZ,2019-03-31,6123000.0,power
,BE,2019-03-31,34965300.0,power
,BG,2019-03-31,7072000.0,power
,AT,2019-03-31,16789900.0,power
,HR,2019-03-31,2856100.0,power
,DK,2019-03-31,4005300.0,power
,HR,2019-04-01,2836100.0,power
,AT,2019-04-01,21189100.0,power
1112.0,MT,2019-04-01,26.48,power
,BE,2019-04-01,54118000.0,power
1119.0,SK,2019-04-01,0.0,power
1118.0,SI,2019-04-01,12.0,power
1117.0,SE,2019-04-01,0.0,power
1116.0,RO,2019-04-01,0.0,power
1115.0,PT,2019-04-01,222.0,power
1114.0,PL,2019-04-01,165.0,power
1113.0,NL,2019-04-01,869.498,power
1111.0,LV,2019-04-01,35.0,power
1100.0,ES,2019-04-01,571.0,power
1101.0,EU27_2020,2019-04-01,,power
1110.0,LU,2019-04-01,0.0,power
1109.0,LT,2019-04-01,17.0,power
1108.0,IT,2019-04-01,1913.0,power
,DK,2019-04-01,9395700.0,power
1106.0,HU,2019-04-01,160.0,power
1104.0,GR,2019-04-01,210.0,power
1103.0,FR,2019-04-01,252.0,power
1107.0,IE,2019-04-01,0.0,power
1095.0,CY,2019-04-01,,power
1099.0,EE,2019-04-01,15.0,power
1097.0,DE,2019-04-01,939.0,power
,CZ,2019-04-01,6202300.0,power
,BG,2019-04-01,7373000.0,power
1102.0,FI,2019-04-01,32.0,power
,BE,2019-04-02,57140100.0,power
,HR,2019-04-02,2817000.0,power
,CZ,2019-04-02,6339900.0,power
,DK,2019-04-02,6086100.0,power
,AT,2019-04-02,19415000.0,power
,BG,2019-04-02,7360000.0,power
,AT,2019-04-03,20273200.0,power
,BG,2019-04-03,7240000.0,power
,HR,2019-04-03,2833500.0,power
,CZ,2019-04-03,20878700.0,power
,DK,2019-04-03,7965500.0,power
,BE,2019-04-03,78794200.0,power
,BG,2019-04-04,7553000.0,power
,DK,2019-04-04,7467800.0,power
,HR,2019-04-04,2732000.0,power
,CZ,2019-04-04,20840000.0,power
,AT,2019-04-04,20100400.0,power
,BE,2019-04-04,82958600.0,power
,BG,2019-04-05,7295000.0,power
,HR,2019-04-05,2870700.0,power
,AT,2019-04-05,19301400.0,power
,BE,2019-04-05,77469500.0,power
,DK,2019-04-05,7005800.0,power
,CZ,2019-04-05,18380300.0,power
,CZ,2019-04-06,7987600.0,power
,HR,2019-04-06,3008400.0,power
,DK,2019-04-06,5265000.0,power
,BE,2019-04-06,49945200.0,power
,AT,2019-04-06,12474000.0,power
,BG,2019-04-06,7569000.0,power
,BG,2019-04-07,7526000.0,power
,DK,2019-04-07,4559300.0,power
,CZ,2019-04-07,5706700.0,power
,BE,2019-04-07,38573600.0,power
,HR,2019-04-07,3005000.0,power
,AT,2019-04-07,7540700.0,power
,BG,2019-04-08,7487000.0,power
,DK,2019-04-08,4840700.0,power
,AT,2019-04-08,17578100.0,power
,CZ,2019-04-08,17665300.0,power
,BE,2019-04-08,59041900.0,power
,HR,2019-04-08,2922600.0,power
,DK,2019-04-09,5854000.0,power
,HR,2019-04-09,5396000.0,power
,BG,2019-04-09,7455000.0,power
,CZ,2019-04-09,16860700.0,power
,BE,2019-04-09,50373300.0,power
,AT,2019-04-09,31219100.0,power
,DK,2019-04-10,7057800.0,power
,BG,2019-04-10,7773000.0,power
,BE,2019-04-10,49235500.0,power
,AT,2019-04-10,19257600.0,power
,HR,2019-04-10,7050300.0,power
,CZ,2019-04-10,17590000.0,power
,HR,2019-04-11,7031200.0,power
,BE,2019-04-11,61630100.0,power
,DK,2019-04-11,7687600.0,power
,AT,2019-04-11,19156100.0,power
,BG,2019-04-11,7903000.0,power
,CZ,2019-04-11,15640200.0,power
,CZ,2019-04-12,17068400.0,power
,DK,2019-04-12,8433400.0,power
,BE,2019-04-12,79509500.0,power
,BG,2019-04-12,7631000.0,power
,HR,2019-04-12,6176500.0,power
,AT,2019-04-12,21235900.0,power
,AT,2019-04-13,20887100.0,power
,CZ,2019-04-13,5773400.0,power
,BE,2019-04-13,54187500.0,power
,HR,2019-04-13,2940400.0,power
,DK,2019-04-13,6875900.0,power
,BG,2019-04-13,7798000.0,power
,BE,2019-04-14,41780500.0,power
,AT,2019-04-14,18660100.0,power
,CZ,2019-04-14,5762000.0,power
,BG,2019-04-14,7768000.0,power
,DK,2019-04-14,5994600.0,power
,HR,2019-04-14,2930400.0,power
,CZ,2019-04-15,10781100.0,power
,HR,2019-04-15,2950300.0,power
,BG,2019-04-15,7635000.0,power
,DK,2019-04-15,6789800.0,power
,AT,2019-04-15,38239000.0,power
,BE,2019-04-15,61426900.0,power
,BE,2019-04-16,75328200.0,power
,HR,2019-04-16,1995300.0,power
,BG,2019-04-16,8123000.0,power
,DK,2019-04-16,6309000.0,power
,AT,2019-04-16,37300100.0,power
,CZ,2019-04-16,18396000.0,power
,DK,2019-04-17,6060300.0,power
,AT,2019-04-17,31918000.0,power
,BE,2019-04-17,66994800.0,power
,HR,2019-04-17,2818400.0,power
,BG,2019-04-17,7860000.0,power
,CZ,2019-04-17,19288900.0,power
,BG,2019-04-18,7838000.0,power
,BE,2019-04-18,44425900.0,power
,CZ,2019-04-18,9615400.0,power
,HR,2019-04-18,2782700.0,power
,AT,2019-04-18,33095300.000000004,power
,DK,2019-04-18,4970200.0,power
,DK,2019-04-19,4443400.0,power
,BG,2019-04-19,7391000.0,power
,AT,2019-04-19,29936900.0,power
,CZ,2019-04-19,5382100.0,power
,HR,2019-04-19,2520300.0,power
,BE,2019-04-19,38874200.0,power
,CZ,2019-04-20,4165000.0,power
,BG,2019-04-20,7852000.0,power
,DK,2019-04-20,4177500.0,power
,BE,2019-04-20,37659200.0,power
,AT,2019-04-20,18597200.0,power
,HR,2019-04-20,1692300.0,power
,BG,2019-04-21,7680000.0,power
,CZ,2019-04-21,4165000.0,power
,AT,2019-04-21,299900.0,power
,DK,2019-04-21,4039100.0,power
,BE,2019-04-21,37392900.0,power
,HR,2019-04-21,1586399.9999999998,power
,HR,2019-04-22,1611700.0,power
,BE,2019-04-22,35113000.0,power
,DK,2019-04-22,3551100.0,power
,BG,2019-04-22,7389000.0,power
,AT,2019-04-22,287500.0,power
,CZ,2019-04-22,4131800.0,power
,BE,2019-04-23,38887600.0,power
,BG,2019-04-23,6850000.0,power
,AT,2019-04-23,4141200.0,power
,HR,2019-04-23,1800100.0,power
,DK,2019-04-23,3132600.0,power
,CZ,2019-04-23,4429800.0,power
,AT,2019-04-24,7553800.0,power
,BE,2019-04-24,32540300.0,power
,DK,2019-04-24,3663600.0,power
,CZ,2019-04-24,4397700.0,power
,HR,2019-04-24,2202200.0,power
,BG,2019-04-24,6356000.0,power
,AT,2019-04-25,7430700.0,power
,HR,2019-04-25,2076700.0,power
,CZ,2019-04-25,12715700.0,power
,BE,2019-04-25,37093400.0,power
,DK,2019-04-25,4813700.0,power
,BG,2019-04-25,6078000.0,power
,HR,2019-04-26,2185000.0,power
,DK,2019-04-26,5423900.0,power
,CZ,2019-04-26,17302100.0,power
,BG,2019-04-26,5408000.0,power
,AT,2019-04-26,8695200.0,power
,BE,2019-04-26,50652800.0,power
,CZ,2019-04-27,4155500.0,power
,HR,2019-04-27,2327300.0,power
,BE,2019-04-27,44216100.0,power
,AT,2019-04-27,394700.0,power
,DK,2019-04-27,5210900.0,power
,BG,2019-04-27,5351000.0,power
,BE,2019-04-28,48648700.0,power
,CZ,2019-04-28,4062200.0,power
,AT,2019-04-28,4597100.0,power
,HR,2019-04-28,2325500.0,power
,BG,2019-04-28,5557000.0,power
,DK,2019-04-28,4488200.0,power
,CZ,2019-04-29,4366100.0,power
,DK,2019-04-29,6039500.0,power
,HR,2019-04-29,2279300.0,power
,BG,2019-04-29,5290000.0,power
,BE,2019-04-29,60873800.0,power
,AT,2019-04-29,19274900.0,power
,DK,2019-04-30,5533700.0,power
,HR,2019-04-30,2182900.0,power
,CZ,2019-04-30,4345600.0,power
,BE,2019-04-30,61397400.0,power
,BG,2019-04-30,5110000.0,power
,AT,2019-04-30,17460600.0,power
1134.0,HU,2019-05-01,127.0,power
,CZ,2019-05-01,3167600.0,power
1143.0,PT,2019-05-01,290.0,power
,BG,2019-05-01,4956000.0,power
1135.0,IE,2019-05-01,0.0,power
1123.0,CY,2019-05-01,,power
1127.0,EE,2019-05-01,12.0,power
,HR,2019-05-01,1698300.0,power
1131.0,FR,2019-05-01,237.0,power
1130.0,FI,2019-05-01,19.0,power
,BE,2019-05-01,43611600.0,power
1132.0,GR,2019-05-01,210.0,power
1125.0,DE,2019-05-01,900.0,power
,DK,2019-05-01,3264100.0,power
1147.0,SK,2019-05-01,0.0,power
1139.0,LV,2019-05-01,41.0,power
1138.0,LU,2019-05-01,0.0,power
1129.0,EU27_2020,2019-05-01,,power
1137.0,LT,2019-05-01,12.0,power
1136.0,IT,2019-05-01,1767.0,power
1141.0,NL,2019-05-01,1063.628,power
1140.0,MT,2019-05-01,28.968,power
,AT,2019-05-01,1487100.0,power
1144.0,RO,2019-05-01,0.0,power
1145.0,SE,2019-05-01,0.0,power
1128.0,ES,2019-05-01,765.0,power
1146.0,SI,2019-05-01,10.0,power
1142.0,PL,2019-05-01,115.0,power
,AT,2019-05-02,4990600.0,power
,BE,2019-05-02,45207200.0,power
,CZ,2019-05-02,3209600.0,power
,BG,2019-05-02,4913000.0,power
,HR,2019-05-02,2127900.0,power
,DK,2019-05-02,5319900.0,power
,BG,2019-05-03,4681000.0,power
,BE,2019-05-03,50154900.0,power
,HR,2019-05-03,2562800.0,power
,AT,2019-05-03,3186900.0,power
,CZ,2019-05-03,3410700.0000000005,power
,DK,2019-05-03,6140000.0,power
,DK,2019-05-04,5667600.0,power
,HR,2019-05-04,2553100.0,power
,BG,2019-05-04,4766000.0,power
,CZ,2019-05-04,3170400.0,power
,BE,2019-05-04,37748400.0,power
,AT,2019-05-04,5659500.0,power
,AT,2019-05-05,2731900.0,power
,DK,2019-05-05,4403300.0,power
,BE,2019-05-05,37934400.0,power
,BG,2019-05-05,5049000.0,power
,CZ,2019-05-05,3293500.0,power
,HR,2019-05-05,2550400.0,power
,HR,2019-05-06,2554700.0,power
,CZ,2019-05-06,3328600.0,power
,BG,2019-05-06,5018000.0,power
,AT,2019-05-06,3130000.0,power
,DK,2019-05-06,6353900.0,power
,BE,2019-05-06,54636300.0,power
,CZ,2019-05-07,3345400.0,power
,AT,2019-05-07,7240000.0,power
,BG,2019-05-07,5076000.0,power
,BE,2019-05-07,52041600.0,power
,HR,2019-05-07,2553400.0,power
,DK,2019-05-07,7173400.0,power
,BG,2019-05-08,5010000.0,power
,DK,2019-05-08,5575900.0,power
,BE,2019-05-08,39500900.0,power
,AT,2019-05-08,2701500.0,power
,HR,2019-05-08,2514600.0,power
,CZ,2019-05-08,3435700.0,power
,HR,2019-05-09,2515300.0,power
,AT,2019-05-09,19385000.0,power
,BG,2019-05-09,4953000.0,power
,BE,2019-05-09,47635200.0,power
,CZ,2019-05-09,3472900.0,power
,DK,2019-05-09,6763300.0,power
,AT,2019-05-10,1401600.0,power
,CZ,2019-05-10,3421700.0,power
,DK,2019-05-10,6198400.0,power
,BE,2019-05-10,52600800.0,power
,HR,2019-05-10,2517300.0,power
,BG,2019-05-10,4911000.0,power
,BE,2019-05-11,36502300.0,power
,HR,2019-05-11,2485800.0,power
,DK,2019-05-11,4394400.0,power
,CZ,2019-05-11,3340800.0,power
,AT,2019-05-11,613100.0,power
,BG,2019-05-11,4899000.0,power
,DK,2019-05-12,3126400.0,power
,CZ,2019-05-12,3289500.0,power
,BG,2019-05-12,4902000.0,power
,HR,2019-05-12,2514800.0,power
,BE,2019-05-12,34545100.0,power
,AT,2019-05-12,998800.0,power
,HR,2019-05-13,2489400.0,power
,CZ,2019-05-13,3164400.0,power
,BE,2019-05-13,42081300.0,power
,DK,2019-05-13,5024300.0,power
,AT,2019-05-13,3544500.0,power
,BG,2019-05-13,4960000.0,power
,AT,2019-05-14,3897500.0,power
,BG,2019-05-14,4978000.0,power
,HR,2019-05-14,2524100.0,power
,DK,2019-05-14,4619100.0,power
,BE,2019-05-14,43110200.0,power
,CZ,2019-05-14,3245100.0,power
,HR,2019-05-15,2525800.0,power
,DK,2019-05-15,4735700.0,power
,CZ,2019-05-15,3287000.0,power
,BG,2019-05-15,4844000.0,power
,AT,2019-05-15,3499600.0,power
,BE,2019-05-15,52190600.0,power
,CZ,2019-05-16,3206700.0,power
,BE,2019-05-16,52604800.0,power
,HR,2019-05-16,2516600.0,power
,DK,2019-05-16,4132700.0,power
,AT,2019-05-16,3229800.0,power
,BG,2019-05-16,4651000.0,power
,BE,2019-05-17,57093600.0,power
,HR,2019-05-17,2501400.0,power
,CZ,2019-05-17,3058700.0,power
,BG,2019-05-17,4614000.0,power
,AT,2019-05-17,5077500.0,power
,DK,2019-05-17,4293500.0,power
,HR,2019-05-18,2463400.0,power
,CZ,2019-05-18,3005000.0,power
,DK,2019-05-18,3358000.0,power
,BG,2019-05-18,4698000.0,power
,BE,2019-05-18,48039100.0,power
,AT,2019-05-18,268200.0,power
,BG,2019-05-19,4625000.0,power
,AT,2019-05-19,281500.0,power
,HR,2019-05-19,2474100.0,power
,DK,2019-05-19,3524500.0,power
,CZ,2019-05-19,2871000.0,power
,BE,2019-05-19,47192900.0,power
,HR,2019-05-20,2475800.0,power
,BG,2019-05-20,4631000.0,power
,CZ,2019-05-20,2940400.0,power
,DK,2019-05-20,5733300.0,power
,BE,2019-05-20,53290600.0,power
,AT,2019-05-20,339700.0,power
,BG,2019-05-21,4591000.0,power
,HR,2019-05-21,2522100.0,power
,CZ,2019-05-21,2941000.0,power
,DK,2019-05-21,4717600.0,power
,BE,2019-05-21,50641600.0,power
,AT,2019-05-21,1209000.0,power
,AT,2019-05-22,799200.0,power
,BE,2019-05-22,49014400.0,power
,DK,2019-05-22,3135700.0,power
,HR,2019-05-22,1745300.0,power
,CZ,2019-05-22,3043200.0,power
,BG,2019-05-22,4590000.0,power
,CZ,2019-05-23,15970600.0,power
,BG,2019-05-23,4638000.0,power
,DK,2019-05-23,4113800.0,power
,AT,2019-05-23,384700.0,power
,HR,2019-05-23,1432900.0,power
,BE,2019-05-23,48222300.0,power
,HR,2019-05-24,836100.0,power
,BE,2019-05-24,50761799.99999999,power
,AT,2019-05-24,312400.0,power
,CZ,2019-05-24,20833400.0,power
,BG,2019-05-24,4794000.0,power
,DK,2019-05-24,4476300.0,power
,AT,2019-05-25,111400.0,power
,CZ,2019-05-25,19197900.0,power
,HR,2019-05-25,283800.0,power
,BE,2019-05-25,38593300.0,power
,DK,2019-05-25,4121500.0,power
,BG,2019-05-25,4755000.0,power
,BG,2019-05-26,4758000.0,power
,BE,2019-05-26,29875800.0,power
,DK,2019-05-26,3182400.0,power
,AT,2019-05-26,0.0,power
,CZ,2019-05-26,2843100.0,power
,HR,2019-05-26,324900.0,power
,BG,2019-05-27,4802000.0,power
,BE,2019-05-27,57510200.0,power
,HR,2019-05-27,371800.0,power
,DK,2019-05-27,4906100.0,power
,AT,2019-05-27,670500.0,power
,CZ,2019-05-27,17385600.0,power
,BG,2019-05-28,4777000.0,power
,DK,2019-05-28,5309300.0,power
,HR,2019-05-28,361300.0,power
,AT,2019-05-28,374500.0,power
,BE,2019-05-28,62511900.0,power
,CZ,2019-05-28,19112100.0,power
,HR,2019-05-29,423500.0,power
,BG,2019-05-29,4791000.0,power
,CZ,2019-05-29,16500000.0,power
,AT,2019-05-29,368500.0,power
,DK,2019-05-29,4866200.0,power
,BE,2019-05-29,58858900.0,power
,CZ,2019-05-30,3110900.0,power
,BE,2019-05-30,36913600.0,power
,BG,2019-05-30,4772000.0,power
,HR,2019-05-30,396500.0,power
,AT,2019-05-30,363000.0,power
,DK,2019-05-30,3203500.0,power
,CZ,2019-05-31,15549300.0,power
,BG,2019-05-31,4646000.0,power
,BE,2019-05-31,47224100.0,power
,HR,2019-05-31,367900.0,power
,DK,2019-05-31,5354800.0,power
,AT,2019-05-31,418000.0,power
1155.0,EE,2019-06-01,7.0,power
1160.0,GR,2019-06-01,292.0,power
,CZ,2019-06-01,6708600.0,power
,BG,2019-06-01,4385000.0,power
1164.0,IT,2019-06-01,2000.0,power
1163.0,IE,2019-06-01,0.0,power
,DK,2019-06-01,4122400.0,power
1159.0,FR,2019-06-01,225.0,power
1166.0,LU,2019-06-01,0.0,power
1158.0,FI,2019-06-01,9.0,power
1157.0,EU27_2020,2019-06-01,,power
1156.0,ES,2019-06-01,981.0,power
1153.0,DE,2019-06-01,807.0,power
1162.0,HU,2019-06-01,134.0,power
1165.0,LT,2019-06-01,10.0,power
1168.0,MT,2019-06-01,33.454,power
1169.0,NL,2019-06-01,959.123,power
1170.0,PL,2019-06-01,78.0,power
1173.0,SE,2019-06-01,0.0,power
1151.0,CY,2019-06-01,,power
1174.0,SI,2019-06-01,9.0,power
1172.0,RO,2019-06-01,0.0,power
,BE,2019-06-01,45493300.0,power
,HR,2019-06-01,371500.0,power
1171.0,PT,2019-06-01,349.0,power
1167.0,LV,2019-06-01,54.0,power
,AT,2019-06-01,21000.0,power
1175.0,SK,2019-06-01,0.0,power
,BE,2019-06-02,34516700.0,power
,HR,2019-06-02,405900.0,power
,DK,2019-06-02,2573100.0,power
,BG,2019-06-02,4460000.0,power
,CZ,2019-06-02,2882300.0,power
,AT,2019-06-02,0.0,power
,BG,2019-06-03,4531000.0,power
,AT,2019-06-03,0.0,power
,BE,2019-06-03,51695700.0,power
,DK,2019-06-03,5173000.0,power
,CZ,2019-06-03,17438100.0,power
,HR,2019-06-03,357400.0,power
,AT,2019-06-04,6327100.0,power
,BG,2019-06-04,4731000.0,power
,DK,2019-06-04,4303900.0,power
,BE,2019-06-04,51946900.0,power
,CZ,2019-06-04,17914000.0,power
,HR,2019-06-04,411500.0,power
,CZ,2019-06-05,15260700.0,power
,DK,2019-06-05,4064700.000000001,power
,HR,2019-06-05,431900.00000000006,power
,AT,2019-06-05,2900.0,power
,BE,2019-06-05,58832600.0,power
,BG,2019-06-05,4591000.0,power
,CZ,2019-06-06,17423600.0,power
,DK,2019-06-06,3139600.0,power
,HR,2019-06-06,383700.0,power
,BG,2019-06-06,4605000.0,power
,BE,2019-06-06,58651500.0,power
,AT,2019-06-06,700.0,power
,DK,2019-06-07,3159900.0,power
,HR,2019-06-07,726400.0,power
,BG,2019-06-07,4597000.0,power
,BE,2019-06-07,46329300.0,power
,AT,2019-06-07,4931800.0,power
,CZ,2019-06-07,17749600.0,power
,BG,2019-06-08,4658000.0,power
,HR,2019-06-08,1019000.0,power
,AT,2019-06-08,21700.0,power
,CZ,2019-06-08,2899200.0,power
,BE,2019-06-08,32734500.0,power
,DK,2019-06-08,2604500.0,power
,HR,2019-06-09,1022600.0,power
,BE,2019-06-09,44417500.0,power
,CZ,2019-06-09,2899900.0,power
,BG,2019-06-09,4579000.0,power
,AT,2019-06-09,9400.0,power
,DK,2019-06-09,3100100.0,power
,AT,2019-06-10,8200.000000000002,power
,CZ,2019-06-10,8081500.0,power
,DK,2019-06-10,3037500.0,power
,BE,2019-06-10,50152200.0,power
,BG,2019-06-10,4464000.0,power
,HR,2019-06-10,1026800.0,power
,HR,2019-06-11,1164000.0,power
,AT,2019-06-11,5118500.0,power
,CZ,2019-06-11,17255900.0,power
,DK,2019-06-11,4285700.0,power
,BG,2019-06-11,4295000.0,power
,BE,2019-06-11,72438500.0,power
,BG,2019-06-12,4189000.0,power
,DK,2019-06-12,3065600.0,power
,AT,2019-06-12,6387700.0,power
,HR,2019-06-12,1155000.0,power
,CZ,2019-06-12,20087700.0,power
,BE,2019-06-12,78006600.0,power
,AT,2019-06-13,11737400.0,power
,HR,2019-06-13,1140100.0,power
,CZ,2019-06-13,19882500.0,power
,BG,2019-06-13,4001000.0,power
,BE,2019-06-13,62751100.0,power
,DK,2019-06-13,3691000.0,power
,BE,2019-06-14,71642700.0,power
,CZ,2019-06-14,17768400.0,power
,BG,2019-06-14,3479000.0,power
,DK,2019-06-14,3738800.0,power
,HR,2019-06-14,1145400.0,power
,AT,2019-06-14,6001400.0,power
,HR,2019-06-15,1008200.0,power
,BG,2019-06-15,3489000.0,power
,DK,2019-06-15,2771200.0,power
,AT,2019-06-15,0.0,power
,CZ,2019-06-15,2754700.0,power
,BE,2019-06-15,47269400.0,power
,HR,2019-06-16,1015300.0,power
,BE,2019-06-16,41572800.0,power
,DK,2019-06-16,2905000.0,power
,AT,2019-06-16,0.0,power
,CZ,2019-06-16,7471700.0,power
,BG,2019-06-16,3478000.0,power
,HR,2019-06-17,1011000.0,power
,DK,2019-06-17,3141900.0,power
,AT,2019-06-17,0.0,power
,BE,2019-06-17,71782600.0,power
,CZ,2019-06-17,17990600.0,power
,BG,2019-06-17,3422000.0,power
,CZ,2019-06-18,19561400.0,power
,AT,2019-06-18,18077600.0,power
,BE,2019-06-18,73325900.0,power
,HR,2019-06-18,1012800.0,power
,BG,2019-06-18,3455000.0,power
,DK,2019-06-18,5059700.0,power
,DK,2019-06-19,3457500.0,power
,AT,2019-06-19,17627400.0,power
,HR,2019-06-19,3288800.0,power
,BG,2019-06-19,3502000.0,power
,CZ,2019-06-19,19947400.0,power
,BE,2019-06-19,72328200.0,power
,BG,2019-06-20,3298000.0,power
,BE,2019-06-20,65359900.0,power
,HR,2019-06-20,5216300.0,power
,AT,2019-06-20,2349200.0,power
,DK,2019-06-20,3105100.0,power
,CZ,2019-06-20,19699300.0,power
,BG,2019-06-21,3397000.0,power
,CZ,2019-06-21,19876900.0,power
,AT,2019-06-21,11345800.0,power
,BE,2019-06-21,71771900.0,power
,HR,2019-06-21,5028800.0,power
,DK,2019-06-21,2511200.0,power
,AT,2019-06-22,8800.0,power
,HR,2019-06-22,1009000.0,power
,BE,2019-06-22,42648600.0,power
,DK,2019-06-22,3089100.0,power
,BG,2019-06-22,3403000.0,power
,CZ,2019-06-22,9650400.0,power
,CZ,2019-06-23,2737300.0,power
,BG,2019-06-23,3396000.0,power
,DK,2019-06-23,2940000.0,power
,BE,2019-06-23,43592400.0,power
,HR,2019-06-23,1016600.0,power
,AT,2019-06-23,0.0,power
,DK,2019-06-24,4078700.000000001,power
,BE,2019-06-24,66435399.99999999,power
,AT,2019-06-24,16977500.0,power
,HR,2019-06-24,3412500.0,power
,CZ,2019-06-24,16938500.0,power
,BG,2019-06-24,3385000.0,power
,AT,2019-06-25,17668600.0,power
,HR,2019-06-25,4904500.0,power
,BE,2019-06-25,74350800.0,power
,DK,2019-06-25,5041600.0,power
,BG,2019-06-25,3371000.0,power
,CZ,2019-06-25,20121800.0,power
,BG,2019-06-26,3397000.0,power
,DK,2019-06-26,2356500.0,power
,HR,2019-06-26,5228800.0,power
,AT,2019-06-26,20844100.0,power
,BE,2019-06-26,74741300.0,power
,CZ,2019-06-26,20277100.0,power
,HR,2019-06-27,5335900.0,power
,CZ,2019-06-27,20769200.0,power
,BE,2019-06-27,66644000.0,power
,AT,2019-06-27,10520900.0,power
,BG,2019-06-27,3387000.0,power
,DK,2019-06-27,2330400.0,power
,BG,2019-06-28,3356000.0,power
,HR,2019-06-28,4953400.0,power
,DK,2019-06-28,3802900.0,power
,AT,2019-06-28,12034500.0,power
,CZ,2019-06-28,21076500.0,power
,BE,2019-06-28,67683700.0,power
,AT,2019-06-29,10821300.0,power
,CZ,2019-06-29,18022100.0,power
,HR,2019-06-29,1011800.0,power
,BE,2019-06-29,62783100.0,power
,BG,2019-06-29,3382000.0,power
,DK,2019-06-29,3657500.0,power
,BG,2019-06-30,3338000.0,power
,HR,2019-06-30,1008900.0,power
,CZ,2019-06-30,8236100.0,power
,AT,2019-06-30,1074900.0,power
,BE,2019-06-30,48603000.0,power
,DK,2019-06-30,3040600.0,power
1181.0,DE,2019-07-01,1038.0,power
1179.0,CY,2019-07-01,,power
1197.0,NL,2019-07-01,1100.533,power
1196.0,MT,2019-07-01,35.541,power
,BE,2019-07-01,70326600.0,power
1195.0,LV,2019-07-01,47.0,power
,HR,2019-07-01,3382400.0,power
,AT,2019-07-01,19111300.0,power
,DK,2019-07-01,3257100.0,power
1183.0,EE,2019-07-01,7.0,power
1198.0,PL,2019-07-01,118.0,power
1184.0,ES,2019-07-01,1340.0,power
,BG,2019-07-01,3389000.0,power
1199.0,PT,2019-07-01,393.0,power
1192.0,IT,2019-07-01,2596.0,power
1186.0,FI,2019-07-01,16.0,power
1194.0,LU,2019-07-01,0.0,power
1188.0,GR,2019-07-01,373.0,power
1190.0,HU,2019-07-01,169.0,power
1191.0,IE,2019-07-01,0.0,power
1203.0,SK,2019-07-01,0.0,power
1202.0,SI,2019-07-01,9.0,power
1201.0,SE,2019-07-01,0.0,power
1200.0,RO,2019-07-01,0.0,power
1187.0,FR,2019-07-01,388.0,power
1193.0,LT,2019-07-01,9.0,power
,CZ,2019-07-01,19837200.0,power
1185.0,EU27_2020,2019-07-01,,power
,DK,2019-07-02,2929300.0,power
,CZ,2019-07-02,20040800.0,power
,BG,2019-07-02,3493000.0,power
,AT,2019-07-02,12883300.0,power
,HR,2019-07-02,5236300.0,power
,BE,2019-07-02,68870200.0,power
,BE,2019-07-03,59436800.0,power
,CZ,2019-07-03,20593700.0,power
,AT,2019-07-03,18486700.0,power
,HR,2019-07-03,5260800.0,power
,BG,2019-07-03,3805000.0,power
,DK,2019-07-03,3752000.0,power
,BG,2019-07-04,4086000.0,power
,DK,2019-07-04,3294800.0,power
,CZ,2019-07-04,20481700.0,power
,HR,2019-07-04,5325800.0,power
,BE,2019-07-04,58360200.0,power
,AT,2019-07-04,20654400.0,power
,DK,2019-07-05,4832300.0,power
,AT,2019-07-05,5896300.0,power
,BG,2019-07-05,4073000.0,power
,BE,2019-07-05,71796600.0,power
,CZ,2019-07-05,20587100.0,power
,HR,2019-07-05,5287500.0,power
,AT,2019-07-06,9643800.0,power
,BE,2019-07-06,44598400.0,power
,HR,2019-07-06,4856300.0,power
,CZ,2019-07-06,3801600.0,power
,DK,2019-07-06,3283600.0,power
,BG,2019-07-06,4076000.0,power
,BE,2019-07-07,43655200.0,power
,AT,2019-07-07,1012600.0,power
,BG,2019-07-07,4021000.0,power
,CZ,2019-07-07,2646400.0,power
,DK,2019-07-07,2877000.0,power
,HR,2019-07-07,1018400.0,power
,AT,2019-07-08,23439500.0,power
,CZ,2019-07-08,18163400.0,power
,HR,2019-07-08,3913100.0,power
,BG,2019-07-08,4024000.0,power
,DK,2019-07-08,3948600.0,power
,BE,2019-07-08,60531000.0,power
,CZ,2019-07-09,21087300.0,power
,BE,2019-07-09,63404600.0,power
,DK,2019-07-09,3868100.0,power
,HR,2019-07-09,5292600.0,power
,AT,2019-07-09,20961500.0,power
,BG,2019-07-09,4012000.0,power
,HR,2019-07-10,5220300.0,power
,CZ,2019-07-10,20823600.0,power
,DK,2019-07-10,5322400.0,power
,BG,2019-07-10,4046000.0,power
,BE,2019-07-10,63660600.0,power
,AT,2019-07-10,15117500.0,power
,AT,2019-07-11,26530100.0,power
,BG,2019-07-11,3981000.0,power
,HR,2019-07-11,5248100.0,power
,CZ,2019-07-11,21050700.0,power
,BE,2019-07-11,68876100.0,power
,DK,2019-07-11,5976200.0,power
,BE,2019-07-12,73164100.0,power
,HR,2019-07-12,5016900.0,power
,CZ,2019-07-12,20494200.0,power
,AT,2019-07-12,14595300.0,power
,DK,2019-07-12,4968000.0,power
,BG,2019-07-12,4001000.0,power
,BE,2019-07-13,46866100.0,power
,BG,2019-07-13,3983000.0,power
,DK,2019-07-13,3527700.0,power
,HR,2019-07-13,1022000.0,power
,AT,2019-07-13,26300.0,power
,CZ,2019-07-13,17709700.0,power
,CZ,2019-07-14,8459500.0,power
,BG,2019-07-14,4006000.0,power
,BE,2019-07-14,47049800.0,power
,HR,2019-07-14,1012500.0,power
,AT,2019-07-14,25800.0,power
,DK,2019-07-14,4580400.0,power
,AT,2019-07-15,20521600.0,power
,BE,2019-07-15,69459800.0,power
,HR,2019-07-15,2965500.0,power
,DK,2019-07-15,5828800.0,power
,BG,2019-07-15,4002000.0,power
,CZ,2019-07-15,19555100.0,power
,AT,2019-07-16,19133900.0,power
,BG,2019-07-16,4038000.0,power
,DK,2019-07-16,4485800.0,power
,BE,2019-07-16,69735900.0,power
,CZ,2019-07-16,19882500.0,power
,HR,2019-07-16,5248700.0,power
,BG,2019-07-17,4015000.0,power
,AT,2019-07-17,21523300.0,power
,CZ,2019-07-17,20368300.0,power
,HR,2019-07-17,5290600.0,power
,DK,2019-07-17,4020100.0,power
,BE,2019-07-17,79245300.0,power
,BE,2019-07-18,73575200.0,power
,CZ,2019-07-18,20251200.0,power
,HR,2019-07-18,5285100.0,power
,BG,2019-07-18,4019000.0,power
,DK,2019-07-18,3673300.0,power
,AT,2019-07-18,28910000.0,power
,BG,2019-07-19,4045000.0,power
,CZ,2019-07-19,20512500.0,power
,AT,2019-07-19,26124200.0,power
,BE,2019-07-19,78983200.0,power
,HR,2019-07-19,5263600.0,power
,DK,2019-07-19,4014600.0,power
,AT,2019-07-20,13738100.0,power
,DK,2019-07-20,4618800.0,power
,BE,2019-07-20,49391900.0,power
,HR,2019-07-20,5216600.0,power
,CZ,2019-07-20,20154600.0,power
,BG,2019-07-20,4070000.0,power
,BE,2019-07-21,47335100.0,power
,DK,2019-07-21,4424400.0,power
,CZ,2019-07-21,9052300.0,power
,BG,2019-07-21,4076000.0,power
,AT,2019-07-21,22157200.0,power
,HR,2019-07-21,4603500.0,power
,HR,2019-07-22,5289600.0,power
,BG,2019-07-22,4005000.0,power
,AT,2019-07-22,22842400.0,power
,CZ,2019-07-22,19426900.0,power
,BE,2019-07-22,66191500.0,power
,DK,2019-07-22,5658100.0,power
,HR,2019-07-23,4612800.0,power
,DK,2019-07-23,4151400.0,power
,BE,2019-07-23,78755300.0,power
,AT,2019-07-23,21349000.0,power
,BG,2019-07-23,3979000.0,power
,CZ,2019-07-23,18596300.0,power
,BE,2019-07-24,76579300.0,power
,BG,2019-07-24,3995000.0,power
,CZ,2019-07-24,18154800.0,power
,AT,2019-07-24,22989600.0,power
,DK,2019-07-24,5090900.0,power
,HR,2019-07-24,4852500.0,power
,CZ,2019-07-25,18397300.0,power
,BE,2019-07-25,72089500.0,power
,DK,2019-07-25,3879200.0,power
,BG,2019-07-25,4005000.0,power
,AT,2019-07-25,18092700.0,power
,HR,2019-07-25,5353900.0,power
,CZ,2019-07-26,18445600.0,power
,AT,2019-07-26,22456200.0,power
,BE,2019-07-26,72229200.0,power
,BG,2019-07-26,4069000.0,power
,HR,2019-07-26,5350900.0,power
,DK,2019-07-26,5034800.0,power
,HR,2019-07-27,4834800.0,power
,DK,2019-07-27,4760500.0,power
,BG,2019-07-27,4084000.0,power
,BE,2019-07-27,56746900.0,power
,AT,2019-07-27,18342000.0,power
,CZ,2019-07-27,17530300.0,power
,BG,2019-07-28,4091000.0,power
,BE,2019-07-28,49560300.0,power
,CZ,2019-07-28,17210700.0,power
,AT,2019-07-28,1271700.0,power
,DK,2019-07-28,5638100.0,power
,HR,2019-07-28,4815200.0,power
,BG,2019-07-29,4072000.0,power
,DK,2019-07-29,4607800.0,power
,HR,2019-07-29,5401300.0,power
,BE,2019-07-29,66779899.99999999,power
,AT,2019-07-29,0.0,power
,CZ,2019-07-29,18950100.0,power
,AT,2019-07-30,5685500.0,power
,BE,2019-07-30,47624400.0,power
,CZ,2019-07-30,19013900.0,power
,DK,2019-07-30,2393900.0,power
,BG,2019-07-30,4076000.0,power
,HR,2019-07-30,5766500.0,power
,BG,2019-07-31,4015000.0,power
,CZ,2019-07-31,19112900.0,power
,DK,2019-07-31,3258100.0,power
,AT,2019-07-31,17986500.0,power
,BE,2019-07-31,61764500.0,power
,HR,2019-07-31,5359000.0,power
1219.0,IE,2019-08-01,0.0,power
1231.0,SK,2019-08-01,0.0,power
1230.0,SI,2019-08-01,15.0,power
1207.0,CY,2019-08-01,,power
1209.0,DE,2019-08-01,999.0,power
,BG,2019-08-01,4177000.0,power
1212.0,ES,2019-08-01,1369.0,power
1213.0,EU27_2020,2019-08-01,,power
1214.0,FI,2019-08-01,15.0,power
1215.0,FR,2019-08-01,261.0,power
1216.0,GR,2019-08-01,344.0,power
1218.0,HU,2019-08-01,172.0,power
1220.0,IT,2019-08-01,2343.0,power
1211.0,EE,2019-08-01,7.0,power
1222.0,LU,2019-08-01,0.0,power
,BE,2019-08-01,74851800.0,power
,HR,2019-08-01,5265400.0,power
,DK,2019-08-01,5965599.999999999,power
,AT,2019-08-01,13694000.0,power
1225.0,NL,2019-08-01,1122.761,power
,CZ,2019-08-01,18771300.0,power
1228.0,RO,2019-08-01,0.0,power
1227.0,PT,2019-08-01,354.0,power
1226.0,PL,2019-08-01,139.0,power
1224.0,MT,2019-08-01,39.686,power
1223.0,LV,2019-08-01,76.0,power
1229.0,SE,2019-08-01,0.0,power
1221.0,LT,2019-08-01,9.0,power
,AT,2019-08-02,13483000.0,power
,CZ,2019-08-02,18388700.0,power
,HR,2019-08-02,5339800.0,power
,DK,2019-08-02,3972400.0,power
,BE,2019-08-02,75778400.0,power
,BG,2019-08-02,3924000.0,power
,CZ,2019-08-03,17520200.0,power
,AT,2019-08-03,0.0,power
,BG,2019-08-03,3938000.0,power
,DK,2019-08-03,5005800.0,power
,BE,2019-08-03,59448700.0,power
,HR,2019-08-03,4689300.0,power
,BE,2019-08-04,49604700.0,power
,BG,2019-08-04,3971000.0,power
,HR,2019-08-04,5061400.0,power
,DK,2019-08-04,5345900.0,power
,AT,2019-08-04,0.0,power
,CZ,2019-08-04,16613200.0,power
,AT,2019-08-05,18974000.0,power
,HR,2019-08-05,7219000.0,power
,BE,2019-08-05,64815800.0,power
,CZ,2019-08-05,17788200.0,power
,BG,2019-08-05,3977000.0,power
,DK,2019-08-05,5273600.0,power
,BG,2019-08-06,4040000.0,power
,DK,2019-08-06,6253900.0,power
,HR,2019-08-06,9173200.0,power
,CZ,2019-08-06,17945800.0,power
,AT,2019-08-06,18983800.0,power
,BE,2019-08-06,69322900.0,power
,BE,2019-08-07,70447200.0,power
,BG,2019-08-07,3890000.0,power
,AT,2019-08-07,14623400.0,power
,DK,2019-08-07,6046200.0,power
,HR,2019-08-07,8090000.0,power
,CZ,2019-08-07,17570100.0,power
,BG,2019-08-08,3949000.0,power
,BE,2019-08-08,58814200.0,power
,AT,2019-08-08,22416700.0,power
,DK,2019-08-08,5217300.0,power
,CZ,2019-08-08,17829800.0,power
,HR,2019-08-08,9576000.0,power
,BE,2019-08-09,56135300.0,power
,AT,2019-08-09,14536400.0,power
,BG,2019-08-09,3884000.0,power
,DK,2019-08-09,4662000.0,power
,HR,2019-08-09,9029900.0,power
,CZ,2019-08-09,16529300.0,power
,AT,2019-08-10,8806699.999999998,power
,BG,2019-08-10,3837000.0,power
,HR,2019-08-10,9397600.0,power
,DK,2019-08-10,4729400.0,power
,CZ,2019-08-10,13351200.0,power
,BE,2019-08-10,28474400.0,power
,AT,2019-08-11,11045600.0,power
,BG,2019-08-11,3935000.0,power
,BE,2019-08-11,34111900.0,power
,DK,2019-08-11,5016100.0,power
,CZ,2019-08-11,5795400.0,power
,HR,2019-08-11,9031500.0,power
,BG,2019-08-12,3909000.0,power
,DK,2019-08-12,5667200.0,power
,CZ,2019-08-12,17756500.0,power
,BE,2019-08-12,60871400.0,power
,HR,2019-08-12,9541000.0,power
,AT,2019-08-12,24629000.0,power
,CZ,2019-08-13,18147000.0,power
,BG,2019-08-13,3899000.0,power
,DK,2019-08-13,3431300.0,power
,AT,2019-08-13,26550600.0,power
,BE,2019-08-13,58123800.0,power
,HR,2019-08-13,9356500.0,power
,BG,2019-08-14,3862000.0,power
,CZ,2019-08-14,17722400.0,power
,AT,2019-08-14,17878200.0,power
,DK,2019-08-14,4753000.0,power
,HR,2019-08-14,8722200.0,power
,BE,2019-08-14,57204600.0,power
,DK,2019-08-15,5167500.0,power
,HR,2019-08-15,2093300.0,power
,BG,2019-08-15,3931000.0,power
,AT,2019-08-15,2658300.0,power
,BE,2019-08-15,30174000.0,power
,CZ,2019-08-15,17079800.0,power
,CZ,2019-08-16,19192400.0,power
,DK,2019-08-16,6673400.0,power
,HR,2019-08-16,2142700.0,power
,AT,2019-08-16,18103700.0,power
,BE,2019-08-16,43311500.0,power
,BG,2019-08-16,3800000.0,power
,BG,2019-08-17,3900000.0,power
,AT,2019-08-17,9454700.0,power
,CZ,2019-08-17,17241500.0,power
,DK,2019-08-17,5375200.0,power
,BE,2019-08-17,30638100.0,power
,HR,2019-08-17,2138000.0,power
,BE,2019-08-18,32125700.0,power
,CZ,2019-08-18,7602000.0,power
,DK,2019-08-18,4355900.0,power
,BG,2019-08-18,3629000.0,power
,AT,2019-08-18,9672000.0,power
,HR,2019-08-18,2154100.0,power
,DK,2019-08-19,6616700.0,power
,BG,2019-08-19,3895000.0,power
,BE,2019-08-19,48513400.0,power
,HR,2019-08-19,6297700.0,power
,AT,2019-08-19,38887400.0,power
,CZ,2019-08-19,20429900.0,power
,CZ,2019-08-20,20589500.0,power
,DK,2019-08-20,5523900.0,power
,AT,2019-08-20,31648200.0,power
,BE,2019-08-20,74843100.0,power
,BG,2019-08-20,3895000.0,power
,HR,2019-08-20,9344200.0,power
,CZ,2019-08-21,19324300.0,power
,AT,2019-08-21,27661300.0,power
,BG,2019-08-21,3908000.0,power
,DK,2019-08-21,5757700.0,power
,BE,2019-08-21,77186000.0,power
,HR,2019-08-21,9380700.0,power
,BE,2019-08-22,65364400.0,power
,CZ,2019-08-22,18115800.0,power
,AT,2019-08-22,36938900.0,power
,DK,2019-08-22,6094600.0,power
,HR,2019-08-22,9326000.0,power
,BG,2019-08-22,3861000.0,power
,AT,2019-08-23,30226600.000000004,power
,BG,2019-08-23,3423000.0,power
,HR,2019-08-23,9360100.0,power
,CZ,2019-08-23,18260800.0,power
,DK,2019-08-23,5966400.0,power
,BE,2019-08-23,63556900.0,power
,CZ,2019-08-24,19208400.0,power
,AT,2019-08-24,30559000.0,power
,HR,2019-08-24,7794900.0,power
,DK,2019-08-24,4094100.0,power
,BE,2019-08-24,49912300.0,power
,BG,2019-08-24,3264000.0,power
,BG,2019-08-25,3276000.0,power
,BE,2019-08-25,45802700.0,power
,AT,2019-08-25,19465900.0,power
,CZ,2019-08-25,18939800.0,power
,DK,2019-08-25,3818600.0,power
,HR,2019-08-25,5684900.0,power
,CZ,2019-08-26,18624500.0,power
,DK,2019-08-26,3959000.0,power
,AT,2019-08-26,48402700.0,power
,BG,2019-08-26,3218000.0,power
,HR,2019-08-26,5301600.0,power
,BE,2019-08-26,75670700.0,power
,BE,2019-08-27,74685000.0,power
,AT,2019-08-27,49109800.0,power
,DK,2019-08-27,5026000.0,power
,HR,2019-08-27,5471500.0,power
,CZ,2019-08-27,17658200.0,power
,BG,2019-08-27,3164000.0,power
,DK,2019-08-28,3900800.0,power
,HR,2019-08-28,6500100.0,power
,CZ,2019-08-28,17890300.0,power
,BE,2019-08-28,71120500.0,power
,BG,2019-08-28,3220000.0,power
,AT,2019-08-28,46787000.0,power
,AT,2019-08-29,40013200.0,power
,HR,2019-08-29,7264800.0,power
,DK,2019-08-29,4166100.000000001,power
,BE,2019-08-29,74544900.0,power
,BG,2019-08-29,3236000.0,power
,CZ,2019-08-29,17860100.0,power
,CZ,2019-08-30,18168200.0,power
,BG,2019-08-30,3299000.0,power
,DK,2019-08-30,5106900.0,power
,AT,2019-08-30,36026500.0,power
,BE,2019-08-30,69034100.0,power
,HR,2019-08-30,6710400.0,power
,CZ,2019-08-31,2489600.0,power
,AT,2019-08-31,22946800.0,power
,DK,2019-08-31,4019800.0,power
,BE,2019-08-31,53083700.0,power
,HR,2019-08-31,5122700.0,power
,BG,2019-08-31,3310000.0,power
,BE,2019-09-01,46936800.0,power
1237.0,DE,2019-09-01,1061.0,power
1235.0,CY,2019-09-01,,power
1259.0,SK,2019-09-01,0.0,power
,HR,2019-09-01,4871600.0,power
1258.0,SI,2019-09-01,10.0,power
1257.0,SE,2019-09-01,0.0,power
1256.0,RO,2019-09-01,0.0,power
1255.0,PT,2019-09-01,341.0,power
1254.0,PL,2019-09-01,135.0,power
1253.0,NL,2019-09-01,1162.144,power
1251.0,LV,2019-09-01,99.0,power
,DK,2019-09-01,3632600.0,power
1252.0,MT,2019-09-01,31.039,power
1249.0,LT,2019-09-01,10.0,power
,CZ,2019-09-01,6403200.0,power
1239.0,EE,2019-09-01,7.0,power
,BG,2019-09-01,3307000.0,power
1240.0,ES,2019-09-01,1020.0,power
1250.0,LU,2019-09-01,0.0,power
1242.0,FI,2019-09-01,30.0,power
1241.0,EU27_2020,2019-09-01,,power
1243.0,FR,2019-09-01,392.0,power
1244.0,GR,2019-09-01,324.0,power
1246.0,HU,2019-09-01,184.0,power
1247.0,IE,2019-09-01,0.0,power
1248.0,IT,2019-09-01,2300.0,power
,AT,2019-09-01,25735900.0,power
,HR,2019-09-02,5256000.0,power
,DK,2019-09-02,5567300.0,power
,BG,2019-09-02,3293000.0,power
,CZ,2019-09-02,18867800.0,power
,BE,2019-09-02,67441300.0,power
,AT,2019-09-02,33688700.0,power
,HR,2019-09-03,5109100.0,power
,BG,2019-09-03,3307000.0,power
,DK,2019-09-03,4777300.0,power
,AT,2019-09-03,22031200.0,power
,CZ,2019-09-03,20876700.0,power
,BE,2019-09-03,73492500.0,power
,BG,2019-09-04,3357000.0,power
,BE,2019-09-04,68922700.0,power
,DK,2019-09-04,5963900.0,power
,HR,2019-09-04,5161700.0,power
,AT,2019-09-04,38362300.0,power
,CZ,2019-09-04,20827700.0,power
,DK,2019-09-05,5178900.000000001,power
,BG,2019-09-05,3860000.0,power
,CZ,2019-09-05,21308900.0,power
,AT,2019-09-05,37634200.0,power
,HR,2019-09-05,6758400.0,power
,BE,2019-09-05,67242500.0,power
,AT,2019-09-06,27938900.0,power
,HR,2019-09-06,9488700.0,power
,BE,2019-09-06,65803000.0,power
,CZ,2019-09-06,21379100.0,power
,DK,2019-09-06,6325200.0,power
,BG,2019-09-06,4058000.0,power
,AT,2019-09-07,34393100.0,power
,CZ,2019-09-07,20574600.0,power
,BG,2019-09-07,4061000.0,power
,BE,2019-09-07,50738800.0,power
,DK,2019-09-07,4607600.0,power
,HR,2019-09-07,9687200.0,power
,BE,2019-09-08,42991700.0,power
,BG,2019-09-08,3966000.0,power
,CZ,2019-09-08,20272000.0,power
,DK,2019-09-08,3097700.0000000005,power
,AT,2019-09-08,20564500.0,power
,HR,2019-09-08,7712300.0,power
,AT,2019-09-09,25743900.0,power
,CZ,2019-09-09,20627700.0,power
,HR,2019-09-09,8884300.0,power
,BG,2019-09-09,3469000.0,power
,BE,2019-09-09,68582700.0,power
,DK,2019-09-09,7276300.0,power
,BE,2019-09-10,67983000.0,power
,AT,2019-09-10,29808300.0,power
,CZ,2019-09-10,20789900.0,power
,DK,2019-09-10,5474100.0,power
,BG,2019-09-10,3459000.0,power
,HR,2019-09-10,8146500.0,power
,BG,2019-09-11,3491000.0,power
,BE,2019-09-11,66678700.0,power
,AT,2019-09-11,23662200.0,power
,DK,2019-09-11,5428800.0,power
,HR,2019-09-11,9112700.0,power
,CZ,2019-09-11,20506300.0,power
,BG,2019-09-12,3487000.0,power
,CZ,2019-09-12,21043700.0,power
,DK,2019-09-12,5639900.0,power
,HR,2019-09-12,9658400.0,power
,AT,2019-09-12,25637400.0,power
,BE,2019-09-12,65597600.00000001,power
,HR,2019-09-13,9351300.0,power
,BG,2019-09-13,3437000.0,power
,BE,2019-09-13,70022500.0,power
,DK,2019-09-13,5557100.0,power
,CZ,2019-09-13,21028600.0,power
,AT,2019-09-13,31191300.0,power
,CZ,2019-09-14,19696400.0,power
,DK,2019-09-14,4854400.0,power
,BG,2019-09-14,3558000.0,power
,BE,2019-09-14,49369000.0,power
,HR,2019-09-14,5800300.0,power
,AT,2019-09-14,18991000.0,power
,DK,2019-09-15,4687900.0,power
,BG,2019-09-15,3581000.0,power
,BE,2019-09-15,41008600.0,power
,CZ,2019-09-15,9408400.0,power
,HR,2019-09-15,5502800.0,power
,AT,2019-09-15,15315400.0,power
,HR,2019-09-16,5598300.0,power
,DK,2019-09-16,7056700.0,power
,AT,2019-09-16,33038300.000000004,power
,CZ,2019-09-16,21255500.0,power
,BE,2019-09-16,73822900.0,power
,BG,2019-09-16,3612000.0,power
,HR,2019-09-17,4421200.0,power
,BE,2019-09-17,69121900.0,power
,BG,2019-09-17,3747000.0,power
,CZ,2019-09-17,21087500.0,power
,AT,2019-09-17,39074200.0,power
,DK,2019-09-17,6112500.0,power
,DK,2019-09-18,6495400.0,power
,BG,2019-09-18,3738000.0,power
,AT,2019-09-18,27373300.0,power
,BE,2019-09-18,69839200.0,power
,HR,2019-09-18,7673600.0,power
,CZ,2019-09-18,21913500.0,power
,AT,2019-09-19,40534600.0,power
,CZ,2019-09-19,22335300.0,power
,HR,2019-09-19,9618600.0,power
,BG,2019-09-19,3625000.0,power
,BE,2019-09-19,83509400.0,power
,DK,2019-09-19,5498400.0,power
,BE,2019-09-20,81619300.0,power
,DK,2019-09-20,6311000.0,power
,CZ,2019-09-20,22327400.0,power
,BG,2019-09-20,3644000.0,power
,AT,2019-09-20,44932700.0,power
,HR,2019-09-20,9135700.0,power
,BG,2019-09-21,3764000.0,power
,BE,2019-09-21,50932800.0,power
,AT,2019-09-21,30351200.0,power
,HR,2019-09-21,9788900.0,power
,DK,2019-09-21,3732400.0,power
,CZ,2019-09-21,20577900.0,power
,BE,2019-09-22,46475200.0,power
,HR,2019-09-22,5656800.0,power
,DK,2019-09-22,4457900.0,power
,AT,2019-09-22,14443100.0,power
,BG,2019-09-22,3860000.0,power
,CZ,2019-09-22,9712000.0,power
,AT,2019-09-23,38398500.0,power
,CZ,2019-09-23,21852800.0,power
,HR,2019-09-23,4522400.0,power
,BE,2019-09-23,84040400.0,power
,BG,2019-09-23,3949000.0,power
,DK,2019-09-23,6921700.0,power
,HR,2019-09-24,4520200.0,power
,AT,2019-09-24,49921100.0,power
,CZ,2019-09-24,21818900.0,power
,BE,2019-09-24,85041100.0,power
,BG,2019-09-24,4216000.0,power
,DK,2019-09-24,5363500.0,power
,BE,2019-09-25,77788400.0,power
,BG,2019-09-25,4546000.0,power
,CZ,2019-09-25,21673800.0,power
,DK,2019-09-25,6100600.0,power
,AT,2019-09-25,42817100.0,power
,HR,2019-09-25,4473900.0,power
,AT,2019-09-26,40279700.0,power
,HR,2019-09-26,4431900.0,power
,CZ,2019-09-26,21703200.0,power
,DK,2019-09-26,4254600.0,power
,BG,2019-09-26,4478000.0,power
,BE,2019-09-26,72096100.0,power
,CZ,2019-09-27,21422400.0,power
,BE,2019-09-27,77597300.0,power
,BG,2019-09-27,4411000.0,power
,DK,2019-09-27,6170000.0,power
,HR,2019-09-27,4450700.0,power
,AT,2019-09-27,31817700.0,power
,AT,2019-09-28,23717200.0,power
,HR,2019-09-28,4422000.0,power
,BG,2019-09-28,4348000.0,power
,BE,2019-09-28,33757300.0,power
,CZ,2019-09-28,17392800.0,power
,DK,2019-09-28,3290800.0,power
,BE,2019-09-29,36871000.0,power
,AT,2019-09-29,29294400.0,power
,HR,2019-09-29,5327100.0,power
,CZ,2019-09-29,2682000.0,power
,BG,2019-09-29,4252000.0,power
,DK,2019-09-29,3363600.0,power
,AT,2019-09-30,30861400.0,power
,BG,2019-09-30,4271000.0,power
,BE,2019-09-30,63837200.0,power
,CZ,2019-09-30,20087300.0,power
,HR,2019-09-30,9770300.0,power
,DK,2019-09-30,4219100.0,power
,HR,2019-10-01,10199200.0,power
,DK,2019-10-01,6656200.0,power
1281.0,NL,2019-10-01,1203.305,power
1269.0,EU27_2020,2019-10-01,,power
1277.0,LT,2019-10-01,18.0,power
1279.0,LV,2019-10-01,62.0,power
1280.0,MT,2019-10-01,31.004,power
1282.0,PL,2019-10-01,170.0,power
1283.0,PT,2019-10-01,355.0,power
,CZ,2019-10-01,22642300.0,power
1285.0,SE,2019-10-01,0.0,power
1286.0,SI,2019-10-01,14.0,power
1287.0,SK,2019-10-01,0.0,power
1284.0,RO,2019-10-01,0.0,power
1275.0,IE,2019-10-01,0.0,power
1276.0,IT,2019-10-01,2329.0,power
1267.0,EE,2019-10-01,14.0,power
,BG,2019-10-01,4155000.0,power
1263.0,CY,2019-10-01,,power
1265.0,DE,2019-10-01,1383.0,power
,BE,2019-10-01,73672100.0,power
,AT,2019-10-01,36725900.0,power
1278.0,LU,2019-10-01,0.0,power
1270.0,FI,2019-10-01,43.0,power
1271.0,FR,2019-10-01,457.0,power
1272.0,GR,2019-10-01,307.0,power
1274.0,HU,2019-10-01,255.0,power
1268.0,ES,2019-10-01,1053.0,power
,HR,2019-10-02,10110100.0,power
,BE,2019-10-02,72994500.0,power
,DK,2019-10-02,5865100.0,power
,CZ,2019-10-02,22297400.0,power
,AT,2019-10-02,45604900.0,power
,BG,2019-10-02,4191000.0,power
,CZ,2019-10-03,21135100.0,power
,AT,2019-10-03,41866000.0,power
,BG,2019-10-03,4215000.0,power
,HR,2019-10-03,10131100.0,power
,DK,2019-10-03,6821500.0,power
,BE,2019-10-03,78543500.0,power
,BE,2019-10-04,77642700.0,power
,AT,2019-10-04,41862400.0,power
,HR,2019-10-04,10744600.0,power
,BG,2019-10-04,4381000.0,power
,CZ,2019-10-04,21519600.0,power
,DK,2019-10-04,8110000.0,power
,BE,2019-10-05,64052500.0,power
,CZ,2019-10-05,17902400.0,power
,BG,2019-10-05,4644000.0,power
,AT,2019-10-05,27387700.0,power
,DK,2019-10-05,6670000.0,power
,HR,2019-10-05,10229900.0,power
,BG,2019-10-06,4578000.0,power
,BE,2019-10-06,53299400.0,power
,CZ,2019-10-06,11268000.0,power
,DK,2019-10-06,6092700.0,power
,AT,2019-10-06,22519400.0,power
,HR,2019-10-06,10190200.0,power
,DK,2019-10-07,10200300.0,power
,AT,2019-10-07,36166400.0,power
,BE,2019-10-07,83332600.0,power
,BG,2019-10-07,4538000.0,power
,CZ,2019-10-07,22892400.0,power
,HR,2019-10-07,10899800.0,power
,BE,2019-10-08,79804900.0,power
,CZ,2019-10-08,20875600.0,power
,AT,2019-10-08,30762800.0,power
,DK,2019-10-08,6898300.0,power
,HR,2019-10-08,10762700.0,power
,BG,2019-10-08,4477000.0,power
,CZ,2019-10-09,20838600.0,power
,BG,2019-10-09,4518000.0,power
,HR,2019-10-09,11170600.0,power
,BE,2019-10-09,78884800.0,power
,AT,2019-10-09,42529100.0,power
,DK,2019-10-09,6634900.0,power
,CZ,2019-10-10,19254100.0,power
,HR,2019-10-10,11499900.0,power
,BE,2019-10-10,74688500.0,power
,BG,2019-10-10,4311000.0,power
,DK,2019-10-10,5502500.0,power
,AT,2019-10-10,34985800.0,power
,BG,2019-10-11,4301000.0,power
,CZ,2019-10-11,17879600.0,power
,HR,2019-10-11,11209900.0,power
,AT,2019-10-11,20261200.0,power
,DK,2019-10-11,5772100.0,power
,BE,2019-10-11,69469000.0,power
,BE,2019-10-12,71844600.0,power
,CZ,2019-10-12,10523700.0,power
,DK,2019-10-12,4238000.0,power
,AT,2019-10-12,23616200.0,power
,BG,2019-10-12,4107000.0,power
,HR,2019-10-12,11421300.0,power
,BG,2019-10-13,4105000.0,power
,AT,2019-10-13,23832900.0,power
,CZ,2019-10-13,3893600.0,power
,HR,2019-10-13,11277400.0,power
,DK,2019-10-13,6621600.0,power
,BE,2019-10-13,50618900.0,power
,CZ,2019-10-14,21211400.0,power
,BG,2019-10-14,4627000.0,power
,HR,2019-10-14,11438900.0,power
,DK,2019-10-14,8516300.0,power
,AT,2019-10-14,35806400.0,power
,BE,2019-10-14,88204100.0,power
,CZ,2019-10-15,23641000.0,power
,BE,2019-10-15,94670900.0,power
,AT,2019-10-15,39563300.0,power
,DK,2019-10-15,7090700.0,power
,HR,2019-10-15,11488100.0,power
,BG,2019-10-15,4595000.0,power
,BE,2019-10-16,92562600.0,power
,BG,2019-10-16,4672000.0,power
,CZ,2019-10-16,23353000.0,power
,AT,2019-10-16,45588800.0,power
,HR,2019-10-16,11437500.0,power
,DK,2019-10-16,8040100.0,power
,HR,2019-10-17,11309100.0,power
,BE,2019-10-17,91039100.0,power
,DK,2019-10-17,7315900.0,power
,AT,2019-10-17,40778400.0,power
,BG,2019-10-17,4427000.0,power
,CZ,2019-10-17,23654300.0,power
,HR,2019-10-18,11323300.0,power
,BG,2019-10-18,4305000.0,power
,DK,2019-10-18,6929500.0,power
,BE,2019-10-18,78318700.0,power
,AT,2019-10-18,49065700.0,power
,CZ,2019-10-18,22334000.0,power
,BE,2019-10-19,77962500.0,power
,HR,2019-10-19,10967700.0,power
,AT,2019-10-19,36846800.0,power
,BG,2019-10-19,4312000.0,power
,CZ,2019-10-19,18872400.0,power
,DK,2019-10-19,6160000.0,power
,BG,2019-10-20,4304000.0,power
,AT,2019-10-20,38801100.0,power
,CZ,2019-10-20,21906400.0,power
,BE,2019-10-20,77184400.0,power
,HR,2019-10-20,10214200.0,power
,DK,2019-10-20,6060000.0,power
,AT,2019-10-21,45172400.0,power
,DK,2019-10-21,8648600.0,power
,HR,2019-10-21,11171500.0,power
,CZ,2019-10-21,24127500.0,power
,BE,2019-10-21,92026000.0,power
,BG,2019-10-21,4065000.0,power
,AT,2019-10-22,50216300.0,power
,HR,2019-10-22,10510400.0,power
,BG,2019-10-22,4044000.0,power
,CZ,2019-10-22,23411400.0,power
,DK,2019-10-22,7177700.0,power
,BE,2019-10-22,102651800.0,power
,DK,2019-10-23,7619599.999999999,power
,CZ,2019-10-23,24287900.0,power
,HR,2019-10-23,10586700.0,power
,BE,2019-10-23,100804000.0,power
,AT,2019-10-23,46398000.0,power
,BG,2019-10-23,4141000.0,power
,BG,2019-10-24,4279000.0,power
,DK,2019-10-24,6723800.0,power
,HR,2019-10-24,10536500.0,power
,BE,2019-10-24,89842900.0,power
,AT,2019-10-24,43077800.0,power
,CZ,2019-10-24,22760400.0,power
,BE,2019-10-25,78400800.0,power
,AT,2019-10-25,53682100.0,power
,DK,2019-10-25,6646300.0,power
,CZ,2019-10-25,18550600.0,power
,HR,2019-10-25,10061600.0,power
,BG,2019-10-25,4308000.0,power
,HR,2019-10-26,9512200.0,power
,CZ,2019-10-26,8340400.0,power
,AT,2019-10-26,29616300.0,power
,DK,2019-10-26,4610900.0,power
,BE,2019-10-26,41735700.0,power
,BG,2019-10-26,4350000.0,power
,AT,2019-10-27,43296700.0,power
,DK,2019-10-27,5040500.0,power
,BG,2019-10-27,4361000.0,power
,BE,2019-10-27,72184000.0,power
,CZ,2019-10-27,11081400.0,power
,HR,2019-10-27,9983100.0,power
,HR,2019-10-28,9809600.0,power
,BE,2019-10-28,99543000.0,power
,CZ,2019-10-28,20045900.0,power
,DK,2019-10-28,8393300.0,power
,BG,2019-10-28,4483000.0,power
,AT,2019-10-28,46852299.99999999,power
,BG,2019-10-29,4532000.0,power
,HR,2019-10-29,10560800.0,power
,CZ,2019-10-29,24095700.0,power
,BE,2019-10-29,106309100.0,power
,DK,2019-10-29,9234900.0,power
,AT,2019-10-29,57528900.0,power
,BE,2019-10-30,105192700.0,power
,AT,2019-10-30,54288600.0,power
,HR,2019-10-30,10253500.0,power
,CZ,2019-10-30,24239100.0,power
,DK,2019-10-30,10124000.0,power
,BG,2019-10-30,4357000.0,power
,CZ,2019-10-31,24301200.0,power
,BG,2019-10-31,4491000.0,power
,AT,2019-10-31,50210600.0,power
,BE,2019-10-31,108739000.0,power
,DK,2019-10-31,9061800.0,power
,HR,2019-10-31,9975200.0,power
1312.0,RO,2019-11-01,0.0,power
1314.0,SI,2019-11-01,15.0,power
1315.0,SK,2019-11-01,0.0,power
,HR,2019-11-01,9956200.0,power
,BE,2019-11-01,73676700.0,power
,BG,2019-11-01,4496000.0,power
,AT,2019-11-01,34190400.0,power
1293.0,DE,2019-11-01,1495.0,power
1311.0,PT,2019-11-01,298.0,power
,CZ,2019-11-01,20173700.0,power
1310.0,PL,2019-11-01,183.0,power
1291.0,CY,2019-11-01,,power
,DK,2019-11-01,10275000.0,power
1313.0,SE,2019-11-01,0.0,power
1296.0,ES,2019-11-01,763.0,power
1303.0,IE,2019-11-01,0.0,power
1295.0,EE,2019-11-01,20.0,power
1297.0,EU27_2020,2019-11-01,,power
1298.0,FI,2019-11-01,48.0,power
1299.0,FR,2019-11-01,539.0,power
1308.0,MT,2019-11-01,25.388,power
1302.0,HU,2019-11-01,251.0,power
1300.0,GR,2019-11-01,237.0,power
1304.0,IT,2019-11-01,1939.0,power
1305.0,LT,2019-11-01,22.0,power
1306.0,LU,2019-11-01,0.0,power
1307.0,LV,2019-11-01,61.0,power
1309.0,NL,2019-11-01,1167.376,power
,HR,2019-11-02,9914600.0,power
,CZ,2019-11-02,13188400.0,power
,DK,2019-11-02,9526500.0,power
,BE,2019-11-02,44307100.0,power
,AT,2019-11-02,33500300.000000004,power
,BG,2019-11-02,5161000.0,power
,HR,2019-11-03,8953200.0,power
,BE,2019-11-03,52017500.0,power
,CZ,2019-11-03,14949600.0,power
,BG,2019-11-03,5160000.0,power
,AT,2019-11-03,28670000.0,power
,DK,2019-11-03,8643700.0,power
,DK,2019-11-04,7317000.0,power
,CZ,2019-11-04,17964900.0,power
,HR,2019-11-04,8238100.0,power
,AT,2019-11-04,49559700.0,power
,BE,2019-11-04,88716500.0,power
,BG,2019-11-04,5179000.0,power
,BG,2019-11-05,5386000.0,power
,DK,2019-11-05,10663900.0,power
,BE,2019-11-05,101710400.0,power
,AT,2019-11-05,47829299.99999999,power
,CZ,2019-11-05,20404900.0,power
,HR,2019-11-05,8794800.0,power
,DK,2019-11-06,13163000.0,power
,BG,2019-11-06,5592000.0,power
,CZ,2019-11-06,23096200.0,power
,AT,2019-11-06,49446900.0,power
,BE,2019-11-06,111997000.0,power
,HR,2019-11-06,8010900.0,power
,HR,2019-11-07,8048700.0,power
,AT,2019-11-07,50785300.0,power
,BG,2019-11-07,5583000.0,power
,CZ,2019-11-07,21531100.0,power
,BE,2019-11-07,101986700.0,power
,DK,2019-11-07,12634900.0,power
,BG,2019-11-08,5684000.0,power
,CZ,2019-11-08,20280500.0,power
,AT,2019-11-08,52303700.0,power
,BE,2019-11-08,102501200.0,power
,HR,2019-11-08,8635800.0,power
,DK,2019-11-08,11155400.0,power
,HR,2019-11-09,7833700.0,power
,BG,2019-11-09,5773000.0,power
,AT,2019-11-09,33908200.0,power
,BE,2019-11-09,87344400.0,power
,CZ,2019-11-09,21010800.0,power
,DK,2019-11-09,9897700.0,power
,BE,2019-11-10,69256400.0,power
,CZ,2019-11-10,16838600.0,power
,BG,2019-11-10,5800000.0,power
,DK,2019-11-10,8236600.0,power
,HR,2019-11-10,7934600.0,power
,AT,2019-11-10,32578500.0,power
,DK,2019-11-11,8904500.0,power
,AT,2019-11-11,38546500.0,power
,CZ,2019-11-11,20980000.0,power
,BG,2019-11-11,5898000.0,power
,BE,2019-11-11,77636400.0,power
,HR,2019-11-11,7708100.0,power
,AT,2019-11-12,43294800.0,power
,BG,2019-11-12,6071000.0,power
,DK,2019-11-12,8185200.0,power
,HR,2019-11-12,8030600.0,power
,BE,2019-11-12,84401900.0,power
,CZ,2019-11-12,17352600.0,power
,HR,2019-11-13,7720600.0,power
,BG,2019-11-13,6439000.0,power
,DK,2019-11-13,10134600.0,power
,AT,2019-11-13,58587300.0,power
,BE,2019-11-13,101101400.0,power
,CZ,2019-11-13,18737300.0,power
,HR,2019-11-14,9342600.0,power
,CZ,2019-11-14,17131000.0,power
,DK,2019-11-14,10966700.0,power
,AT,2019-11-14,59804300.0,power
,BG,2019-11-14,6479000.0,power
,BE,2019-11-14,104700900.0,power
,HR,2019-11-15,8823100.0,power
,DK,2019-11-15,8332600.0,power
,AT,2019-11-15,44259000.0,power
,BG,2019-11-15,6491000.0,power
,CZ,2019-11-15,17566900.0,power
,BE,2019-11-15,108765000.0,power
,HR,2019-11-16,9383500.0,power
,AT,2019-11-16,32704400.0,power
,DK,2019-11-16,9361200.0,power
,BG,2019-11-16,6615000.0,power
,CZ,2019-11-16,15133900.0,power
,BE,2019-11-16,99150000.0,power
,HR,2019-11-17,9816000.0,power
,CZ,2019-11-17,5725300.0,power
,DK,2019-11-17,7266300.0,power
,BG,2019-11-17,6476000.0,power
,AT,2019-11-17,29511600.000000004,power
,BE,2019-11-17,75495700.0,power
,AT,2019-11-18,45984000.0,power
,DK,2019-11-18,9595400.0,power
,BE,2019-11-18,91011000.0,power
,HR,2019-11-18,8958600.0,power
,CZ,2019-11-18,17601300.0,power
,BG,2019-11-18,6454000.0,power
,BE,2019-11-19,99135600.0,power
,HR,2019-11-19,8964500.0,power
,BG,2019-11-19,6422000.0,power
,DK,2019-11-19,8932700.0,power
,CZ,2019-11-19,20260000.0,power
,AT,2019-11-19,53644100.0,power
,BE,2019-11-20,106444200.0,power
,HR,2019-11-20,9258400.0,power
,CZ,2019-11-20,23651100.0,power
,AT,2019-11-20,54642300.0,power
,BG,2019-11-20,6485000.0,power
,DK,2019-11-20,11209300.0,power
,BE,2019-11-21,102400100.0,power
,HR,2019-11-21,9246600.0,power
,DK,2019-11-21,9344100.0,power
,AT,2019-11-21,54186700.0,power
,BG,2019-11-21,6479000.0,power
,CZ,2019-11-21,21782600.0,power
,CZ,2019-11-22,17209200.0,power
,DK,2019-11-22,9101700.0,power
,HR,2019-11-22,8974600.0,power
,BG,2019-11-22,6772000.0,power
,AT,2019-11-22,41149600.0,power
,BE,2019-11-22,78482000.0,power
,AT,2019-11-23,27680200.0,power
,HR,2019-11-23,5876500.0,power
,DK,2019-11-23,5820900.0,power
,CZ,2019-11-23,5709900.0,power
,BE,2019-11-23,68235800.0,power
,BG,2019-11-23,6933000.0,power
,AT,2019-11-24,29204800.0,power
,DK,2019-11-24,8214900.0,power
,BG,2019-11-24,6914000.0,power
,BE,2019-11-24,63363800.0,power
,CZ,2019-11-24,12559200.0,power
,HR,2019-11-24,5901700.0,power
,AT,2019-11-25,49895600.0,power
,HR,2019-11-25,6029400.0,power
,DK,2019-11-25,10678200.0,power
,BE,2019-11-25,83683000.0,power
,CZ,2019-11-25,18893200.0,power
,BG,2019-11-25,7050000.0,power
,CZ,2019-11-26,17503600.0,power
,AT,2019-11-26,51220400.0,power
,DK,2019-11-26,11293400.0,power
,HR,2019-11-26,6628500.0,power
,BE,2019-11-26,79734200.0,power
,BG,2019-11-26,7382000.0,power
,BE,2019-11-27,57486700.0,power
,HR,2019-11-27,6892500.0,power
,DK,2019-11-27,9013100.0,power
,BG,2019-11-27,7631000.0,power
,AT,2019-11-27,32280900.0,power
,CZ,2019-11-27,17533400.0,power
,AT,2019-11-28,28227000.0,power
,DK,2019-11-28,8383100.0,power
,HR,2019-11-28,6803000.0,power
,CZ,2019-11-28,16774099.999999998,power
,BG,2019-11-28,7928000.0,power
,BE,2019-11-28,60130500.0,power
,AT,2019-11-29,39337600.0,power
,BE,2019-11-29,83733700.0,power
,HR,2019-11-29,6341600.0,power
,BG,2019-11-29,7836000.0,power
,CZ,2019-11-29,16795800.0,power
,DK,2019-11-29,8416500.0,power
,DK,2019-11-30,10359500.0,power
,CZ,2019-11-30,17270900.0,power
,HR,2019-11-30,6318500.0,power
,BE,2019-11-30,60882300.0,power
,AT,2019-11-30,42121200.0,power
,BG,2019-11-30,8100000.0,power
1337.0,NL,2019-12-01,1006.936,power
,AT,2019-12-01,44082500.0,power
1338.0,PL,2019-12-01,207.0,power
1343.0,SK,2019-12-01,0.0,power
1342.0,SI,2019-12-01,15.0,power
1341.0,SE,2019-12-01,0.0,power
1327.0,FR,2019-12-01,339.0,power
1340.0,RO,2019-12-01,0.0,power
1339.0,PT,2019-12-01,255.0,power
,HR,2019-12-01,6300200.0,power
1333.0,LT,2019-12-01,28.0,power
1328.0,GR,2019-12-01,219.0,power
1330.0,HU,2019-12-01,284.0,power
1336.0,MT,2019-12-01,29.186,power
1331.0,IE,2019-12-01,0.0,power
1332.0,IT,2019-12-01,1891.0,power
1334.0,LU,2019-12-01,0.0,power
1326.0,FI,2019-12-01,51.0,power
1319.0,CY,2019-12-01,,power
,BG,2019-12-01,8141000.0,power
,CZ,2019-12-01,16031300.0,power
1325.0,EU27_2020,2019-12-01,,power
1324.0,ES,2019-12-01,557.0,power
1323.0,EE,2019-12-01,28.0,power
1321.0,DE,2019-12-01,1356.0,power
,DK,2019-12-01,11004500.0,power
,BE,2019-12-01,66173899.99999999,power
1335.0,LV,2019-12-01,55.0,power
,AT,2019-12-02,45459100.0,power
,DK,2019-12-02,11963400.0,power
,HR,2019-12-02,6300400.0,power
,BG,2019-12-02,8130000.0,power
,CZ,2019-12-02,19610700.0,power
,BE,2019-12-02,97158600.0,power
,AT,2019-12-03,60484700.0,power
,BG,2019-12-03,8267000.0,power
,BE,2019-12-03,95166700.0,power
,DK,2019-12-03,10090600.0,power
,HR,2019-12-03,6341700.0,power
,CZ,2019-12-03,19104400.0,power
,CZ,2019-12-04,20337000.0,power
,HR,2019-12-04,6701200.0,power
,DK,2019-12-04,11201800.0,power
,AT,2019-12-04,58609900.0,power
,BG,2019-12-04,8659000.0,power
,BE,2019-12-04,100167700.0,power
,DK,2019-12-05,7184900.0,power
,AT,2019-12-05,54743100.0,power
,BE,2019-12-05,96958800.0,power
,HR,2019-12-05,6877000.0,power
,BG,2019-12-05,8712000.0,power
,CZ,2019-12-05,18875500.0,power
,BE,2019-12-06,71979800.0,power
,DK,2019-12-06,7608800.0,power
,BG,2019-12-06,8957000.0,power
,HR,2019-12-06,6903700.0,power
,AT,2019-12-06,52429900.0,power
,CZ,2019-12-06,11534000.0,power
,CZ,2019-12-07,6458600.0,power
,DK,2019-12-07,5543000.0,power
,BG,2019-12-07,9132000.0,power
,AT,2019-12-07,36505800.0,power
,BE,2019-12-07,53588900.0,power
,HR,2019-12-07,6951700.0,power
,CZ,2019-12-08,6190100.0,power
,DK,2019-12-08,2758800.0,power
,HR,2019-12-08,6900900.0,power
,AT,2019-12-08,30680200.0,power
,BG,2019-12-08,9025000.0,power
,BE,2019-12-08,43361900.0,power
,BG,2019-12-09,8962000.0,power
,BE,2019-12-09,64372900.0,power
,DK,2019-12-09,7872900.0,power
,CZ,2019-12-09,14981400.0,power
,HR,2019-12-09,6855900.0,power
,AT,2019-12-09,54795300.0,power
,BE,2019-12-10,79980000.0,power
,AT,2019-12-10,45132200.0,power
,DK,2019-12-10,10175300.0,power
,HR,2019-12-10,6930400.0,power
,BG,2019-12-10,8986000.0,power
,CZ,2019-12-10,17539000.0,power
,AT,2019-12-11,46841900.0,power
,DK,2019-12-11,11290900.0,power
,BG,2019-12-11,9088000.0,power
,BE,2019-12-11,87200100.0,power
,CZ,2019-12-11,20403000.0,power
,HR,2019-12-11,6962000.0,power
,BE,2019-12-12,79610500.0,power
,AT,2019-12-12,50955700.0,power
,BG,2019-12-12,9291000.0,power
,HR,2019-12-12,6858900.0,power
,DK,2019-12-12,11448500.0,power
,CZ,2019-12-12,21202700.0,power
,BG,2019-12-13,9033000.0,power
,HR,2019-12-13,6870600.0,power
,DK,2019-12-13,9736500.0,power
,AT,2019-12-13,49295100.0,power
,CZ,2019-12-13,18435200.0,power
,BE,2019-12-13,67538400.0,power
,DK,2019-12-14,8074900.0,power
,CZ,2019-12-14,13077600.0,power
,BG,2019-12-14,8868000.0,power
,HR,2019-12-14,6916400.0,power
,AT,2019-12-14,39415500.0,power
,BE,2019-12-14,31491200.0,power
,AT,2019-12-15,31879500.0,power
,BE,2019-12-15,37078200.0,power
,BG,2019-12-15,8376000.0,power
,DK,2019-12-15,5636600.0,power
,HR,2019-12-15,6918900.0,power
,CZ,2019-12-15,6640100.0,power
,DK,2019-12-16,8540300.0,power
,HR,2019-12-16,6941600.0,power
,BE,2019-12-16,79030500.0,power
,BG,2019-12-16,8399000.0,power
,CZ,2019-12-16,18808500.0,power
,AT,2019-12-16,47408000.0,power
,AT,2019-12-17,40192700.0,power
,DK,2019-12-17,10110200.0,power
,BG,2019-12-17,8459000.0,power
,HR,2019-12-17,7143200.0,power
,CZ,2019-12-17,19051700.0,power
,BE,2019-12-17,76226900.0,power
,AT,2019-12-18,41143700.0,power
,DK,2019-12-18,9351600.0,power
,HR,2019-12-18,7172700.0,power
,CZ,2019-12-18,17733500.0,power
,BE,2019-12-18,74615100.0,power
,BG,2019-12-18,8399000.0,power
,BE,2019-12-19,38154700.0,power
,AT,2019-12-19,35924000.0,power
,DK,2019-12-19,9409400.0,power
,HR,2019-12-19,7278900.0,power
,CZ,2019-12-19,15262600.0,power
,BG,2019-12-19,8460000.0,power
,AT,2019-12-20,29645900.0,power
,HR,2019-12-20,6551900.0,power
,DK,2019-12-20,9258000.0,power
,BE,2019-12-20,36629600.0,power
,BG,2019-12-20,8555000.0,power
,CZ,2019-12-20,7600900.0,power
,CZ,2019-12-21,6627900.0,power
,HR,2019-12-21,4537000.0,power
,AT,2019-12-21,29699200.0,power
,BE,2019-12-21,34868700.0,power
,BG,2019-12-21,8442000.0,power
,DK,2019-12-21,8645600.0,power
,AT,2019-12-22,27821300.0,power
,DK,2019-12-22,8799100.0,power
,BE,2019-12-22,27425900.0,power
,HR,2019-12-22,4861200.0,power
,BG,2019-12-22,8211000.0,power
,CZ,2019-12-22,6603800.0,power
,HR,2019-12-23,4786700.0,power
,BG,2019-12-23,8009000.0,power
,AT,2019-12-23,27854100.0,power
,DK,2019-12-23,8755000.0,power
,CZ,2019-12-23,6840800.0,power
,BE,2019-12-23,29254800.0,power
,AT,2019-12-24,27641700.0,power
,CZ,2019-12-24,6597000.0,power
,BG,2019-12-24,8043000.0,power
,DK,2019-12-24,8441800.0,power
,HR,2019-12-24,4743600.0,power
,BE,2019-12-24,28292900.0,power
,BG,2019-12-25,8394000.0,power
,DK,2019-12-25,8745600.0,power
,BE,2019-12-25,32267300.0,power
,HR,2019-12-25,4921700.0,power
,AT,2019-12-25,18678800.0,power
,CZ,2019-12-25,6534200.0,power
,BG,2019-12-26,8550000.0,power
,CZ,2019-12-26,16177900.0,power
,AT,2019-12-26,34744900.0,power
,DK,2019-12-26,8630300.0,power
,HR,2019-12-26,5014300.0,power
,BE,2019-12-26,37042400.0,power
,BG,2019-12-27,8701000.0,power
,CZ,2019-12-27,7006599.999999999,power
,AT,2019-12-27,43178700.0,power
,BE,2019-12-27,44719800.0,power
,HR,2019-12-27,4981000.0,power
,DK,2019-12-27,10560700.0,power
,HR,2019-12-28,4968900.0,power
,BG,2019-12-28,9009000.0,power
,CZ,2019-12-28,6906500.0,power
,BE,2019-12-28,40464600.0,power
,AT,2019-12-28,41973200.0,power
,DK,2019-12-28,10063000.0,power
,BE,2019-12-29,38704700.0,power
,BG,2019-12-29,9093000.0,power
,DK,2019-12-29,7837500.0,power
,CZ,2019-12-29,6884100.0,power
,HR,2019-12-29,4997900.0,power
,AT,2019-12-29,37453900.0,power
,AT,2019-12-30,43140400.0,power
,BG,2019-12-30,9575000.0,power
,DK,2019-12-30,6439100.0,power
,HR,2019-12-30,5012400.0,power
,BE,2019-12-30,38813700.0,power
,CZ,2019-12-30,7129400.0,power
,AT,2019-12-31,40331800.0,power
,BG,2019-12-31,9793000.0,power
,DK,2019-12-31,6832000.0,power
,BE,2019-12-31,48011600.0,power
,CZ,2019-12-31,15200500.0,power
,HR,2019-12-31,4946300.0,power
1368.0,RO,2020-01-01,263.0,power
,HR,2020-01-01,4959000.0,power
1358.0,HU,2020-01-01,341.0,power
1353.0,EU27_2020,2020-01-01,9895.615,power
1352.0,ES,2020-01-01,667.0,power
,CZ,2020-01-01,9535200.0,power
,AT,2020-01-01,39856500.0,power
1371.0,SK,2020-01-01,96.899,power
1347.0,CY,2020-01-01,0.0,power
,DK,2020-01-01,7026500.0,power
1370.0,SI,2020-01-01,17.416,power
1369.0,SE,2020-01-01,2.52,power
1367.0,PT,2020-01-01,355.419,power
,BE,2020-01-01,45131800.0,power
1365.0,NL,2020-01-01,1293.072,power
1364.0,MT,2020-01-01,37.525,power
,BG,2020-01-01,9769000.0,power
1354.0,FI,2020-01-01,54.0,power
1355.0,FR,2020-01-01,516.31,power
1356.0,GR,2020-01-01,341.408,power
1351.0,EE,2020-01-01,27.8,power
1360.0,IT,2020-01-01,2536.0,power
1361.0,LT,2020-01-01,29.3,power
1362.0,LU,2020-01-01,7.007,power
1363.0,LV,2020-01-01,49.326,power
1349.0,DE,2020-01-01,1596.0,power
1359.0,IE,2020-01-01,267.602,power
1366.0,PL,2020-01-01,199.686,power
,CZ,2020-01-02,18919300.0,power
,HR,2020-01-02,4460800.0,power
,BE,2020-01-02,58151100.0,power
,AT,2020-01-02,45229400.0,power
,DK,2020-01-02,7945900.0,power
,BG,2020-01-02,9931000.0,power
,BG,2020-01-03,9822000.0,power
,DK,2020-01-03,6613300.0,power
,HR,2020-01-03,4963300.0,power
,CZ,2020-01-03,13098700.0,power
,BE,2020-01-03,67270600.0,power
,AT,2020-01-03,56847700.00000001,power
,DK,2020-01-04,5442200.0,power
,BE,2020-01-04,65690600.00000001,power
,AT,2020-01-04,35778700.0,power
,CZ,2020-01-04,7010100.0,power
,HR,2020-01-04,5577400.0,power
,BG,2020-01-04,9715000.0,power
,HR,2020-01-05,6922300.0,power
,AT,2020-01-05,44214800.0,power
,BE,2020-01-05,63638700.0,power
,BG,2020-01-05,9774000.0,power
,CZ,2020-01-05,16798400.0,power
,DK,2020-01-05,8580400.0,power
,AT,2020-01-06,63434200.0,power
,BE,2020-01-06,79607400.0,power
,DK,2020-01-06,8502900.0,power
,CZ,2020-01-06,19020400.0,power
,BG,2020-01-06,9742000.0,power
,HR,2020-01-06,8954000.0,power
,HR,2020-01-07,10982200.0,power
,BE,2020-01-07,85596400.0,power
,DK,2020-01-07,9411600.0,power
,BG,2020-01-07,9635000.0,power
,CZ,2020-01-07,18394500.0,power
,AT,2020-01-07,62194100.0,power
,BG,2020-01-08,9769000.0,power
,HR,2020-01-08,11323500.0,power
,CZ,2020-01-08,21498900.0,power
,DK,2020-01-08,7658800.0,power
,BE,2020-01-08,88054100.0,power
,AT,2020-01-08,54177299.99999999,power
,CZ,2020-01-09,24770700.0,power
,BG,2020-01-09,9874000.0,power
,HR,2020-01-09,10988000.0,power
,AT,2020-01-09,70030900.0,power
,BE,2020-01-09,83697900.0,power
,DK,2020-01-09,9465400.0,power
,DK,2020-01-10,9061800.0,power
,HR,2020-01-10,10382400.0,power
,CZ,2020-01-10,24733000.0,power
,BE,2020-01-10,82508300.0,power
,AT,2020-01-10,64978400.0,power
,BG,2020-01-10,9817000.0,power
,DK,2020-01-11,6482900.0,power
,BE,2020-01-11,59696100.0,power
,CZ,2020-01-11,17431000.0,power
,AT,2020-01-11,45926100.0,power
,BG,2020-01-11,9622000.0,power
,HR,2020-01-11,6947600.0,power
,BG,2020-01-12,9619000.0,power
,AT,2020-01-12,51199400.0,power
,DK,2020-01-12,6027700.0,power
,BE,2020-01-12,51236300.0,power
,CZ,2020-01-12,6874000.0,power
,HR,2020-01-12,8127000.0,power
,HR,2020-01-13,10625000.0,power
,BG,2020-01-13,9552000.0,power
,AT,2020-01-13,62646200.0,power
,CZ,2020-01-13,21005500.0,power
,BE,2020-01-13,79785000.0,power
,DK,2020-01-13,8821000.0,power
,BE,2020-01-14,46240900.0,power
,BG,2020-01-14,9505000.0,power
,AT,2020-01-14,62398000.0,power
,CZ,2020-01-14,20219100.0,power
,DK,2020-01-14,5967600.0,power
,HR,2020-01-14,11448800.0,power
,DK,2020-01-15,5158800.0,power
,AT,2020-01-15,65474100.0,power
,CZ,2020-01-15,19645100.0,power
,BE,2020-01-15,64315400.0,power
,BG,2020-01-15,9550000.0,power
,HR,2020-01-15,11358400.0,power
,BE,2020-01-16,78501800.0,power
,CZ,2020-01-16,21826000.0,power
,AT,2020-01-16,74008000.0,power
,BG,2020-01-16,9799000.0,power
,DK,2020-01-16,6293300.0,power
,HR,2020-01-16,11139400.0,power
,HR,2020-01-17,11262500.0,power
,AT,2020-01-17,61794800.0,power
,DK,2020-01-17,7726900.0,power
,CZ,2020-01-17,21158400.0,power
,BE,2020-01-17,70528900.0,power
,BG,2020-01-17,9959000.0,power
,AT,2020-01-18,56094600.0,power
,DK,2020-01-18,6562900.0,power
,CZ,2020-01-18,13060900.0,power
,HR,2020-01-18,10794500.0,power
,BG,2020-01-18,9952000.0,power
,BE,2020-01-18,67236100.0,power
,AT,2020-01-19,47828400.0,power
,BG,2020-01-19,9952000.0,power
,BE,2020-01-19,64550800.0,power
,DK,2020-01-19,8506100.0,power
,HR,2020-01-19,10038700.0,power
,CZ,2020-01-19,15344800.0,power
,BE,2020-01-20,97457700.0,power
,HR,2020-01-20,11187300.0,power
,CZ,2020-01-20,26310700.0,power
,AT,2020-01-20,60578200.0,power
,BG,2020-01-20,9905000.0,power
,DK,2020-01-20,8549600.0,power
,BE,2020-01-21,104060300.0,power
,AT,2020-01-21,67787300.0,power
,CZ,2020-01-21,26675900.0,power
,DK,2020-01-21,6712900.0,power
,HR,2020-01-21,11278600.0,power
,BG,2020-01-21,9911000.0,power
,DK,2020-01-22,8666800.0,power
,BE,2020-01-22,104084400.0,power
,CZ,2020-01-22,27077900.0,power
,HR,2020-01-22,11280000.0,power
,AT,2020-01-22,61228600.0,power
,BG,2020-01-22,9791000.0,power
,DK,2020-01-23,8537300.0,power
,AT,2020-01-23,62162900.0,power
,BG,2020-01-23,9897000.0,power
,BE,2020-01-23,91533800.0,power
,CZ,2020-01-23,26945500.0,power
,HR,2020-01-23,11133000.0,power
,AT,2020-01-24,58865300.0,power
,DK,2020-01-24,7517700.0,power
,CZ,2020-01-24,25881000.0,power
,BG,2020-01-24,9814000.0,power
,HR,2020-01-24,11111200.0,power
,BE,2020-01-24,92064000.0,power
,CZ,2020-01-25,17756800.0,power
,HR,2020-01-25,10916000.0,power
,BG,2020-01-25,9305000.0,power
,BE,2020-01-25,97862400.0,power
,DK,2020-01-25,7765500.0,power
,AT,2020-01-25,50781000.0,power
,BG,2020-01-26,9367000.0,power
,BE,2020-01-26,80279900.0,power
,AT,2020-01-26,61390900.0,power
,DK,2020-01-26,6912900.0,power
,HR,2020-01-26,10315400.0,power
,CZ,2020-01-26,24279700.0,power
,CZ,2020-01-27,22957200.0,power
,HR,2020-01-27,11318900.0,power
,BE,2020-01-27,80759100.0,power
,BG,2020-01-27,9521000.0,power
,AT,2020-01-27,71783600.0,power
,DK,2020-01-27,7061400.0,power
,HR,2020-01-28,11359400.0,power
,BG,2020-01-28,8964000.0,power
,CZ,2020-01-28,21963000.0,power
,DK,2020-01-28,8133500.0,power
,BE,2020-01-28,63415300.0,power
,AT,2020-01-28,75501800.0,power
,BG,2020-01-29,8998000.0,power
,DK,2020-01-29,5517300.0,power
,HR,2020-01-29,11410400.0,power
,AT,2020-01-29,65989700.0,power
,CZ,2020-01-29,22152200.0,power
,BE,2020-01-29,76635200.0,power
,AT,2020-01-30,73006200.0,power
,CZ,2020-01-30,25779300.0,power
,BE,2020-01-30,62404500.0,power
,DK,2020-01-30,5050500.0,power
,HR,2020-01-30,11417800.0,power
,BG,2020-01-30,9025000.0,power
,AT,2020-01-31,50357500.0,power
,DK,2020-01-31,5600600.0,power
,BG,2020-01-31,9050000.0,power
,HR,2020-01-31,10607700.0,power
,BE,2020-01-31,58631900.0,power
,CZ,2020-01-31,24674200.0,power
,HR,2020-02-01,6662000.0,power
1390.0,LU,2020-02-01,7.007,power
1395.0,PT,2020-02-01,274.948,power
,DK,2020-02-01,3884900.0,power
1396.0,RO,2020-02-01,222.0,power
1383.0,FR,2020-02-01,280.504,power
1394.0,PL,2020-02-01,203.981,power
1393.0,NL,2020-02-01,978.49,power
1392.0,MT,2020-02-01,35.719,power
1391.0,LV,2020-02-01,49.729,power
1387.0,IE,2020-02-01,226.559,power
1398.0,SI,2020-02-01,17.049,power
1384.0,GR,2020-02-01,256.093,power
1386.0,HU,2020-02-01,282.0,power
1375.0,CY,2020-02-01,0.0,power
,BE,2020-02-01,31443600.0,power
1389.0,LT,2020-02-01,25.4,power
,CZ,2020-02-01,15199200.0,power
,BG,2020-02-01,8735000.0,power
1388.0,IT,2020-02-01,2017.0,power
1399.0,SK,2020-02-01,74.057,power
,AT,2020-02-01,33763000.0,power
1397.0,SE,2020-02-01,2.49,power
1381.0,EU27_2020,2020-02-01,7651.694,power
1380.0,ES,2020-02-01,510.0,power
1379.0,EE,2020-02-01,25.615,power
1377.0,DE,2020-02-01,1261.0,power
1382.0,FI,2020-02-01,44.0,power
,BE,2020-02-02,31915200.0,power
,HR,2020-02-02,4691000.0,power
,AT,2020-02-02,24988400.0,power
,CZ,2020-02-02,15456200.0,power
,BG,2020-02-02,8036000.0,power
,DK,2020-02-02,5750400.0,power
,BG,2020-02-03,7946000.0,power
,DK,2020-02-03,6036800.0,power
,CZ,2020-02-03,20205600.0,power
,HR,2020-02-03,8354500.0,power
,AT,2020-02-03,57767100.0,power
,BE,2020-02-03,55825200.0,power
,AT,2020-02-04,61416800.0,power
,BE,2020-02-04,67120500.0,power
,CZ,2020-02-04,20392000.0,power
,BG,2020-02-04,7939000.0,power
,HR,2020-02-04,11441800.0,power
,DK,2020-02-04,6299800.0,power
,DK,2020-02-05,6424900.0,power
,CZ,2020-02-05,22747800.0,power
,BG,2020-02-05,9106000.0,power
,AT,2020-02-05,44456600.0,power
,BE,2020-02-05,86853300.0,power
,HR,2020-02-05,11423800.0,power
,AT,2020-02-06,47446500.0,power
,HR,2020-02-06,11365100.0,power
,BG,2020-02-06,9501000.0,power
,BE,2020-02-06,96406500.0,power
,DK,2020-02-06,7536800.0,power
,CZ,2020-02-06,26844200.0,power
,HR,2020-02-07,11543200.0,power
,DK,2020-02-07,10571900.0,power
,AT,2020-02-07,53060800.0,power
,CZ,2020-02-07,24972300.0,power
,BE,2020-02-07,95994400.0,power
,BG,2020-02-07,9607000.0,power
,CZ,2020-02-08,16664000.0,power
,AT,2020-02-08,44715300.0,power
,BE,2020-02-08,50065100.0,power
,DK,2020-02-08,6395599.999999999,power
,HR,2020-02-08,11388800.0,power
,BG,2020-02-08,9946000.0,power
,AT,2020-02-09,24459400.0,power
,BG,2020-02-09,9924000.0,power
,DK,2020-02-09,3306500.0,power
,HR,2020-02-09,10592700.0,power
,BE,2020-02-09,29734400.0,power
,CZ,2020-02-09,7035000.0,power
,AT,2020-02-10,26105800.0,power
,BE,2020-02-10,34180500.0,power
,BG,2020-02-10,9618000.0,power
,DK,2020-02-10,3588400.0,power
,HR,2020-02-10,11266300.0,power
,CZ,2020-02-10,19067800.0,power
,HR,2020-02-11,11394100.0,power
,AT,2020-02-11,25273100.000000004,power
,CZ,2020-02-11,18999400.0,power
,DK,2020-02-11,4353000.0,power
,BE,2020-02-11,46394500.0,power
,BG,2020-02-11,9294000.0,power
,BG,2020-02-12,9217000.0,power
,CZ,2020-02-12,20705300.0,power
,BE,2020-02-12,73582000.0,power
,AT,2020-02-12,23660900.0,power
,DK,2020-02-12,4092800.0,power
,HR,2020-02-12,11156500.0,power
,DK,2020-02-13,8751700.0,power
,AT,2020-02-13,36339400.0,power
,BE,2020-02-13,78329400.0,power
,BG,2020-02-13,9287000.0,power
,CZ,2020-02-13,22574500.0,power
,HR,2020-02-13,11458100.0,power
,AT,2020-02-14,34466500.0,power
,CZ,2020-02-14,24894200.0,power
,BG,2020-02-14,8700000.0,power
,DK,2020-02-14,11518600.0,power
,HR,2020-02-14,11272800.0,power
,BE,2020-02-14,88389000.0,power
,CZ,2020-02-15,12065800.0,power
,AT,2020-02-15,28782900.0,power
,DK,2020-02-15,3726000.0,power
,HR,2020-02-15,10934900.0,power
,BE,2020-02-15,30781300.0,power
,BG,2020-02-15,8772000.0,power
,BG,2020-02-16,8682000.0,power
,DK,2020-02-16,2884200.0,power
,CZ,2020-02-16,5968000.0,power
,AT,2020-02-16,18958000.0,power
,HR,2020-02-16,10624600.0,power
,BE,2020-02-16,30336500.0,power
,AT,2020-02-17,30028700.0,power
,BG,2020-02-17,8787000.0,power
,BE,2020-02-17,56043100.0,power
,DK,2020-02-17,3721500.0,power
,HR,2020-02-17,11380100.0,power
,CZ,2020-02-17,20002500.0,power
,HR,2020-02-18,11421000.0,power
,BG,2020-02-18,8833000.0,power
,DK,2020-02-18,4421800.0,power
,BE,2020-02-18,60032700.0,power
,AT,2020-02-18,30402600.0,power
,CZ,2020-02-18,20563900.0,power
,HR,2020-02-19,11368400.0,power
,DK,2020-02-19,7772400.0,power
,BE,2020-02-19,79300400.0,power
,CZ,2020-02-19,21537300.0,power
,BG,2020-02-19,9207000.0,power
,AT,2020-02-19,29378100.0,power
,BE,2020-02-20,67411500.0,power
,DK,2020-02-20,5496400.000000001,power
,HR,2020-02-20,11394500.0,power
,BG,2020-02-20,9149000.0,power
,CZ,2020-02-20,19220900.0,power
,AT,2020-02-20,32515000.0,power
,BE,2020-02-21,57925200.0,power
,HR,2020-02-21,11161000.0,power
,BG,2020-02-21,8767000.0,power
,AT,2020-02-21,21632100.0,power
,CZ,2020-02-21,20822400.0,power
,DK,2020-02-21,3300400.0,power
,BG,2020-02-22,8652000.0,power
,CZ,2020-02-22,15721900.0,power
,HR,2020-02-22,7002600.0,power
,BE,2020-02-22,48851700.0,power
,DK,2020-02-22,2306300.0,power
,AT,2020-02-22,18348700.0,power
,CZ,2020-02-23,6485900.0,power
,AT,2020-02-23,15020800.0,power
,BE,2020-02-23,37952600.0,power
,DK,2020-02-23,2338400.0,power
,HR,2020-02-23,7049500.0,power
,BG,2020-02-23,8724000.0,power
,BG,2020-02-24,8484000.0,power
,BE,2020-02-24,74047900.0,power
,HR,2020-02-24,7106200.0,power
,AT,2020-02-24,34553300.0,power
,CZ,2020-02-24,20321500.0,power
,DK,2020-02-24,7756300.0,power
,DK,2020-02-25,4835200.0,power
,AT,2020-02-25,31604600.0,power
,HR,2020-02-25,7067700.0,power
,BG,2020-02-25,8778000.0,power
,BE,2020-02-25,52060500.0,power
,CZ,2020-02-25,19739500.0,power
,AT,2020-02-26,43704400.0,power
,HR,2020-02-26,6968300.0,power
,BE,2020-02-26,98201300.0,power
,DK,2020-02-26,12228400.0,power
,BG,2020-02-26,8403000.0,power
,CZ,2020-02-26,21895300.0,power
,BE,2020-02-27,108856900.0,power
,CZ,2020-02-27,22342900.0,power
,BG,2020-02-27,8851000.0,power
,AT,2020-02-27,47025700.0,power
,DK,2020-02-27,13434600.0,power
,HR,2020-02-27,6966200.0,power
,BE,2020-02-28,85569400.0,power
,DK,2020-02-28,8899800.0,power
,CZ,2020-02-28,20037200.0,power
,HR,2020-02-28,7011500.0,power
,AT,2020-02-28,45009800.0,power
,BG,2020-02-28,8628000.0,power
,AT,2020-02-29,29921200.0,power
,BE,2020-02-29,29732300.0,power
,DK,2020-02-29,3740100.0,power
,BG,2020-02-29,8711000.0,power
,HR,2020-02-29,7059600.0,power
,CZ,2020-02-29,15707000.0,power
1427.0,SK,2020-03-01,72.566,power
,HR,2020-03-01,6932700.0,power
1409.0,EU27_2020,2020-03-01,6891.6,power
,BE,2020-03-01,32881200.0,power
1405.0,DE,2020-03-01,1262.0,power
1408.0,ES,2020-03-01,335.0,power
,BG,2020-03-01,8714000.0,power
1410.0,FI,2020-03-01,35.0,power
1421.0,NL,2020-03-01,880.589,power
,CZ,2020-03-01,6387300.0,power
,AT,2020-03-01,27154900.0,power
,DK,2020-03-01,4587500.0,power
1426.0,SI,2020-03-01,16.595,power
1403.0,CY,2020-03-01,0.0,power
1411.0,FR,2020-03-01,256.821,power
1425.0,SE,2020-03-01,2.53,power
1412.0,GR,2020-03-01,243.939,power
1414.0,HU,2020-03-01,230.0,power
1415.0,IE,2020-03-01,258.26,power
1416.0,IT,2020-03-01,1704.0,power
1417.0,LT,2020-03-01,23.7,power
1407.0,EE,2020-03-01,25.577,power
1423.0,PT,2020-03-01,248.432,power
1419.0,LV,2020-03-01,40.398,power
1418.0,LU,2020-03-01,6.167,power
1420.0,MT,2020-03-01,30.082,power
1424.0,RO,2020-03-01,205.0,power
1422.0,PL,2020-03-01,196.609,power
,HR,2020-03-02,6220500.0,power
,DK,2020-03-02,10415200.0,power
,BG,2020-03-02,8269000.0,power
,BE,2020-03-02,90039200.0,power
,AT,2020-03-02,31904400.0,power
,CZ,2020-03-02,21484900.0,power
,BG,2020-03-03,7468000.0,power
,BE,2020-03-03,99595800.0,power
,CZ,2020-03-03,21982700.0,power
,HR,2020-03-03,7074800.0,power
,DK,2020-03-03,11585600.0,power
,AT,2020-03-03,34324500.0,power
,BE,2020-03-04,100885100.0,power
,DK,2020-03-04,10774800.0,power
,BG,2020-03-04,7152000.0,power
,CZ,2020-03-04,25940700.0,power
,AT,2020-03-04,39952700.0,power
,HR,2020-03-04,7087300.0,power
,BG,2020-03-05,7018000.0,power
,CZ,2020-03-05,22194400.0,power
,AT,2020-03-05,32732200.0,power
,DK,2020-03-05,10127300.0,power
,HR,2020-03-05,7017800.0,power
,BE,2020-03-05,99604800.0,power
,CZ,2020-03-06,20794700.0,power
,BG,2020-03-06,7368000.0,power
,DK,2020-03-06,9765400.0,power
,AT,2020-03-06,30872900.0,power
,HR,2020-03-06,6898700.0,power
,BE,2020-03-06,88241900.0,power
,CZ,2020-03-07,16766500.0,power
,HR,2020-03-07,4991400.0,power
,AT,2020-03-07,34576700.0,power
,BE,2020-03-07,54279799.99999999,power
,DK,2020-03-07,8552800.0,power
,BG,2020-03-07,7997000.0,power
,CZ,2020-03-08,6598800.0,power
,BG,2020-03-08,7845000.0,power
,BE,2020-03-08,41254900.0,power
,AT,2020-03-08,26591400.0,power
,DK,2020-03-08,3426300.0,power
,HR,2020-03-08,3882800.0,power
,CZ,2020-03-09,21049200.0,power
,HR,2020-03-09,5041500.0,power
,BG,2020-03-09,8448000.0,power
,DK,2020-03-09,10528700.0,power
,BE,2020-03-09,94133900.0,power
,AT,2020-03-09,33579100.0,power
,AT,2020-03-10,28918500.0,power
,CZ,2020-03-10,19375000.0,power
,HR,2020-03-10,4987900.0,power
,BG,2020-03-10,8540000.0,power
,DK,2020-03-10,3694300.0,power
,BE,2020-03-10,59375000.0,power
,CZ,2020-03-11,18840200.0,power
,AT,2020-03-11,29335900.0,power
,HR,2020-03-11,4889700.0,power
,DK,2020-03-11,3823000.0,power
,BG,2020-03-11,8362000.0,power
,BE,2020-03-11,61580200.0,power
,AT,2020-03-12,33855400.0,power
,BE,2020-03-12,38168300.0,power
,HR,2020-03-12,6925900.0,power
,CZ,2020-03-12,16441000.0,power
,DK,2020-03-12,3395799.9999999995,power
,BG,2020-03-12,7906000.0,power
,DK,2020-03-13,4603300.0,power
,AT,2020-03-13,29098700.0,power
,BE,2020-03-13,73218400.0,power
,CZ,2020-03-13,19927500.0,power
,BG,2020-03-13,7617000.0,power
,HR,2020-03-13,9043800.0,power
,AT,2020-03-14,34399800.0,power
,CZ,2020-03-14,15014500.0,power
,DK,2020-03-14,6972000.0,power
,BE,2020-03-14,63117500.0,power
,BG,2020-03-14,7495000.0,power
,HR,2020-03-14,4997200.0,power
,BG,2020-03-15,8372000.0,power
,AT,2020-03-15,15458900.0,power
,BE,2020-03-15,36809000.0,power
,CZ,2020-03-15,6179800.0,power
,HR,2020-03-15,5015700.0,power
,DK,2020-03-15,2689200.0,power
,HR,2020-03-16,7686700.0,power
,AT,2020-03-16,31455000.0,power
,DK,2020-03-16,8274600.0,power
,BG,2020-03-16,8538000.0,power
,CZ,2020-03-16,19326000.0,power
,BE,2020-03-16,80653700.0,power
,CZ,2020-03-17,19861700.0,power
,DK,2020-03-17,4491300.0,power
,HR,2020-03-17,9167400.0,power
,BE,2020-03-17,80539300.0,power
,BG,2020-03-17,8218000.0,power
,AT,2020-03-17,35887300.0,power
,CZ,2020-03-18,12652700.0,power
,BE,2020-03-18,63220900.0,power
,HR,2020-03-18,9202400.0,power
,AT,2020-03-18,34736500.0,power
,BG,2020-03-18,7930000.0,power
,DK,2020-03-18,4960100.0,power
,BG,2020-03-19,7833000.0,power
,BE,2020-03-19,83110600.0,power
,AT,2020-03-19,33758800.0,power
,HR,2020-03-19,9256200.0,power
,CZ,2020-03-19,23810600.0,power
,DK,2020-03-19,6532500.0,power
,CZ,2020-03-20,17055800.0,power
,HR,2020-03-20,9238700.0,power
,DK,2020-03-20,6608600.0,power
,BG,2020-03-20,7741000.0,power
,AT,2020-03-20,30130000.0,power
,BE,2020-03-20,38508000.0,power
,BG,2020-03-21,7743000.0,power
,HR,2020-03-21,9248300.0,power
,BE,2020-03-21,39769400.0,power
,DK,2020-03-21,4125800.0,power
,AT,2020-03-21,13100200.0,power
,CZ,2020-03-21,6429500.0,power
,CZ,2020-03-22,6393900.0,power
,DK,2020-03-22,3929900.0,power
,BE,2020-03-22,34166700.0,power
,BG,2020-03-22,8017000.0,power
,HR,2020-03-22,8697900.0,power
,AT,2020-03-22,16110199.999999998,power
,AT,2020-03-23,27284400.0,power
,DK,2020-03-23,4772700.0,power
,CZ,2020-03-23,7079100.0,power
,BG,2020-03-23,7990000.0,power
,HR,2020-03-23,8798700.0,power
,BE,2020-03-23,32532500.0,power
,DK,2020-03-24,3423300.0,power
,BG,2020-03-24,7982000.0,power
,AT,2020-03-24,34353200.0,power
,BE,2020-03-24,31474100.0,power
,CZ,2020-03-24,9077600.0,power
,HR,2020-03-24,8993400.0,power
,CZ,2020-03-25,6985800.0,power
,BG,2020-03-25,7311000.0,power
,BE,2020-03-25,38613900.0,power
,AT,2020-03-25,38825500.0,power
,HR,2020-03-25,8703200.0,power
,DK,2020-03-25,5067600.0,power
,AT,2020-03-26,40783600.0,power
,BE,2020-03-26,37572200.0,power
,DK,2020-03-26,5907400.0,power
,BG,2020-03-26,0.0,power
,CZ,2020-03-26,11017900.0,power
,HR,2020-03-26,9017600.0,power
,HR,2020-03-27,8622300.0,power
,DK,2020-03-27,6416300.0,power
,CZ,2020-03-27,12219700.0,power
,BE,2020-03-27,38175200.0,power
,AT,2020-03-27,37848700.0,power
,BG,2020-03-27,0.0,power
,DK,2020-03-28,3306400.0,power
,HR,2020-03-28,4473400.0,power
,BE,2020-03-28,30356700.0,power
,AT,2020-03-28,26261600.0,power
,CZ,2020-03-28,6185900.0,power
,BG,2020-03-28,603000.0,power
,CZ,2020-03-29,6050500.0,power
,BG,2020-03-29,7353000.0,power
,AT,2020-03-29,9190600.0,power
,BE,2020-03-29,31307100.0,power
,HR,2020-03-29,4476700.0,power
,DK,2020-03-29,2776300.0,power
,HR,2020-03-30,4390300.0,power
,CZ,2020-03-30,12658700.0,power
,DK,2020-03-30,5956000.0,power
,AT,2020-03-30,32836100.0,power
,BG,2020-03-30,7437000.0,power
,BE,2020-03-30,42984100.0,power
,DK,2020-03-31,5470100.0,power
,HR,2020-03-31,4491800.0,power
,BE,2020-03-31,68549100.0,power
,AT,2020-03-31,40016400.0,power
,CZ,2020-03-31,25820600.0,power
,BG,2020-03-31,7523000.0,power
1436.0,ES,2020-04-01,369.0,power
1445.0,LT,2020-04-01,14.1,power
,BE,2020-04-01,71337200.0,power
1449.0,NL,2020-04-01,756.975,power
1450.0,PL,2020-04-01,171.809,power
1451.0,PT,2020-04-01,155.344,power
1452.0,RO,2020-04-01,135.0,power
,DK,2020-04-01,3746900.0,power
1453.0,SE,2020-04-01,1.7,power
,BG,2020-04-01,7540000.0,power
1448.0,MT,2020-04-01,27.376,power
1446.0,LU,2020-04-01,4.299,power
,HR,2020-04-01,4493700.0,power
1447.0,LV,2020-04-01,31.0,power
1444.0,IT,2020-04-01,1421.0,power
1438.0,FI,2020-04-01,27.0,power
1439.0,FR,2020-04-01,18.912,power
1437.0,EU27_2020,2020-04-01,5315.042,power
1442.0,HU,2020-04-01,165.0,power
,CZ,2020-04-01,20353900.0,power
1435.0,EE,2020-04-01,18.3,power
1440.0,GR,2020-04-01,229.39,power
1431.0,CY,2020-04-01,0.0,power
,AT,2020-04-01,26710700.0,power
1443.0,IE,2020-04-01,276.57,power
1455.0,SK,2020-04-01,58.525,power
1454.0,SI,2020-04-01,12.454,power
1433.0,DE,2020-04-01,904.0,power
,BG,2020-04-02,7671000.0,power
,AT,2020-04-02,21112200.0,power
,BE,2020-04-02,47243900.0,power
,HR,2020-04-02,4483700.0,power
,DK,2020-04-02,3499100.0,power
,CZ,2020-04-02,22582400.0,power
,CZ,2020-04-03,21225600.0,power
,AT,2020-04-03,11374700.0,power
,HR,2020-04-03,4327400.0,power
,BG,2020-04-03,7639000.0,power
,DK,2020-04-03,4722800.0,power
,BE,2020-04-03,55995700.0,power
,BG,2020-04-04,7590000.0,power
,DK,2020-04-04,6134100.0,power
,HR,2020-04-04,2516400.0,power
,BE,2020-04-04,28986400.0,power
,AT,2020-04-04,7906200.0,power
,CZ,2020-04-04,11066800.0,power
,HR,2020-04-05,2501900.0,power
,AT,2020-04-05,26744400.0,power
,BE,2020-04-05,28966000.0,power
,DK,2020-04-05,3103000.0,power
,CZ,2020-04-05,5419100.0,power
,BG,2020-04-05,6767000.0,power
,CZ,2020-04-06,10421400.0,power
,BG,2020-04-06,7450000.0,power
,HR,2020-04-06,2498500.0,power
,DK,2020-04-06,4798500.0,power
,BE,2020-04-06,34849400.0,power
,AT,2020-04-06,19731100.0,power
,CZ,2020-04-07,13478200.0,power
,BE,2020-04-07,40025700.0,power
,AT,2020-04-07,16454099.999999998,power
,DK,2020-04-07,5458600.0,power
,BG,2020-04-07,6625000.0,power
,HR,2020-04-07,2518200.0,power
,DK,2020-04-08,4833100.0,power
,CZ,2020-04-08,14711500.0,power
,BG,2020-04-08,6301000.0,power
,AT,2020-04-08,16014000.0,power
,HR,2020-04-08,2504400.0,power
,BE,2020-04-08,37127900.0,power
,DK,2020-04-09,3834500.0,power
,BG,2020-04-09,5973000.0,power
,BE,2020-04-09,36275400.0,power
,HR,2020-04-09,2491300.0,power
,AT,2020-04-09,28627800.0,power
,CZ,2020-04-09,17489500.0,power
,BG,2020-04-10,5775000.0,power
,DK,2020-04-10,4843600.0,power
,AT,2020-04-10,19008700.0,power
,BE,2020-04-10,35827600.0,power
,CZ,2020-04-10,10766500.0,power
,HR,2020-04-10,2483400.0,power
,BG,2020-04-11,5105000.0,power
,HR,2020-04-11,2493000.0,power
,DK,2020-04-11,4278500.0,power
,BE,2020-04-11,36635300.0,power
,AT,2020-04-11,11604900.0,power
,CZ,2020-04-11,8109700.0,power
,AT,2020-04-12,6473500.0,power
,BG,2020-04-12,5106000.0,power
,HR,2020-04-12,2491200.0,power
,CZ,2020-04-12,4094100.0,power
,DK,2020-04-12,3561900.0,power
,BE,2020-04-12,35795000.0,power
,BG,2020-04-13,5059000.0,power
,AT,2020-04-13,206300.0,power
,HR,2020-04-13,2482900.0,power
,DK,2020-04-13,2932900.0,power
,BE,2020-04-13,29136200.0,power
,CZ,2020-04-13,4194100.000000001,power
,DK,2020-04-14,4826700.0,power
,CZ,2020-04-14,19558900.0,power
,AT,2020-04-14,11587300.000000002,power
,BG,2020-04-14,4809000.0,power
,BE,2020-04-14,31401700.0,power
,HR,2020-04-14,2501300.0,power
,CZ,2020-04-15,14598100.0,power
,BG,2020-04-15,4941000.0,power
,AT,2020-04-15,31311200.0,power
,BE,2020-04-15,28500700.0,power
,HR,2020-04-15,2501600.0,power
,DK,2020-04-15,2946900.0,power
,BG,2020-04-16,4524000.0,power
,BE,2020-04-16,35371200.0,power
,HR,2020-04-16,2204700.0,power
,DK,2020-04-16,3497500.0,power
,CZ,2020-04-16,15535600.0,power
,AT,2020-04-16,11248800.0,power
,HR,2020-04-17,2027100.0,power
,DK,2020-04-17,5428100.0,power
,CZ,2020-04-17,15871500.0,power
,BE,2020-04-17,36436600.0,power
,AT,2020-04-17,8761700.0,power
,BG,2020-04-17,4387000.0,power
,BE,2020-04-18,29826200.0,power
,HR,2020-04-18,2028900.0,power
,BG,2020-04-18,4398000.0,power
,AT,2020-04-18,11768300.0,power
,CZ,2020-04-18,3930800.0,power
,DK,2020-04-18,4570700.0,power
,CZ,2020-04-19,3817500.0,power
,BE,2020-04-19,31868300.0,power
,BG,2020-04-19,4342000.0,power
,HR,2020-04-19,2023600.0,power
,AT,2020-04-19,6009100.0,power
,DK,2020-04-19,3683900.0,power
,BE,2020-04-20,31463000.0,power
,CZ,2020-04-20,4260500.0,power
,DK,2020-04-20,5715500.0,power
,BG,2020-04-20,4382000.0,power
,AT,2020-04-20,18823700.0,power
,HR,2020-04-20,2368700.0,power
,CZ,2020-04-21,4249800.0,power
,AT,2020-04-21,10446300.0,power
,HR,2020-04-21,2498200.0,power
,DK,2020-04-21,3826200.0,power
,BE,2020-04-21,30413100.0,power
,BG,2020-04-21,4737000.0,power
,AT,2020-04-22,17564400.0,power
,BE,2020-04-22,34697300.0,power
,BG,2020-04-22,4607000.0,power
,CZ,2020-04-22,6208300.0,power
,DK,2020-04-22,4292500.0,power
,HR,2020-04-22,2487300.0,power
,BG,2020-04-23,4659000.0,power
,DK,2020-04-23,4391600.0,power
,BE,2020-04-23,64258900.0,power
,AT,2020-04-23,9606600.0,power
,HR,2020-04-23,2422400.0,power
,CZ,2020-04-23,21667800.0,power
,AT,2020-04-24,10141900.0,power
,BG,2020-04-24,4586000.0,power
,CZ,2020-04-24,10670100.0,power
,HR,2020-04-24,2021700.0,power
,DK,2020-04-24,3420800.0,power
,BE,2020-04-24,42902700.0,power
,HR,2020-04-25,2027500.0,power
,AT,2020-04-25,7153900.0,power
,BG,2020-04-25,4536000.0,power
,CZ,2020-04-25,8673100.0,power
,BE,2020-04-25,40887200.0,power
,DK,2020-04-25,4711000.0,power
,AT,2020-04-26,8968100.0,power
,BG,2020-04-26,3872000.0,power
,CZ,2020-04-26,7821800.0,power
,DK,2020-04-26,5154500.0,power
,BE,2020-04-26,39013600.0,power
,HR,2020-04-26,2024100.0,power
,HR,2020-04-27,1982600.0,power
,DK,2020-04-27,6701600.0,power
,AT,2020-04-27,10189200.0,power
,BE,2020-04-27,57817400.0,power
,CZ,2020-04-27,19597700.0,power
,BG,2020-04-27,3728000.0,power
,CZ,2020-04-28,20200400.0,power
,BE,2020-04-28,60975600.0,power
,HR,2020-04-28,1574400.0,power
,AT,2020-04-28,9492400.0,power
,BG,2020-04-28,4288000.0,power
,DK,2020-04-28,7012800.0,power
,HR,2020-04-29,1572500.0,power
,BG,2020-04-29,4110000.0,power
,BE,2020-04-29,36762600.0,power
,CZ,2020-04-29,17374900.0,power
,DK,2020-04-29,6219600.0,power
,AT,2020-04-29,9278200.0,power
,AT,2020-04-30,6936300.0,power
,HR,2020-04-30,1572000.0,power
,DK,2020-04-30,6903700.0,power
,CZ,2020-04-30,7277500.0,power
,BE,2020-04-30,28990400.0,power
,BG,2020-04-30,3698000.0,power
1476.0,MT,2020-05-01,30.055,power
,BE,2020-05-01,28045300.0,power
,AT,2020-05-01,0.0,power
,BG,2020-05-01,3542000.0,power
1483.0,SK,2020-05-01,59.366,power
,CZ,2020-05-01,7373500.0,power
1471.0,IE,2020-05-01,308.362,power
1482.0,SI,2020-05-01,13.377,power
1481.0,SE,2020-05-01,1.43,power
1480.0,RO,2020-05-01,67.0,power
1479.0,PT,2020-05-01,211.525,power
1478.0,PL,2020-05-01,149.171,power
1475.0,LV,2020-05-01,35.444,power
1477.0,NL,2020-05-01,939.309,power
1473.0,LT,2020-05-01,5.8,power
1474.0,LU,2020-05-01,3.587,power
,HR,2020-05-01,1544200.0,power
1459.0,CY,2020-05-01,0.0,power
1464.0,ES,2020-05-01,445.0,power
1465.0,EU27_2020,2020-05-01,5694.979,power
1466.0,FI,2020-05-01,36.0,power
1461.0,DE,2020-05-01,911.0,power
1468.0,GR,2020-05-01,264.044,power
1470.0,HU,2020-05-01,118.0,power
1463.0,EE,2020-05-01,12.0,power
1472.0,IT,2020-05-01,1431.0,power
,DK,2020-05-01,4676400.0,power
1467.0,FR,2020-05-01,130.55,power
,BG,2020-05-02,3576000.0,power
,CZ,2020-05-02,2911800.0,power
,HR,2020-05-02,1286000.0,power
,BE,2020-05-02,31234500.0,power
,DK,2020-05-02,5154200.0,power
,AT,2020-05-02,180300.0,power
,BE,2020-05-03,34304600.0,power
,CZ,2020-05-03,8980800.0,power
,HR,2020-05-03,1281800.0,power
,AT,2020-05-03,1838900.0,power
,DK,2020-05-03,3642500.0,power
,BG,2020-05-03,3647000.0,power
,BE,2020-05-04,47627700.0,power
,AT,2020-05-04,7273100.0,power
,DK,2020-05-04,5079800.0,power
,BG,2020-05-04,3633000.0,power
,CZ,2020-05-04,20067500.0,power
,HR,2020-05-04,2935600.0,power
,BE,2020-05-05,38998500.0,power
,HR,2020-05-05,6603000.0,power
,DK,2020-05-05,4980100.0,power
,BG,2020-05-05,3668000.0,power
,CZ,2020-05-05,14382900.0,power
,AT,2020-05-05,2526300.0,power
,CZ,2020-05-06,17430200.0,power
,BE,2020-05-06,51916600.0,power
,DK,2020-05-06,3943500.0,power
,BG,2020-05-06,3654000.0,power
,AT,2020-05-06,2631400.0,power
,HR,2020-05-06,7131600.0,power
,DK,2020-05-07,4901100.0,power
,HR,2020-05-07,7214400.0,power
,BG,2020-05-07,3599000.0,power
,CZ,2020-05-07,14234000.0,power
,BE,2020-05-07,66752899.99999999,power
,AT,2020-05-07,2384900.0,power
,HR,2020-05-08,7155500.0,power
,CZ,2020-05-08,17354600.0,power
,DK,2020-05-08,5103900.0,power
,AT,2020-05-08,6851800.0,power
,BG,2020-05-08,3597000.0,power
,BE,2020-05-08,46101500.0,power
,DK,2020-05-09,4741800.0,power
,AT,2020-05-09,1796900.0,power
,HR,2020-05-09,6987000.0,power
,CZ,2020-05-09,14102900.0,power
,BE,2020-05-09,37735800.0,power
,BG,2020-05-09,3552000.0,power
,CZ,2020-05-10,2863700.0,power
,DK,2020-05-10,2887600.0,power
,HR,2020-05-10,6327800.0,power
,AT,2020-05-10,342000.0,power
,BE,2020-05-10,33185100.0,power
,BG,2020-05-10,3512000.0,power
,BG,2020-05-11,3449000.0,power
,DK,2020-05-11,3644500.0,power
,BE,2020-05-11,34556300.0,power
,AT,2020-05-11,378900.0,power
,CZ,2020-05-11,17466900.0,power
,HR,2020-05-11,7904100.0,power
,HR,2020-05-12,8393800.0,power
,CZ,2020-05-12,19334500.0,power
,BE,2020-05-12,63120600.0,power
,AT,2020-05-12,2447600.0,power
,DK,2020-05-12,4156400.0,power
,BG,2020-05-12,3240000.0,power
,HR,2020-05-13,8160800.0,power
,BG,2020-05-13,3241000.0,power
,BE,2020-05-13,70537200.0,power
,AT,2020-05-13,5793000.0,power
,CZ,2020-05-13,20506000.0,power
,DK,2020-05-13,5596800.0,power
,BE,2020-05-14,57212600.0,power
,AT,2020-05-14,2489300.0,power
,HR,2020-05-14,8085200.0,power
,DK,2020-05-14,3719000.0,power
,BG,2020-05-14,3249000.0,power
,CZ,2020-05-14,17089100.0,power
,CZ,2020-05-15,17435600.0,power
,HR,2020-05-15,8084700.0,power
,DK,2020-05-15,3791800.0,power
,AT,2020-05-15,2642400.0,power
,BE,2020-05-15,60372500.0,power
,BG,2020-05-15,3287000.0,power
,BG,2020-05-16,3299000.0,power
,CZ,2020-05-16,7971900.0,power
,AT,2020-05-16,1892900.0,power
,DK,2020-05-16,3755800.0,power
,BE,2020-05-16,40140900.0,power
,HR,2020-05-16,7469300.0,power
,AT,2020-05-17,308700.0,power
,DK,2020-05-17,3663800.0,power
,CZ,2020-05-17,3118300.0,power
,HR,2020-05-17,7560800.0,power
,BG,2020-05-17,3276000.0,power
,BE,2020-05-17,38425000.0,power
,DK,2020-05-18,6348500.0,power
,BG,2020-05-18,3333000.0,power
,CZ,2020-05-18,14827900.0,power
,BE,2020-05-18,51373100.0,power
,AT,2020-05-18,9798500.0,power
,HR,2020-05-18,7566000.0,power
,AT,2020-05-19,14161000.0,power
,BE,2020-05-19,71874900.0,power
,HR,2020-05-19,7845400.0,power
,BG,2020-05-19,3417000.0,power
,DK,2020-05-19,4232700.0,power
,CZ,2020-05-19,18843800.0,power
,DK,2020-05-20,6628100.0,power
,CZ,2020-05-20,21933300.0,power
,BG,2020-05-20,3306000.0,power
,AT,2020-05-20,1784199.9999999998,power
,HR,2020-05-20,7485500.0,power
,BE,2020-05-20,73214000.0,power
,HR,2020-05-21,7372500.0,power
,DK,2020-05-21,4193000.0,power
,AT,2020-05-21,0.0,power
,CZ,2020-05-21,12906100.0,power
,BG,2020-05-21,3147000.0,power
,BE,2020-05-21,53306000.0,power
,DK,2020-05-22,3634500.0,power
,CZ,2020-05-22,10220600.0,power
,AT,2020-05-22,0.0,power
,BG,2020-05-22,2932000.0,power
,BE,2020-05-22,37540300.0,power
,HR,2020-05-22,7941000.0,power
,CZ,2020-05-23,3158500.0,power
,BG,2020-05-23,3007000.0,power
,AT,2020-05-23,0.0,power
,BE,2020-05-23,35029700.0,power
,DK,2020-05-23,3172200.0,power
,HR,2020-05-23,7770400.0,power
,HR,2020-05-24,6335800.0,power
,BE,2020-05-24,39043300.0,power
,AT,2020-05-24,81000.0,power
,BG,2020-05-24,3005000.0,power
,DK,2020-05-24,2187700.0,power
,CZ,2020-05-24,2990100.0,power
,BG,2020-05-25,3005000.0,power
,BE,2020-05-25,63885300.0,power
,HR,2020-05-25,7630200.0,power
,DK,2020-05-25,4211300.0,power
,CZ,2020-05-25,10933100.0,power
,AT,2020-05-25,1922400.0,power
,HR,2020-05-26,7743000.0,power
,AT,2020-05-26,4003400.0,power
,DK,2020-05-26,4256600.0,power
,BG,2020-05-26,2924000.0,power
,BE,2020-05-26,74897600.0,power
,CZ,2020-05-26,16080200.0,power
,CZ,2020-05-27,20802700.0,power
,AT,2020-05-27,2112000.0,power
,BG,2020-05-27,2841000.0,power
,DK,2020-05-27,5152300.0,power
,HR,2020-05-27,7860000.0,power
,BE,2020-05-27,74235600.0,power
,DK,2020-05-28,3902500.0,power
,CZ,2020-05-28,19077200.0,power
,HR,2020-05-28,7807300.0,power
,BG,2020-05-28,2970000.0,power
,BE,2020-05-28,59442300.0,power
,AT,2020-05-28,5802500.0,power
,HR,2020-05-29,7427900.0,power
,AT,2020-05-29,2889300.0,power
,DK,2020-05-29,3811600.0,power
,BG,2020-05-29,2998000.0,power
,BE,2020-05-29,60101000.0,power
,CZ,2020-05-29,20526300.0,power
,DK,2020-05-30,2968900.0,power
,AT,2020-05-30,351600.0,power
,BG,2020-05-30,3034000.0,power
,BE,2020-05-30,32828200.0,power
,HR,2020-05-30,7747600.0,power
,CZ,2020-05-30,2394000.0,power
,AT,2020-05-31,0.0,power
,HR,2020-05-31,7686800.0,power
,CZ,2020-05-31,2378000.0,power
,BG,2020-05-31,2520000.0,power
,BE,2020-05-31,30497000.0,power
,DK,2020-05-31,2836100.0,power
1504.0,MT,2020-06-01,33.188,power
1492.0,ES,2020-06-01,708.0,power
1491.0,EE,2020-06-01,7.5,power
1493.0,EU27_2020,2020-06-01,7146.773,power
1489.0,DE,2020-06-01,1118.0,power
1498.0,HU,2020-06-01,157.0,power
1500.0,IT,2020-06-01,1844.0,power
1499.0,IE,2020-06-01,303.915,power
1503.0,LV,2020-06-01,50.66,power
1494.0,FI,2020-06-01,36.0,power
1487.0,CY,2020-06-01,0.0,power
1501.0,LT,2020-06-01,5.8,power
1502.0,LU,2020-06-01,2.91,power
,BE,2020-06-01,38714700.0,power
1495.0,FR,2020-06-01,355.806,power
1505.0,NL,2020-06-01,1036.964,power
,HR,2020-06-01,7538800.0,power
1496.0,GR,2020-06-01,295.439,power
1508.0,RO,2020-06-01,63.0,power
1510.0,SI,2020-06-01,7.67,power
1511.0,SK,2020-06-01,59.215,power
1507.0,PT,2020-06-01,281.963,power
,AT,2020-06-01,10088600.0,power
,DK,2020-06-01,3694000.0,power
1506.0,PL,2020-06-01,117.778,power
,CZ,2020-06-01,8222200.000000001,power
1509.0,SE,2020-06-01,0.78,power
,BG,2020-06-01,2754000.0,power
,HR,2020-06-02,7644400.0,power
,AT,2020-06-02,9143600.0,power
,CZ,2020-06-02,20959700.0,power
,DK,2020-06-02,4129300.0,power
,BE,2020-06-02,74431400.0,power
,BG,2020-06-02,3299000.0,power
,AT,2020-06-03,22591800.0,power
,CZ,2020-06-03,20893600.0,power
,DK,2020-06-03,3428500.0,power
,BG,2020-06-03,3081000.0,power
,HR,2020-06-03,7793600.0,power
,BE,2020-06-03,72032300.0,power
,AT,2020-06-04,3036299.9999999995,power
,DK,2020-06-04,3861700.0,power
,BG,2020-06-04,3071000.0,power
,HR,2020-06-04,7750900.0,power
,BE,2020-06-04,65830100.00000001,power
,CZ,2020-06-04,19300100.0,power
,CZ,2020-06-05,8592600.0,power
,BE,2020-06-05,61839300.0,power
,BG,2020-06-05,2963000.0,power
,AT,2020-06-05,8899400.0,power
,HR,2020-06-05,7326500.0,power
,DK,2020-06-05,3444900.0,power
,DK,2020-06-06,2189400.0,power
,CZ,2020-06-06,2331200.0,power
,BG,2020-06-06,3020000.0,power
,HR,2020-06-06,7393300.0,power
,AT,2020-06-06,0.0,power
,BE,2020-06-06,31100100.000000004,power
,CZ,2020-06-07,8228500.0,power
,AT,2020-06-07,0.0,power
,BE,2020-06-07,44027600.0,power
,BG,2020-06-07,3036000.0,power
,HR,2020-06-07,7289200.0,power
,DK,2020-06-07,2885900.0,power
,BG,2020-06-08,3011000.0,power
,AT,2020-06-08,129800.0,power
,DK,2020-06-08,3954400.0,power
,BE,2020-06-08,78857900.0,power
,HR,2020-06-08,7085700.0,power
,CZ,2020-06-08,20912400.0,power
,BG,2020-06-09,3010000.0,power
,AT,2020-06-09,5583000.0,power
,DK,2020-06-09,3784700.0,power
,BE,2020-06-09,78448100.0,power
,CZ,2020-06-09,20836300.0,power
,HR,2020-06-09,7346400.0,power
,AT,2020-06-10,3628600.0,power
,HR,2020-06-10,7346600.0,power
,DK,2020-06-10,4458400.0,power
,CZ,2020-06-10,21080000.0,power
,BG,2020-06-10,2975000.0,power
,BE,2020-06-10,76053000.0,power
,DK,2020-06-11,3548900.0,power
,BG,2020-06-11,3144000.0,power
,BE,2020-06-11,74600100.0,power
,CZ,2020-06-11,19510300.0,power
,HR,2020-06-11,7356400.0,power
,AT,2020-06-11,0.0,power
,CZ,2020-06-12,16209800.000000002,power
,BG,2020-06-12,3325000.0,power
,BE,2020-06-12,71161200.0,power
,DK,2020-06-12,2858300.0,power
,AT,2020-06-12,0.0,power
,HR,2020-06-12,7355100.0,power
,DK,2020-06-13,3643900.0,power
,AT,2020-06-13,0.0,power
,HR,2020-06-13,7357800.0,power
,BE,2020-06-13,59388800.0,power
,CZ,2020-06-13,8110000.0,power
,BG,2020-06-13,3783000.0,power
,HR,2020-06-14,7461500.0,power
,BE,2020-06-14,52583800.0,power
,CZ,2020-06-14,8323700.000000001,power
,DK,2020-06-14,3068200.0,power
,BG,2020-06-14,3766000.0,power
,AT,2020-06-14,0.0,power
,DK,2020-06-15,4473600.0,power
,BE,2020-06-15,71558800.0,power
,CZ,2020-06-15,20645000.0,power
,BG,2020-06-15,3753000.0,power
,AT,2020-06-15,1849000.0,power
,HR,2020-06-15,7618100.0,power
,BG,2020-06-16,3865000.0,power
,DK,2020-06-16,3509600.0,power
,HR,2020-06-16,7745400.0,power
,BE,2020-06-16,82718000.0,power
,CZ,2020-06-16,20646300.0,power
,AT,2020-06-16,125500.0,power
,AT,2020-06-17,4793700.0,power
,BE,2020-06-17,87065700.0,power
,DK,2020-06-17,2669000.0,power
,HR,2020-06-17,7710000.0,power
,CZ,2020-06-17,20716900.0,power
,BG,2020-06-17,3960000.0,power
,BG,2020-06-18,4197000.0,power
,DK,2020-06-18,3412200.0,power
,CZ,2020-06-18,20780600.0,power
,HR,2020-06-18,7587900.0,power
,BE,2020-06-18,84361200.0,power
,AT,2020-06-18,142700.0,power
,AT,2020-06-19,133500.0,power
,BG,2020-06-19,4081000.0,power
,BE,2020-06-19,85095100.0,power
,HR,2020-06-19,7628100.0,power
,DK,2020-06-19,2528700.0,power
,CZ,2020-06-19,21462600.0,power
,AT,2020-06-20,43400.0,power
,HR,2020-06-20,7335900.0,power
,DK,2020-06-20,2593900.0,power
,BE,2020-06-20,73043700.0,power
,BG,2020-06-20,4012000.0,power
,CZ,2020-06-20,20470600.0,power
,CZ,2020-06-21,8916600.0,power
,HR,2020-06-21,6945800.0,power
,BE,2020-06-21,46067300.0,power
,BG,2020-06-21,4011000.0,power
,DK,2020-06-21,2364100.0,power
,AT,2020-06-21,31300.0,power
,AT,2020-06-22,221700.0,power
,BE,2020-06-22,85290300.0,power
,CZ,2020-06-22,21000000.0,power
,HR,2020-06-22,7182300.0,power
,BG,2020-06-22,3615000.0,power
,DK,2020-06-22,4007700.000000001,power
,DK,2020-06-23,3410500.0,power
,BG,2020-06-23,3459000.0,power
,CZ,2020-06-23,21298300.0,power
,BE,2020-06-23,88242200.0,power
,HR,2020-06-23,7579100.0,power
,AT,2020-06-23,141900.0,power
,AT,2020-06-24,6722400.000000001,power
,CZ,2020-06-24,21183500.0,power
,HR,2020-06-24,7573400.0,power
,BE,2020-06-24,84044200.0,power
,BG,2020-06-24,3513000.0,power
,DK,2020-06-24,3772400.0,power
,AT,2020-06-25,2732100.0,power
,BE,2020-06-25,82392500.0,power
,HR,2020-06-25,7614800.0,power
,BG,2020-06-25,3538000.0,power
,CZ,2020-06-25,20780400.0,power
,DK,2020-06-25,3158900.0,power
,CZ,2020-06-26,21065700.0,power
,AT,2020-06-26,149600.0,power
,DK,2020-06-26,3429200.0,power
,HR,2020-06-26,7134800.0,power
,BE,2020-06-26,82618100.0,power
,BG,2020-06-26,3512000.0,power
,BE,2020-06-27,74527000.0,power
,CZ,2020-06-27,20336200.0,power
,DK,2020-06-27,2526000.0,power
,BG,2020-06-27,3504000.0,power
,HR,2020-06-27,2921200.0,power
,AT,2020-06-27,33500.0,power
,DK,2020-06-28,2526800.0,power
,BG,2020-06-28,3494000.0,power
,CZ,2020-06-28,9095000.0,power
,HR,2020-06-28,2922300.0,power
,BE,2020-06-28,47900600.0,power
,AT,2020-06-28,2831000.0,power
,BG,2020-06-29,3513000.0,power
,BE,2020-06-29,81646500.0,power
,CZ,2020-06-29,21121300.0,power
,DK,2020-06-29,3526100.0,power
,AT,2020-06-29,8225299.999999999,power
,HR,2020-06-29,2915800.0,power
,BE,2020-06-30,83274100.0,power
,HR,2020-06-30,2936300.0,power
,BG,2020-06-30,3579000.0,power
,CZ,2020-06-30,21154300.0,power
,DK,2020-06-30,2253400.0,power
,AT,2020-06-30,2230900.0,power
1523.0,FR,2020-07-01,365.785,power
1527.0,IE,2020-07-01,323.485,power
1526.0,HU,2020-07-01,169.0,power
1535.0,PT,2020-07-01,356.446,power
1520.0,ES,2020-07-01,1051.0,power
1517.0,DE,2020-07-01,1229.0,power
1528.0,IT,2020-07-01,2451.0,power
,BG,2020-07-01,3474000.0,power
,BE,2020-07-01,92844200.0,power
,DK,2020-07-01,3761100.0,power
1519.0,EE,2020-07-01,7.379,power
1515.0,CY,2020-07-01,0.0,power
,AT,2020-07-01,11593300.0,power
1529.0,LT,2020-07-01,8.6,power
1530.0,LU,2020-07-01,2.91,power
1531.0,LV,2020-07-01,20.374,power
1536.0,RO,2020-07-01,58.0,power
1539.0,SK,2020-07-01,55.149,power
1537.0,SE,2020-07-01,2.0,power
1524.0,GR,2020-07-01,417.126,power
1522.0,FI,2020-07-01,20.0,power
1538.0,SI,2020-07-01,14.144,power
1533.0,NL,2020-07-01,1242.24,power
,CZ,2020-07-01,20712300.0,power
1521.0,EU27_2020,2020-07-01,8832.019,power
,HR,2020-07-01,2977900.0,power
1532.0,MT,2020-07-01,38.28,power
1534.0,PL,2020-07-01,159.719,power
,DK,2020-07-02,3265100.0,power
,BG,2020-07-02,3478000.0,power
,HR,2020-07-02,3688600.0,power
,AT,2020-07-02,14247300.0,power
,CZ,2020-07-02,20452000.0,power
,BE,2020-07-02,98247100.0,power
,CZ,2020-07-03,19898600.0,power
,DK,2020-07-03,3774900.0,power
,HR,2020-07-03,4486300.0,power
,BG,2020-07-03,3494000.0,power
,AT,2020-07-03,9755600.0,power
,BE,2020-07-03,87752200.0,power
,HR,2020-07-04,4750300.0,power
,BG,2020-07-04,3517000.0,power
,DK,2020-07-04,2044600.0,power
,BE,2020-07-04,48360800.0,power
,CZ,2020-07-04,16405700.0,power
,AT,2020-07-04,0.0,power
,DK,2020-07-05,1682500.0,power
,AT,2020-07-05,0.0,power
,HR,2020-07-05,4481700.0,power
,BE,2020-07-05,26495200.0,power
,CZ,2020-07-05,3004700.0,power
,BG,2020-07-05,3483000.0,power
,CZ,2020-07-06,16967600.0,power
,BE,2020-07-06,56476100.0,power
,HR,2020-07-06,6766200.0,power
,BG,2020-07-06,3405000.0,power
,AT,2020-07-06,15677500.0,power
,DK,2020-07-06,1492400.0,power
,HR,2020-07-07,9329500.0,power
,AT,2020-07-07,10561600.0,power
,DK,2020-07-07,3345600.0,power
,CZ,2020-07-07,21142700.0,power
,BG,2020-07-07,3452000.0,power
,BE,2020-07-07,90139300.0,power
,AT,2020-07-08,23014200.0,power
,BG,2020-07-08,3440000.0,power
,HR,2020-07-08,8915700.0,power
,CZ,2020-07-08,20611400.0,power
,DK,2020-07-08,3909700.0,power
,BE,2020-07-08,95548700.0,power
,BG,2020-07-09,3236000.0,power
,AT,2020-07-09,31772000.0,power
,HR,2020-07-09,9342800.0,power
,BE,2020-07-09,92495200.0,power
,DK,2020-07-09,4101100.000000001,power
,CZ,2020-07-09,20414800.0,power
,AT,2020-07-10,17660400.0,power
,BG,2020-07-10,3429000.0,power
,HR,2020-07-10,9023600.0,power
,CZ,2020-07-10,18871700.0,power
,DK,2020-07-10,3671900.0,power
,BE,2020-07-10,98986200.0,power
,HR,2020-07-11,9248900.0,power
,BE,2020-07-11,87844100.0,power
,AT,2020-07-11,10835500.0,power
,CZ,2020-07-11,20114500.0,power
,DK,2020-07-11,1989300.0,power
,BG,2020-07-11,3501000.0,power
,HR,2020-07-12,7971400.0,power
,CZ,2020-07-12,15189400.0,power
,BG,2020-07-12,3496000.0,power
,BE,2020-07-12,72772300.0,power
,DK,2020-07-12,2159500.0,power
,AT,2020-07-12,8878000.0,power
,DK,2020-07-13,3760500.0,power
,HR,2020-07-13,9601200.0,power
,BG,2020-07-13,3472000.0,power
,AT,2020-07-13,11838700.0,power
,BE,2020-07-13,89543500.0,power
,CZ,2020-07-13,20586200.0,power
,AT,2020-07-14,14648300.0,power
,DK,2020-07-14,3065100.0,power
,HR,2020-07-14,9543200.0,power
,BE,2020-07-14,103604100.0,power
,BG,2020-07-14,3458000.0,power
,CZ,2020-07-14,20065300.0,power
,DK,2020-07-15,3863600.0,power
,AT,2020-07-15,18449200.0,power
,HR,2020-07-15,9616000.0,power
,BE,2020-07-15,104208400.0,power
,BG,2020-07-15,3391000.0,power
,CZ,2020-07-15,20509600.0,power
,AT,2020-07-16,15717900.0,power
,HR,2020-07-16,9696200.0,power
,DK,2020-07-16,2833600.0,power
,BG,2020-07-16,3410000.0,power
,CZ,2020-07-16,20734400.0,power
,BE,2020-07-16,107946500.0,power
,DK,2020-07-17,3031500.0,power
,BG,2020-07-17,3360000.0,power
,CZ,2020-07-17,20401500.0,power
,BE,2020-07-17,105701300.0,power
,AT,2020-07-17,11089200.0,power
,HR,2020-07-17,9287600.0,power
,BE,2020-07-18,99565000.0,power
,BG,2020-07-18,3358000.0,power
,DK,2020-07-18,2315900.0,power
,HR,2020-07-18,9433500.0,power
,AT,2020-07-18,10720900.0,power
,CZ,2020-07-18,19656500.0,power
,DK,2020-07-19,2304900.0,power
,BE,2020-07-19,90652100.0,power
,AT,2020-07-19,10766800.0,power
,CZ,2020-07-19,10165200.0,power
,HR,2020-07-19,8864600.0,power
,BG,2020-07-19,3388000.0,power
,BG,2020-07-20,3340000.0,power
,BE,2020-07-20,94634600.0,power
,CZ,2020-07-20,19541100.0,power
,DK,2020-07-20,3395200.0,power
,AT,2020-07-20,12920300.0,power
,HR,2020-07-20,9365500.0,power
,AT,2020-07-21,16475000.0,power
,BG,2020-07-21,3347000.0,power
,DK,2020-07-21,2480000.0,power
,HR,2020-07-21,9456300.0,power
,BE,2020-07-21,98812500.0,power
,CZ,2020-07-21,19596400.0,power
,DK,2020-07-22,3352000.0,power
,BE,2020-07-22,105459400.0,power
,BG,2020-07-22,3419000.0,power
,HR,2020-07-22,9285000.0,power
,AT,2020-07-22,28944000.0,power
,CZ,2020-07-22,19794200.0,power
,DK,2020-07-23,3265500.0,power
,HR,2020-07-23,9455800.0,power
,AT,2020-07-23,30069300.0,power
,BE,2020-07-23,102489300.0,power
,BG,2020-07-23,3810000.0,power
,CZ,2020-07-23,19696100.0,power
,BE,2020-07-24,101658300.0,power
,BG,2020-07-24,3787000.0,power
,HR,2020-07-24,9305700.0,power
,AT,2020-07-24,18235900.0,power
,DK,2020-07-24,3133700.0,power
,CZ,2020-07-24,19446800.0,power
,BG,2020-07-25,3181000.0,power
,CZ,2020-07-25,19256700.0,power
,HR,2020-07-25,9269900.0,power
,BE,2020-07-25,77765100.0,power
,DK,2020-07-25,2711500.0,power
,AT,2020-07-25,11286000.0,power
,BG,2020-07-26,3358000.0,power
,BE,2020-07-26,53331100.0,power
,CZ,2020-07-26,19281600.0,power
,AT,2020-07-26,3323800.0,power
,DK,2020-07-26,2438900.0,power
,HR,2020-07-26,8139100.0,power
,CZ,2020-07-27,19539100.0,power
,BG,2020-07-27,3886000.0,power
,AT,2020-07-27,11223800.0,power
,BE,2020-07-27,91419600.0,power
,DK,2020-07-27,3375500.0,power
,HR,2020-07-27,9529000.0,power
,BE,2020-07-28,72189600.0,power
,AT,2020-07-28,14537600.0,power
,HR,2020-07-28,9401400.0,power
,BG,2020-07-28,3872000.0,power
,DK,2020-07-28,2103400.0,power
,CZ,2020-07-28,18967200.0,power
,AT,2020-07-29,13654400.0,power
,HR,2020-07-29,9511400.0,power
,DK,2020-07-29,2538900.0,power
,BG,2020-07-29,3808000.0,power
,CZ,2020-07-29,19682100.0,power
,BE,2020-07-29,91655100.0,power
,AT,2020-07-30,19231000.0,power
,BE,2020-07-30,92401400.0,power
,HR,2020-07-30,9615300.0,power
,BG,2020-07-30,3628000.0,power
,DK,2020-07-30,2441600.0,power
,CZ,2020-07-30,19700500.0,power
,HR,2020-07-31,9437800.0,power
,BE,2020-07-31,86318000.0,power
,CZ,2020-07-31,19506300.0,power
,AT,2020-07-31,14809100.0,power
,DK,2020-07-31,3589400.0,power
,BG,2020-07-31,3780000.0,power
,BE,2020-08-01,78185100.0,power
1560.0,MT,2020-08-01,39.263,power
1561.0,NL,2020-08-01,1316.921,power
1562.0,PL,2020-08-01,161.404,power
1563.0,PT,2020-08-01,375.184,power
1567.0,SK,2020-08-01,67.209,power
1565.0,SE,2020-08-01,2.8,power
1559.0,LV,2020-08-01,54.907,power
1566.0,SI,2020-08-01,14.703,power
,AT,2020-08-01,10779200.0,power
,HR,2020-08-01,9392400.0,power
,DK,2020-08-01,2179900.0,power
1547.0,EE,2020-08-01,7.651,power
1548.0,ES,2020-08-01,1004.0,power
1543.0,CY,2020-08-01,0.0,power
1557.0,LT,2020-08-01,9.0,power
1545.0,DE,2020-08-01,1072.0,power
,BG,2020-08-01,4064000.0,power
1549.0,EU27_2020,2020-08-01,8568.887,power
1550.0,FI,2020-08-01,26.0,power
1551.0,FR,2020-08-01,362.907,power
1554.0,HU,2020-08-01,165.0,power
1555.0,IE,2020-08-01,327.223,power
1556.0,IT,2020-08-01,2364.0,power
1552.0,GR,2020-08-01,387.335,power
1558.0,LU,2020-08-01,2.557,power
1564.0,RO,2020-08-01,60.0,power
,CZ,2020-08-01,19235200.0,power
,HR,2020-08-02,8139100.0,power
,DK,2020-08-02,2325600.0,power
,CZ,2020-08-02,19519300.0,power
,AT,2020-08-02,10335800.0,power
,BE,2020-08-02,77833900.0,power
,BG,2020-08-02,4199000.0,power
,BG,2020-08-03,4143000.0,power
,DK,2020-08-03,3084000.0,power
,AT,2020-08-03,12312700.0,power
,HR,2020-08-03,8273100.0,power
,CZ,2020-08-03,19967000.0,power
,BE,2020-08-03,81476000.0,power
,BE,2020-08-04,83597800.0,power
,CZ,2020-08-04,20288200.0,power
,AT,2020-08-04,10250000.0,power
,DK,2020-08-04,2273200.0,power
,HR,2020-08-04,8105900.0,power
,BG,2020-08-04,4093000.0,power
,DK,2020-08-05,2010300.0,power
,CZ,2020-08-05,20414300.0,power
,BE,2020-08-05,70612000.0,power
,HR,2020-08-05,6943500.0,power
,AT,2020-08-05,9786600.0,power
,BG,2020-08-05,4130000.0,power
,DK,2020-08-06,3760400.0,power
,BG,2020-08-06,4094000.0,power
,BE,2020-08-06,79530400.0,power
,AT,2020-08-06,10248800.0,power
,CZ,2020-08-06,20852200.0,power
,HR,2020-08-06,8291799.999999999,power
,HR,2020-08-07,8495000.0,power
,BE,2020-08-07,77342500.0,power
,AT,2020-08-07,13927900.0,power
,DK,2020-08-07,2697700.0,power
,CZ,2020-08-07,20548400.0,power
,BG,2020-08-07,4076000.0,power
,DK,2020-08-08,2214800.0,power
,CZ,2020-08-08,18136000.0,power
,BG,2020-08-08,4094000.0,power
,BE,2020-08-08,64510000.0,power
,HR,2020-08-08,8321299.999999999,power
,AT,2020-08-08,10677800.0,power
,AT,2020-08-09,9435600.0,power
,BG,2020-08-09,4064000.0,power
,DK,2020-08-09,2119900.0,power
,BE,2020-08-09,57280100.0,power
,HR,2020-08-09,8395400.0,power
,CZ,2020-08-09,9606900.0,power
,DK,2020-08-10,3034500.0,power
,CZ,2020-08-10,20435800.0,power
,BG,2020-08-10,3823000.0,power
,BE,2020-08-10,75287000.0,power
,HR,2020-08-10,8434800.0,power
,AT,2020-08-10,14503100.0,power
,DK,2020-08-11,3001500.0,power
,BE,2020-08-11,78415700.0,power
,BG,2020-08-11,3669000.0,power
,CZ,2020-08-11,20102400.0,power
,HR,2020-08-11,8236299.999999999,power
,AT,2020-08-11,21094900.0,power
,DK,2020-08-12,2358500.0,power
,BG,2020-08-12,4126000.0,power
,HR,2020-08-12,8155800.0,power
,BE,2020-08-12,79858000.0,power
,CZ,2020-08-12,20450300.0,power
,AT,2020-08-12,18163500.0,power
,HR,2020-08-13,8243200.000000001,power
,CZ,2020-08-13,20113900.0,power
,BG,2020-08-13,4014000.0,power
,AT,2020-08-13,10269800.0,power
,BE,2020-08-13,84930900.0,power
,DK,2020-08-13,2411300.0,power
,AT,2020-08-14,12353300.0,power
,BE,2020-08-14,85536500.0,power
,DK,2020-08-14,3451000.0,power
,HR,2020-08-14,8170900.0,power
,CZ,2020-08-14,20336300.0,power
,BG,2020-08-14,4201000.0,power
,DK,2020-08-15,2171600.0,power
,HR,2020-08-15,7717100.0,power
,CZ,2020-08-15,20487200.0,power
,BG,2020-08-15,4207000.0,power
,AT,2020-08-15,10870600.0,power
,BE,2020-08-15,77744200.0,power
,BG,2020-08-16,4207000.0,power
,HR,2020-08-16,8057900.0,power
,CZ,2020-08-16,13860500.0,power
,AT,2020-08-16,10847300.0,power
,BE,2020-08-16,77544800.0,power
,DK,2020-08-16,2069500.0,power
,AT,2020-08-17,21009000.0,power
,CZ,2020-08-17,20432000.0,power
,HR,2020-08-17,8692000.0,power
,BE,2020-08-17,82623600.0,power
,BG,2020-08-17,4177000.0,power
,DK,2020-08-17,2743800.0,power
,BG,2020-08-18,4244000.0,power
,AT,2020-08-18,23497700.0,power
,DK,2020-08-18,3151500.0,power
,BE,2020-08-18,74984300.0,power
,HR,2020-08-18,8813700.0,power
,CZ,2020-08-18,20765200.0,power
,BE,2020-08-19,67733500.0,power
,CZ,2020-08-19,20890300.0,power
,BG,2020-08-19,4285000.0,power
,AT,2020-08-19,10308500.0,power
,DK,2020-08-19,2232000.0,power
,HR,2020-08-19,5634600.0,power
,BE,2020-08-20,76208900.0,power
,DK,2020-08-20,2707600.0,power
,CZ,2020-08-20,20684300.0,power
,BG,2020-08-20,4315000.0,power
,AT,2020-08-20,12943500.0,power
,HR,2020-08-20,5832100.0,power
,AT,2020-08-21,11695800.0,power
,HR,2020-08-21,4821300.0,power
,CZ,2020-08-21,18659200.0,power
,BG,2020-08-21,4285000.0,power
,DK,2020-08-21,3177300.0,power
,BE,2020-08-21,70944300.0,power
,CZ,2020-08-22,2849500.0,power
,BE,2020-08-22,54099900.0,power
,AT,2020-08-22,10804000.0,power
,DK,2020-08-22,2315800.0,power
,BG,2020-08-22,4251000.0,power
,HR,2020-08-22,4723300.0,power
,HR,2020-08-23,4505800.0,power
,AT,2020-08-23,4606100.0,power
,DK,2020-08-23,2314000.0,power
,BG,2020-08-23,4325000.0,power
,CZ,2020-08-23,2845900.0,power
,BE,2020-08-23,55599500.0,power
,BE,2020-08-24,76163300.0,power
,CZ,2020-08-24,2965900.0,power
,DK,2020-08-24,3679600.0,power
,BG,2020-08-24,4361000.0,power
,HR,2020-08-24,4759000.0,power
,AT,2020-08-24,18565500.0,power
,AT,2020-08-25,17791300.0,power
,HR,2020-08-25,6378800.0,power
,CZ,2020-08-25,3267300.0,power
,BG,2020-08-25,4264000.0,power
,BE,2020-08-25,74362000.0,power
,DK,2020-08-25,2185500.0,power
,CZ,2020-08-26,3023300.0,power
,AT,2020-08-26,16822900.0,power
,DK,2020-08-26,2076400.0,power
,HR,2020-08-26,7944800.0,power
,BE,2020-08-26,80131400.0,power
,BG,2020-08-26,4204000.0,power
,CZ,2020-08-27,3038800.0,power
,BE,2020-08-27,91715100.0,power
,HR,2020-08-27,9715400.0,power
,BG,2020-08-27,4237000.0,power
,AT,2020-08-27,16924800.0,power
,DK,2020-08-27,3695100.0,power
,AT,2020-08-28,10054400.0,power
,BG,2020-08-28,4331000.0,power
,BE,2020-08-28,83278400.00000001,power
,DK,2020-08-28,2664799.9999999995,power
,HR,2020-08-28,9150800.0,power
,CZ,2020-08-28,3044300.0,power
,DK,2020-08-29,2621900.0,power
,BE,2020-08-29,80810800.0,power
,AT,2020-08-29,10840000.0,power
,CZ,2020-08-29,2975600.0,power
,HR,2020-08-29,8718100.0,power
,BG,2020-08-29,4307000.0,power
,DK,2020-08-30,2683400.0,power
,BE,2020-08-30,66734899.99999999,power
,BG,2020-08-30,4281000.0,power
,HR,2020-08-30,8182500.0,power
,CZ,2020-08-30,2996500.0,power
,AT,2020-08-30,9973500.0,power
,AT,2020-08-31,9851300.0,power
,DK,2020-08-31,3419000.0,power
,BG,2020-08-31,4298000.0,power
,CZ,2020-08-31,3103800.0,power
,HR,2020-08-31,9844100.0,power
,BE,2020-08-31,81277900.0,power
1591.0,PT,2020-09-01,397.965,power
1592.0,RO,2020-09-01,59.0,power
1593.0,SE,2020-09-01,3.2,power
1594.0,SI,2020-09-01,14.823,power
1595.0,SK,2020-09-01,70.568,power
1585.0,LT,2020-09-01,9.3,power
,AT,2020-09-01,14882699.999999998,power
,CZ,2020-09-01,3118700.0,power
1577.0,EU27_2020,2020-09-01,8071.407,power
1590.0,PL,2020-09-01,153.132,power
,DK,2020-09-01,3929100.0,power
,BG,2020-09-01,4338000.0,power
1571.0,CY,2020-09-01,0.0,power
1589.0,NL,2020-09-01,1030.061,power
1578.0,FI,2020-09-01,38.0,power
1587.0,LV,2020-09-01,36.339,power
1586.0,LU,2020-09-01,2.557,power
1584.0,IT,2020-09-01,2376.0,power
1573.0,DE,2020-09-01,1090.0,power
1583.0,IE,2020-09-01,299.297,power
1582.0,HU,2020-09-01,175.0,power
1580.0,GR,2020-09-01,344.076,power
1579.0,FR,2020-09-01,358.571,power
,HR,2020-09-01,9971000.0,power
1576.0,ES,2020-09-01,890.0,power
1575.0,EE,2020-09-01,8.787,power
,BE,2020-09-01,81858400.0,power
1588.0,MT,2020-09-01,32.642,power
,AT,2020-09-02,10485300.000000002,power
,BG,2020-09-02,4242000.0,power
,DK,2020-09-02,2823700.0,power
,BE,2020-09-02,83043100.0,power
,CZ,2020-09-02,3104700.0,power
,HR,2020-09-02,10460600.0,power
,HR,2020-09-03,10173600.0,power
,CZ,2020-09-03,3159800.0,power
,AT,2020-09-03,10776900.0,power
,BE,2020-09-03,73910300.0,power
,BG,2020-09-03,4280000.0,power
,DK,2020-09-03,3241900.0,power
,DK,2020-09-04,3017100.0,power
,HR,2020-09-04,7788300.0,power
,AT,2020-09-04,10599400.0,power
,BG,2020-09-04,4215000.0,power
,CZ,2020-09-04,3128600.0,power
,BE,2020-09-04,76721300.0,power
,DK,2020-09-05,2658700.0,power
,BE,2020-09-05,53526500.0,power
,HR,2020-09-05,5252200.0,power
,AT,2020-09-05,9256200.0,power
,CZ,2020-09-05,2951200.0,power
,BG,2020-09-05,4193000.0,power
,AT,2020-09-06,9374900.0,power
,BG,2020-09-06,4317000.0,power
,BE,2020-09-06,57796800.0,power
,DK,2020-09-06,2940900.0,power
,CZ,2020-09-06,2888500.0,power
,HR,2020-09-06,5763100.0,power
,CZ,2020-09-07,2442300.0,power
,BE,2020-09-07,71189700.0,power
,HR,2020-09-07,7246600.0,power
,DK,2020-09-07,3570500.0,power
,AT,2020-09-07,11281600.0,power
,BG,2020-09-07,4283000.0,power
,CZ,2020-09-08,2446900.0,power
,BG,2020-09-08,4330000.0,power
,DK,2020-09-08,2750200.0,power
,HR,2020-09-08,8288200.000000001,power
,BE,2020-09-08,78494100.0,power
,AT,2020-09-08,10646700.0,power
,BG,2020-09-09,4358000.0,power
,CZ,2020-09-09,2460500.0,power
,BE,2020-09-09,75616100.0,power
,AT,2020-09-09,10853400.0,power
,HR,2020-09-09,9448000.0,power
,DK,2020-09-09,2781000.0,power
,AT,2020-09-10,12459200.0,power
,DK,2020-09-10,3946100.0,power
,BE,2020-09-10,74646300.0,power
,BG,2020-09-10,4370000.0,power
,HR,2020-09-10,9388000.0,power
,CZ,2020-09-10,2452600.0,power
,BE,2020-09-11,76176400.0,power
,CZ,2020-09-11,2444400.0,power
,AT,2020-09-11,10624700.0,power
,BG,2020-09-11,3799000.0,power
,HR,2020-09-11,9137400.0,power
,DK,2020-09-11,4460300.0,power
,AT,2020-09-12,9746400.0,power
,BG,2020-09-12,3710000.0,power
,HR,2020-09-12,9425800.0,power
,DK,2020-09-12,3107200.0,power
,CZ,2020-09-12,2354400.0,power
,BE,2020-09-12,60722300.0,power
,CZ,2020-09-13,2349700.0,power
,BG,2020-09-13,4140000.0,power
,AT,2020-09-13,9535200.0,power
,HR,2020-09-13,8366799.999999999,power
,BE,2020-09-13,44821200.0,power
,DK,2020-09-13,2638800.0,power
,AT,2020-09-14,12272800.0,power
,HR,2020-09-14,9731000.0,power
,BE,2020-09-14,80238900.0,power
,CZ,2020-09-14,2516000.0,power
,DK,2020-09-14,4006000.0,power
,BG,2020-09-14,4277000.0,power
,HR,2020-09-15,9879600.0,power
,BE,2020-09-15,80266100.0,power
,BG,2020-09-15,4273000.0,power
,DK,2020-09-15,4945800.0,power
,CZ,2020-09-15,2560700.0,power
,AT,2020-09-15,14466200.0,power
,AT,2020-09-16,30746100.0,power
,DK,2020-09-16,3000900.0,power
,BE,2020-09-16,75587300.0,power
,BG,2020-09-16,3989000.0,power
,CZ,2020-09-16,3167100.0,power
,HR,2020-09-16,9915500.0,power
,AT,2020-09-17,18173600.000000004,power
,HR,2020-09-17,9468000.0,power
,BG,2020-09-17,4167000.0,power
,CZ,2020-09-17,3906300.0,power
,DK,2020-09-17,3878400.0,power
,BE,2020-09-17,71846700.0,power
,BG,2020-09-18,4254000.0,power
,BE,2020-09-18,67629600.0,power
,CZ,2020-09-18,3926000.0,power
,HR,2020-09-18,9343300.0,power
,DK,2020-09-18,3911100.0,power
,AT,2020-09-18,13288100.0,power
,CZ,2020-09-19,3820200.0,power
,DK,2020-09-19,3626100.0,power
,BE,2020-09-19,62156100.0,power
,HR,2020-09-19,9304800.0,power
,BG,2020-09-19,4313000.0,power
,AT,2020-09-19,14412600.0,power
,AT,2020-09-20,11802200.0,power
,BG,2020-09-20,4321000.0,power
,DK,2020-09-20,3623200.0,power
,CZ,2020-09-20,3799200.0,power
,BE,2020-09-20,56880800.0,power
,HR,2020-09-20,8918100.0,power
,HR,2020-09-21,9860500.0,power
,DK,2020-09-21,5091400.0,power
,AT,2020-09-21,11274000.0,power
,BG,2020-09-21,4137000.0,power
,BE,2020-09-21,63471800.0,power
,CZ,2020-09-21,4005100.0,power
,BE,2020-09-22,69502500.0,power
,HR,2020-09-22,9639900.0,power
,CZ,2020-09-22,4018200.0,power
,DK,2020-09-22,4292500.0,power
,BG,2020-09-22,4012000.0,power
,AT,2020-09-22,10887900.0,power
,BE,2020-09-23,63569000.0,power
,AT,2020-09-23,23336400.0,power
,HR,2020-09-23,9374700.0,power
,DK,2020-09-23,3507300.0,power
,CZ,2020-09-23,4053600.0,power
,BG,2020-09-23,3997000.0,power
,DK,2020-09-24,2935900.0,power
,BG,2020-09-24,3948000.0,power
,CZ,2020-09-24,4094500.0,power
,BE,2020-09-24,52167100.0,power
,HR,2020-09-24,9530000.0,power
,AT,2020-09-24,29241800.0,power
,CZ,2020-09-25,4138200.0,power
,DK,2020-09-25,5427400.0,power
,AT,2020-09-25,11376300.0,power
,HR,2020-09-25,8456000.0,power
,BG,2020-09-25,4007000.0,power
,BE,2020-09-25,59596900.0,power
,BE,2020-09-26,39058600.0,power
,CZ,2020-09-26,3947300.0,power
,BG,2020-09-26,3776000.0,power
,DK,2020-09-26,2661800.0,power
,HR,2020-09-26,5060800.0,power
,AT,2020-09-26,10786100.0,power
,DK,2020-09-27,2244400.0,power
,AT,2020-09-27,10676300.0,power
,BE,2020-09-27,44128400.0,power
,HR,2020-09-27,5073900.0,power
,BG,2020-09-27,3785000.0,power
,CZ,2020-09-27,3925800.0,power
,BG,2020-09-28,3800000.0,power
,DK,2020-09-28,4902400.0,power
,HR,2020-09-28,7294800.0,power
,AT,2020-09-28,10821300.0,power
,BE,2020-09-28,69594200.0,power
,CZ,2020-09-28,4142700.0,power
,BE,2020-09-29,71746000.0,power
,BG,2020-09-29,3761000.0,power
,AT,2020-09-29,11020000.0,power
,HR,2020-09-29,8275799.999999999,power
,CZ,2020-09-29,5183600.0,power
,DK,2020-09-29,4651000.0,power
,BE,2020-09-30,66486300.0,power
,HR,2020-09-30,8692000.0,power
,CZ,2020-09-30,5494900.0,power
,BG,2020-09-30,4135000.0,power
,DK,2020-09-30,4478600.0,power
,AT,2020-09-30,11049000.0,power
1613.0,LT,2020-10-01,15.1,power
1622.0,SI,2020-10-01,13.674,power
,HR,2020-10-01,9435700.0,power
1601.0,DE,2020-10-01,1244.0,power
1620.0,RO,2020-10-01,90.0,power
1621.0,SE,2020-10-01,3.0,power
1623.0,SK,2020-10-01,83.134,power
1619.0,PT,2020-10-01,344.539,power
1618.0,PL,2020-10-01,179.617,power
1617.0,NL,2020-10-01,904.367,power
1616.0,MT,2020-10-01,28.822,power
1614.0,LU,2020-10-01,2.557,power
1604.0,ES,2020-10-01,570.0,power
1603.0,EE,2020-10-01,12.317,power
1606.0,FI,2020-10-01,41.0,power
,DK,2020-10-01,2525500.0,power
,BG,2020-10-01,5073000.0,power
,AT,2020-10-01,17838600.0,power
,BE,2020-10-01,72069600.0,power
1599.0,CY,2020-10-01,0.0,power
,CZ,2020-10-01,6234400.0,power
1608.0,GR,2020-10-01,297.89,power
1610.0,HU,2020-10-01,219.0,power
1611.0,IE,2020-10-01,253.68,power
1612.0,IT,2020-10-01,1870.0,power
1607.0,FR,2020-10-01,304.095,power
1615.0,LV,2020-10-01,36.005,power
1605.0,EU27_2020,2020-10-01,7252.523,power
,AT,2020-10-02,18227900.0,power
,BG,2020-10-02,5483000.0,power
,HR,2020-10-02,10853600.0,power
,DK,2020-10-02,3100700.0,power
,CZ,2020-10-02,6065300.0,power
,BE,2020-10-02,68271600.0,power
,BE,2020-10-03,60151500.0,power
,BG,2020-10-03,5474000.0,power
,HR,2020-10-03,8236299.999999999,power
,CZ,2020-10-03,4687500.0,power
,DK,2020-10-03,1853800.0,power
,AT,2020-10-03,7525300.0,power
,DK,2020-10-04,2326000.0,power
,HR,2020-10-04,8022300.0,power
,BG,2020-10-04,5354000.0,power
,CZ,2020-10-04,4580400.0,power
,BE,2020-10-04,26274100.0,power
,AT,2020-10-04,2719500.0,power
,CZ,2020-10-05,5997100.0,power
,HR,2020-10-05,8881200.0,power
,BG,2020-10-05,5329000.0,power
,AT,2020-10-05,21877200.0,power
,DK,2020-10-05,4542100.0,power
,BE,2020-10-05,49219900.0,power
,AT,2020-10-06,30214100.0,power
,BG,2020-10-06,4476000.0,power
,DK,2020-10-06,4588599.999999999,power
,BE,2020-10-06,54134900.0,power
,HR,2020-10-06,9230900.0,power
,CZ,2020-10-06,6213200.0,power
,HR,2020-10-07,8735100.0,power
,AT,2020-10-07,31371300.0,power
,CZ,2020-10-07,6293000.0,power
,BE,2020-10-07,61248800.0,power
,DK,2020-10-07,4795600.0,power
,BG,2020-10-07,4190000.0,power
,DK,2020-10-08,3579900.0,power
,HR,2020-10-08,9040100.0,power
,AT,2020-10-08,24433300.0,power
,CZ,2020-10-08,6246200.0,power
,BG,2020-10-08,4799000.0,power
,BE,2020-10-08,62662500.0,power
,BE,2020-10-09,72394500.0,power
,DK,2020-10-09,5653300.0,power
,AT,2020-10-09,33614300.0,power
,HR,2020-10-09,9178800.0,power
,BG,2020-10-09,5059000.0,power
,CZ,2020-10-09,6201200.0,power
,CZ,2020-10-10,4775400.0,power
,HR,2020-10-10,9226000.0,power
,BE,2020-10-10,32528700.0,power
,AT,2020-10-10,18259800.0,power
,DK,2020-10-10,3416100.0,power
,BG,2020-10-10,4980000.0,power
,CZ,2020-10-11,5996200.0,power
,BE,2020-10-11,33045400.0,power
,AT,2020-10-11,15314400.0,power
,BG,2020-10-11,4728000.0,power
,DK,2020-10-11,4286200.0,power
,HR,2020-10-11,8787600.0,power
,AT,2020-10-12,27963400.0,power
,BE,2020-10-12,67341100.0,power
,DK,2020-10-12,6483200.0,power
,CZ,2020-10-12,6448000.0,power
,HR,2020-10-12,8539400.0,power
,BG,2020-10-12,4672000.0,power
,BG,2020-10-13,4801000.0,power
,DK,2020-10-13,5644900.0,power
,AT,2020-10-13,34474400.0,power
,HR,2020-10-13,8812500.0,power
,BE,2020-10-13,80479300.0,power
,CZ,2020-10-13,6401500.0,power
,DK,2020-10-14,3029800.0,power
,AT,2020-10-14,46484700.0,power
,BE,2020-10-14,83177000.0,power
,CZ,2020-10-14,6934900.0,power
,HR,2020-10-14,8810600.0,power
,BG,2020-10-14,4802000.0,power
,AT,2020-10-15,32660300.0,power
,BE,2020-10-15,82487300.0,power
,DK,2020-10-15,5515600.0,power
,HR,2020-10-15,8964400.0,power
,CZ,2020-10-15,8414800.0,power
,BG,2020-10-15,5033000.0,power
,DK,2020-10-16,7218100.0,power
,BE,2020-10-16,89175000.0,power
,BG,2020-10-16,5212000.0,power
,HR,2020-10-16,8906000.0,power
,AT,2020-10-16,23915100.0,power
,CZ,2020-10-16,7569000.0,power
,HR,2020-10-17,9007800.0,power
,BE,2020-10-17,75864200.0,power
,DK,2020-10-17,4843100.0,power
,BG,2020-10-17,5247000.0,power
,AT,2020-10-17,23566300.0,power
,CZ,2020-10-17,7204900.0,power
,BE,2020-10-18,61040000.0,power
,AT,2020-10-18,23288900.0,power
,BG,2020-10-18,5268000.0,power
,DK,2020-10-18,3513299.9999999995,power
,HR,2020-10-18,9007100.0,power
,CZ,2020-10-18,6475600.0,power
,DK,2020-10-19,8273100.0,power
,BG,2020-10-19,5393000.0,power
,HR,2020-10-19,8832800.0,power
,BE,2020-10-19,65976600.00000001,power
,CZ,2020-10-19,10719100.0,power
,AT,2020-10-19,24941400.0,power
,CZ,2020-10-20,11032000.0,power
,DK,2020-10-20,6271500.0,power
,AT,2020-10-20,29235800.0,power
,BG,2020-10-20,5394000.0,power
,BE,2020-10-20,51135600.0,power
,HR,2020-10-20,8868900.0,power
,AT,2020-10-21,33979800.0,power
,HR,2020-10-21,8952300.0,power
,DK,2020-10-21,5161600.0,power
,BG,2020-10-21,5347000.0,power
,CZ,2020-10-21,7628800.0,power
,BE,2020-10-21,44283100.0,power
,BE,2020-10-22,76381000.0,power
,HR,2020-10-22,8546100.0,power
,DK,2020-10-22,3185300.0,power
,BG,2020-10-22,5422000.0,power
,CZ,2020-10-22,11324300.0,power
,AT,2020-10-22,38721100.0,power
,BG,2020-10-23,4806000.0,power
,DK,2020-10-23,6695500.0,power
,HR,2020-10-23,8405600.0,power
,CZ,2020-10-23,9369800.0,power
,AT,2020-10-23,35125800.0,power
,BE,2020-10-23,77506600.0,power
,BE,2020-10-24,26442600.0,power
,AT,2020-10-24,15582200.0,power
,CZ,2020-10-24,8795700.0,power
,DK,2020-10-24,3136600.0,power
,BG,2020-10-24,4814000.0,power
,HR,2020-10-24,4708600.0,power
,DK,2020-10-25,3747500.0,power
,CZ,2020-10-25,6327600.0,power
,HR,2020-10-25,4670000.0,power
,BE,2020-10-25,31553700.0,power
,BG,2020-10-25,4751000.0,power
,AT,2020-10-25,11831300.0,power
,DK,2020-10-26,5974800.0,power
,AT,2020-10-26,28391800.0,power
,HR,2020-10-26,6791599.999999999,power
,BE,2020-10-26,47726900.0,power
,CZ,2020-10-26,8404700.0,power
,BG,2020-10-26,4828000.0,power
,DK,2020-10-27,2841700.0,power
,BG,2020-10-27,4746000.0,power
,AT,2020-10-27,32626500.0,power
,CZ,2020-10-27,12273000.0,power
,HR,2020-10-27,8147600.0,power
,BE,2020-10-27,37152400.0,power
,BG,2020-10-28,4847000.0,power
,DK,2020-10-28,2896600.0,power
,AT,2020-10-28,31900800.0,power
,HR,2020-10-28,8348400.0,power
,CZ,2020-10-28,8937300.0,power
,BE,2020-10-28,32977600.0,power
,CZ,2020-10-29,14628100.0,power
,HR,2020-10-29,8866000.0,power
,AT,2020-10-29,30452000.0,power
,DK,2020-10-29,6056700.0,power
,BE,2020-10-29,59999900.0,power
,BG,2020-10-29,5459000.0,power
,DK,2020-10-30,4938500.0,power
,HR,2020-10-30,9120100.0,power
,BE,2020-10-30,40939100.0,power
,CZ,2020-10-30,14191800.0,power
,BG,2020-10-30,6185000.0,power
,AT,2020-10-30,32602600.0,power
,AT,2020-10-31,26752500.0,power
,HR,2020-10-31,4620200.0,power
,DK,2020-10-31,4267700.0,power
,BE,2020-10-31,30794700.0,power
,BG,2020-10-31,6213000.0,power
,CZ,2020-10-31,6680000.0,power
1640.0,IT,2020-11-01,2148.0,power
1629.0,DE,2020-11-01,1542.0,power
1634.0,FI,2020-11-01,49.0,power
,DK,2020-11-01,2194200.0,power
1633.0,EU27_2020,2020-11-01,8624.523,power
1635.0,FR,2020-11-01,406.374,power
1636.0,GR,2020-11-01,307.144,power
,BG,2020-11-01,6779000.0,power
1638.0,HU,2020-11-01,291.0,power
1639.0,IE,2020-11-01,262.356,power
1632.0,ES,2020-11-01,659.0,power
1631.0,EE,2020-11-01,19.3,power
1647.0,PT,2020-11-01,316.776,power
,AT,2020-11-01,7587900.0,power
,CZ,2020-11-01,6610000.0,power
1651.0,SK,2020-11-01,88.643,power
1648.0,RO,2020-11-01,167.0,power
1649.0,SE,2020-11-01,4.1,power
,HR,2020-11-01,4626500.0,power
1650.0,SI,2020-11-01,19.984,power
1642.0,LU,2020-11-01,8.413,power
1643.0,LV,2020-11-01,56.466,power
1644.0,MT,2020-11-01,20.351,power
1646.0,PL,2020-11-01,205.889,power
1645.0,NL,2020-11-01,1043.249,power
1641.0,LT,2020-11-01,23.5,power
1627.0,CY,2020-11-01,0.0,power
,BE,2020-11-01,28079700.0,power
,CZ,2020-11-02,9740700.0,power
,BG,2020-11-02,7060000.0,power
,BE,2020-11-02,31553500.0,power
,HR,2020-11-02,7362100.0,power
,DK,2020-11-02,2630300.0,power
,AT,2020-11-02,31433300.0,power
,BE,2020-11-03,56219000.0,power
,BG,2020-11-03,7143000.0,power
,CZ,2020-11-03,19444800.0,power
,AT,2020-11-03,31020900.0,power
,HR,2020-11-03,8957000.0,power
,DK,2020-11-03,3410300.0,power
,AT,2020-11-04,23381300.0,power
,HR,2020-11-04,9145100.0,power
,BG,2020-11-04,7405000.0,power
,BE,2020-11-04,77245300.0,power
,DK,2020-11-04,2752800.0,power
,CZ,2020-11-04,21219800.0,power
,AT,2020-11-05,25408600.0,power
,DK,2020-11-05,2891600.0,power
,CZ,2020-11-05,19727300.0,power
,BE,2020-11-05,71768900.0,power
,BG,2020-11-05,7219000.0,power
,HR,2020-11-05,9518800.0,power
,BG,2020-11-06,7557000.0,power
,BE,2020-11-06,65821500.0,power
,DK,2020-11-06,5852600.0,power
,CZ,2020-11-06,20059900.0,power
,HR,2020-11-06,9134700.0,power
,AT,2020-11-06,27300600.0,power
,CZ,2020-11-07,6909500.0,power
,AT,2020-11-07,25903400.0,power
,BE,2020-11-07,38923200.0,power
,BG,2020-11-07,7696000.0,power
,HR,2020-11-07,9935100.0,power
,DK,2020-11-07,5286300.0,power
,AT,2020-11-08,29367200.0,power
,BG,2020-11-08,7675000.0,power
,CZ,2020-11-08,11821200.0,power
,HR,2020-11-08,9268300.0,power
,BE,2020-11-08,32126500.0,power
,DK,2020-11-08,5229400.0,power
,BG,2020-11-09,7606000.0,power
,AT,2020-11-09,39384400.0,power
,DK,2020-11-09,7669200.0,power
,BE,2020-11-09,73274700.0,power
,CZ,2020-11-09,21517300.0,power
,HR,2020-11-09,9865900.0,power
,BG,2020-11-10,6841000.0,power
,HR,2020-11-10,9508600.0,power
,DK,2020-11-10,7745100.0,power
,BE,2020-11-10,76247300.0,power
,CZ,2020-11-10,21452400.0,power
,AT,2020-11-10,40978100.0,power
,BG,2020-11-11,7231000.0,power
,HR,2020-11-11,9717500.0,power
,CZ,2020-11-11,19389200.0,power
,AT,2020-11-11,46310100.0,power
,DK,2020-11-11,7661700.0,power
,BE,2020-11-11,60892700.0,power
,AT,2020-11-12,38225800.0,power
,DK,2020-11-12,7150900.0,power
,BE,2020-11-12,57901200.0,power
,HR,2020-11-12,9842500.0,power
,BG,2020-11-12,8076000.0,power
,CZ,2020-11-12,20058600.0,power
,DK,2020-11-13,7415200.0,power
,BE,2020-11-13,62640700.0,power
,CZ,2020-11-13,20903400.0,power
,HR,2020-11-13,9861900.0,power
,AT,2020-11-13,45155700.0,power
,BG,2020-11-13,7970000.0,power
,CZ,2020-11-14,6904200.0,power
,BG,2020-11-14,8000000.0,power
,DK,2020-11-14,6990700.0,power
,BE,2020-11-14,29970700.0,power
,AT,2020-11-14,42405200.0,power
,HR,2020-11-14,9822100.0,power
,HR,2020-11-15,9516400.0,power
,BE,2020-11-15,27527600.0,power
,AT,2020-11-15,28373100.0,power
,DK,2020-11-15,2667300.0,power
,BG,2020-11-15,7912000.0,power
,CZ,2020-11-15,6777600.0,power
,BG,2020-11-16,7647000.0,power
,BE,2020-11-16,50548100.0,power
,AT,2020-11-16,46874500.0,power
,HR,2020-11-16,9855000.0,power
,DK,2020-11-16,3838100.0,power
,CZ,2020-11-16,14807900.0,power
,CZ,2020-11-17,14776300.0,power
,DK,2020-11-17,3621100.0,power
,HR,2020-11-17,9884200.0,power
,AT,2020-11-17,50076200.0,power
,BG,2020-11-17,7808000.0,power
,BE,2020-11-17,68862700.0,power
,CZ,2020-11-18,18733400.0,power
,AT,2020-11-18,51455200.0,power
,DK,2020-11-18,2528600.0,power
,HR,2020-11-18,10123100.0,power
,BE,2020-11-18,44823600.0,power
,BG,2020-11-18,7849000.0,power
,DK,2020-11-19,2715500.0,power
,BE,2020-11-19,55393200.0,power
,CZ,2020-11-19,20029300.0,power
,HR,2020-11-19,10145100.0,power
,BG,2020-11-19,7904000.0,power
,AT,2020-11-19,41071200.0,power
,HR,2020-11-20,11634400.0,power
,DK,2020-11-20,8344400.0,power
,AT,2020-11-20,30162100.0,power
,BG,2020-11-20,8183000.0,power
,BE,2020-11-20,80271000.0,power
,CZ,2020-11-20,21707600.0,power
,HR,2020-11-21,7246500.0,power
,CZ,2020-11-21,18243700.0,power
,AT,2020-11-21,43767500.0,power
,DK,2020-11-21,2745900.0,power
,BE,2020-11-21,41254700.0,power
,BG,2020-11-21,8512000.0,power
,BG,2020-11-22,8735000.0,power
,AT,2020-11-22,37934300.0,power
,HR,2020-11-22,9290800.0,power
,CZ,2020-11-22,16783400.0,power
,DK,2020-11-22,2824100.0,power
,BE,2020-11-22,65593800.0,power
,CZ,2020-11-23,22296000.0,power
,BG,2020-11-23,8794000.0,power
,HR,2020-11-23,11897000.0,power
,BE,2020-11-23,96326600.0,power
,AT,2020-11-23,57261300.0,power
,DK,2020-11-23,4431900.0,power
,DK,2020-11-24,3741100.0,power
,CZ,2020-11-24,22434300.0,power
,BE,2020-11-24,87634000.0,power
,HR,2020-11-24,12224900.0,power
,BG,2020-11-24,9035000.0,power
,AT,2020-11-24,55869600.0,power
,BE,2020-11-25,97369800.0,power
,BG,2020-11-25,9076000.0,power
,CZ,2020-11-25,27109100.000000004,power
,DK,2020-11-25,4498800.0,power
,HR,2020-11-25,12795500.0,power
,AT,2020-11-25,51837500.0,power
,AT,2020-11-26,49629600.0,power
,DK,2020-11-26,9785700.0,power
,BE,2020-11-26,109572200.0,power
,HR,2020-11-26,13189300.0,power
,BG,2020-11-26,9062000.0,power
,CZ,2020-11-26,27698300.0,power
,CZ,2020-11-27,26900900.0,power
,BG,2020-11-27,9080000.0,power
,AT,2020-11-27,53244400.0,power
,HR,2020-11-27,13490000.0,power
,BE,2020-11-27,111679300.0,power
,DK,2020-11-27,11411500.0,power
,DK,2020-11-28,11416400.0,power
,BE,2020-11-28,103129800.0,power
,AT,2020-11-28,40228100.0,power
,BG,2020-11-28,9057000.0,power
,HR,2020-11-28,13209600.0,power
,CZ,2020-11-28,25585600.0,power
,CZ,2020-11-29,19923500.0,power
,BE,2020-11-29,95137700.0,power
,BG,2020-11-29,8888000.0,power
,AT,2020-11-29,40703800.0,power
,DK,2020-11-29,12291800.0,power
,HR,2020-11-29,12148200.0,power
,BG,2020-11-30,8951000.0,power
,BE,2020-11-30,95224200.0,power
,CZ,2020-11-30,25990000.0,power
,DK,2020-11-30,11649300.0,power
,HR,2020-11-30,12369700.0,power
,AT,2020-11-30,52516700.0,power
,AT,2020-12-01,60102500.0,power
1655.0,CY,2020-12-01,0.0,power
,HR,2020-12-01,11992700.0,power
,DK,2020-12-01,12870699.999999998,power
,BE,2020-12-01,93451600.0,power
1657.0,DE,2020-12-01,1759.0,power
1663.0,FR,2020-12-01,398.559,power
1670.0,LU,2020-12-01,6.67,power
,CZ,2020-12-01,26701900.0,power
,BG,2020-12-01,9248000.0,power
1659.0,EE,2020-12-01,27.8,power
1666.0,HU,2020-12-01,281.0,power
1661.0,EU27_2020,2020-12-01,9244.474,power
1660.0,ES,2020-12-01,615.0,power
1679.0,SK,2020-12-01,100.428,power
1676.0,RO,2020-12-01,226.0,power
1675.0,PT,2020-12-01,227.182,power
1668.0,IT,2020-12-01,2322.0,power
1674.0,PL,2020-12-01,247.396,power
1673.0,NL,2020-12-01,1035.956,power
1672.0,MT,2020-12-01,25.711,power
1662.0,FI,2020-12-01,63.0,power
1678.0,SI,2020-12-01,17.247,power
1669.0,LT,2020-12-01,32.1,power
1677.0,SE,2020-12-01,4.0,power
1667.0,IE,2020-12-01,272.745,power
1664.0,GR,2020-12-01,371.874,power
1671.0,LV,2020-12-01,67.534,power
,HR,2020-12-02,12746700.0,power
,AT,2020-12-02,54816900.0,power
,BE,2020-12-02,106392800.0,power
,CZ,2020-12-02,27778200.0,power
,BG,2020-12-02,9548000.0,power
,DK,2020-12-02,14941700.0,power
,HR,2020-12-03,10939900.0,power
,DK,2020-12-03,9313300.0,power
,CZ,2020-12-03,26109800.0,power
,AT,2020-12-03,77615500.0,power
,BE,2020-12-03,99232800.0,power
,BG,2020-12-03,9640000.0,power
,HR,2020-12-04,10989400.0,power
,AT,2020-12-04,46125800.0,power
,DK,2020-12-04,8059200.0,power
,BE,2020-12-04,79308300.0,power
,BG,2020-12-04,9418000.0,power
,CZ,2020-12-04,22280800.0,power
,AT,2020-12-05,38843400.0,power
,BE,2020-12-05,97440500.0,power
,BG,2020-12-05,8883000.0,power
,CZ,2020-12-05,23860400.0,power
,HR,2020-12-05,11595600.0,power
,DK,2020-12-05,8052300.0,power
,CZ,2020-12-06,18608500.0,power
,AT,2020-12-06,35573900.0,power
,BG,2020-12-06,8769000.0,power
,DK,2020-12-06,9455300.0,power
,BE,2020-12-06,86420700.0,power
,HR,2020-12-06,12128200.0,power
,BG,2020-12-07,8832000.0,power
,DK,2020-12-07,4317900.0,power
,BE,2020-12-07,111371000.0,power
,CZ,2020-12-07,22048900.0,power
,HR,2020-12-07,8641200.0,power
,AT,2020-12-07,43507400.0,power
,BE,2020-12-08,108888500.0,power
,CZ,2020-12-08,24203300.0,power
,DK,2020-12-08,11706500.0,power
,AT,2020-12-08,50337900.0,power
,HR,2020-12-08,8806000.0,power
,BG,2020-12-08,8764000.0,power
,HR,2020-12-09,10000200.0,power
,BE,2020-12-09,110487300.0,power
,DK,2020-12-09,11515900.0,power
,AT,2020-12-09,53400500.0,power
,BG,2020-12-09,8741000.0,power
,CZ,2020-12-09,26584600.0,power
,AT,2020-12-10,53109300.0,power
,BG,2020-12-10,8842000.0,power
,DK,2020-12-10,13236900.0,power
,CZ,2020-12-10,26134100.000000004,power
,HR,2020-12-10,10689100.0,power
,BE,2020-12-10,107912200.0,power
,DK,2020-12-11,10030000.0,power
,BG,2020-12-11,8705000.0,power
,HR,2020-12-11,11272900.0,power
,AT,2020-12-11,57420600.0,power
,CZ,2020-12-11,25290500.0,power
,BE,2020-12-11,90480400.0,power
,CZ,2020-12-12,20563600.0,power
,BG,2020-12-12,8788000.0,power
,HR,2020-12-12,11571900.0,power
,BE,2020-12-12,90069500.0,power
,AT,2020-12-12,46397400.0,power
,DK,2020-12-12,10749900.0,power
,BG,2020-12-13,8144000.0,power
,BE,2020-12-13,59883100.0,power
,CZ,2020-12-13,18352400.0,power
,DK,2020-12-13,12017900.0,power
,HR,2020-12-13,11152900.0,power
,AT,2020-12-13,48774200.0,power
,BE,2020-12-14,62636300.0,power
,AT,2020-12-14,55801700.0,power
,CZ,2020-12-14,20551500.0,power
,DK,2020-12-14,7063500.0,power
,HR,2020-12-14,11253300.0,power
,BG,2020-12-14,8742000.0,power
,HR,2020-12-15,11184200.0,power
,BE,2020-12-15,97551400.0,power
,AT,2020-12-15,45240300.0,power
,CZ,2020-12-15,22104200.0,power
,DK,2020-12-15,10972200.0,power
,BG,2020-12-15,8471000.0,power
,BG,2020-12-16,8884000.0,power
,HR,2020-12-16,12235200.0,power
,DK,2020-12-16,9148000.0,power
,CZ,2020-12-16,23756700.0,power
,AT,2020-12-16,68375900.0,power
,BE,2020-12-16,80710100.0,power
,DK,2020-12-17,6652000.0,power
,BG,2020-12-17,8959000.0,power
,CZ,2020-12-17,27796500.0,power
,AT,2020-12-17,68476100.0,power
,HR,2020-12-17,12239699.999999998,power
,BE,2020-12-17,81081700.0,power
,DK,2020-12-18,5101300.0,power
,CZ,2020-12-18,26957800.0,power
,AT,2020-12-18,61551400.0,power
,BG,2020-12-18,9085000.0,power
,BE,2020-12-18,57014200.0,power
,HR,2020-12-18,12436500.0,power
,CZ,2020-12-19,19573600.0,power
,DK,2020-12-19,5010200.0,power
,BE,2020-12-19,35250300.0,power
,BG,2020-12-19,9011000.0,power
,AT,2020-12-19,41728000.0,power
,HR,2020-12-19,12120100.0,power
,HR,2020-12-20,12230900.0,power
,CZ,2020-12-20,8122200.0,power
,DK,2020-12-20,5294000.0,power
,BE,2020-12-20,45482300.0,power
,BG,2020-12-20,8870000.0,power
,AT,2020-12-20,46177000.0,power
,CZ,2020-12-21,21773600.0,power
,BE,2020-12-21,43078200.0,power
,AT,2020-12-21,53818100.0,power
,DK,2020-12-21,5019200.0,power
,BG,2020-12-21,8902000.0,power
,HR,2020-12-21,12413200.0,power
,CZ,2020-12-22,21038300.0,power
,DK,2020-12-22,5826000.0,power
,HR,2020-12-22,12143000.0,power
,AT,2020-12-22,54003000.0,power
,BE,2020-12-22,60597000.0,power
,BG,2020-12-22,9049000.0,power
,HR,2020-12-23,12330000.0,power
,AT,2020-12-23,44343299.99999999,power
,BE,2020-12-23,44910400.0,power
,DK,2020-12-23,10405700.0,power
,CZ,2020-12-23,17807700.0,power
,BG,2020-12-23,8722000.0,power
,CZ,2020-12-24,7524000.0,power
,HR,2020-12-24,7387900.0,power
,BE,2020-12-24,42399500.0,power
,AT,2020-12-24,31187700.0,power
,BG,2020-12-24,8565000.0,power
,DK,2020-12-24,4947800.0,power
,BG,2020-12-25,8519000.0,power
,HR,2020-12-25,7463500.0,power
,AT,2020-12-25,29666100.0,power
,CZ,2020-12-25,7685200.0,power
,DK,2020-12-25,9159900.0,power
,BE,2020-12-25,45065100.0,power
,BE,2020-12-26,37338400.0,power
,DK,2020-12-26,4724200.0,power
,AT,2020-12-26,30030500.0,power
,CZ,2020-12-26,7728400.0,power
,BG,2020-12-26,8740000.0,power
,HR,2020-12-26,7366400.0,power
,DK,2020-12-27,2881800.0,power
,HR,2020-12-27,7544000.0,power
,BE,2020-12-27,37999100.0,power
,BG,2020-12-27,8804000.0,power
,CZ,2020-12-27,7736800.0,power
,AT,2020-12-27,16903100.0,power
,AT,2020-12-28,37601700.0,power
,DK,2020-12-28,10478100.0,power
,BE,2020-12-28,48114300.0,power
,CZ,2020-12-28,13740500.0,power
,HR,2020-12-28,7462500.0,power
,BG,2020-12-28,8508000.0,power
,HR,2020-12-29,8113200.0,power
,BE,2020-12-29,50062400.0,power
,CZ,2020-12-29,8049900.0,power
,DK,2020-12-29,12288800.0,power
,BG,2020-12-29,8489000.0,power
,AT,2020-12-29,39088800.0,power
,AT,2020-12-30,41042400.0,power
,HR,2020-12-30,9238000.0,power
,BE,2020-12-30,66910100.00000001,power
,CZ,2020-12-30,14277400.0,power
,BG,2020-12-30,8437000.0,power
,DK,2020-12-30,9034100.0,power
,BG,2020-12-31,7900000.0,power
,BE,2020-12-31,50159100.0,power
,CZ,2020-12-31,8041400.0,power
,HR,2020-12-31,7416400.0,power
,AT,2020-12-31,41785500.0,power
,DK,2020-12-31,10073300.0,power
,HR,2021-01-01,7423800.0,power
1707.0,SK,2021-01-01,127.39,power
,BE,2021-01-01,41598900.0,power
,BG,2021-01-01,8213000.0,power
,CZ,2021-01-01,7900900.0,power
1705.0,SE,2021-01-01,4.0,power
1698.0,LU,2021-01-01,6.67,power
1706.0,SI,2021-01-01,16.08,power
,DK,2021-01-01,12156000.0,power
1699.0,LV,2021-01-01,86.656,power
1703.0,PT,2021-01-01,277.389,power
1704.0,RO,2021-01-01,264.0,power
,AT,2021-01-01,44876800.0,power
1691.0,FR,2021-01-01,427.598,power
1701.0,NL,2021-01-01,968.693,power
1688.0,ES,2021-01-01,503.602,power
1700.0,MT,2021-01-01,26.759,power
1689.0,EU27_2020,2021-01-01,9568.255,power
1702.0,PL,2021-01-01,275.359,power
1685.0,DE,2021-01-01,1869.0,power
1690.0,FI,2021-01-01,98.0,power
1683.0,CY,2021-01-01,0.0,power
1692.0,GR,2021-01-01,350.769,power
1694.0,HU,2021-01-01,340.0,power
1697.0,LT,2021-01-01,37.6,power
1695.0,IE,2021-01-01,290.392,power
1696.0,IT,2021-01-01,2372.0,power
1687.0,EE,2021-01-01,34.5,power
,BE,2021-01-02,62222800.0,power
,AT,2021-01-02,46977400.0,power
,BG,2021-01-02,8491000.0,power
,HR,2021-01-02,7121900.0,power
,CZ,2021-01-02,17100500.0,power
,DK,2021-01-02,13532900.0,power
,HR,2021-01-03,7175600.0,power
,DK,2021-01-03,6673700.0,power
,CZ,2021-01-03,7814800.0,power
,BE,2021-01-03,48689700.0,power
,AT,2021-01-03,43013200.0,power
,BG,2021-01-03,8732000.0,power
,BG,2021-01-04,8897000.0,power
,AT,2021-01-04,44176100.0,power
,DK,2021-01-04,9947300.0,power
,HR,2021-01-04,7374400.0,power
,BE,2021-01-04,74276000.0,power
,CZ,2021-01-04,21568800.0,power
,HR,2021-01-05,7407700.0,power
,AT,2021-01-05,53367000.0,power
,CZ,2021-01-05,20220500.0,power
,BE,2021-01-05,100986200.0,power
,BG,2021-01-05,8643000.0,power
,DK,2021-01-05,11929900.0,power
,BG,2021-01-06,8623000.0,power
,AT,2021-01-06,45620700.0,power
,DK,2021-01-06,13433500.0,power
,BE,2021-01-06,109230000.0,power
,CZ,2021-01-06,22937300.0,power
,HR,2021-01-06,7433700.0,power
,CZ,2021-01-07,27691300.0,power
,BG,2021-01-07,8721000.0,power
,DK,2021-01-07,14458200.0,power
,BE,2021-01-07,104890700.0,power
,AT,2021-01-07,46405200.0,power
,HR,2021-01-07,7454800.0,power
,BG,2021-01-08,8764000.0,power
,CZ,2021-01-08,27325500.0,power
,DK,2021-01-08,15264300.0,power
,HR,2021-01-08,7371500.0,power
,AT,2021-01-08,48468700.0,power
,BE,2021-01-08,109639000.0,power
,BE,2021-01-09,95060000.0,power
,BG,2021-01-09,9057000.0,power
,CZ,2021-01-09,20164300.0,power
,HR,2021-01-09,7446800.0,power
,DK,2021-01-09,15816100.0,power
,AT,2021-01-09,46120900.0,power
,CZ,2021-01-10,8181000.0,power
,BE,2021-01-10,83266300.0,power
,BG,2021-01-10,9149000.0,power
,DK,2021-01-10,12457400.0,power
,AT,2021-01-10,45490000.0,power
,HR,2021-01-10,7448100.0,power
,BG,2021-01-11,9249000.0,power
,AT,2021-01-11,45444300.0,power
,DK,2021-01-11,8938200.0,power
,HR,2021-01-11,7445600.0,power
,CZ,2021-01-11,19830300.0,power
,BE,2021-01-11,73165800.0,power
,CZ,2021-01-12,20387100.0,power
,BE,2021-01-12,89089700.0,power
,DK,2021-01-12,11759100.0,power
,HR,2021-01-12,7411200.0,power
,BG,2021-01-12,9345000.0,power
,AT,2021-01-12,57519800.0,power
,HR,2021-01-13,8806600.0,power
,BE,2021-01-13,93196100.0,power
,AT,2021-01-13,51233700.0,power
,DK,2021-01-13,8604100.0,power
,BG,2021-01-13,9765000.0,power
,CZ,2021-01-13,19621100.0,power
,HR,2021-01-14,10663900.0,power
,BG,2021-01-14,10169000.0,power
,AT,2021-01-14,46539800.0,power
,DK,2021-01-14,13779700.0,power
,BE,2021-01-14,90871300.0,power
,CZ,2021-01-14,24082000.0,power
,DK,2021-01-15,17127400.0,power
,BE,2021-01-15,97911300.0,power
,CZ,2021-01-15,28220400.0,power
,AT,2021-01-15,46641500.0,power
,HR,2021-01-15,11367300.0,power
,BG,2021-01-15,10257000.0,power
,AT,2021-01-16,44292800.0,power
,DK,2021-01-16,15182200.0,power
,CZ,2021-01-16,25368500.0,power
,HR,2021-01-16,11067100.0,power
,BE,2021-01-16,61233500.0,power
,BG,2021-01-16,10335000.0,power
,CZ,2021-01-17,20353900.0,power
,BG,2021-01-17,10351000.0,power
,AT,2021-01-17,48461600.0,power
,BE,2021-01-17,67043100.00000001,power
,DK,2021-01-17,14269200.0,power
,HR,2021-01-17,11073900.0,power
,BE,2021-01-18,82282000.0,power
,CZ,2021-01-18,23745000.0,power
,BG,2021-01-18,10354000.0,power
,AT,2021-01-18,60136000.0,power
,DK,2021-01-18,14679400.0,power
,HR,2021-01-18,11091300.0,power
,AT,2021-01-19,51457299.99999999,power
,BE,2021-01-19,58770300.0,power
,CZ,2021-01-19,26369200.0,power
,HR,2021-01-19,11041800.0,power
,BG,2021-01-19,10391000.0,power
,DK,2021-01-19,12153900.0,power
,DK,2021-01-20,7418000.0,power
,CZ,2021-01-20,21555600.0,power
,HR,2021-01-20,11011100.0,power
,BG,2021-01-20,9915000.0,power
,AT,2021-01-20,46986100.0,power
,BE,2021-01-20,47866400.0,power
,HR,2021-01-21,10999800.0,power
,AT,2021-01-21,44447900.0,power
,BG,2021-01-21,10190000.0,power
,CZ,2021-01-21,21547900.0,power
,DK,2021-01-21,5297700.0,power
,BE,2021-01-21,52299000.0,power
,DK,2021-01-22,4498400.0,power
,CZ,2021-01-22,21958200.0,power
,BG,2021-01-22,9754000.0,power
,BE,2021-01-22,74292000.0,power
,AT,2021-01-22,43678800.0,power
,HR,2021-01-22,10848300.0,power
,AT,2021-01-23,39419300.0,power
,CZ,2021-01-23,19957600.0,power
,HR,2021-01-23,10816400.0,power
,BE,2021-01-23,38526000.0,power
,DK,2021-01-23,10298000.0,power
,BG,2021-01-23,9458000.0,power
,BE,2021-01-24,35429200.0,power
,BG,2021-01-24,9252000.0,power
,AT,2021-01-24,41240200.0,power
,DK,2021-01-24,11599200.0,power
,CZ,2021-01-24,8656800.0,power
,HR,2021-01-24,10550200.0,power
,HR,2021-01-25,11266000.0,power
,BE,2021-01-25,74925500.0,power
,BG,2021-01-25,9365000.0,power
,DK,2021-01-25,13165300.0,power
,AT,2021-01-25,43841200.0,power
,CZ,2021-01-25,23710100.0,power
,HR,2021-01-26,11254700.0,power
,DK,2021-01-26,12845800.0,power
,CZ,2021-01-26,22695800.0,power
,AT,2021-01-26,45132000.0,power
,BE,2021-01-26,77424000.0,power
,BG,2021-01-26,9628000.0,power
,HR,2021-01-27,11112800.0,power
,AT,2021-01-27,55088100.0,power
,CZ,2021-01-27,23657200.0,power
,BE,2021-01-27,89814900.0,power
,DK,2021-01-27,14350900.0,power
,BG,2021-01-27,9750000.0,power
,DK,2021-01-28,13664600.0,power
,HR,2021-01-28,11094300.0,power
,BE,2021-01-28,75894600.0,power
,AT,2021-01-28,52879600.0,power
,CZ,2021-01-28,23319800.0,power
,BG,2021-01-28,9086000.0,power
,DK,2021-01-29,13880500.0,power
,HR,2021-01-29,10998000.0,power
,BG,2021-01-29,9709000.0,power
,AT,2021-01-29,51089500.0,power
,BE,2021-01-29,44004800.0,power
,CZ,2021-01-29,20251800.0,power
,BG,2021-01-30,9772000.0,power
,DK,2021-01-30,14092000.0,power
,HR,2021-01-30,10901900.0,power
,CZ,2021-01-30,17898500.0,power
,AT,2021-01-30,36444200.0,power
,BE,2021-01-30,47903500.0,power
,CZ,2021-01-31,8648400.0,power
,AT,2021-01-31,40301800.0,power
,HR,2021-01-31,11347700.0,power
,BG,2021-01-31,9571000.0,power
,DK,2021-01-31,12835300.0,power
,BE,2021-01-31,48511700.0,power
,HR,2021-02-01,11121000.0,power
,BG,2021-02-01,9443000.0,power
1734.0,SI,2021-02-01,17.613,power
1713.0,DE,2021-02-01,1667.0,power
,CZ,2021-02-01,22666300.0,power
1711.0,CY,2021-02-01,0.0,power
1728.0,MT,2021-02-01,27.039,power
1715.0,EE,2021-02-01,39.6,power
1716.0,ES,2021-02-01,276.427,power
,DK,2021-02-01,14125100.0,power
1719.0,FR,2021-02-01,302.78,power
1720.0,GR,2021-02-01,199.768,power
,AT,2021-02-01,44032000.0,power
1735.0,SK,2021-02-01,110.734,power
1731.0,PT,2021-02-01,144.665,power
1732.0,RO,2021-02-01,223.0,power
1729.0,NL,2021-02-01,960.19,power
1733.0,SE,2021-02-01,3.0,power
1727.0,LV,2021-02-01,81.799,power
1726.0,LU,2021-02-01,6.67,power
,BE,2021-02-01,85583300.0,power
1730.0,PL,2021-02-01,250.257,power
1718.0,FI,2021-02-01,88.0,power
1725.0,LT,2021-02-01,38.8,power
1724.0,IT,2021-02-01,1929.0,power
1723.0,IE,2021-02-01,212.415,power
1722.0,HU,2021-02-01,264.0,power
1717.0,EU27_2020,2021-02-01,7796.205,power
,DK,2021-02-02,14860600.0,power
,BE,2021-02-02,56902100.0,power
,AT,2021-02-02,46132500.0,power
,BG,2021-02-02,8726000.0,power
,CZ,2021-02-02,22320700.0,power
,HR,2021-02-02,10977200.0,power
,HR,2021-02-03,10585900.0,power
,DK,2021-02-03,13216700.0,power
,BG,2021-02-03,8058000.0,power
,AT,2021-02-03,39637800.0,power
,BE,2021-02-03,59214500.0,power
,CZ,2021-02-03,20638600.0,power
,BE,2021-02-04,87027200.0,power
,HR,2021-02-04,10534900.0,power
,CZ,2021-02-04,22040200.0,power
,DK,2021-02-04,14803400.0,power
,AT,2021-02-04,39915600.0,power
,BG,2021-02-04,8397000.0,power
,DK,2021-02-05,14655100.0,power
,BG,2021-02-05,8264000.0,power
,CZ,2021-02-05,21470800.0,power
,AT,2021-02-05,43122299.99999999,power
,HR,2021-02-05,10315100.0,power
,BE,2021-02-05,61849900.0,power
,AT,2021-02-06,31042900.0,power
,BG,2021-02-06,7742000.0,power
,DK,2021-02-06,9972000.0,power
,HR,2021-02-06,4451600.0,power
,CZ,2021-02-06,8197700.000000001,power
,BE,2021-02-06,42171200.0,power
,HR,2021-02-07,4446700.0,power
,BE,2021-02-07,42056900.0,power
,CZ,2021-02-07,8616200.0,power
,AT,2021-02-07,17688200.0,power
,DK,2021-02-07,8096500.0,power
,BG,2021-02-07,7489000.0,power
,BE,2021-02-08,66613399.99999999,power
,BG,2021-02-08,8051000.0,power
,CZ,2021-02-08,21930300.0,power
,HR,2021-02-08,7284800.0,power
,AT,2021-02-08,44266400.0,power
,DK,2021-02-08,11562900.0,power
,CZ,2021-02-09,23441800.0,power
,BG,2021-02-09,8404000.0,power
,HR,2021-02-09,6835300.0,power
,AT,2021-02-09,49133400.0,power
,DK,2021-02-09,14378600.0,power
,BE,2021-02-09,87729500.0,power
,HR,2021-02-10,5427300.0,power
,BG,2021-02-10,8663000.0,power
,DK,2021-02-10,17554200.0,power
,CZ,2021-02-10,25079000.0,power
,AT,2021-02-10,49140100.0,power
,BE,2021-02-10,99926200.0,power
,DK,2021-02-11,16989900.0,power
,BG,2021-02-11,8842000.0,power
,CZ,2021-02-11,28802700.0,power
,BE,2021-02-11,107270000.0,power
,AT,2021-02-11,49055500.0,power
,HR,2021-02-11,6759800.0,power
,CZ,2021-02-12,28341000.0,power
,BG,2021-02-12,9311000.0,power
,HR,2021-02-12,7328400.0,power
,AT,2021-02-12,62213200.0,power
,DK,2021-02-12,16757000.0,power
,BE,2021-02-12,90603200.0,power
,BG,2021-02-13,9934000.0,power
,CZ,2021-02-13,20442800.0,power
,HR,2021-02-13,7387300.0,power
,DK,2021-02-13,16129800.0,power
,BE,2021-02-13,62540600.0,power
,AT,2021-02-13,48988100.0,power
,HR,2021-02-14,7388800.0,power
,BE,2021-02-14,45606600.0,power
,AT,2021-02-14,46406700.0,power
,DK,2021-02-14,13734200.0,power
,BG,2021-02-14,10062000.0,power
,CZ,2021-02-14,9156300.0,power
,BE,2021-02-15,62596800.0,power
,HR,2021-02-15,7465600.0,power
,DK,2021-02-15,13590300.0,power
,CZ,2021-02-15,23884200.0,power
,AT,2021-02-15,52520600.0,power
,BG,2021-02-15,10327000.0,power
,BE,2021-02-16,66125899.99999999,power
,AT,2021-02-16,50676500.0,power
,HR,2021-02-16,7434100.0,power
,BG,2021-02-16,10271000.0,power
,DK,2021-02-16,12821200.0,power
,CZ,2021-02-16,24077300.0,power
,BE,2021-02-17,56337200.0,power
,CZ,2021-02-17,23341400.0,power
,HR,2021-02-17,7411300.0,power
,AT,2021-02-17,49648600.0,power
,BG,2021-02-17,10457000.0,power
,DK,2021-02-17,12268900.0,power
,HR,2021-02-18,7383800.0,power
,BG,2021-02-18,10281000.0,power
,CZ,2021-02-18,21970000.0,power
,DK,2021-02-18,11271100.0,power
,BE,2021-02-18,40392900.0,power
,AT,2021-02-18,44047400.0,power
,BG,2021-02-19,10075000.0,power
,HR,2021-02-19,7324600.0,power
,DK,2021-02-19,12298700.0,power
,BE,2021-02-19,46842700.0,power
,CZ,2021-02-19,22272300.0,power
,AT,2021-02-19,35870900.0,power
,AT,2021-02-20,31717800.0,power
,DK,2021-02-20,8074400.0,power
,CZ,2021-02-20,8968600.0,power
,BG,2021-02-20,9664000.0,power
,HR,2021-02-20,7278300.0,power
,BE,2021-02-20,31715100.0,power
,DK,2021-02-21,7649900.0,power
,BE,2021-02-21,36445700.0,power
,AT,2021-02-21,29661100.0,power
,HR,2021-02-21,7262700.0,power
,BG,2021-02-21,9696000.0,power
,CZ,2021-02-21,8836800.0,power
,BE,2021-02-22,52574000.0,power
,AT,2021-02-22,44660600.0,power
,DK,2021-02-22,10781900.0,power
,HR,2021-02-22,7288500.0,power
,CZ,2021-02-22,21027000.0,power
,BG,2021-02-22,9878000.0,power
,BG,2021-02-23,9659000.0,power
,HR,2021-02-23,7287200.0,power
,DK,2021-02-23,9895600.0,power
,AT,2021-02-23,35137900.0,power
,CZ,2021-02-23,21697100.0,power
,BE,2021-02-23,46749400.0,power
,HR,2021-02-24,7217000.0,power
,BE,2021-02-24,42012600.0,power
,DK,2021-02-24,5899300.0,power
,AT,2021-02-24,35922300.0,power
,CZ,2021-02-24,21872200.0,power
,BG,2021-02-24,9359000.0,power
,BG,2021-02-25,8899000.0,power
,CZ,2021-02-25,22653000.0,power
,BE,2021-02-25,57889700.00000001,power
,DK,2021-02-25,7244100.0,power
,HR,2021-02-25,7279300.0,power
,AT,2021-02-25,32380800.0,power
,HR,2021-02-26,7269800.0,power
,AT,2021-02-26,37824700.0,power
,CZ,2021-02-26,20935600.0,power
,BE,2021-02-26,52831700.0,power
,DK,2021-02-26,9037500.0,power
,BG,2021-02-26,8969000.0,power
,BE,2021-02-27,41139100.0,power
,DK,2021-02-27,9634800.0,power
,AT,2021-02-27,26069900.0,power
,CZ,2021-02-27,8644500.0,power
,BG,2021-02-27,9042000.0,power
,HR,2021-02-27,7331400.000000001,power
,BE,2021-02-28,36597500.0,power
,AT,2021-02-28,31631600.0,power
,DK,2021-02-28,8279600.0,power
,CZ,2021-02-28,8479200.0,power
,HR,2021-02-28,7257100.0,power
,BG,2021-02-28,9115000.0,power
,DK,2021-03-01,11375400.0,power
,AT,2021-03-01,43785500.0,power
,HR,2021-03-01,7184000.0,power
,CZ,2021-03-01,25189300.0,power
,BE,2021-03-01,74653700.0,power
,BG,2021-03-01,9127000.0,power
1763.0,SK,2021-03-01,128.632,power
1754.0,LU,2021-03-01,6.67,power
1739.0,CY,2021-03-01,0.0,power
1741.0,DE,2021-03-01,1616.0,power
1743.0,EE,2021-03-01,26.6,power
1745.0,EU27_2020,2021-03-01,8359.118,power
1746.0,FI,2021-03-01,69.0,power
1744.0,ES,2021-03-01,383.544,power
1748.0,GR,2021-03-01,298.94,power
1755.0,LV,2021-03-01,60.053,power
1758.0,PL,2021-03-01,244.022,power
1747.0,FR,2021-03-01,320.952,power
1761.0,SE,2021-03-01,2.0,power
1757.0,NL,2021-03-01,992.3,power
1756.0,MT,2021-03-01,29.024,power
1760.0,RO,2021-03-01,238.0,power
1753.0,LT,2021-03-01,31.5,power
1762.0,SI,2021-03-01,17.248,power
1752.0,IT,2021-03-01,2149.1,power
1751.0,IE,2021-03-01,278.149,power
1750.0,HU,2021-03-01,249.0,power
1759.0,PT,2021-03-01,204.805,power
,BE,2021-03-02,89707200.0,power
,CZ,2021-03-02,27328200.0,power
,HR,2021-03-02,7351200.0,power
,BG,2021-03-02,9239000.0,power
,DK,2021-03-02,10630100.0,power
,AT,2021-03-02,37088900.0,power
,BG,2021-03-03,8849000.0,power
,CZ,2021-03-03,24527800.0,power
,HR,2021-03-03,7375800.0,power
,AT,2021-03-03,40965400.0,power
,BE,2021-03-03,100027500.0,power
,DK,2021-03-03,10907400.0,power
,DK,2021-03-04,10150600.0,power
,CZ,2021-03-04,23646000.0,power
,HR,2021-03-04,7317800.0,power
,BE,2021-03-04,102360100.0,power
,BG,2021-03-04,8781000.0,power
,AT,2021-03-04,39166300.0,power
,AT,2021-03-05,36035500.0,power
,CZ,2021-03-05,23304200.0,power
,HR,2021-03-05,7299200.0,power
,BG,2021-03-05,8734000.0,power
,BE,2021-03-05,82724500.0,power
,DK,2021-03-05,11632500.0,power
,CZ,2021-03-06,8754200.0,power
,DK,2021-03-06,8437200.0,power
,BE,2021-03-06,40558700.0,power
,AT,2021-03-06,38547700.0,power
,BG,2021-03-06,9103000.0,power
,HR,2021-03-06,7358700.0,power
,CZ,2021-03-07,14653500.0,power
,BG,2021-03-07,9392000.0,power
,AT,2021-03-07,38758800.0,power
,BE,2021-03-07,43597300.0,power
,HR,2021-03-07,7375800.0,power
,DK,2021-03-07,7389600.0,power
,DK,2021-03-08,12174500.0,power
,AT,2021-03-08,43398500.0,power
,HR,2021-03-08,7348500.0,power
,BG,2021-03-08,9264000.0,power
,CZ,2021-03-08,28344000.0,power
,BE,2021-03-08,92399000.0,power
,HR,2021-03-09,7346600.0,power
,CZ,2021-03-09,28710000.0,power
,BG,2021-03-09,9362000.0,power
,DK,2021-03-09,12004699.999999998,power
,AT,2021-03-09,50540300.0,power
,BE,2021-03-09,107582300.0,power
,HR,2021-03-10,7357300.0,power
,BE,2021-03-10,62767700.00000001,power
,DK,2021-03-10,10696000.0,power
,AT,2021-03-10,43741800.0,power
,CZ,2021-03-10,26812000.0,power
,BG,2021-03-10,9471000.0,power
,BE,2021-03-11,32183400.0,power
,HR,2021-03-11,7343200.0,power
,DK,2021-03-11,5903700.0,power
,CZ,2021-03-11,22157300.0,power
,AT,2021-03-11,35729100.0,power
,BG,2021-03-11,9482000.0,power
,AT,2021-03-12,29968700.0,power
,BE,2021-03-12,33402700.0,power
,DK,2021-03-12,5844000.0,power
,BG,2021-03-12,9381000.0,power
,HR,2021-03-12,7254200.0,power
,CZ,2021-03-12,21945800.0,power
,CZ,2021-03-13,10947600.0,power
,DK,2021-03-13,5488400.0,power
,BG,2021-03-13,9073000.0,power
,HR,2021-03-13,7276600.0,power
,BE,2021-03-13,27101000.0,power
,AT,2021-03-13,18211400.0,power
,CZ,2021-03-14,8448300.0,power
,DK,2021-03-14,5844100.0,power
,BE,2021-03-14,29298300.0,power
,AT,2021-03-14,17961600.0,power
,HR,2021-03-14,7303600.0,power
,BG,2021-03-14,8783000.0,power
,BG,2021-03-15,9243000.0,power
,HR,2021-03-15,7296700.0,power
,DK,2021-03-15,9510800.0,power
,AT,2021-03-15,32505300.0,power
,CZ,2021-03-15,20145500.0,power
,BE,2021-03-15,45378800.0,power
,BE,2021-03-16,79553099.99999999,power
,HR,2021-03-16,7322000.0,power
,CZ,2021-03-16,23329800.0,power
,DK,2021-03-16,9457900.0,power
,AT,2021-03-16,34155600.0,power
,BG,2021-03-16,9505000.0,power
,AT,2021-03-17,34104000.0,power
,CZ,2021-03-17,24352000.0,power
,BG,2021-03-17,9542000.0,power
,HR,2021-03-17,7332600.0,power
,BE,2021-03-17,86939600.0,power
,DK,2021-03-17,10900900.0,power
,CZ,2021-03-18,29772200.0,power
,BE,2021-03-18,105443000.0,power
,DK,2021-03-18,10934200.0,power
,AT,2021-03-18,35632900.0,power
,BG,2021-03-18,9602000.0,power
,HR,2021-03-18,7350500.0,power
,CZ,2021-03-19,29624200.0,power
,HR,2021-03-19,7340599.999999999,power
,AT,2021-03-19,36272500.0,power
,DK,2021-03-19,11428200.0,power
,BE,2021-03-19,60263000.0,power
,BG,2021-03-19,9559000.0,power
,HR,2021-03-20,7356599.999999999,power
,AT,2021-03-20,36785800.0,power
,BE,2021-03-20,49125000.0,power
,CZ,2021-03-20,22664200.0,power
,BG,2021-03-20,9603000.0,power
,DK,2021-03-20,9433400.0,power
,BE,2021-03-21,36373700.0,power
,HR,2021-03-21,7342000.0,power
,BG,2021-03-21,9626000.0,power
,CZ,2021-03-21,10509300.0,power
,AT,2021-03-21,35840700.0,power
,DK,2021-03-21,7066300.0,power
,BG,2021-03-22,9487000.0,power
,BE,2021-03-22,98078000.0,power
,HR,2021-03-22,7332100.0,power
,AT,2021-03-22,36896500.0,power
,CZ,2021-03-22,26751700.0,power
,DK,2021-03-22,11428300.0,power
,DK,2021-03-23,10966700.0,power
,BE,2021-03-23,96193800.0,power
,CZ,2021-03-23,29968200.0,power
,BG,2021-03-23,9719000.0,power
,AT,2021-03-23,38445500.0,power
,HR,2021-03-23,7322200.0,power
,BG,2021-03-24,9656000.0,power
,BE,2021-03-24,84185200.0,power
,AT,2021-03-24,41336600.0,power
,CZ,2021-03-24,29508000.0,power
,DK,2021-03-24,10611300.0,power
,HR,2021-03-24,7327600.0,power
,AT,2021-03-25,42799500.0,power
,DK,2021-03-25,10188800.0,power
,BG,2021-03-25,9677000.0,power
,HR,2021-03-25,7310800.0,power
,BE,2021-03-25,83720100.0,power
,CZ,2021-03-25,27841600.0,power
,BG,2021-03-26,9313000.0,power
,BE,2021-03-26,44208200.0,power
,DK,2021-03-26,8473000.0,power
,HR,2021-03-26,7285900.0,power
,AT,2021-03-26,35073900.0,power
,CZ,2021-03-26,23383000.0,power
,BG,2021-03-27,8517000.0,power
,BE,2021-03-27,39269300.0,power
,HR,2021-03-27,7257200.0,power
,AT,2021-03-27,25607600.0,power
,CZ,2021-03-27,8736200.0,power
,DK,2021-03-27,6504600.0,power
,BE,2021-03-28,31330700.0,power
,CZ,2021-03-28,9587200.0,power
,DK,2021-03-28,5591200.0,power
,HR,2021-03-28,7299700.0,power
,BG,2021-03-28,8902000.0,power
,AT,2021-03-28,22561400.0,power
,DK,2021-03-29,6113000.0,power
,BE,2021-03-29,36236100.0,power
,CZ,2021-03-29,24045400.0,power
,HR,2021-03-29,7276300.0,power
,AT,2021-03-29,30897100.000000004,power
,BG,2021-03-29,9016000.0,power
,BG,2021-03-30,8877000.0,power
,DK,2021-03-30,8469400.0,power
,HR,2021-03-30,6551200.0,power
,AT,2021-03-30,39211800.0,power
,CZ,2021-03-30,25622100.0,power
,BE,2021-03-30,57613200.0,power
,HR,2021-03-31,6949400.0,power
,AT,2021-03-31,32609400.0,power
,BE,2021-03-31,65214000.0,power
,DK,2021-03-31,8921800.0,power
,CZ,2021-03-31,26174800.0,power
,BG,2021-03-31,8689000.0,power
1785.0,NL,2021-04-01,735.317,power
,DK,2021-04-01,7259600.0,power
1782.0,LU,2021-04-01,6.67,power
1783.0,LV,2021-04-01,28.674,power
1791.0,SK,2021-04-01,106.378,power
1784.0,MT,2021-04-01,32.75,power
,BE,2021-04-01,51014100.0,power
1789.0,SE,2021-04-01,1.0,power
,CZ,2021-04-01,23066900.0,power
1790.0,SI,2021-04-01,13.001,power
,AT,2021-04-01,23039200.0,power
,HR,2021-04-01,6786300.0,power
1786.0,PL,2021-04-01,193.554,power
,BG,2021-04-01,8307000.0,power
1769.0,DE,2021-04-01,1339.0,power
1779.0,IE,2021-04-01,261.926,power
1775.0,FR,2021-04-01,387.555,power
1774.0,FI,2021-04-01,46.0,power
1773.0,EU27_2020,2021-04-01,7704.577,power
1787.0,PT,2021-04-01,294.64,power
1781.0,LT,2021-04-01,27.3,power
1772.0,ES,2021-04-01,578.965,power
1788.0,RO,2021-04-01,180.0,power
1776.0,GR,2021-04-01,346.45,power
1778.0,HU,2021-04-01,219.0,power
1767.0,CY,2021-04-01,0.0,power
1780.0,IT,2021-04-01,2020.4,power
1771.0,EE,2021-04-01,16.2,power
,BG,2021-04-02,8143000.0,power
,BE,2021-04-02,35871700.0,power
,HR,2021-04-02,6682900.0,power
,CZ,2021-04-02,11057100.0,power
,DK,2021-04-02,6374800.0,power
,AT,2021-04-02,20043700.0,power
,BE,2021-04-03,29012300.0,power
,CZ,2021-04-03,11139600.0,power
,DK,2021-04-03,6949400.0,power
,AT,2021-04-03,16398400.000000002,power
,BG,2021-04-03,8097000.0,power
,HR,2021-04-03,6702800.0,power
,DK,2021-04-04,6200200.0,power
,HR,2021-04-04,5004700.0,power
,AT,2021-04-04,17076300.0,power
,CZ,2021-04-04,11112700.0,power
,BG,2021-04-04,8523000.0,power
,BE,2021-04-04,28860900.0,power
,CZ,2021-04-05,10927300.0,power
,BE,2021-04-05,31115900.0,power
,AT,2021-04-05,13168600.0,power
,HR,2021-04-05,5035300.0,power
,BG,2021-04-05,8497000.0,power
,DK,2021-04-05,5245000.0,power
,CZ,2021-04-06,27247100.0,power
,BE,2021-04-06,47575700.0,power
,BG,2021-04-06,8123000.0,power
,HR,2021-04-06,5933800.0,power
,DK,2021-04-06,7254500.0,power
,AT,2021-04-06,22205200.0,power
,BE,2021-04-07,80144200.0,power
,BG,2021-04-07,8302000.0,power
,DK,2021-04-07,7300000.0,power
,HR,2021-04-07,5066200.0,power
,CZ,2021-04-07,28793300.0,power
,AT,2021-04-07,25266200.0,power
,CZ,2021-04-08,27424500.0,power
,BE,2021-04-08,88543900.0,power
,HR,2021-04-08,5903600.0,power
,BG,2021-04-08,8354000.0,power
,AT,2021-04-08,27066200.0,power
,DK,2021-04-08,7327000.0,power
,BE,2021-04-09,73071200.0,power
,DK,2021-04-09,7563000.0,power
,AT,2021-04-09,22972600.0,power
,CZ,2021-04-09,29060300.0,power
,HR,2021-04-09,4967100.0,power
,BG,2021-04-09,8389000.0,power
,BE,2021-04-10,61362600.0,power
,BG,2021-04-10,8388000.0,power
,CZ,2021-04-10,26958900.0,power
,DK,2021-04-10,10223900.0,power
,AT,2021-04-10,22170800.0,power
,HR,2021-04-10,4895700.0,power
,AT,2021-04-11,18627100.0,power
,BG,2021-04-11,7963000.0,power
,HR,2021-04-11,4855100.0,power
,DK,2021-04-11,7273000.0,power
,CZ,2021-04-11,11208700.0,power
,BE,2021-04-11,57177200.00000001,power
,AT,2021-04-12,27912100.0,power
,BE,2021-04-12,102848700.0,power
,CZ,2021-04-12,28057900.0,power
,DK,2021-04-12,7826500.0,power
,BG,2021-04-12,6923000.0,power
,HR,2021-04-12,4890500.0,power
,AT,2021-04-13,42380000.0,power
,HR,2021-04-13,4910400.0,power
,DK,2021-04-13,9494500.0,power
,BG,2021-04-13,6531000.0,power
,CZ,2021-04-13,30545100.000000004,power
,BE,2021-04-13,103902000.0,power
,BE,2021-04-14,100246300.0,power
,BG,2021-04-14,6729000.0,power
,HR,2021-04-14,4928000.0,power
,DK,2021-04-14,9563200.0,power
,CZ,2021-04-14,30493900.0,power
,AT,2021-04-14,31078400.0,power
,BE,2021-04-15,98647900.0,power
,BG,2021-04-15,6858000.0,power
,DK,2021-04-15,9745100.0,power
,AT,2021-04-15,26043900.0,power
,HR,2021-04-15,4950200.0,power
,CZ,2021-04-15,29930200.0,power
,AT,2021-04-16,32095500.0,power
,DK,2021-04-16,9245000.0,power
,BG,2021-04-16,7387000.0,power
,CZ,2021-04-16,28297200.0,power
,HR,2021-04-16,4974800.0,power
,BE,2021-04-16,81164800.0,power
,AT,2021-04-17,26820600.000000004,power
,CZ,2021-04-17,30493700.0,power
,DK,2021-04-17,9068400.0,power
,HR,2021-04-17,4926600.0,power
,BE,2021-04-17,53708400.0,power
,BG,2021-04-17,7637000.0,power
,BG,2021-04-18,7820000.0,power
,AT,2021-04-18,41579100.0,power
,BE,2021-04-18,65523800.0,power
,DK,2021-04-18,7177900.0,power
,HR,2021-04-18,4911900.0,power
,CZ,2021-04-18,29808600.0,power
,CZ,2021-04-19,29602100.0,power
,HR,2021-04-19,4888100.0,power
,BG,2021-04-19,7993000.0,power
,DK,2021-04-19,8095300.0,power
,BE,2021-04-19,94054700.0,power
,AT,2021-04-19,52367300.0,power
,AT,2021-04-20,40582700.0,power
,CZ,2021-04-20,27635000.0,power
,HR,2021-04-20,4464100.0,power
,BE,2021-04-20,89406000.0,power
,DK,2021-04-20,6453500.0,power
,BG,2021-04-20,8048000.0,power
,CZ,2021-04-21,28673300.0,power
,BG,2021-04-21,7747000.0,power
,BE,2021-04-21,69911900.0,power
,DK,2021-04-21,6193099.999999999,power
,AT,2021-04-21,37302100.0,power
,HR,2021-04-21,4872600.0,power
,BE,2021-04-22,72718600.0,power
,DK,2021-04-22,5723300.0,power
,AT,2021-04-22,33812500.0,power
,BG,2021-04-22,7073000.0,power
,CZ,2021-04-22,29441200.0,power
,HR,2021-04-22,4800300.0,power
,HR,2021-04-23,4887400.0,power
,DK,2021-04-23,6359700.0,power
,BG,2021-04-23,7009000.0,power
,CZ,2021-04-23,28259400.0,power
,BE,2021-04-23,77988700.0,power
,AT,2021-04-23,27998700.0,power
,AT,2021-04-24,32228500.0,power
,CZ,2021-04-24,18018800.0,power
,BG,2021-04-24,6511000.0,power
,DK,2021-04-24,6494700.0,power
,BE,2021-04-24,37304200.0,power
,HR,2021-04-24,4760400.0,power
,BG,2021-04-25,6602000.0,power
,HR,2021-04-25,4693600.0,power
,AT,2021-04-25,18966400.0,power
,CZ,2021-04-25,10077200.0,power
,DK,2021-04-25,7163500.0,power
,BE,2021-04-25,36083700.0,power
,BG,2021-04-26,6940000.0,power
,HR,2021-04-26,6424600.0,power
,DK,2021-04-26,8280000.0,power
,AT,2021-04-26,39165400.0,power
,BE,2021-04-26,67294800.0,power
,CZ,2021-04-26,26784800.0,power
,HR,2021-04-27,7915400.000000001,power
,CZ,2021-04-27,27191700.0,power
,BE,2021-04-27,69338000.0,power
,BG,2021-04-27,6156000.0,power
,AT,2021-04-27,26282200.0,power
,DK,2021-04-27,5620800.0,power
,CZ,2021-04-28,21177800.0,power
,DK,2021-04-28,8870100.0,power
,HR,2021-04-28,9576900.0,power
,BG,2021-04-28,6147000.0,power
,AT,2021-04-28,29008400.0,power
,BE,2021-04-28,73730100.0,power
,BE,2021-04-29,79933800.0,power
,DK,2021-04-29,9298400.0,power
,AT,2021-04-29,36248800.0,power
,CZ,2021-04-29,23752000.0,power
,BG,2021-04-29,5353000.0,power
,HR,2021-04-29,9531900.0,power
,BE,2021-04-30,85588500.0,power
,AT,2021-04-30,20920500.0,power
,BG,2021-04-30,4856000.0,power
,HR,2021-04-30,9239700.0,power
,CZ,2021-04-30,24711000.0,power
,DK,2021-04-30,10004000.0,power
1803.0,FR,2021-05-01,117.929,power
1813.0,NL,2021-05-01,667.792,power
1812.0,MT,2021-05-01,32.04,power
1811.0,LV,2021-05-01,11.889,power
1810.0,LU,2021-05-01,6.67,power
1809.0,LT,2021-05-01,17.2,power
1808.0,IT,2021-05-01,1495.8,power
1818.0,SI,2021-05-01,9.952,power
1816.0,RO,2021-05-01,82.0,power
1807.0,IE,2021-05-01,220.429,power
1806.0,HU,2021-05-01,167.0,power
1804.0,GR,2021-05-01,264.701,power
1802.0,FI,2021-05-01,17.0,power
1814.0,PL,2021-05-01,166.767,power
1800.0,ES,2021-05-01,443.078,power
,DK,2021-05-01,7297800.0,power
,CZ,2021-05-01,6665600.0,power
,AT,2021-05-01,8762700.0,power
1819.0,SK,2021-05-01,70.983,power
1801.0,EU27_2020,2021-05-01,5378.724,power
,BG,2021-05-01,4592000.0,power
1795.0,CY,2021-05-01,0.0,power
,BE,2021-05-01,35504400.0,power
1817.0,SE,2021-05-01,1.0,power
1797.0,DE,2021-05-01,866.0,power
1815.0,PT,2021-05-01,211.365,power
1799.0,EE,2021-05-01,10.8,power
,HR,2021-05-01,8110900.0,power
,BE,2021-05-02,35475200.0,power
,HR,2021-05-02,7907700.0,power
,DK,2021-05-02,7061400.0,power
,BG,2021-05-02,4679000.0,power
,CZ,2021-05-02,6648200.0,power
,AT,2021-05-02,8732800.0,power
,CZ,2021-05-03,6280600.0,power
,HR,2021-05-03,9003100.0,power
,DK,2021-05-03,8374400.0,power
,BG,2021-05-03,4699000.0,power
,AT,2021-05-03,11033400.0,power
,BE,2021-05-03,40154200.0,power
,DK,2021-05-04,6969000.0,power
,BG,2021-05-04,4710000.0,power
,HR,2021-05-04,9126600.0,power
,AT,2021-05-04,7730500.0,power
,CZ,2021-05-04,6115000.0,power
,BE,2021-05-04,28670500.0,power
,HR,2021-05-05,8071200.0,power
,CZ,2021-05-05,6093000.0,power
,DK,2021-05-05,8275900.0,power
,AT,2021-05-05,9255300.0,power
,BE,2021-05-05,32478200.0,power
,BG,2021-05-05,4817000.0,power
,BG,2021-05-06,4782000.0,power
,BE,2021-05-06,68368900.0,power
,AT,2021-05-06,10964300.0,power
,DK,2021-05-06,9615900.0,power
,CZ,2021-05-06,23836700.0,power
,HR,2021-05-06,7849400.0,power
,CZ,2021-05-07,19449300.0,power
,BG,2021-05-07,4812000.0,power
,DK,2021-05-07,8885000.0,power
,HR,2021-05-07,7604600.0,power
,BE,2021-05-07,68750100.0,power
,AT,2021-05-07,11146200.0,power
,DK,2021-05-08,7316500.0,power
,BG,2021-05-08,4840000.0,power
,CZ,2021-05-08,5865800.0,power
,BE,2021-05-08,32908700.0,power
,HR,2021-05-08,2380900.0,power
,AT,2021-05-08,9688200.0,power
,AT,2021-05-09,299400.0,power
,DK,2021-05-09,5898600.0,power
,CZ,2021-05-09,5650000.0,power
,BE,2021-05-09,31329300.0,power
,HR,2021-05-09,2371900.0,power
,BG,2021-05-09,4842000.0,power
,AT,2021-05-10,7840000.0,power
,HR,2021-05-10,2339800.0,power
,DK,2021-05-10,7361700.0,power
,BG,2021-05-10,4853000.0,power
,CZ,2021-05-10,5971500.0,power
,BE,2021-05-10,46091600.0,power
,HR,2021-05-11,2364300.0,power
,AT,2021-05-11,9125200.0,power
,BE,2021-05-11,58154600.0,power
,DK,2021-05-11,8517000.0,power
,BG,2021-05-11,4811000.0,power
,CZ,2021-05-11,5988100.0,power
,BG,2021-05-12,4606000.0,power
,DK,2021-05-12,8943000.0,power
,BE,2021-05-12,51709700.0,power
,AT,2021-05-12,9550300.0,power
,CZ,2021-05-12,5996700.0,power
,HR,2021-05-12,2283700.0,power
,BE,2021-05-13,30275900.0,power
,HR,2021-05-13,1525200.0,power
,AT,2021-05-13,9154000.0,power
,CZ,2021-05-13,6047400.0,power
,DK,2021-05-13,6878400.0,power
,BG,2021-05-13,4778000.0,power
,BG,2021-05-14,4582000.0,power
,CZ,2021-05-14,6037500.0,power
,BE,2021-05-14,31519800.0,power
,HR,2021-05-14,1529200.0,power
,DK,2021-05-14,6367100.0,power
,AT,2021-05-14,10314100.0,power
,HR,2021-05-15,1524500.0,power
,DK,2021-05-15,6658900.0,power
,CZ,2021-05-15,5758400.0,power
,AT,2021-05-15,9538900.0,power
,BG,2021-05-15,4819000.0,power
,BE,2021-05-15,34860800.0,power
,HR,2021-05-16,1519300.0,power
,DK,2021-05-16,4752700.0,power
,CZ,2021-05-16,5739100.0,power
,BE,2021-05-16,27303400.0,power
,AT,2021-05-16,7120099.999999999,power
,BG,2021-05-16,4868000.0,power
,HR,2021-05-17,1163000.0,power
,BG,2021-05-17,4886000.0,power
,AT,2021-05-17,10177900.0,power
,BE,2021-05-17,35772800.0,power
,DK,2021-05-17,6733800.0,power
,CZ,2021-05-17,6062500.0,power
,BG,2021-05-18,4772000.0,power
,AT,2021-05-18,12338100.0,power
,BE,2021-05-18,50410200.0,power
,CZ,2021-05-18,6069200.0,power
,DK,2021-05-18,7101400.0,power
,HR,2021-05-18,1066700.0,power
,BG,2021-05-19,4757000.0,power
,HR,2021-05-19,994500.0,power
,DK,2021-05-19,6290300.0,power
,AT,2021-05-19,11690800.0,power
,BE,2021-05-19,54333800.0,power
,CZ,2021-05-19,6020900.0,power
,CZ,2021-05-20,6020100.0,power
,BE,2021-05-20,52615000.0,power
,HR,2021-05-20,0.0,power
,AT,2021-05-20,11426100.0,power
,DK,2021-05-20,6554400.0,power
,BG,2021-05-20,4759000.0,power
,CZ,2021-05-21,6005200.0,power
,BG,2021-05-21,4683000.0,power
,HR,2021-05-21,800.0,power
,AT,2021-05-21,8026599.999999999,power
,BE,2021-05-21,28076300.0,power
,DK,2021-05-21,4906800.0,power
,HR,2021-05-22,0.0,power
,BE,2021-05-22,29600900.0,power
,DK,2021-05-22,5248200.0,power
,AT,2021-05-22,0.0,power
,BG,2021-05-22,4725000.0,power
,CZ,2021-05-22,5891100.0,power
,AT,2021-05-23,0.0,power
,DK,2021-05-23,7175900.0,power
,CZ,2021-05-23,5802700.0,power
,HR,2021-05-23,744400.0,power
,BG,2021-05-23,4720000.0,power
,BE,2021-05-23,26766300.0,power
,DK,2021-05-24,7656500.0,power
,BG,2021-05-24,4742000.0,power
,BE,2021-05-24,33703800.0,power
,AT,2021-05-24,116900.0,power
,HR,2021-05-24,1060000.0,power
,CZ,2021-05-24,6583600.0,power
,AT,2021-05-25,10146700.0,power
,CZ,2021-05-25,6643700.0,power
,BE,2021-05-25,37244600.0,power
,BG,2021-05-25,4623000.0,power
,DK,2021-05-25,9532800.0,power
,HR,2021-05-25,1059300.0,power
,AT,2021-05-26,13634600.0,power
,HR,2021-05-26,1063800.0,power
,BE,2021-05-26,57891600.0,power
,BG,2021-05-26,4701000.0,power
,DK,2021-05-26,7323400.0,power
,CZ,2021-05-26,7320400.0,power
,BG,2021-05-27,4724000.0,power
,HR,2021-05-27,1060200.0,power
,AT,2021-05-27,15561300.0,power
,CZ,2021-05-27,7728700.0,power
,BE,2021-05-27,62661100.0,power
,DK,2021-05-27,7156200.0,power
,AT,2021-05-28,10741000.0,power
,CZ,2021-05-28,13944600.0,power
,BE,2021-05-28,61969299.99999999,power
,BG,2021-05-28,4796000.0,power
,DK,2021-05-28,8067100.0,power
,HR,2021-05-28,568600.0,power
,BG,2021-05-29,4724000.0,power
,AT,2021-05-29,9172200.0,power
,CZ,2021-05-29,6433100.0,power
,DK,2021-05-29,6275400.0,power
,HR,2021-05-29,0.0,power
,BE,2021-05-29,34480600.0,power
,BE,2021-05-30,31756500.0,power
,AT,2021-05-30,7410200.0,power
,CZ,2021-05-30,6393700.0,power
,HR,2021-05-30,0.0,power
,DK,2021-05-30,4105500.0,power
,BG,2021-05-30,4734000.0,power
,CZ,2021-05-31,17313900.0,power
,DK,2021-05-31,5662900.0,power
,BG,2021-05-31,4754000.0,power
,AT,2021-05-31,9459000.0,power
,HR,2021-05-31,642700.0,power
,BE,2021-05-31,47993400.0,power
1831.0,FR,2021-06-01,178.833,power
1830.0,FI,2021-06-01,12.0,power
1829.0,EU27_2020,2021-06-01,6492.561,power
1828.0,ES,2021-06-01,650.066,power
1825.0,DE,2021-06-01,785.0,power
,DK,2021-06-01,4584800.0,power
1823.0,CY,2021-06-01,0.0,power
,AT,2021-06-01,153000.0,power
,BG,2021-06-01,4614000.0,power
1832.0,GR,2021-06-01,408.242,power
1835.0,IE,2021-06-01,256.017,power
,HR,2021-06-01,1064100.0,power
,BE,2021-06-01,44444500.0,power
1834.0,HU,2021-06-01,170.0,power
1837.0,LT,2021-06-01,9.9,power
1836.0,IT,2021-06-01,1941.5,power
1844.0,RO,2021-06-01,68.0,power
1827.0,EE,2021-06-01,10.8,power
1845.0,SE,2021-06-01,1.0,power
1846.0,SI,2021-06-01,12.584,power
1847.0,SK,2021-06-01,72.237,power
1843.0,PT,2021-06-01,325.298,power
,CZ,2021-06-01,16052100.0,power
1841.0,NL,2021-06-01,838.627,power
1840.0,MT,2021-06-01,36.842,power
1839.0,LV,2021-06-01,24.889,power
1838.0,LU,2021-06-01,6.67,power
1842.0,PL,2021-06-01,156.639,power
,BG,2021-06-02,4802000.0,power
,CZ,2021-06-02,8301900.0,power
,AT,2021-06-02,0.0,power
,DK,2021-06-02,5826400.0,power
,BE,2021-06-02,41370900.0,power
,HR,2021-06-02,1061600.0,power
,HR,2021-06-03,613500.0,power
,BE,2021-06-03,33119100.0,power
,BG,2021-06-03,4416000.0,power
,CZ,2021-06-03,7485500.0,power
,DK,2021-06-03,5978400.0,power
,AT,2021-06-03,0.0,power
,CZ,2021-06-04,21113800.0,power
,DK,2021-06-04,5260400.0,power
,BG,2021-06-04,4763000.0,power
,BE,2021-06-04,53733400.0,power
,AT,2021-06-04,0.0,power
,HR,2021-06-04,700.0,power
,HR,2021-06-05,762700.0,power
,CZ,2021-06-05,7333200.0,power
,AT,2021-06-05,0.0,power
,DK,2021-06-05,3937000.0,power
,BG,2021-06-05,4743000.0,power
,BE,2021-06-05,39428000.0,power
,AT,2021-06-06,0.0,power
,HR,2021-06-06,0.0,power
,CZ,2021-06-06,7306800.0,power
,BG,2021-06-06,4720000.0,power
,BE,2021-06-06,34422700.0,power
,DK,2021-06-06,2534800.0,power
,AT,2021-06-07,0.0,power
,DK,2021-06-07,3483200.0,power
,HR,2021-06-07,2644200.0000000005,power
,CZ,2021-06-07,21225200.0,power
,BG,2021-06-07,4735000.0,power
,BE,2021-06-07,58901400.0,power
,HR,2021-06-08,4580800.0,power
,BG,2021-06-08,4728000.0,power
,DK,2021-06-08,2866600.0,power
,BE,2021-06-08,55279400.0,power
,AT,2021-06-08,0.0,power
,CZ,2021-06-08,21414800.0,power
,BG,2021-06-09,4692000.0,power
,AT,2021-06-09,2053900.0,power
,DK,2021-06-09,3008000.0,power
,BE,2021-06-09,62885400.0,power
,CZ,2021-06-09,21669500.0,power
,HR,2021-06-09,4613400.0,power
,HR,2021-06-10,4529300.0,power
,DK,2021-06-10,2738200.0,power
,AT,2021-06-10,0.0,power
,BG,2021-06-10,4504000.0,power
,BE,2021-06-10,61647500.0,power
,CZ,2021-06-10,21439900.0,power
,BG,2021-06-11,4634000.0,power
,BE,2021-06-11,55603100.0,power
,CZ,2021-06-11,18571400.0,power
,HR,2021-06-11,4521900.0,power
,DK,2021-06-11,3311800.0,power
,AT,2021-06-11,0.0,power
,DK,2021-06-12,5747500.0,power
,HR,2021-06-12,4501600.0,power
,BE,2021-06-12,32315600.0,power
,BG,2021-06-12,4437000.0,power
,CZ,2021-06-12,7147700.0,power
,AT,2021-06-12,0.0,power
,DK,2021-06-13,5231600.0,power
,AT,2021-06-13,0.0,power
,HR,2021-06-13,3871200.000000001,power
,CZ,2021-06-13,7090000.0,power
,BG,2021-06-13,4655000.0,power
,BE,2021-06-13,33594500.0,power
,DK,2021-06-14,5024000.0,power
,HR,2021-06-14,4528200.0,power
,BG,2021-06-14,4608000.0,power
,BE,2021-06-14,52109799.99999999,power
,CZ,2021-06-14,16700200.0,power
,AT,2021-06-14,1993500.0,power
,AT,2021-06-15,106500.0,power
,BE,2021-06-15,56971900.0,power
,BG,2021-06-15,4588000.0,power
,HR,2021-06-15,4524500.0,power
,CZ,2021-06-15,21693800.0,power
,DK,2021-06-15,5166600.0,power
,AT,2021-06-16,800.0,power
,CZ,2021-06-16,20673500.0,power
,BE,2021-06-16,60243900.0,power
,BG,2021-06-16,4351000.0,power
,DK,2021-06-16,3455000.0,power
,HR,2021-06-16,4519000.0,power
,DK,2021-06-17,5171200.0,power
,CZ,2021-06-17,20816800.0,power
,BE,2021-06-17,61033800.0,power
,HR,2021-06-17,4504600.0,power
,AT,2021-06-17,65000.0,power
,BG,2021-06-17,4613000.0,power
,DK,2021-06-18,5157800.0,power
,BE,2021-06-18,57094300.0,power
,AT,2021-06-18,552000.0,power
,HR,2021-06-18,4498100.0,power
,CZ,2021-06-18,21152200.0,power
,BG,2021-06-18,4441000.0,power
,AT,2021-06-19,9600.000000000002,power
,BE,2021-06-19,53205800.0,power
,CZ,2021-06-19,11540400.0,power
,BG,2021-06-19,4556000.0,power
,HR,2021-06-19,4392300.0,power
,DK,2021-06-19,4290700.0,power
,BE,2021-06-20,33863200.0,power
,HR,2021-06-20,4395500.0,power
,DK,2021-06-20,4212400.0,power
,AT,2021-06-20,8800.0,power
,BG,2021-06-20,4504000.0,power
,CZ,2021-06-20,14107900.0,power
,BE,2021-06-21,49140200.0,power
,AT,2021-06-21,3740100.0,power
,DK,2021-06-21,4871000.0,power
,BG,2021-06-21,4439000.0,power
,HR,2021-06-21,4372200.0,power
,CZ,2021-06-21,19939000.0,power
,BE,2021-06-22,54955900.0,power
,HR,2021-06-22,4171700.0,power
,DK,2021-06-22,3627600.0,power
,CZ,2021-06-22,21569700.0,power
,AT,2021-06-22,3135900.0,power
,BG,2021-06-22,4047000.0,power
,CZ,2021-06-23,21559500.0,power
,BE,2021-06-23,67418200.0,power
,HR,2021-06-23,878000.0,power
,AT,2021-06-23,5474700.0,power
,BG,2021-06-23,4355000.0,power
,DK,2021-06-23,3214799.9999999995,power
,HR,2021-06-24,5208700.0,power
,AT,2021-06-24,13724700.0,power
,DK,2021-06-24,3986300.0,power
,BE,2021-06-24,60837600.0,power
,CZ,2021-06-24,13043400.0,power
,BG,2021-06-24,4461000.0,power
,BG,2021-06-25,4367000.0,power
,CZ,2021-06-25,19538800.0,power
,HR,2021-06-25,5659200.0,power
,DK,2021-06-25,3398700.0000000005,power
,AT,2021-06-25,3942900.0,power
,BE,2021-06-25,49881900.0,power
,HR,2021-06-26,4398500.0,power
,CZ,2021-06-26,7582700.0,power
,AT,2021-06-26,1071700.0,power
,BG,2021-06-26,4165000.0,power
,BE,2021-06-26,39812900.0,power
,DK,2021-06-26,2838300.0,power
,HR,2021-06-27,4539000.0,power
,BE,2021-06-27,37360000.0,power
,BG,2021-06-27,4337000.0,power
,AT,2021-06-27,1700400.0,power
,DK,2021-06-27,3004800.0,power
,CZ,2021-06-27,7049700.0,power
,BG,2021-06-28,4286000.0,power
,AT,2021-06-28,20938100.0,power
,DK,2021-06-28,3829000.0,power
,CZ,2021-06-28,22436100.0,power
,HR,2021-06-28,5303100.0,power
,BE,2021-06-28,55334200.0,power
,HR,2021-06-29,5718500.0,power
,BG,2021-06-29,4708000.0,power
,AT,2021-06-29,11385500.0,power
,DK,2021-06-29,3261500.0,power
,BE,2021-06-29,61873800.0,power
,CZ,2021-06-29,24875400.0,power
,AT,2021-06-30,6863100.0,power
,CZ,2021-06-30,23665500.0,power
,BE,2021-06-30,55925000.0,power
,DK,2021-06-30,5174000.0,power
,HR,2021-06-30,5726400.0,power
,BG,2021-06-30,4853000.0,power
1862.0,HU,2021-07-01,174.0,power
,DK,2021-07-01,5432900.0,power
,CZ,2021-07-01,20995700.0,power
1856.0,ES,2021-07-01,674.946,power
1857.0,EU27_2020,2021-07-01,6711.345,power
1851.0,CY,2021-07-01,0.0,power
1859.0,FR,2021-07-01,171.326,power
1860.0,GR,2021-07-01,492.44,power
,BE,2021-07-01,49746700.0,power
1853.0,DE,2021-07-01,744.0,power
1855.0,EE,2021-07-01,7.4,power
1863.0,IE,2021-07-01,287.374,power
1871.0,PT,2021-07-01,238.242,power
1858.0,FI,2021-07-01,18.0,power
1875.0,SK,2021-07-01,59.31,power
1867.0,LV,2021-07-01,37.225,power
1866.0,LU,2021-07-01,6.67,power
1865.0,LT,2021-07-01,7.6,power
1868.0,MT,2021-07-01,42.727,power
1870.0,PL,2021-07-01,158.825,power
1869.0,NL,2021-07-01,665.125,power
,BG,2021-07-01,4958000.0,power
1864.0,IT,2021-07-01,2352.2,power
1872.0,RO,2021-07-01,61.0,power
1873.0,SE,2021-07-01,0.0,power
1874.0,SI,2021-07-01,7.821,power
,HR,2021-07-01,6651700.0,power
,AT,2021-07-01,47000.0,power
,CZ,2021-07-02,21222400.0,power
,HR,2021-07-02,6716900.0,power
,DK,2021-07-02,5733100.0,power
,AT,2021-07-02,110000.0,power
,BE,2021-07-02,42572200.0,power
,BG,2021-07-02,4897000.0,power
,BE,2021-07-03,33818700.0,power
,DK,2021-07-03,2701600.0,power
,HR,2021-07-03,6515500.0,power
,BG,2021-07-03,4883000.0,power
,CZ,2021-07-03,11633800.0,power
,AT,2021-07-03,9600.000000000002,power
,AT,2021-07-04,8800.0,power
,HR,2021-07-04,5815700.0,power
,BE,2021-07-04,32162700.0,power
,DK,2021-07-04,2516600.0,power
,BG,2021-07-04,4894000.0,power
,CZ,2021-07-04,7097700.0,power
,BG,2021-07-05,4934000.0,power
,DK,2021-07-05,3241600.0,power
,CZ,2021-07-05,20576900.0,power
,HR,2021-07-05,6662400.0,power
,AT,2021-07-05,0.0,power
,BE,2021-07-05,39225600.0,power
,AT,2021-07-06,3426900.0,power
,CZ,2021-07-06,7131500.0,power
,DK,2021-07-06,3726500.0,power
,HR,2021-07-06,7264900.0,power
,BE,2021-07-06,32684400.0,power
,BG,2021-07-06,4966000.0,power
,DK,2021-07-07,3287300.0,power
,BE,2021-07-07,42378300.0,power
,CZ,2021-07-07,21937800.0,power
,BG,2021-07-07,4999000.0,power
,AT,2021-07-07,10995400.0,power
,HR,2021-07-07,6660900.0,power
,DK,2021-07-08,2937700.0,power
,CZ,2021-07-08,22270900.0,power
,BG,2021-07-08,5016000.0,power
,HR,2021-07-08,6598600.0,power
,AT,2021-07-08,6280400.0,power
,BE,2021-07-08,50441700.0,power
,BE,2021-07-09,57667500.0,power
,DK,2021-07-09,3751700.0,power
,CZ,2021-07-09,22595200.0,power
,HR,2021-07-09,7131800.0,power
,AT,2021-07-09,0.0,power
,BG,2021-07-09,5128000.0,power
,BE,2021-07-10,34219700.0,power
,HR,2021-07-10,6800100.0,power
,DK,2021-07-10,5266000.0,power
,AT,2021-07-10,5586800.0,power
,BG,2021-07-10,5118000.0,power
,CZ,2021-07-10,6946900.0,power
,BG,2021-07-11,5059000.0,power
,CZ,2021-07-11,6918600.0,power
,DK,2021-07-11,2290900.0,power
,HR,2021-07-11,7398100.0,power
,AT,2021-07-11,0.0,power
,BE,2021-07-11,33056100.0,power
,BE,2021-07-12,46249000.0,power
,BG,2021-07-12,5077000.0,power
,CZ,2021-07-12,19813200.0,power
,AT,2021-07-12,4423100.0,power
,DK,2021-07-12,5519800.0,power
,HR,2021-07-12,7820100.0,power
,AT,2021-07-13,1522100.0,power
,BE,2021-07-13,53836300.0,power
,CZ,2021-07-13,19841100.0,power
,BG,2021-07-13,4994000.0,power
,DK,2021-07-13,3318300.0,power
,HR,2021-07-13,8296000.0,power
,CZ,2021-07-14,19627600.0,power
,BE,2021-07-14,40232500.0,power
,BG,2021-07-14,4864000.0,power
,DK,2021-07-14,3025000.0,power
,AT,2021-07-14,1718800.0,power
,HR,2021-07-14,7582900.0,power
,AT,2021-07-15,12594500.0,power
,BE,2021-07-15,49475600.0,power
,BG,2021-07-15,4744000.0,power
,DK,2021-07-15,1991600.0,power
,CZ,2021-07-15,20689800.0,power
,HR,2021-07-15,7929100.0,power
,DK,2021-07-16,2569600.0,power
,HR,2021-07-16,7786600.0,power
,AT,2021-07-16,0.0,power
,CZ,2021-07-16,19518700.0,power
,BE,2021-07-16,44057200.0,power
,BG,2021-07-16,5115000.0,power
,AT,2021-07-17,3983100.0,power
,BG,2021-07-17,5066000.0,power
,CZ,2021-07-17,6950000.0,power
,BE,2021-07-17,36990400.0,power
,DK,2021-07-17,2201800.0,power
,HR,2021-07-17,6872600.0,power
,BG,2021-07-18,4719000.0,power
,HR,2021-07-18,6328800.0,power
,BE,2021-07-18,33459200.0,power
,CZ,2021-07-18,6872700.0,power
,DK,2021-07-18,1935400.0,power
,AT,2021-07-18,0.0,power
,CZ,2021-07-19,20342700.0,power
,BG,2021-07-19,5090000.0,power
,BE,2021-07-19,35343800.0,power
,HR,2021-07-19,7167700.0,power
,AT,2021-07-19,4960800.0,power
,DK,2021-07-19,2469600.0,power
,BE,2021-07-20,35516200.0,power
,AT,2021-07-20,0.0,power
,DK,2021-07-20,2520700.0,power
,HR,2021-07-20,8038000.0,power
,BG,2021-07-20,5049000.0,power
,CZ,2021-07-20,16166000.0,power
,DK,2021-07-21,2769500.0,power
,HR,2021-07-21,8077000.0,power
,AT,2021-07-21,116700.0,power
,BG,2021-07-21,5058000.0,power
,BE,2021-07-21,45993300.0,power
,CZ,2021-07-21,21335900.0,power
,HR,2021-07-22,8047500.0,power
,BG,2021-07-22,5070000.0,power
,AT,2021-07-22,40700.0,power
,BE,2021-07-22,44807800.0,power
,DK,2021-07-22,3297900.0,power
,CZ,2021-07-22,16825200.0,power
,HR,2021-07-23,7584600.0,power
,BE,2021-07-23,45494900.0,power
,CZ,2021-07-23,14736300.0,power
,BG,2021-07-23,5149000.0,power
,DK,2021-07-23,3523000.0,power
,AT,2021-07-23,1957000.0,power
,AT,2021-07-24,9600.000000000002,power
,BG,2021-07-24,5089000.0,power
,BE,2021-07-24,31109600.0,power
,DK,2021-07-24,2723100.0,power
,CZ,2021-07-24,6941300.0,power
,HR,2021-07-24,7708400.0,power
,BG,2021-07-25,5030000.0,power
,BE,2021-07-25,28656500.0,power
,DK,2021-07-25,2467100.0,power
,HR,2021-07-25,6831000.0,power
,CZ,2021-07-25,6909900.0,power
,AT,2021-07-25,54499.99999999999,power
,CZ,2021-07-26,18759900.0,power
,BE,2021-07-26,32686400.0,power
,HR,2021-07-26,7567300.0,power
,DK,2021-07-26,3118600.0,power
,AT,2021-07-26,9600.000000000002,power
,BG,2021-07-26,5134000.0,power
,DK,2021-07-27,2833600.0,power
,BE,2021-07-27,37634200.0,power
,AT,2021-07-27,9600.000000000002,power
,CZ,2021-07-27,15076100.0,power
,BG,2021-07-27,5071000.0,power
,HR,2021-07-27,7540700.0,power
,HR,2021-07-28,8504400.0,power
,BG,2021-07-28,5009000.0,power
,DK,2021-07-28,3194400.0,power
,BE,2021-07-28,35637100.0,power
,AT,2021-07-28,9600.000000000002,power
,CZ,2021-07-28,7133900.0,power
,HR,2021-07-29,8052800.0,power
,CZ,2021-07-29,7000600.0,power
,BG,2021-07-29,4990000.0,power
,DK,2021-07-29,2294000.0,power
,AT,2021-07-29,6033900.0,power
,BE,2021-07-29,31530300.0,power
,HR,2021-07-30,8505600.0,power
,DK,2021-07-30,3064500.0,power
,AT,2021-07-30,13591300.0,power
,BG,2021-07-30,4757000.0,power
,BE,2021-07-30,29078700.0,power
,CZ,2021-07-30,6997300.0,power
,BG,2021-07-31,4494000.0,power
,CZ,2021-07-31,6896400.0,power
,HR,2021-07-31,7724600.0,power
,DK,2021-07-31,2655200.0,power
,AT,2021-07-31,9600.000000000002,power
,BE,2021-07-31,29415400.0,power
1894.0,LU,2021-08-01,6.67,power
1901.0,SE,2021-08-01,0.7,power
1902.0,SI,2021-08-01,8.271,power
,CZ,2021-08-01,6863900.0,power
1900.0,RO,2021-08-01,52.0,power
,HR,2021-08-01,6934700.0,power
1899.0,PT,2021-08-01,252.571,power
1903.0,SK,2021-08-01,48.675,power
1898.0,PL,2021-08-01,161.777,power
1897.0,NL,2021-08-01,346.96,power
1885.0,EU27_2020,2021-08-01,5568.065,power
1884.0,ES,2021-08-01,748.451,power
1892.0,IT,2021-08-01,1952.2,power
1893.0,LT,2021-08-01,6.0,power
1890.0,HU,2021-08-01,157.0,power
,BG,2021-08-01,3886000.0,power
,AT,2021-08-01,9600.000000000002,power
,BE,2021-08-01,32776800.000000004,power
1896.0,MT,2021-08-01,41.756,power
1891.0,IE,2021-08-01,289.641,power
1883.0,EE,2021-08-01,8.4,power
1888.0,GR,2021-08-01,468.706,power
1881.0,DE,2021-08-01,541.0,power
1879.0,CY,2021-08-01,0.0,power
1886.0,FI,2021-08-01,11.0,power
1895.0,LV,2021-08-01,7.974,power
1887.0,FR,2021-08-01,61.131,power
,DK,2021-08-01,2772700.0,power
,AT,2021-08-02,9600.000000000002,power
,CZ,2021-08-02,6997800.0,power
,DK,2021-08-02,3441600.0,power
,HR,2021-08-02,7438900.0,power
,BE,2021-08-02,33520800.000000004,power
,BG,2021-08-02,2887000.0,power
,BG,2021-08-03,2961000.0,power
,HR,2021-08-03,8037100.0,power
,BE,2021-08-03,42516900.0,power
,DK,2021-08-03,4522600.0,power
,CZ,2021-08-03,7039800.0,power
,AT,2021-08-03,9600.000000000002,power
,HR,2021-08-04,7831200.0,power
,AT,2021-08-04,9600.000000000002,power
,BE,2021-08-04,40642700.0,power
,DK,2021-08-04,3697900.0,power
,CZ,2021-08-04,7023300.0,power
,BG,2021-08-04,2972000.0,power
,BE,2021-08-05,32620900.0,power
,HR,2021-08-05,6929600.0,power
,AT,2021-08-05,9600.000000000002,power
,DK,2021-08-05,3622200.0,power
,BG,2021-08-05,2915000.0,power
,CZ,2021-08-05,7027300.0,power
,BG,2021-08-06,2942000.0,power
,AT,2021-08-06,9600.000000000002,power
,HR,2021-08-06,6841900.0,power
,CZ,2021-08-06,6976200.0,power
,BE,2021-08-06,32901000.0,power
,DK,2021-08-06,3433600.0,power
,CZ,2021-08-07,6843200.0,power
,AT,2021-08-07,9600.000000000002,power
,DK,2021-08-07,2910400.0,power
,BG,2021-08-07,2537000.0,power
,HR,2021-08-07,7313400.0,power
,BE,2021-08-07,34664500.0,power
,AT,2021-08-08,9600.000000000002,power
,BG,2021-08-08,2747000.0,power
,CZ,2021-08-08,6744800.0,power
,BE,2021-08-08,27179300.0,power
,HR,2021-08-08,7457200.0,power
,DK,2021-08-08,2407300.0,power
,DK,2021-08-09,3277600.0,power
,HR,2021-08-09,8320100.0,power
,CZ,2021-08-09,6945800.0,power
,AT,2021-08-09,9600.000000000002,power
,BG,2021-08-09,2444000.0,power
,BE,2021-08-09,29896500.0,power
,BG,2021-08-10,2945000.0,power
,HR,2021-08-10,7942400.000000001,power
,AT,2021-08-10,9600.000000000002,power
,BE,2021-08-10,33290300.000000004,power
,DK,2021-08-10,3833600.0,power
,CZ,2021-08-10,7040300.0,power
,DK,2021-08-11,3587100.0,power
,AT,2021-08-11,9600.000000000002,power
,BE,2021-08-11,37275500.0,power
,CZ,2021-08-11,6990100.0,power
,HR,2021-08-11,8087800.0,power
,BG,2021-08-11,3551000.0,power
,HR,2021-08-12,8456400.0,power
,CZ,2021-08-12,6989300.0,power
,BE,2021-08-12,36229300.0,power
,DK,2021-08-12,3408500.0,power
,AT,2021-08-12,9600.000000000002,power
,BG,2021-08-12,3143000.0,power
,BG,2021-08-13,3065000.0,power
,BE,2021-08-13,30739700.0,power
,DK,2021-08-13,2977700.0,power
,HR,2021-08-13,7741900.0,power
,CZ,2021-08-13,6949300.0,power
,AT,2021-08-13,9600.000000000002,power
,DK,2021-08-14,2358100.0,power
,BG,2021-08-14,3494000.0,power
,CZ,2021-08-14,6825300.0,power
,HR,2021-08-14,6865500.0,power
,AT,2021-08-14,9600.000000000002,power
,BE,2021-08-14,32823900.0,power
,BG,2021-08-15,3494000.0,power
,BE,2021-08-15,28104400.0,power
,AT,2021-08-15,9600.000000000002,power
,CZ,2021-08-15,6777500.0,power
,DK,2021-08-15,2762700.0,power
,HR,2021-08-15,6743400.0,power
,AT,2021-08-16,3064800.0,power
,BG,2021-08-16,3549000.0,power
,CZ,2021-08-16,7065400.000000001,power
,BE,2021-08-16,29489900.0,power
,DK,2021-08-16,2885700.0,power
,HR,2021-08-16,7750300.0,power
,BE,2021-08-17,30312200.0,power
,BG,2021-08-17,3619000.0,power
,CZ,2021-08-17,6867900.000000001,power
,DK,2021-08-17,2605900.0,power
,AT,2021-08-17,9600.000000000002,power
,HR,2021-08-17,7819500.0,power
,AT,2021-08-18,9600.000000000002,power
,HR,2021-08-18,7638900.0,power
,DK,2021-08-18,2682600.0,power
,BG,2021-08-18,4211000.0,power
,BE,2021-08-18,32657900.0,power
,CZ,2021-08-18,7696700.0,power
,AT,2021-08-19,8800.0,power
,DK,2021-08-19,3443000.0,power
,BE,2021-08-19,34914100.0,power
,BG,2021-08-19,4316000.0,power
,HR,2021-08-19,7570600.0,power
,CZ,2021-08-19,7729500.0,power
,DK,2021-08-20,4021200.0,power
,HR,2021-08-20,7745900.0,power
,BG,2021-08-20,4371000.0,power
,CZ,2021-08-20,18788400.0,power
,BE,2021-08-20,42429100.0,power
,AT,2021-08-20,800.0,power
,CZ,2021-08-21,7614900.0,power
,BG,2021-08-21,4740000.0,power
,BE,2021-08-21,30469600.0,power
,DK,2021-08-21,3013500.0,power
,HR,2021-08-21,7218200.0,power
,AT,2021-08-21,10770800.0,power
,DK,2021-08-22,3027800.0,power
,HR,2021-08-22,6825500.0,power
,BG,2021-08-22,7527000.0,power
,AT,2021-08-22,9600.000000000002,power
,CZ,2021-08-22,7657800.0,power
,BE,2021-08-22,29940900.0,power
,HR,2021-08-23,7733400.0,power
,DK,2021-08-23,3903700.0,power
,AT,2021-08-23,9600.000000000002,power
,BG,2021-08-23,8013000.0,power
,CZ,2021-08-23,7837900.0,power
,BE,2021-08-23,31551500.0,power
,HR,2021-08-24,7734100.0,power
,DK,2021-08-24,3426700.0,power
,AT,2021-08-24,8458400.0,power
,BE,2021-08-24,32573600.0,power
,BG,2021-08-24,7704000.0,power
,CZ,2021-08-24,7813400.0,power
,CZ,2021-08-25,7812600.0,power
,BE,2021-08-25,36785800.0,power
,BG,2021-08-25,9179000.0,power
,HR,2021-08-25,7778100.0,power
,DK,2021-08-25,2674400.0,power
,AT,2021-08-25,18394600.0,power
,BE,2021-08-26,32364600.0,power
,CZ,2021-08-26,7807300.0,power
,AT,2021-08-26,5478000.0,power
,HR,2021-08-26,7825000.0,power
,BG,2021-08-26,8946000.0,power
,DK,2021-08-26,3021000.0,power
,BE,2021-08-27,31771600.0,power
,BG,2021-08-27,7612000.0,power
,HR,2021-08-27,7416300.0,power
,DK,2021-08-27,3047500.0,power
,CZ,2021-08-27,7835099.999999999,power
,AT,2021-08-27,9668000.0,power
,CZ,2021-08-28,7752900.0,power
,HR,2021-08-28,7132400.0,power
,DK,2021-08-28,3181600.0,power
,AT,2021-08-28,9600.000000000002,power
,BG,2021-08-28,7466000.0,power
,BE,2021-08-28,30375100.0,power
,CZ,2021-08-29,7712100.0,power
,BE,2021-08-29,30388400.0,power
,HR,2021-08-29,7437000.0,power
,AT,2021-08-29,9600.000000000002,power
,DK,2021-08-29,3350600.0,power
,BG,2021-08-29,8701000.0,power
,BE,2021-08-30,30949000.0,power
,DK,2021-08-30,3464800.0,power
,BG,2021-08-30,9364000.0,power
,CZ,2021-08-30,7832900.0,power
,AT,2021-08-30,213400.0,power
,HR,2021-08-30,7780200.0,power
,DK,2021-08-31,3975900.0,power
,AT,2021-08-31,439100.0,power
,BG,2021-08-31,9363000.0,power
,BE,2021-08-31,32962100.0,power
,HR,2021-08-31,7617500.0,power
,CZ,2021-08-31,7985800.0,power
1907.0,CY,2021-09-01,0.0,power
1916.0,GR,2021-09-01,410.135,power
1914.0,FI,2021-09-01,15.0,power
1913.0,EU27_2020,2021-09-01,6818.396,power
1912.0,ES,2021-09-01,904.189,power
1911.0,EE,2021-09-01,10.2,power
1927.0,PT,2021-09-01,320.264,power
1915.0,FR,2021-09-01,204.192,power
1926.0,PL,2021-09-01,142.374,power
,HR,2021-09-01,7671100.0,power
1923.0,LV,2021-09-01,39.536,power
1928.0,RO,2021-09-01,56.0,power
1909.0,DE,2021-09-01,775.0,power
1918.0,HU,2021-09-01,153.8,power
1921.0,LT,2021-09-01,9.7,power
1920.0,IT,2021-09-01,2322.0,power
,DK,2021-09-01,4226500.0,power
,BG,2021-09-01,9068000.0,power
1925.0,NL,2021-09-01,607.464,power
,BE,2021-09-01,44152200.0,power
,CZ,2021-09-01,7846200.0,power
1919.0,IE,2021-09-01,265.406,power
1930.0,SI,2021-09-01,10.531,power
1929.0,SE,2021-09-01,0.62,power
1924.0,MT,2021-09-01,29.807,power
1931.0,SK,2021-09-01,70.143,power
1922.0,LU,2021-09-01,6.67,power
,AT,2021-09-01,479500.0,power
,AT,2021-09-02,277700.0,power
,BG,2021-09-02,9330000.0,power
,DK,2021-09-02,3639100.0,power
,BE,2021-09-02,33235900.0,power
,HR,2021-09-02,7446300.0,power
,CZ,2021-09-02,7955200.0,power
,BG,2021-09-03,7969000.0,power
,HR,2021-09-03,7709200.0,power
,AT,2021-09-03,662100.0,power
,CZ,2021-09-03,7873500.0,power
,BE,2021-09-03,24772900.0,power
,DK,2021-09-03,3725400.0,power
,BG,2021-09-04,7316000.0,power
,AT,2021-09-04,10600.000000000002,power
,CZ,2021-09-04,7786400.0,power
,BE,2021-09-04,22802200.0,power
,HR,2021-09-04,6760400.000000001,power
,DK,2021-09-04,3343700.0,power
,BG,2021-09-05,7541000.0,power
,BE,2021-09-05,21853300.0,power
,CZ,2021-09-05,7721700.0,power
,DK,2021-09-05,2771900.0,power
,HR,2021-09-05,7009200.0,power
,AT,2021-09-05,43900.0,power
,DK,2021-09-06,3645600.0,power
,AT,2021-09-06,945200.0,power
,BE,2021-09-06,42052900.0,power
,BG,2021-09-06,7766000.0,power
,HR,2021-09-06,7739000.0,power
,CZ,2021-09-06,20135600.0,power
,DK,2021-09-07,3428900.0,power
,BG,2021-09-07,9514000.0,power
,HR,2021-09-07,7847300.0,power
,CZ,2021-09-07,20231100.0,power
,BE,2021-09-07,40536600.0,power
,AT,2021-09-07,1199000.0,power
,AT,2021-09-08,1213800.0,power
,CZ,2021-09-08,15775400.0,power
,HR,2021-09-08,7736500.0,power
,BE,2021-09-08,30886700.0,power
,BG,2021-09-08,7688000.0,power
,DK,2021-09-08,2827800.0,power
,BE,2021-09-09,41813400.0,power
,DK,2021-09-09,3260400.0,power
,BG,2021-09-09,7843000.0,power
,CZ,2021-09-09,15642300.0,power
,HR,2021-09-09,7699800.0,power
,AT,2021-09-09,1131400.0,power
,BE,2021-09-10,41217800.0,power
,HR,2021-09-10,7740100.0,power
,BG,2021-09-10,7889000.0,power
,DK,2021-09-10,3445700.0,power
,CZ,2021-09-10,21071300.0,power
,AT,2021-09-10,956400.0,power
,BE,2021-09-11,24443700.0,power
,AT,2021-09-11,14500.000000000002,power
,HR,2021-09-11,7614100.0,power
,CZ,2021-09-11,8341500.0,power
,BG,2021-09-11,8444000.0,power
,DK,2021-09-11,3044700.0,power
,BG,2021-09-12,9096000.0,power
,AT,2021-09-12,875500.0,power
,CZ,2021-09-12,7902100.0,power
,HR,2021-09-12,6834800.0,power
,BE,2021-09-12,25659900.0,power
,DK,2021-09-12,3046600.0,power
,AT,2021-09-13,6879500.0,power
,HR,2021-09-13,7701000.0,power
,DK,2021-09-13,4639200.0,power
,BE,2021-09-13,42137500.0,power
,CZ,2021-09-13,20641300.0,power
,BG,2021-09-13,10115000.0,power
,BG,2021-09-14,10283000.0,power
,DK,2021-09-14,4799300.0,power
,CZ,2021-09-14,17468400.0,power
,AT,2021-09-14,8100000.0,power
,HR,2021-09-14,7689400.0,power
,BE,2021-09-14,43726900.0,power
,BE,2021-09-15,52621100.0,power
,BG,2021-09-15,10355000.0,power
,CZ,2021-09-15,20787800.0,power
,AT,2021-09-15,5852800.0,power
,HR,2021-09-15,7671200.0,power
,DK,2021-09-15,3639200.0,power
,HR,2021-09-16,7706900.0,power
,DK,2021-09-16,3766300.0,power
,AT,2021-09-16,12257700.0,power
,BG,2021-09-16,9497000.0,power
,BE,2021-09-16,38655600.0,power
,CZ,2021-09-16,17357800.0,power
,DK,2021-09-17,4976700.0,power
,BE,2021-09-17,33580300.0,power
,HR,2021-09-17,7627700.0,power
,CZ,2021-09-17,16572599.999999998,power
,AT,2021-09-17,8098500.0,power
,BG,2021-09-17,9813000.0,power
,CZ,2021-09-18,8488800.0,power
,HR,2021-09-18,7704200.0,power
,AT,2021-09-18,8142400.0,power
,BG,2021-09-18,10191000.0,power
,BE,2021-09-18,22908300.0,power
,DK,2021-09-18,4458600.0,power
,BE,2021-09-19,23902600.0,power
,AT,2021-09-19,1022100.0,power
,CZ,2021-09-19,8423300.0,power
,HR,2021-09-19,7593300.0,power
,BG,2021-09-19,10189000.0,power
,DK,2021-09-19,4049600.0,power
,BG,2021-09-20,9362000.0,power
,AT,2021-09-20,14768000.0,power
,CZ,2021-09-20,21775400.0,power
,HR,2021-09-20,7302100.0,power
,DK,2021-09-20,6356000.0,power
,BE,2021-09-20,36510300.0,power
,CZ,2021-09-21,16947600.0,power
,BE,2021-09-21,25665600.0,power
,BG,2021-09-21,8067000.0,power
,DK,2021-09-21,5383400.0,power
,AT,2021-09-21,9467600.0,power
,HR,2021-09-21,7715000.0,power
,BE,2021-09-22,24966900.0,power
,DK,2021-09-22,4740700.0,power
,BG,2021-09-22,8713000.0,power
,AT,2021-09-22,9747700.0,power
,CZ,2021-09-22,8217799.999999999,power
,HR,2021-09-22,7746800.0,power
,BE,2021-09-23,24240700.0,power
,BG,2021-09-23,8419000.0,power
,DK,2021-09-23,2904800.0,power
,HR,2021-09-23,7628000.0,power
,CZ,2021-09-23,8518200.0,power
,AT,2021-09-23,8501500.0,power
,AT,2021-09-24,24414600.0,power
,HR,2021-09-24,7638400.0,power
,DK,2021-09-24,3088500.0,power
,BE,2021-09-24,25430500.0,power
,BG,2021-09-24,8645000.0,power
,CZ,2021-09-24,8574900.0,power
,BG,2021-09-25,8013000.0,power
,HR,2021-09-25,8006300.0,power
,AT,2021-09-25,2588900.0,power
,CZ,2021-09-25,8429100.0,power
,DK,2021-09-25,3801800.0,power
,BE,2021-09-25,24104700.0,power
,CZ,2021-09-26,8351200.000000001,power
,HR,2021-09-26,7464400.0,power
,BG,2021-09-26,7899000.0,power
,BE,2021-09-26,28344300.0,power
,DK,2021-09-26,3873000.0,power
,AT,2021-09-26,331000.0,power
,BG,2021-09-27,7736000.0,power
,DK,2021-09-27,3594500.0,power
,HR,2021-09-27,7575300.0,power
,AT,2021-09-27,20426800.0,power
,BE,2021-09-27,32359300.0,power
,CZ,2021-09-27,8575700.0,power
,DK,2021-09-28,4551300.0,power
,HR,2021-09-28,7860100.0,power
,BE,2021-09-28,29971000.0,power
,CZ,2021-09-28,8551900.0,power
,AT,2021-09-28,491400.0,power
,BG,2021-09-28,7841000.0,power
,HR,2021-09-29,8049400.0,power
,BE,2021-09-29,25597800.0,power
,AT,2021-09-29,29202700.0,power
,DK,2021-09-29,4445700.0,power
,BG,2021-09-29,8671000.0,power
,CZ,2021-09-29,8635000.0,power
,BE,2021-09-30,26144600.0,power
,AT,2021-09-30,8965100.0,power
,BG,2021-09-30,9613000.0,power
,DK,2021-09-30,3168100.0,power
,CZ,2021-09-30,8741600.0,power
,HR,2021-09-30,8269500.0,power
1956.0,RO,2021-10-01,115.0,power
1955.0,PT,2021-10-01,266.356,power
1943.0,FR,2021-10-01,234.173,power
1954.0,PL,2021-10-01,214.493,power
1952.0,MT,2021-10-01,28.47,power
1948.0,IT,2021-10-01,2163.2,power
1950.0,LU,2021-10-01,3.875,power
1949.0,LT,2021-10-01,11.3,power
1957.0,SE,2021-10-01,0.76,power
1947.0,IE,2021-10-01,235.719,power
,BE,2021-10-01,25033400.0,power
1953.0,NL,2021-10-01,499.545,power
1951.0,LV,2021-10-01,31.35,power
1958.0,SI,2021-10-01,11.663,power
1946.0,HU,2021-10-01,240.8,power
,CZ,2021-10-01,10754900.0,power
1944.0,GR,2021-10-01,388.491,power
1942.0,FI,2021-10-01,14.0,power
1941.0,EU27_2020,2021-10-01,6870.134,power
,AT,2021-10-01,7374200.0,power
,DK,2021-10-01,3253800.0,power
1935.0,CY,2021-10-01,0.0,power
1940.0,ES,2021-10-01,828.19,power
1939.0,EE,2021-10-01,11.0,power
,BG,2021-10-01,7316000.0,power
1937.0,DE,2021-10-01,865.0,power
,HR,2021-10-01,8317299.999999999,power
1959.0,SK,2021-10-01,80.38,power
,BE,2021-10-02,18686900.0,power
,AT,2021-10-02,2874200.0,power
,BG,2021-10-02,7133000.0,power
,DK,2021-10-02,4045300.0,power
,CZ,2021-10-02,10579700.0,power
,HR,2021-10-02,8954700.0,power
,BE,2021-10-03,21659000.0,power
,HR,2021-10-03,8187700.0,power
,CZ,2021-10-03,10395500.0,power
,AT,2021-10-03,451600.0,power
,BG,2021-10-03,6847000.0,power
,DK,2021-10-03,2525200.0,power
,CZ,2021-10-04,21847900.0,power
,HR,2021-10-04,8986600.0,power
,DK,2021-10-04,4909000.0,power
,AT,2021-10-04,26146600.0,power
,BE,2021-10-04,33162100.0,power
,BG,2021-10-04,7022000.0,power
,CZ,2021-10-05,10816000.0,power
,HR,2021-10-05,8996600.0,power
,DK,2021-10-05,6701700.0,power
,BG,2021-10-05,7052000.0,power
,AT,2021-10-05,34304900.0,power
,BE,2021-10-05,28182000.0,power
,DK,2021-10-06,7100200.0,power
,CZ,2021-10-06,11603900.0,power
,HR,2021-10-06,8958300.0,power
,BG,2021-10-06,7064000.0,power
,AT,2021-10-06,31545800.0,power
,BE,2021-10-06,38260500.0,power
,AT,2021-10-07,20874600.0,power
,HR,2021-10-07,9015200.0,power
,CZ,2021-10-07,12045700.0,power
,DK,2021-10-07,9706700.0,power
,BE,2021-10-07,40247800.0,power
,BG,2021-10-07,4837000.0,power
,HR,2021-10-08,9188600.0,power
,BE,2021-10-08,31195200.0,power
,BG,2021-10-08,4628000.0,power
,DK,2021-10-08,7527700.0,power
,CZ,2021-10-08,11984400.0,power
,AT,2021-10-08,20131800.0,power
,DK,2021-10-09,6494600.0,power
,HR,2021-10-09,9543500.0,power
,BG,2021-10-09,4977000.0,power
,BE,2021-10-09,27619000.0,power
,AT,2021-10-09,10257700.0,power
,CZ,2021-10-09,11968199.999999998,power
,BG,2021-10-10,5267000.0,power
,BE,2021-10-10,24564600.0,power
,AT,2021-10-10,14974100.0,power
,CZ,2021-10-10,11991300.0,power
,HR,2021-10-10,9415000.0,power
,DK,2021-10-10,6252300.0,power
,CZ,2021-10-11,12386600.0,power
,HR,2021-10-11,11085000.0,power
,BG,2021-10-11,5929000.0,power
,BE,2021-10-11,31144600.0,power
,DK,2021-10-11,4548700.0,power
,AT,2021-10-11,38600300.0,power
,BG,2021-10-12,7177000.0,power
,HR,2021-10-12,11059800.0,power
,AT,2021-10-12,48355800.0,power
,DK,2021-10-12,8854100.0,power
,CZ,2021-10-12,22979500.0,power
,BE,2021-10-12,39940300.0,power
,HR,2021-10-13,11349800.0,power
,BE,2021-10-13,43470200.0,power
,BG,2021-10-13,7119000.0,power
,CZ,2021-10-13,22375600.0,power
,AT,2021-10-13,28353800.0,power
,DK,2021-10-13,8818700.0,power
,CZ,2021-10-14,16159900.0,power
,AT,2021-10-14,24153500.0,power
,BG,2021-10-14,6922000.0,power
,HR,2021-10-14,11631600.0,power
,DK,2021-10-14,5925200.0,power
,BE,2021-10-14,31575100.0,power
,BG,2021-10-15,7478000.0,power
,AT,2021-10-15,22010000.0,power
,DK,2021-10-15,4173000.0,power
,BE,2021-10-15,40540800.0,power
,CZ,2021-10-15,12335200.0,power
,HR,2021-10-15,11565500.0,power
,BG,2021-10-16,6179000.0,power
,DK,2021-10-16,4561200.0,power
,AT,2021-10-16,17864400.0,power
,CZ,2021-10-16,12132600.0,power
,BE,2021-10-16,23484200.0,power
,HR,2021-10-16,11491600.0,power
,CZ,2021-10-17,12086200.0,power
,AT,2021-10-17,31461500.0,power
,BG,2021-10-17,8125000.0,power
,HR,2021-10-17,11043200.0,power
,DK,2021-10-17,5786300.0,power
,BE,2021-10-17,22420600.0,power
,DK,2021-10-18,9207500.0,power
,BG,2021-10-18,8363000.0,power
,CZ,2021-10-18,12460600.0,power
,AT,2021-10-18,60717100.0,power
,BE,2021-10-18,37957500.0,power
,HR,2021-10-18,11825800.0,power
,AT,2021-10-19,45611400.0,power
,CZ,2021-10-19,12366100.0,power
,DK,2021-10-19,6691400.0,power
,HR,2021-10-19,12069300.0,power
,BG,2021-10-19,8444000.0,power
,BE,2021-10-19,25015900.0,power
,BG,2021-10-20,9097000.0,power
,HR,2021-10-20,11695200.0,power
,AT,2021-10-20,38553400.0,power
,BE,2021-10-20,21736900.0,power
,CZ,2021-10-20,12099100.0,power
,DK,2021-10-20,3796200.0,power
,CZ,2021-10-21,11996600.0,power
,DK,2021-10-21,4118300.0,power
,AT,2021-10-21,30657500.0,power
,BG,2021-10-21,9622000.0,power
,HR,2021-10-21,10384300.0,power
,BE,2021-10-21,27051300.0,power
,AT,2021-10-22,43522100.0,power
,BG,2021-10-22,9612000.0,power
,CZ,2021-10-22,12061000.0,power
,BE,2021-10-22,33751500.0,power
,DK,2021-10-22,4497100.0,power
,HR,2021-10-22,9508600.0,power
,AT,2021-10-23,19785500.0,power
,BG,2021-10-23,9040000.0,power
,CZ,2021-10-23,12219100.0,power
,BE,2021-10-23,35795400.0,power
,DK,2021-10-23,6797400.0,power
,HR,2021-10-23,9075400.0,power
,DK,2021-10-24,4915500.0,power
,CZ,2021-10-24,12252300.0,power
,BE,2021-10-24,21135500.0,power
,AT,2021-10-24,17221500.0,power
,HR,2021-10-24,8770900.0,power
,BG,2021-10-24,9586000.0,power
,BE,2021-10-25,58518000.0,power
,DK,2021-10-25,5775700.0,power
,BG,2021-10-25,10008000.0,power
,AT,2021-10-25,38530299.99999999,power
,CZ,2021-10-25,12713900.0,power
,HR,2021-10-25,11800200.0,power
,AT,2021-10-26,54858800.0,power
,BG,2021-10-26,10105000.0,power
,CZ,2021-10-26,12695700.0,power
,BE,2021-10-26,52553700.0,power
,HR,2021-10-26,10797900.0,power
,DK,2021-10-26,7299500.0,power
,BE,2021-10-27,38244300.0,power
,DK,2021-10-27,4041100.0,power
,CZ,2021-10-27,12209000.0,power
,HR,2021-10-27,10745200.0,power
,BG,2021-10-27,9886000.0,power
,AT,2021-10-27,63871800.0,power
,HR,2021-10-28,9980500.0,power
,DK,2021-10-28,4396500.0,power
,BE,2021-10-28,36809900.0,power
,BG,2021-10-28,9817000.0,power
,AT,2021-10-28,61571600.0,power
,CZ,2021-10-28,12289500.0,power
,DK,2021-10-29,4753600.0,power
,BG,2021-10-29,9523000.0,power
,HR,2021-10-29,10812900.0,power
,CZ,2021-10-29,12338900.0,power
,AT,2021-10-29,52330900.0,power
,BE,2021-10-29,28759800.0,power
,AT,2021-10-30,14727199.999999998,power
,BG,2021-10-30,8014000.0,power
,DK,2021-10-30,4961900.0,power
,BE,2021-10-30,23847200.0,power
,CZ,2021-10-30,12141700.0,power
,HR,2021-10-30,11848900.0,power
,AT,2021-10-31,11143100.0,power
,BE,2021-10-31,18929700.0,power
,HR,2021-10-31,10123400.0,power
,BG,2021-10-31,7979000.0,power
,CZ,2021-10-31,11856500.0,power
,DK,2021-10-31,4404700.0,power
1982.0,PL,2021-11-01,234.948,power
1983.0,PT,2021-11-01,279.684,power
1984.0,RO,2021-11-01,170.0,power
1986.0,SI,2021-11-01,11.599,power
1987.0,SK,2021-11-01,106.885,power
,CZ,2021-11-01,12621200.0,power
1985.0,SE,2021-11-01,1.03,power
,DK,2021-11-01,4981900.0,power
1972.0,GR,2021-11-01,377.482,power
1981.0,NL,2021-11-01,935.373,power
,BG,2021-11-01,7529000.0,power
,HR,2021-11-01,10723200.0,power
,AT,2021-11-01,27443900.0,power
1980.0,MT,2021-11-01,25.029,power
1969.0,EU27_2020,2021-11-01,9709.125,power
1977.0,LT,2021-11-01,13.3,power
1976.0,IT,2021-11-01,2699.4,power
1975.0,IE,2021-11-01,255.909,power
1974.0,HU,2021-11-01,304.6,power
1978.0,LU,2021-11-01,3.875,power
1971.0,FR,2021-11-01,509.9,power
,BE,2021-11-01,21098800.0,power
1970.0,FI,2021-11-01,17.0,power
1965.0,DE,2021-11-01,1485.0,power
1967.0,EE,2021-11-01,22.6,power
1968.0,ES,2021-11-01,1125.474,power
1963.0,CY,2021-11-01,0.0,power
1979.0,LV,2021-11-01,48.67,power
,BE,2021-11-02,89236500.0,power
,BG,2021-11-02,7453000.0,power
,AT,2021-11-02,36376300.0,power
,HR,2021-11-02,11135500.0,power
,CZ,2021-11-02,25761100.0,power
,DK,2021-11-02,9909400.0,power
,BG,2021-11-03,7436000.0,power
,CZ,2021-11-03,25913800.0,power
,AT,2021-11-03,36546000.0,power
,HR,2021-11-03,11258200.0,power
,DK,2021-11-03,10978100.0,power
,BE,2021-11-03,90905800.0,power
,HR,2021-11-04,10719000.0,power
,DK,2021-11-04,9829800.0,power
,BG,2021-11-04,8604000.0,power
,AT,2021-11-04,47972500.0,power
,BE,2021-11-04,75425200.0,power
,CZ,2021-11-04,20828200.0,power
,CZ,2021-11-05,23311200.0,power
,AT,2021-11-05,53277700.0,power
,BE,2021-11-05,84579300.0,power
,BG,2021-11-05,8554000.0,power
,DK,2021-11-05,4510300.0,power
,HR,2021-11-05,9541200.0,power
,BE,2021-11-06,31124200.0,power
,CZ,2021-11-06,12818600.0,power
,AT,2021-11-06,32876600.0,power
,BG,2021-11-06,8671000.0,power
,HR,2021-11-06,9530300.0,power
,DK,2021-11-06,4376400.0,power
,BG,2021-11-07,8731000.0,power
,CZ,2021-11-07,12527500.0,power
,HR,2021-11-07,9533000.0,power
,DK,2021-11-07,4170600.000000001,power
,BE,2021-11-07,42493600.0,power
,AT,2021-11-07,18766400.0,power
,BE,2021-11-08,98219100.0,power
,AT,2021-11-08,52337300.0,power
,HR,2021-11-08,11330900.0,power
,CZ,2021-11-08,26416700.0,power
,DK,2021-11-08,10400900.0,power
,BG,2021-11-08,8194000.0,power
,DK,2021-11-09,5267300.0,power
,HR,2021-11-09,11700800.0,power
,BG,2021-11-09,7873000.0,power
,AT,2021-11-09,62439500.0,power
,CZ,2021-11-09,20163200.0,power
,BE,2021-11-09,85094500.0,power
,AT,2021-11-10,43654800.0,power
,BG,2021-11-10,8871000.0,power
,CZ,2021-11-10,25320200.0,power
,DK,2021-11-10,10100500.0,power
,BE,2021-11-10,102801800.0,power
,HR,2021-11-10,12465600.0,power
,CZ,2021-11-11,29887900.0,power
,BG,2021-11-11,9154000.0,power
,HR,2021-11-11,12298200.0,power
,AT,2021-11-11,45768400.0,power
,BE,2021-11-11,107127400.0,power
,DK,2021-11-11,9240400.0,power
,HR,2021-11-12,12023100.0,power
,AT,2021-11-12,58890900.0,power
,DK,2021-11-12,8484400.0,power
,BE,2021-11-12,66852200.0,power
,CZ,2021-11-12,24836400.0,power
,BG,2021-11-12,9028000.0,power
,DK,2021-11-13,10152700.0,power
,BE,2021-11-13,54327100.0,power
,BG,2021-11-13,9151000.0,power
,HR,2021-11-13,12047900.0,power
,AT,2021-11-13,43056200.0,power
,CZ,2021-11-13,22245000.0,power
,HR,2021-11-14,11163900.0,power
,AT,2021-11-14,41697600.0,power
,BE,2021-11-14,46313000.0,power
,DK,2021-11-14,8024400.0,power
,CZ,2021-11-14,12792300.0,power
,BG,2021-11-14,8985000.0,power
,CZ,2021-11-15,28657800.0,power
,DK,2021-11-15,11750000.0,power
,BE,2021-11-15,99896200.0,power
,BG,2021-11-15,7739000.0,power
,AT,2021-11-15,50157600.0,power
,HR,2021-11-15,11934500.0,power
,DK,2021-11-16,11229200.0,power
,HR,2021-11-16,10982400.0,power
,BG,2021-11-16,9305000.0,power
,BE,2021-11-16,107424900.0,power
,AT,2021-11-16,56316100.0,power
,CZ,2021-11-16,29421600.0,power
,DK,2021-11-17,5560300.0,power
,CZ,2021-11-17,22167600.0,power
,BE,2021-11-17,83516400.0,power
,BG,2021-11-17,9472000.0,power
,AT,2021-11-17,59194900.0,power
,HR,2021-11-17,11751700.0,power
,CZ,2021-11-18,13280300.0,power
,BE,2021-11-18,59169800.0,power
,BG,2021-11-18,8143000.0,power
,HR,2021-11-18,11107800.0,power
,AT,2021-11-18,71055600.0,power
,DK,2021-11-18,4499900.0,power
,HR,2021-11-19,11874700.0,power
,BG,2021-11-19,8362000.0,power
,CZ,2021-11-19,12817100.0,power
,AT,2021-11-19,76308200.0,power
,BE,2021-11-19,61700100.0,power
,DK,2021-11-19,4365900.0,power
,DK,2021-11-20,4170300.0,power
,AT,2021-11-20,68119900.0,power
,CZ,2021-11-20,12759400.0,power
,HR,2021-11-20,11143200.0,power
,BG,2021-11-20,8362000.0,power
,BE,2021-11-20,48947100.0,power
,HR,2021-11-21,11107700.0,power
,BE,2021-11-21,44667600.0,power
,BG,2021-11-21,9358000.0,power
,AT,2021-11-21,69427700.0,power
,DK,2021-11-21,6029900.0,power
,CZ,2021-11-21,12776300.000000002,power
,BE,2021-11-22,94083700.0,power
,HR,2021-11-22,11249000.0,power
,AT,2021-11-22,64501600.0,power
,DK,2021-11-22,10923400.0,power
,BG,2021-11-22,10518000.0,power
,CZ,2021-11-22,26351800.0,power
,AT,2021-11-23,66801000.0,power
,BG,2021-11-23,10385000.0,power
,DK,2021-11-23,9425300.0,power
,BE,2021-11-23,102234900.0,power
,HR,2021-11-23,10636700.0,power
,CZ,2021-11-23,28226300.0,power
,HR,2021-11-24,11438200.0,power
,DK,2021-11-24,9832100.0,power
,CZ,2021-11-24,27735000.0,power
,BE,2021-11-24,102809100.0,power
,AT,2021-11-24,59779300.0,power
,BG,2021-11-24,10374000.0,power
,BG,2021-11-25,10483000.0,power
,DK,2021-11-25,7602500.0,power
,CZ,2021-11-25,24797900.0,power
,HR,2021-11-25,11559100.0,power
,BE,2021-11-25,101201200.0,power
,AT,2021-11-25,79455200.0,power
,BE,2021-11-26,74829700.0,power
,BG,2021-11-26,10726000.0,power
,CZ,2021-11-26,24519100.0,power
,DK,2021-11-26,10475600.0,power
,HR,2021-11-26,11100800.0,power
,AT,2021-11-26,81490100.0,power
,AT,2021-11-27,67821000.0,power
,DK,2021-11-27,11093800.0,power
,HR,2021-11-27,10016500.0,power
,BE,2021-11-27,59629600.0,power
,BG,2021-11-27,10515000.0,power
,CZ,2021-11-27,24990400.0,power
,CZ,2021-11-28,23028400.0,power
,DK,2021-11-28,11774200.0,power
,AT,2021-11-28,61193200.0,power
,HR,2021-11-28,10084600.0,power
,BE,2021-11-28,60470900.0,power
,BG,2021-11-28,10395000.0,power
,BE,2021-11-29,92823500.0,power
,BG,2021-11-29,10252000.0,power
,HR,2021-11-29,10176300.0,power
,DK,2021-11-29,13544100.0,power
,AT,2021-11-29,61942000.0,power
,CZ,2021-11-29,25697400.0,power
,BG,2021-11-30,8827000.0,power
,CZ,2021-11-30,23279100.0,power
,HR,2021-11-30,9092200.0,power
,DK,2021-11-30,7664700.0,power
,AT,2021-11-30,69237300.0,power
,BE,2021-11-30,55254800.0,power
2003.0,IE,2021-12-01,244.459,power
,AT,2021-12-01,69538400.0,power
2015.0,SK,2021-12-01,94.531,power
2009.0,NL,2021-12-01,835.063,power
2010.0,PL,2021-12-01,245.27,power
,CZ,2021-12-01,23955400.0,power
2012.0,RO,2021-12-01,217.0,power
2013.0,SE,2021-12-01,14.62,power
2007.0,LV,2021-12-01,84.483,power
2006.0,LU,2021-12-01,3.875,power
2005.0,LT,2021-12-01,37.5,power
2004.0,IT,2021-12-01,2593.7,power
2002.0,HU,2021-12-01,337.0,power
2011.0,PT,2021-12-01,229.725,power
2000.0,GR,2021-12-01,393.333,power
1991.0,CY,2021-12-01,0.0,power
1995.0,EE,2021-12-01,48.0,power
1996.0,ES,2021-12-01,931.99,power
1997.0,EU27_2020,2021-12-01,9529.41,power
1998.0,FI,2021-12-01,59.0,power
1993.0,DE,2021-12-01,1649.0,power
,HR,2021-12-01,9275500.0,power
,BG,2021-12-01,8854000.0,power
,BE,2021-12-01,49980100.0,power
2008.0,MT,2021-12-01,25.865,power
,DK,2021-12-01,6210300.0,power
1999.0,FR,2021-12-01,454.281,power
2014.0,SI,2021-12-01,13.058,power
,BG,2021-12-02,8712000.0,power
,CZ,2021-12-02,24681200.0,power
,DK,2021-12-02,12116300.0,power
,BE,2021-12-02,85912100.0,power
,HR,2021-12-02,9232300.0,power
,AT,2021-12-02,79632200.0,power
,CZ,2021-12-03,23584600.0,power
,DK,2021-12-03,9794600.0,power
,HR,2021-12-03,9307800.0,power
,AT,2021-12-03,77910500.0,power
,BG,2021-12-03,8548000.0,power
,BE,2021-12-03,83217600.0,power
,DK,2021-12-04,12517300.0,power
,BG,2021-12-04,8354000.0,power
,BE,2021-12-04,41851700.0,power
,CZ,2021-12-04,22346000.0,power
,HR,2021-12-04,9168800.0,power
,AT,2021-12-04,51299200.0,power
,AT,2021-12-05,55204100.0,power
,DK,2021-12-05,8478500.0,power
,BE,2021-12-05,59243000.0,power
,HR,2021-12-05,9459900.0,power
,BG,2021-12-05,9144000.0,power
,CZ,2021-12-05,20694100.0,power
,AT,2021-12-06,79939700.0,power
,DK,2021-12-06,13045500.0,power
,BE,2021-12-06,85134300.0,power
,BG,2021-12-06,11814000.0,power
,CZ,2021-12-06,26752800.0,power
,HR,2021-12-06,9116000.0,power
,HR,2021-12-07,9136600.0,power
,DK,2021-12-07,12230900.0,power
,BG,2021-12-07,13047000.0,power
,CZ,2021-12-07,27657000.0,power
,AT,2021-12-07,78188800.0,power
,BE,2021-12-07,75022400.0,power
,BG,2021-12-08,12744000.0,power
,CZ,2021-12-08,25459500.0,power
,AT,2021-12-08,62141400.0,power
,HR,2021-12-08,9267600.0,power
,BE,2021-12-08,65449400.0,power
,DK,2021-12-08,8620400.0,power
,DK,2021-12-09,12648900.0,power
,CZ,2021-12-09,26350300.0,power
,BG,2021-12-09,14424000.0,power
,BE,2021-12-09,82078800.0,power
,HR,2021-12-09,9295400.0,power
,AT,2021-12-09,55533200.0,power
,BG,2021-12-10,15131000.0,power
,HR,2021-12-10,8814300.0,power
,CZ,2021-12-10,26172900.0,power
,DK,2021-12-10,13916400.0,power
,AT,2021-12-10,59129800.0,power
,BE,2021-12-10,83823100.0,power
,BE,2021-12-11,73937700.0,power
,CZ,2021-12-11,23906400.0,power
,DK,2021-12-11,13731100.0,power
,HR,2021-12-11,5499300.0,power
,BG,2021-12-11,14836000.0,power
,AT,2021-12-11,53066900.0,power
,BG,2021-12-12,15731000.0,power
,DK,2021-12-12,9795600.0,power
,AT,2021-12-12,41372800.0,power
,CZ,2021-12-12,13896699.999999998,power
,BE,2021-12-12,33799100.0,power
,HR,2021-12-12,5485900.0,power
,BE,2021-12-13,83500500.0,power
,CZ,2021-12-13,26201800.0,power
,BG,2021-12-13,12364000.0,power
,DK,2021-12-13,10222100.0,power
,HR,2021-12-13,5521200.0,power
,AT,2021-12-13,68688500.0,power
,BG,2021-12-14,12655000.0,power
,DK,2021-12-14,9860000.0,power
,HR,2021-12-14,5467100.0,power
,AT,2021-12-14,59520300.0,power
,BE,2021-12-14,89133100.0,power
,CZ,2021-12-14,28218300.0,power
,HR,2021-12-15,5480500.0,power
,BE,2021-12-15,91684200.0,power
,AT,2021-12-15,60839500.0,power
,CZ,2021-12-15,27107000.0,power
,BG,2021-12-15,12653000.0,power
,DK,2021-12-15,5074000.0,power
,HR,2021-12-16,5434800.0,power
,BG,2021-12-16,12333000.0,power
,DK,2021-12-16,6340200.0,power
,CZ,2021-12-16,26473100.0,power
,AT,2021-12-16,55563400.0,power
,BE,2021-12-16,98083900.0,power
,BE,2021-12-17,93278300.0,power
,HR,2021-12-17,5497000.0,power
,DK,2021-12-17,11284200.0,power
,CZ,2021-12-17,26426300.0,power
,BG,2021-12-17,12054000.0,power
,AT,2021-12-17,56628300.0,power
,HR,2021-12-18,5516700.0,power
,CZ,2021-12-18,13749800.0,power
,BG,2021-12-18,11410000.0,power
,AT,2021-12-18,47069600.0,power
,BE,2021-12-18,57618700.0,power
,DK,2021-12-18,5632700.0,power
,DK,2021-12-19,5093800.0,power
,HR,2021-12-19,5507400.0,power
,AT,2021-12-19,26494200.0,power
,BE,2021-12-19,53818100.0,power
,CZ,2021-12-19,13397500.0,power
,BG,2021-12-19,12469000.0,power
,BE,2021-12-20,98871800.0,power
,HR,2021-12-20,5521400.0,power
,AT,2021-12-20,51563000.0,power
,DK,2021-12-20,14032100.0,power
,CZ,2021-12-20,27315000.0,power
,BG,2021-12-20,12586000.0,power
,BG,2021-12-21,12774000.0,power
,DK,2021-12-21,16640900.000000002,power
,AT,2021-12-21,60587300.0,power
,CZ,2021-12-21,28457800.0,power
,BE,2021-12-21,99333900.0,power
,HR,2021-12-21,5500900.0,power
,AT,2021-12-22,62635600.0,power
,HR,2021-12-22,5505600.0,power
,BE,2021-12-22,92995100.0,power
,CZ,2021-12-22,27724400.0,power
,BG,2021-12-22,12882000.0,power
,DK,2021-12-22,14190200.0,power
,BG,2021-12-23,12815000.0,power
,AT,2021-12-23,55712600.0,power
,DK,2021-12-23,11737500.0,power
,CZ,2021-12-23,14239900.0,power
,BE,2021-12-23,37374600.0,power
,HR,2021-12-23,5508700.0,power
,CZ,2021-12-24,13419300.0,power
,BE,2021-12-24,41644300.0,power
,HR,2021-12-24,5390000.0,power
,DK,2021-12-24,7437400.0,power
,BG,2021-12-24,10906000.0,power
,AT,2021-12-24,29387500.0,power
,BE,2021-12-25,28645200.0,power
,BG,2021-12-25,10291000.0,power
,CZ,2021-12-25,13561600.0,power
,HR,2021-12-25,5415500.0,power
,AT,2021-12-25,31681400.0,power
,DK,2021-12-25,9255900.0,power
,CZ,2021-12-26,13658900.0,power
,BE,2021-12-26,30067000.0,power
,HR,2021-12-26,5497300.0,power
,DK,2021-12-26,9767800.0,power
,BG,2021-12-26,10591000.0,power
,AT,2021-12-26,35829400.0,power
,BG,2021-12-27,10363000.0,power
,DK,2021-12-27,9610400.0,power
,HR,2021-12-27,5524700.0,power
,AT,2021-12-27,35704100.0,power
,CZ,2021-12-27,14045800.0,power
,BE,2021-12-27,30194100.0,power
,BG,2021-12-28,10586000.0,power
,CZ,2021-12-28,13995000.0,power
,AT,2021-12-28,28432700.0,power
,HR,2021-12-28,5500100.0,power
,DK,2021-12-28,7511400.0,power
,BE,2021-12-28,28454800.0,power
,HR,2021-12-29,5455400.0,power
,AT,2021-12-29,27893100.0,power
,BE,2021-12-29,28503200.0,power
,CZ,2021-12-29,13929600.0,power
,BG,2021-12-29,10670000.0,power
,DK,2021-12-29,10850200.0,power
,BG,2021-12-30,10773000.0,power
,AT,2021-12-30,11138000.0,power
,DK,2021-12-30,6123200.0,power
,CZ,2021-12-30,13581500.0,power
,HR,2021-12-30,5470000.0,power
,BE,2021-12-30,25224300.0,power
,CZ,2021-12-31,12819200.0,power
,AT,2021-12-31,2324400.0,power
,HR,2021-12-31,5489400.0,power
,BG,2021-12-31,10493000.0,power
,BE,2021-12-31,24717500.0,power
,DK,2021-12-31,5652200.0,power
,HR,2022-01-01,5491700.0,power
,DK,2022-01-01,6506600.0,power
,BG,2022-01-01,11617000.0,power
2036.0,MT,2022-01-01,28.881,power
2043.0,SK,2022-01-01,95.905,power
2030.0,HU,2022-01-01,352.4,power
2042.0,SI,2022-01-01,14.162,power
,BE,2022-01-01,25478700.0,power
,AT,2022-01-01,2218300.0,power
2019.0,CY,2022-01-01,0.0,power
2021.0,DE,2022-01-01,1678.0,power
2024.0,ES,2022-01-01,978.878,power
2025.0,EU27_2020,2022-01-01,9674.682,power
2023.0,EE,2022-01-01,31.0,power
2028.0,GR,2022-01-01,330.696,power
,CZ,2022-01-01,12537600.0,power
2041.0,SE,2022-01-01,1.31,power
2026.0,FI,2022-01-01,30.0,power
2039.0,PT,2022-01-01,290.011,power
2038.0,PL,2022-01-01,232.11,power
2037.0,NL,2022-01-01,814.838,power
2040.0,RO,2022-01-01,232.0,power
2034.0,LU,2022-01-01,6.694,power
2033.0,LT,2022-01-01,25.3,power
2032.0,IT,2022-01-01,2634.7,power
2031.0,IE,2022-01-01,287.062,power
2027.0,FR,2022-01-01,477.692,power
2035.0,LV,2022-01-01,62.615,power
,BE,2022-01-02,25863300.0,power
,DK,2022-01-02,5485400.0,power
,BG,2022-01-02,11593000.0,power
,AT,2022-01-02,2201300.0,power
,HR,2022-01-02,5433500.0,power
,CZ,2022-01-02,12586200.0,power
,AT,2022-01-03,23028700.0,power
,HR,2022-01-03,4995400.0,power
,DK,2022-01-03,6162700.0,power
,BG,2022-01-03,11589000.0,power
,BE,2022-01-03,31163500.0,power
,CZ,2022-01-03,13046300.0,power
,AT,2022-01-04,35843600.0,power
,BG,2022-01-04,11903000.0,power
,DK,2022-01-04,11270400.0,power
,CZ,2022-01-04,24202700.0,power
,HR,2022-01-04,4985800.0,power
,BE,2022-01-04,38818500.0,power
,CZ,2022-01-05,13626000.0,power
,BG,2022-01-05,11887000.0,power
,AT,2022-01-05,24031300.0,power
,HR,2022-01-05,4782000.0,power
,DK,2022-01-05,9253700.0,power
,BE,2022-01-05,37517900.0,power
,BG,2022-01-06,11719000.0,power
,CZ,2022-01-06,22809700.0,power
,BE,2022-01-06,49014400.0,power
,DK,2022-01-06,13312900.0,power
,AT,2022-01-06,34674300.0,power
,HR,2022-01-06,5788000.0,power
,CZ,2022-01-07,14026000.0,power
,AT,2022-01-07,39560900.0,power
,HR,2022-01-07,5970300.0,power
,BG,2022-01-07,11887000.0,power
,DK,2022-01-07,12029500.0,power
,BE,2022-01-07,36738500.0,power
,BG,2022-01-08,12002000.0,power
,AT,2022-01-08,45009300.0,power
,BE,2022-01-08,31987000.0,power
,HR,2022-01-08,6766400.0,power
,CZ,2022-01-08,13754100.0,power
,DK,2022-01-08,9166000.0,power
,BE,2022-01-09,36906400.0,power
,HR,2022-01-09,5705600.0,power
,CZ,2022-01-09,13456500.0,power
,BG,2022-01-09,12561000.0,power
,DK,2022-01-09,9281700.0,power
,AT,2022-01-09,36306800.0,power
,HR,2022-01-10,5672800.0,power
,CZ,2022-01-10,29609900.0,power
,BE,2022-01-10,106466800.0,power
,BG,2022-01-10,14129000.0,power
,DK,2022-01-10,14374200.0,power
,AT,2022-01-10,60418900.0,power
,BE,2022-01-11,109973100.0,power
,CZ,2022-01-11,33227600.0,power
,DK,2022-01-11,11649100.0,power
,BG,2022-01-11,14491000.0,power
,AT,2022-01-11,74507000.0,power
,HR,2022-01-11,3574600.0,power
,HR,2022-01-12,6830800.0,power
,CZ,2022-01-12,29313900.0,power
,BG,2022-01-12,14404000.0,power
,AT,2022-01-12,65927500.0,power
,DK,2022-01-12,9327900.0,power
,BE,2022-01-12,110244800.0,power
,BG,2022-01-13,14438000.0,power
,DK,2022-01-13,5321200.0,power
,HR,2022-01-13,9080700.0,power
,AT,2022-01-13,64324800.0,power
,CZ,2022-01-13,25949700.0,power
,BE,2022-01-13,105813700.0,power
,AT,2022-01-14,61508500.0,power
,BG,2022-01-14,14228000.0,power
,BE,2022-01-14,107428400.0,power
,HR,2022-01-14,11282100.0,power
,CZ,2022-01-14,26832300.0,power
,DK,2022-01-14,6598800.0,power
,AT,2022-01-15,59594800.0,power
,BG,2022-01-15,14253000.0,power
,DK,2022-01-15,12668200.0,power
,HR,2022-01-15,11273500.0,power
,BE,2022-01-15,87410400.0,power
,CZ,2022-01-15,29274600.0,power
,CZ,2022-01-16,13578000.0,power
,HR,2022-01-16,10751000.0,power
,BE,2022-01-16,51556400.0,power
,BG,2022-01-16,14219000.0,power
,DK,2022-01-16,6046800.0,power
,AT,2022-01-16,44786200.0,power
,BE,2022-01-17,89303500.0,power
,BG,2022-01-17,14256000.0,power
,CZ,2022-01-17,14032199.999999998,power
,DK,2022-01-17,5782700.0,power
,HR,2022-01-17,11229600.0,power
,AT,2022-01-17,49238300.0,power
,CZ,2022-01-18,23606300.0,power
,HR,2022-01-18,11514300.0,power
,DK,2022-01-18,12624800.0,power
,BE,2022-01-18,109620500.0,power
,AT,2022-01-18,62324600.0,power
,BG,2022-01-18,14371000.0,power
,AT,2022-01-19,73600300.0,power
,BG,2022-01-19,14435000.0,power
,BE,2022-01-19,87973400.0,power
,HR,2022-01-19,11644500.0,power
,DK,2022-01-19,5187300.0,power
,CZ,2022-01-19,19704200.0,power
,BE,2022-01-20,71681700.0,power
,DK,2022-01-20,6673200.0,power
,HR,2022-01-20,11465700.0,power
,CZ,2022-01-20,15161300.0,power
,AT,2022-01-20,60361800.0,power
,BG,2022-01-20,13821000.0,power
,HR,2022-01-21,11435900.0,power
,BG,2022-01-21,12437000.0,power
,CZ,2022-01-21,24197800.0,power
,AT,2022-01-21,61599800.0,power
,DK,2022-01-21,11685300.0,power
,BE,2022-01-21,89136300.0,power
,BG,2022-01-22,12495000.0,power
,CZ,2022-01-22,24270800.0,power
,DK,2022-01-22,12714700.0,power
,BE,2022-01-22,78463300.0,power
,HR,2022-01-22,10738400.0,power
,AT,2022-01-22,59373500.0,power
,AT,2022-01-23,60707300.0,power
,CZ,2022-01-23,25554000.0,power
,BE,2022-01-23,81849500.0,power
,DK,2022-01-23,9303000.0,power
,BG,2022-01-23,13077000.0,power
,HR,2022-01-23,9400200.0,power
,BG,2022-01-24,14590000.0,power
,DK,2022-01-24,8998500.0,power
,AT,2022-01-24,63478000.0,power
,BE,2022-01-24,116242800.0,power
,CZ,2022-01-24,28735700.0,power
,HR,2022-01-24,9156800.0,power
,AT,2022-01-25,64390700.0,power
,BG,2022-01-25,15020000.0,power
,BE,2022-01-25,119010300.0,power
,HR,2022-01-25,10178300.0,power
,DK,2022-01-25,11927300.0,power
,CZ,2022-01-25,32712600.0,power
,BE,2022-01-26,99610900.0,power
,CZ,2022-01-26,26790900.0,power
,AT,2022-01-26,68731100.0,power
,BG,2022-01-26,15962000.0,power
,HR,2022-01-26,11705500.0,power
,DK,2022-01-26,5937600.0,power
,BE,2022-01-27,52857100.0,power
,CZ,2022-01-27,17549100.0,power
,AT,2022-01-27,65375200.0,power
,BG,2022-01-27,14999000.0,power
,HR,2022-01-27,11868800.0,power
,DK,2022-01-27,4424500.0,power
,DK,2022-01-28,6727000.0,power
,HR,2022-01-28,11593800.0,power
,CZ,2022-01-28,23785700.0,power
,AT,2022-01-28,65937800.0,power
,BE,2022-01-28,71571100.0,power
,BG,2022-01-28,14549000.0,power
,AT,2022-01-29,49519500.0,power
,CZ,2022-01-29,13465500.0,power
,HR,2022-01-29,10291800.0,power
,BE,2022-01-29,27277500.0,power
,DK,2022-01-29,4742700.0,power
,BG,2022-01-29,14376000.0,power
,CZ,2022-01-30,13182500.0,power
,HR,2022-01-30,10675000.0,power
,BE,2022-01-30,30443900.0,power
,BG,2022-01-30,14314000.0,power
,AT,2022-01-30,28404300.0,power
,DK,2022-01-30,6012300.0,power
,BE,2022-01-31,44464500.0,power
,DK,2022-01-31,12251900.0,power
,BG,2022-01-31,14430000.0,power
,CZ,2022-01-31,25576000.0,power
,HR,2022-01-31,11525200.0,power
,AT,2022-01-31,71930100.0,power
2069.0,SE,2022-02-01,1.69,power
,BE,2022-02-01,46039200.0,power
2047.0,CY,2022-02-01,0.0,power
,CZ,2022-02-01,26402800.0,power
,DK,2022-02-01,9634700.0,power
2049.0,DE,2022-02-01,1170.0,power
2051.0,EE,2022-02-01,23.8,power
2052.0,ES,2022-02-01,831.819,power
2053.0,EU27_2020,2022-02-01,7393.938,power
2071.0,SK,2022-02-01,75.432,power
2059.0,IE,2022-02-01,187.291,power
2055.0,FR,2022-02-01,286.082,power
2070.0,SI,2022-02-01,12.487,power
2068.0,RO,2022-02-01,193.0,power
2066.0,PL,2022-02-01,208.391,power
2064.0,MT,2022-02-01,26.451,power
,AT,2022-02-01,79294700.0,power
,BG,2022-02-01,12016000.0,power
,HR,2022-02-01,11412000.0,power
2054.0,FI,2022-02-01,25.0,power
2056.0,GR,2022-02-01,310.431,power
2058.0,HU,2022-02-01,298.3,power
2067.0,PT,2022-02-01,249.867,power
2061.0,LT,2022-02-01,19.8,power
2062.0,LU,2022-02-01,7.963,power
2063.0,LV,2022-02-01,36.047,power
2060.0,IT,2022-02-01,2196.3,power
2065.0,NL,2022-02-01,496.926,power
,BE,2022-02-02,70839600.0,power
,AT,2022-02-02,73233700.0,power
,HR,2022-02-02,11512400.0,power
,DK,2022-02-02,10570500.0,power
,BG,2022-02-02,12032000.0,power
,CZ,2022-02-02,25709600.000000004,power
,BE,2022-02-03,70411900.0,power
,DK,2022-02-03,13121600.0,power
,HR,2022-02-03,11401700.0,power
,CZ,2022-02-03,25899500.0,power
,AT,2022-02-03,73359100.0,power
,BG,2022-02-03,11965000.0,power
,DK,2022-02-04,7625300.0,power
,HR,2022-02-04,11430000.0,power
,CZ,2022-02-04,24258500.0,power
,AT,2022-02-04,75856200.0,power
,BE,2022-02-04,34849500.0,power
,BG,2022-02-04,12146000.0,power
,CZ,2022-02-05,13288700.0,power
,HR,2022-02-05,10722800.0,power
,BG,2022-02-05,12147000.0,power
,AT,2022-02-05,43109700.0,power
,DK,2022-02-05,3562900.0,power
,BE,2022-02-05,26641700.0,power
,CZ,2022-02-06,12892000.0,power
,AT,2022-02-06,44422600.00000001,power
,BG,2022-02-06,12111000.0,power
,HR,2022-02-06,10710300.0,power
,BE,2022-02-06,28353900.0,power
,DK,2022-02-06,4654200.0,power
,BE,2022-02-07,41096900.0,power
,HR,2022-02-07,11297900.0,power
,AT,2022-02-07,61582400.0,power
,CZ,2022-02-07,24128200.0,power
,BG,2022-02-07,11923000.0,power
,DK,2022-02-07,5417500.0,power
,BE,2022-02-08,36206800.0,power
,CZ,2022-02-08,13609500.0,power
,BG,2022-02-08,12092000.0,power
,AT,2022-02-08,48556700.0,power
,HR,2022-02-08,10743100.0,power
,DK,2022-02-08,5384400.0,power
,BG,2022-02-09,12093000.0,power
,DK,2022-02-09,6432700.0,power
,HR,2022-02-09,11460400.0,power
,BE,2022-02-09,48149300.0,power
,CZ,2022-02-09,13572600.0,power
,AT,2022-02-09,43340900.0,power
,BE,2022-02-10,68765100.0,power
,AT,2022-02-10,61720500.0,power
,BG,2022-02-10,11787000.0,power
,DK,2022-02-10,7567800.0,power
,HR,2022-02-10,10846800.0,power
,CZ,2022-02-10,25453100.0,power
,HR,2022-02-11,10654900.0,power
,CZ,2022-02-11,25745000.0,power
,BE,2022-02-11,77038600.0,power
,BG,2022-02-11,11626000.0,power
,AT,2022-02-11,56867400.0,power
,DK,2022-02-11,11281800.0,power
,CZ,2022-02-12,13346500.0,power
,DK,2022-02-12,7269500.0,power
,BE,2022-02-12,32399900.0,power
,BG,2022-02-12,11595000.0,power
,AT,2022-02-12,48267700.0,power
,HR,2022-02-12,10707900.0,power
,BE,2022-02-13,25929700.0,power
,DK,2022-02-13,4970900.0,power
,AT,2022-02-13,19993400.0,power
,HR,2022-02-13,10706900.0,power
,BG,2022-02-13,11793000.0,power
,CZ,2022-02-13,12859500.0,power
,BG,2022-02-14,11755000.0,power
,BE,2022-02-14,41669500.0,power
,HR,2022-02-14,11393900.0,power
,CZ,2022-02-14,13671500.0,power
,DK,2022-02-14,6221300.0,power
,AT,2022-02-14,41034100.0,power
,BG,2022-02-15,11557000.0,power
,AT,2022-02-15,60099900.0,power
,BE,2022-02-15,43897400.0,power
,CZ,2022-02-15,13740800.0,power
,DK,2022-02-15,6908900.0,power
,HR,2022-02-15,11383100.0,power
,BE,2022-02-16,35663800.0,power
,BG,2022-02-16,10782000.0,power
,CZ,2022-02-16,13411100.0,power
,DK,2022-02-16,5760100.0,power
,AT,2022-02-16,54506100.0,power
,HR,2022-02-16,11382700.0,power
,BG,2022-02-17,11098000.0,power
,AT,2022-02-17,32683900.0,power
,HR,2022-02-17,11413100.0,power
,DK,2022-02-17,5401900.0,power
,CZ,2022-02-17,13086200.0,power
,BE,2022-02-17,38186700.0,power
,CZ,2022-02-18,13307500.0,power
,HR,2022-02-18,11397900.0,power
,DK,2022-02-18,6752000.0,power
,BG,2022-02-18,10962000.0,power
,AT,2022-02-18,32594800.0,power
,BE,2022-02-18,32072000.0,power
,HR,2022-02-19,10649300.0,power
,BG,2022-02-19,8824000.0,power
,BE,2022-02-19,31633400.0,power
,CZ,2022-02-19,12758000.0,power
,AT,2022-02-19,19977400.0,power
,DK,2022-02-19,5186200.0,power
,BE,2022-02-20,26946600.000000004,power
,AT,2022-02-20,15733300.000000002,power
,BG,2022-02-20,8635000.0,power
,DK,2022-02-20,6554600.0,power
,CZ,2022-02-20,12655000.0,power
,HR,2022-02-20,10699200.0,power
,HR,2022-02-21,11305700.0,power
,BG,2022-02-21,8517000.0,power
,BE,2022-02-21,47624900.0,power
,DK,2022-02-21,6578200.0,power
,AT,2022-02-21,29080400.0,power
,CZ,2022-02-21,13523700.0,power
,BG,2022-02-22,8681000.0,power
,BE,2022-02-22,37344900.0,power
,HR,2022-02-22,9554600.0,power
,DK,2022-02-22,8995500.0,power
,CZ,2022-02-22,13656600.0,power
,AT,2022-02-22,36016700.0,power
,DK,2022-02-23,5887500.0,power
,CZ,2022-02-23,13532800.0,power
,AT,2022-02-23,45522500.0,power
,BE,2022-02-23,39721000.0,power
,BG,2022-02-23,8644000.0,power
,HR,2022-02-23,11626000.0,power
,AT,2022-02-24,24177100.0,power
,BE,2022-02-24,33111600.0,power
,DK,2022-02-24,5627200.0,power
,BG,2022-02-24,8580000.0,power
,CZ,2022-02-24,13658300.0,power
,HR,2022-02-24,11408700.0,power
,CZ,2022-02-25,13653500.0,power
,DK,2022-02-25,4884800.0,power
,BE,2022-02-25,45333700.0,power
,AT,2022-02-25,17062100.0,power
,HR,2022-02-25,11231200.0,power
,BG,2022-02-25,8406000.0,power
,CZ,2022-02-26,13383800.0,power
,BG,2022-02-26,8757000.0,power
,BE,2022-02-26,34483100.0,power
,HR,2022-02-26,8696900.0,power
,DK,2022-02-26,11256300.0,power
,AT,2022-02-26,37182200.0,power
,HR,2022-02-27,8756400.0,power
,AT,2022-02-27,29356700.0,power
,BG,2022-02-27,8673000.0,power
,DK,2022-02-27,9393000.0,power
,BE,2022-02-27,28732600.0,power
,CZ,2022-02-27,13216600.0,power
,AT,2022-02-28,61436799.99999999,power
,BE,2022-02-28,32010300.0,power
,CZ,2022-02-28,13727000.0,power
,DK,2022-02-28,8651000.0,power
,HR,2022-02-28,8788900.0,power
,BG,2022-02-28,9689000.0,power
,AT,2022-03-01,58747900.0,power
2090.0,LU,2022-03-01,1.103,power
,HR,2022-03-01,9127000.0,power
2091.0,LV,2022-03-01,30.538,power
2092.0,MT,2022-03-01,29.254,power
2099.0,SK,2022-03-01,69.633,power
2096.0,RO,2022-03-01,209.0,power
2093.0,NL,2022-03-01,733.317,power
2095.0,PT,2022-03-01,249.867,power
,CZ,2022-03-01,28096600.0,power
2097.0,SE,2022-03-01,6.574,power
2098.0,SI,2022-03-01,13.108,power
2094.0,PL,2022-03-01,221.896,power
2089.0,LT,2022-03-01,19.8,power
2077.0,DE,2022-03-01,1389.0,power
2087.0,IE,2022-03-01,253.727,power
2086.0,HU,2022-03-01,289.0,power
2084.0,GR,2022-03-01,423.138,power
2083.0,FR,2022-03-01,482.597,power
2082.0,FI,2022-03-01,21.0,power
2081.0,EU27_2020,2022-03-01,8426.243,power
2080.0,ES,2022-03-01,675.339,power
2079.0,EE,2022-03-01,20.1,power
,BG,2022-03-01,10596000.0,power
,BE,2022-03-01,78370100.0,power
2075.0,CY,2022-03-01,0.0,power
,DK,2022-03-01,11293900.0,power
2088.0,IT,2022-03-01,2427.4,power
,HR,2022-03-02,8992300.0,power
,DK,2022-03-02,11199900.0,power
,BG,2022-03-02,10865000.0,power
,AT,2022-03-02,59956200.0,power
,BE,2022-03-02,96793400.0,power
,CZ,2022-03-02,25671600.0,power
,BG,2022-03-03,10844000.0,power
,BE,2022-03-03,61905200.0,power
,HR,2022-03-03,9601900.0,power
,AT,2022-03-03,45528600.0,power
,CZ,2022-03-03,22117700.0,power
,DK,2022-03-03,11036700.0,power
,BE,2022-03-04,43967800.0,power
,DK,2022-03-04,11774500.0,power
,AT,2022-03-04,66912500.0,power
,CZ,2022-03-04,26767800.0,power
,HR,2022-03-04,8598600.0,power
,BG,2022-03-04,10939000.0,power
,BG,2022-03-05,10958000.0,power
,BE,2022-03-05,31947700.0,power
,AT,2022-03-05,57610600.0,power
,CZ,2022-03-05,13438400.0,power
,HR,2022-03-05,5160900.0,power
,DK,2022-03-05,10880300.0,power
,DK,2022-03-06,9660900.0,power
,BE,2022-03-06,29045500.0,power
,HR,2022-03-06,5526200.0,power
,AT,2022-03-06,43674700.0,power
,CZ,2022-03-06,13505100.0,power
,BG,2022-03-06,10260000.0,power
,CZ,2022-03-07,27329600.0,power
,BE,2022-03-07,47992600.0,power
,HR,2022-03-07,5342100.0,power
,BG,2022-03-07,11022000.0,power
,AT,2022-03-07,56577500.0,power
,DK,2022-03-07,10715600.0,power
,DK,2022-03-08,10399900.0,power
,CZ,2022-03-08,19658700.0,power
,BE,2022-03-08,38333200.0,power
,HR,2022-03-08,4683600.0,power
,AT,2022-03-08,50432600.0,power
,BG,2022-03-08,9710000.0,power
,DK,2022-03-09,10290900.0,power
,CZ,2022-03-09,24505800.0,power
,HR,2022-03-09,5185800.0,power
,AT,2022-03-09,56497700.0,power
,BE,2022-03-09,39406700.0,power
,BG,2022-03-09,11000000.0,power
,DK,2022-03-10,5920400.0,power
,AT,2022-03-10,54000900.0,power
,BE,2022-03-10,39913799.99999999,power
,HR,2022-03-10,4615600.0,power
,BG,2022-03-10,11050000.0,power
,CZ,2022-03-10,13616400.0,power
,HR,2022-03-11,4759000.0,power
,CZ,2022-03-11,12490800.0,power
,AT,2022-03-11,52318799.99999999,power
,DK,2022-03-11,3534600.0,power
,BE,2022-03-11,26278100.0,power
,BG,2022-03-11,10993000.0,power
,BG,2022-03-12,11070000.0,power
,CZ,2022-03-12,12105200.0,power
,BE,2022-03-12,26210000.0,power
,DK,2022-03-12,4244600.0,power
,HR,2022-03-12,5220700.0,power
,AT,2022-03-12,40155000.0,power
,BE,2022-03-13,34606300.0,power
,CZ,2022-03-13,11878400.0,power
,BG,2022-03-13,10966000.0,power
,AT,2022-03-13,40950100.0,power
,DK,2022-03-13,4438800.0,power
,HR,2022-03-13,5194400.0,power
,BG,2022-03-14,10943000.0,power
,CZ,2022-03-14,25218800.0,power
,DK,2022-03-14,8333900.0,power
,HR,2022-03-14,6889500.0,power
,AT,2022-03-14,52938000.0,power
,BE,2022-03-14,81103100.0,power
,CZ,2022-03-15,30255200.0,power
,BG,2022-03-15,10913000.0,power
,AT,2022-03-15,62559500.0,power
,BE,2022-03-15,88195700.0,power
,HR,2022-03-15,8650300.0,power
,DK,2022-03-15,9766400.0,power
,AT,2022-03-16,44987300.0,power
,CZ,2022-03-16,21383800.0,power
,DK,2022-03-16,7560500.0,power
,BG,2022-03-16,10701000.0,power
,BE,2022-03-16,58619400.0,power
,HR,2022-03-16,9130900.0,power
,DK,2022-03-17,6429400.0,power
,AT,2022-03-17,64496100.0,power
,CZ,2022-03-17,22242000.0,power
,BG,2022-03-17,8827000.0,power
,BE,2022-03-17,57216500.0,power
,HR,2022-03-17,8365900.0,power
,DK,2022-03-18,9681200.0,power
,CZ,2022-03-18,20266000.0,power
,BE,2022-03-18,31168400.0,power
,BG,2022-03-18,8656000.0,power
,AT,2022-03-18,62251800.0,power
,HR,2022-03-18,6975800.0,power
,BG,2022-03-19,8920000.0,power
,CZ,2022-03-19,11633400.0,power
,BE,2022-03-19,25541700.0,power
,HR,2022-03-19,8992900.0,power
,AT,2022-03-19,53310100.0,power
,DK,2022-03-19,4669500.0,power
,AT,2022-03-20,25301300.0,power
,HR,2022-03-20,9362600.0,power
,CZ,2022-03-20,11383300.0,power
,BG,2022-03-20,8798000.0,power
,DK,2022-03-20,3499500.0,power
,BE,2022-03-20,32142500.0,power
,HR,2022-03-21,11231800.0,power
,CZ,2022-03-21,23072000.0,power
,DK,2022-03-21,6925200.0,power
,BE,2022-03-21,41647000.0,power
,AT,2022-03-21,42555000.0,power
,BG,2022-03-21,8598000.0,power
,AT,2022-03-22,45681500.0,power
,CZ,2022-03-22,24499200.0,power
,DK,2022-03-22,8108599.999999999,power
,HR,2022-03-22,12312600.0,power
,BE,2022-03-22,55609400.0,power
,BG,2022-03-22,8418000.0,power
,AT,2022-03-23,53391400.0,power
,BE,2022-03-23,75112000.0,power
,DK,2022-03-23,7674300.0,power
,BG,2022-03-23,8485000.0,power
,CZ,2022-03-23,23497100.0,power
,HR,2022-03-23,11774200.0,power
,HR,2022-03-24,11395900.0,power
,CZ,2022-03-24,25384800.0,power
,AT,2022-03-24,54792600.0,power
,DK,2022-03-24,8625699.999999998,power
,BG,2022-03-24,8226000.0,power
,BE,2022-03-24,64819500.0,power
,BE,2022-03-25,45310400.0,power
,CZ,2022-03-25,21227100.0,power
,AT,2022-03-25,41624300.0,power
,DK,2022-03-25,5331100.0,power
,BG,2022-03-25,7850000.0,power
,HR,2022-03-25,11435600.0,power
,HR,2022-03-26,11569100.0,power
,BE,2022-03-26,29191600.0,power
,DK,2022-03-26,5161400.0,power
,CZ,2022-03-26,11251300.0,power
,BG,2022-03-26,6931000.0,power
,AT,2022-03-26,22971800.0,power
,BG,2022-03-27,7228000.0,power
,DK,2022-03-27,5298900.0,power
,BE,2022-03-27,37170200.0,power
,CZ,2022-03-27,15118699.999999998,power
,AT,2022-03-27,26127800.0,power
,HR,2022-03-27,11492200.0,power
,AT,2022-03-28,46276200.0,power
,BE,2022-03-28,63352400.0,power
,CZ,2022-03-28,23145400.0,power
,HR,2022-03-28,11357300.0,power
,BG,2022-03-28,7483000.0,power
,DK,2022-03-28,4205700.0,power
,HR,2022-03-29,11451300.0,power
,DK,2022-03-29,9918900.0,power
,BE,2022-03-29,69900800.0,power
,AT,2022-03-29,39461100.0,power
,CZ,2022-03-29,25802000.0,power
,BG,2022-03-29,7268000.0,power
,BE,2022-03-30,73160500.0,power
,DK,2022-03-30,8870900.0,power
,BG,2022-03-30,7218000.0,power
,CZ,2022-03-30,24160800.0,power
,HR,2022-03-30,11550400.0,power
,AT,2022-03-30,51169300.0,power
,AT,2022-03-31,25299000.0,power
,HR,2022-03-31,11279700.0,power
,CZ,2022-03-31,11979200.0,power
,BG,2022-03-31,6808000.0,power
,BE,2022-03-31,39163200.0,power
,DK,2022-03-31,7540000.0,power
2109.0,EU27_2020,2022-04-01,6404.576,power
2111.0,FR,2022-04-01,407.63,power
2107.0,EE,2022-04-01,10.8,power
2126.0,SI,2022-04-01,9.844,power
2125.0,SE,2022-04-01,4.873,power
,CZ,2022-04-01,11446700.0,power
,HR,2022-04-01,10204200.0,power
,BG,2022-04-01,5352000.0,power
2127.0,SK,2022-04-01,57.879,power
2103.0,CY,2022-04-01,0.0,power
2105.0,DE,2022-04-01,1339.0,power
2108.0,ES,2022-04-01,560.189,power
2124.0,RO,2022-04-01,90.0,power
2112.0,GR,2022-04-01,186.428,power
2122.0,PL,2022-04-01,163.434,power
2123.0,PT,2022-04-01,228.074,power
,BE,2022-04-01,38151200.0,power
,DK,2022-04-01,5473600.0,power
2115.0,IE,2022-04-01,279.825,power
2114.0,HU,2022-04-01,208.3,power
2110.0,FI,2022-04-01,6.0,power
,AT,2022-04-01,24972600.0,power
2117.0,LT,2022-04-01,11.8,power
2118.0,LU,2022-04-01,5.43,power
2119.0,LV,2022-04-01,19.508,power
2120.0,MT,2022-04-01,22.06,power
2121.0,NL,2022-04-01,521.479,power
2116.0,IT,2022-04-01,1769.2,power
,AT,2022-04-02,20283300.0,power
,HR,2022-04-02,5676100.0,power
,CZ,2022-04-02,11460100.0,power
,DK,2022-04-02,6093300.0,power
,BG,2022-04-02,5918000.0,power
,BE,2022-04-02,35720800.0,power
,DK,2022-04-03,4996000.0,power
,BG,2022-04-03,7267000.0,power
,HR,2022-04-03,5696300.0,power
,BE,2022-04-03,40701900.0,power
,CZ,2022-04-03,11435600.0,power
,AT,2022-04-03,22597400.0,power
,DK,2022-04-04,3383200.0,power
,AT,2022-04-04,35800100.0,power
,BG,2022-04-04,7914000.0,power
,HR,2022-04-04,5711100.0,power
,BE,2022-04-04,29482800.0,power
,CZ,2022-04-04,11476300.0,power
,BE,2022-04-05,36765000.0,power
,HR,2022-04-05,6487900.0,power
,DK,2022-04-05,5308000.0,power
,CZ,2022-04-05,11559300.0,power
,BG,2022-04-05,7835000.0,power
,AT,2022-04-05,30144500.0,power
,BE,2022-04-06,27100600.0,power
,DK,2022-04-06,4637300.0,power
,BG,2022-04-06,7652000.0,power
,HR,2022-04-06,6605200.0,power
,AT,2022-04-06,23630800.0,power
,CZ,2022-04-06,11104100.0,power
,BG,2022-04-07,7626000.0,power
,BE,2022-04-07,23327500.0,power
,HR,2022-04-07,6576400.0,power
,CZ,2022-04-07,10864900.0,power
,DK,2022-04-07,3338700.0,power
,AT,2022-04-07,31292100.0,power
,CZ,2022-04-08,11055400.0,power
,BG,2022-04-08,7164000.0,power
,BE,2022-04-08,42409799.99999999,power
,HR,2022-04-08,6393500.0,power
,AT,2022-04-08,14351600.0,power
,DK,2022-04-08,3932500.0,power
,BG,2022-04-09,6623000.0,power
,DK,2022-04-09,3633500.0,power
,CZ,2022-04-09,10606600.0,power
,BE,2022-04-09,27720100.000000004,power
,AT,2022-04-09,556100.0,power
,HR,2022-04-09,4378400.0,power
,AT,2022-04-10,6532900.0,power
,HR,2022-04-10,4355700.0,power
,DK,2022-04-10,3457300.0,power
,BE,2022-04-10,28635100.0,power
,BG,2022-04-10,7032000.0,power
,CZ,2022-04-10,10477200.0,power
,CZ,2022-04-11,11375000.0,power
,BG,2022-04-11,7798000.0,power
,HR,2022-04-11,4294700.0,power
,DK,2022-04-11,8329799.999999999,power
,AT,2022-04-11,28541000.0,power
,BE,2022-04-11,38324900.0,power
,BE,2022-04-12,29857500.0,power
,HR,2022-04-12,4414100.0,power
,DK,2022-04-12,6224100.0,power
,BG,2022-04-12,7341000.0,power
,CZ,2022-04-12,11134400.0,power
,AT,2022-04-12,37481900.0,power
,CZ,2022-04-13,11080200.0,power
,DK,2022-04-13,7852000.0,power
,BE,2022-04-13,45556500.0,power
,AT,2022-04-13,31576400.0,power
,HR,2022-04-13,5860700.0,power
,BG,2022-04-13,6958000.0,power
,BE,2022-04-14,51230400.0,power
,BG,2022-04-14,6841000.0,power
,CZ,2022-04-14,10872400.0,power
,DK,2022-04-14,7333500.0,power
,AT,2022-04-14,15771800.000000002,power
,HR,2022-04-14,9165300.0,power
,HR,2022-04-15,10165700.0,power
,DK,2022-04-15,6785800.0,power
,AT,2022-04-15,9616800.0,power
,BE,2022-04-15,30122900.0,power
,BG,2022-04-15,6833000.0,power
,CZ,2022-04-15,9485700.0,power
,CZ,2022-04-16,9454800.0,power
,BG,2022-04-16,6918000.0,power
,BE,2022-04-16,26898800.0,power
,DK,2022-04-16,6400800.0,power
,AT,2022-04-16,13849000.0,power
,HR,2022-04-16,6161300.0,power
,CZ,2022-04-17,9405600.0,power
,DK,2022-04-17,4966600.0,power
,BE,2022-04-17,25865800.0,power
,BG,2022-04-17,7671000.0,power
,AT,2022-04-17,13945200.0,power
,HR,2022-04-17,6311200.0,power
,BG,2022-04-18,8200000.0,power
,DK,2022-04-18,5097900.0,power
,AT,2022-04-18,21602500.0,power
,BE,2022-04-18,26122100.0,power
,HR,2022-04-18,5847700.0,power
,CZ,2022-04-18,9631900.0,power
,CZ,2022-04-19,10009900.0,power
,AT,2022-04-19,45193400.0,power
,DK,2022-04-19,5820800.0,power
,BG,2022-04-19,8345000.0,power
,BE,2022-04-19,56584500.0,power
,HR,2022-04-19,8251900.0,power
,BG,2022-04-20,8332000.0,power
,CZ,2022-04-20,10100900.0,power
,AT,2022-04-20,43967300.0,power
,DK,2022-04-20,7461100.0,power
,HR,2022-04-20,10180000.0,power
,BE,2022-04-20,46423600.0,power
,DK,2022-04-21,5870300.0,power
,CZ,2022-04-21,10083800.0,power
,BG,2022-04-21,7704000.0,power
,AT,2022-04-21,34000500.0,power
,BE,2022-04-21,43900600.0,power
,HR,2022-04-21,9110000.0,power
,DK,2022-04-22,4683700.0,power
,HR,2022-04-22,8711400.0,power
,AT,2022-04-22,27242000.0,power
,CZ,2022-04-22,10093800.0,power
,BG,2022-04-22,6686000.0,power
,BE,2022-04-22,26255600.0,power
,AT,2022-04-23,31543900.0,power
,CZ,2022-04-23,9539800.0,power
,BG,2022-04-23,6416000.0,power
,BE,2022-04-23,24935200.0,power
,HR,2022-04-23,4556000.0,power
,DK,2022-04-23,3606900.0,power
,AT,2022-04-24,4561700.0,power
,BG,2022-04-24,6373000.0,power
,HR,2022-04-24,4566700.0,power
,DK,2022-04-24,4042000.0,power
,BE,2022-04-24,22827300.0,power
,CZ,2022-04-24,9462700.0,power
,HR,2022-04-25,7383700.0,power
,AT,2022-04-25,29292100.0,power
,BE,2022-04-25,55851100.0,power
,DK,2022-04-25,6461100.0,power
,BG,2022-04-25,6336000.0,power
,CZ,2022-04-25,10008100.0,power
,BG,2022-04-26,6040000.0,power
,BE,2022-04-26,54621500.0,power
,HR,2022-04-26,8223100.0,power
,CZ,2022-04-26,9961700.0,power
,DK,2022-04-26,6291100.0,power
,AT,2022-04-26,34608100.0,power
,DK,2022-04-27,6290600.0,power
,BG,2022-04-27,5434000.0,power
,BE,2022-04-27,58295000.0,power
,AT,2022-04-27,32206400.0,power
,HR,2022-04-27,7903800.0,power
,CZ,2022-04-27,9969100.0,power
,BE,2022-04-28,36416900.0,power
,DK,2022-04-28,5253400.0,power
,HR,2022-04-28,4957300.0,power
,CZ,2022-04-28,10872600.0,power
,AT,2022-04-28,27832100.0,power
,BG,2022-04-28,5292000.0,power
,BE,2022-04-29,43494100.0,power
,BG,2022-04-29,4828000.0,power
,DK,2022-04-29,5561600.0,power
,CZ,2022-04-29,10285900.0,power
,HR,2022-04-29,4938700.0,power
,AT,2022-04-29,29041300.0,power
,BE,2022-04-30,31777300.0,power
,BG,2022-04-30,4928000.0,power
,HR,2022-04-30,4407600.0,power
,CZ,2022-04-30,9439000.0,power
,AT,2022-04-30,11337400.0,power
,DK,2022-04-30,4644200.0,power
2145.0,LT,2022-05-01,3.6,power
2153.0,SE,2022-05-01,4.251,power
2152.0,RO,2022-05-01,63.0,power
2154.0,SI,2022-05-01,8.355,power
2155.0,SK,2022-05-01,36.519,power
,AT,2022-05-01,10595900.0,power
2151.0,PT,2022-05-01,270.764,power
2150.0,PL,2022-05-01,124.993,power
2149.0,NL,2022-05-01,648.523,power
2148.0,MT,2022-05-01,27.658,power
2147.0,LV,2022-05-01,7.032,power
2146.0,LU,2022-05-01,3.433,power
2131.0,CY,2022-05-01,0.0,power
2144.0,IT,2022-05-01,1699.0,power
2138.0,FI,2022-05-01,9.0,power
2142.0,HU,2022-05-01,154.0,power
2140.0,GR,2022-05-01,260.853,power
2139.0,FR,2022-05-01,355.767,power
,CZ,2022-05-01,8457100.0,power
2133.0,DE,2022-05-01,767.0,power
,DK,2022-05-01,5065600.0,power
,BE,2022-05-01,28028500.0,power
2143.0,IE,2022-05-01,288.755,power
2137.0,EU27_2020,2022-05-01,5886.119,power
,HR,2022-05-01,2435000.0,power
2136.0,ES,2022-05-01,666.286,power
2135.0,EE,2022-05-01,6.9,power
,BG,2022-05-01,4799000.0,power
,DK,2022-05-02,5386000.0,power
,CZ,2022-05-02,8676600.0,power
,BG,2022-05-02,4896000.0,power
,BE,2022-05-02,42558200.0,power
,HR,2022-05-02,5141600.0,power
,AT,2022-05-02,30834800.0,power
,BE,2022-05-03,46270900.0,power
,BG,2022-05-03,4795000.0,power
,DK,2022-05-03,5416800.0,power
,AT,2022-05-03,32477000.0,power
,HR,2022-05-03,6074300.0,power
,CZ,2022-05-03,14588100.0,power
,HR,2022-05-04,6072200.0,power
,BG,2022-05-04,4307000.0,power
,BE,2022-05-04,58707100.0,power
,AT,2022-05-04,35179200.0,power
,DK,2022-05-04,5527900.0,power
,CZ,2022-05-04,24974900.0,power
,HR,2022-05-05,6704700.0,power
,CZ,2022-05-05,19172600.0,power
,BE,2022-05-05,53038100.0,power
,DK,2022-05-05,6215700.0,power
,AT,2022-05-05,32447000.0,power
,BG,2022-05-05,4602000.0,power
,CZ,2022-05-06,8497000.0,power
,BG,2022-05-06,4822000.0,power
,BE,2022-05-06,38979900.0,power
,DK,2022-05-06,6302000.0,power
,HR,2022-05-06,6086600.0,power
,AT,2022-05-06,29158100.0,power
,DK,2022-05-07,3972300.0,power
,BE,2022-05-07,26804200.0,power
,HR,2022-05-07,6261200.0,power
,AT,2022-05-07,9460300.0,power
,BG,2022-05-07,5013000.0,power
,CZ,2022-05-07,8196799.999999999,power
,AT,2022-05-08,7989700.0,power
,HR,2022-05-08,6082900.0,power
,DK,2022-05-08,5021400.0,power
,BG,2022-05-08,4272000.0,power
,CZ,2022-05-08,8249900.0,power
,BE,2022-05-08,30286400.0,power
,CZ,2022-05-09,22825100.0,power
,BG,2022-05-09,4524000.0,power
,HR,2022-05-09,6962700.0,power
,BE,2022-05-09,42103500.0,power
,AT,2022-05-09,26496400.0,power
,DK,2022-05-09,4896000.0,power
,AT,2022-05-10,13796100.0,power
,DK,2022-05-10,4934300.0,power
,BG,2022-05-10,4727000.0,power
,HR,2022-05-10,6563200.0,power
,CZ,2022-05-10,8464600.0,power
,BE,2022-05-10,30814600.0,power
,BG,2022-05-11,4785000.0,power
,DK,2022-05-11,4636000.0,power
,BE,2022-05-11,34697800.0,power
,HR,2022-05-11,6409300.0,power
,AT,2022-05-11,12849600.0,power
,CZ,2022-05-11,8367600.0,power
,CZ,2022-05-12,8409100.0,power
,DK,2022-05-12,4960900.0,power
,AT,2022-05-12,23216000.0,power
,HR,2022-05-12,6407200.0,power
,BG,2022-05-12,5113000.0,power
,BE,2022-05-12,42326500.0,power
,AT,2022-05-13,30033400.0,power
,DK,2022-05-13,4341100.0,power
,BE,2022-05-13,31651000.0,power
,BG,2022-05-13,5187000.0,power
,CZ,2022-05-13,8461700.0,power
,HR,2022-05-13,6520700.0,power
,DK,2022-05-14,4604600.0,power
,BG,2022-05-14,5030000.0,power
,BE,2022-05-14,33613700.0,power
,CZ,2022-05-14,8179200.0,power
,AT,2022-05-14,3582900.0,power
,HR,2022-05-14,5698600.0,power
,HR,2022-05-15,5093500.0,power
,BE,2022-05-15,28468300.0,power
,BG,2022-05-15,5173000.0,power
,CZ,2022-05-15,8063900.0,power
,DK,2022-05-15,4728200.0,power
,AT,2022-05-15,542600.0,power
,BE,2022-05-16,45879800.0,power
,DK,2022-05-16,4567700.0,power
,CZ,2022-05-16,8449700.0,power
,AT,2022-05-16,16720599.999999998,power
,HR,2022-05-16,4913900.0,power
,BG,2022-05-16,5187000.0,power
,BE,2022-05-17,69048600.0,power
,BG,2022-05-17,5083000.0,power
,DK,2022-05-17,5824700.0,power
,CZ,2022-05-17,23334400.0,power
,HR,2022-05-17,5970700.0,power
,AT,2022-05-17,30004800.0,power
,CZ,2022-05-18,14092200.0,power
,BG,2022-05-18,4931000.0,power
,DK,2022-05-18,3860400.0,power
,HR,2022-05-18,5386400.0,power
,BE,2022-05-18,67963300.0,power
,AT,2022-05-18,22941700.0,power
,HR,2022-05-19,5970600.0,power
,BE,2022-05-19,61993700.00000001,power
,BG,2022-05-19,4748000.0,power
,CZ,2022-05-19,13667700.0,power
,AT,2022-05-19,21677500.0,power
,DK,2022-05-19,4334500.0,power
,BG,2022-05-20,4992000.0,power
,BE,2022-05-20,54882200.0,power
,HR,2022-05-20,6101700.0,power
,CZ,2022-05-20,13374900.0,power
,AT,2022-05-20,19024300.0,power
,DK,2022-05-20,4100300.0,power
,CZ,2022-05-21,8083100.0,power
,BG,2022-05-21,4920000.0,power
,DK,2022-05-21,3630200.0,power
,BE,2022-05-21,31364300.0,power
,HR,2022-05-21,5468600.0,power
,AT,2022-05-21,529900.0,power
,HR,2022-05-22,5353600.0,power
,DK,2022-05-22,3895300.0,power
,BG,2022-05-22,4951000.0,power
,BE,2022-05-22,37027600.0,power
,AT,2022-05-22,7684100.0,power
,CZ,2022-05-22,8132700.0,power
,AT,2022-05-23,25123000.0,power
,HR,2022-05-23,5967700.0,power
,BG,2022-05-23,4956000.0,power
,DK,2022-05-23,4020300.0,power
,CZ,2022-05-23,19562000.0,power
,BE,2022-05-23,53415200.0,power
,HR,2022-05-24,5960200.0,power
,CZ,2022-05-24,19526500.0,power
,BE,2022-05-24,46719300.0,power
,BG,2022-05-24,5207000.0,power
,AT,2022-05-24,24251400.0,power
,DK,2022-05-24,3656500.0,power
,BG,2022-05-25,4608000.0,power
,CZ,2022-05-25,13434000.0,power
,HR,2022-05-25,6029200.0,power
,BE,2022-05-25,39572700.0,power
,AT,2022-05-25,19483300.0,power
,DK,2022-05-25,4236400.0,power
,AT,2022-05-26,8205200.000000001,power
,CZ,2022-05-26,10171700.0,power
,HR,2022-05-26,6011300.0,power
,DK,2022-05-26,2829300.0,power
,BG,2022-05-26,4544000.0,power
,BE,2022-05-26,23835600.0,power
,HR,2022-05-27,5955600.0,power
,DK,2022-05-27,2864700.0,power
,BG,2022-05-27,4485000.0,power
,CZ,2022-05-27,20119000.0,power
,AT,2022-05-27,8472300.0,power
,BE,2022-05-27,23707200.0,power
,DK,2022-05-28,3086900.0,power
,CZ,2022-05-28,8018500.0,power
,BG,2022-05-28,4464000.0,power
,BE,2022-05-28,24538100.0,power
,AT,2022-05-28,16126000.0,power
,HR,2022-05-28,5697000.0,power
,DK,2022-05-29,4260800.0,power
,AT,2022-05-29,2678800.0,power
,BE,2022-05-29,28530600.000000004,power
,BG,2022-05-29,4640000.0,power
,CZ,2022-05-29,8172700.0,power
,HR,2022-05-29,5091700.0,power
,BG,2022-05-30,5134000.0,power
,BE,2022-05-30,54319600.0,power
,HR,2022-05-30,6024700.0,power
,CZ,2022-05-30,23417200.0,power
,AT,2022-05-30,21752000.0,power
,DK,2022-05-30,4973200.0,power
,CZ,2022-05-31,19037000.0,power
,BE,2022-05-31,58217799.99999999,power
,BG,2022-05-31,5085000.0,power
,DK,2022-05-31,5331800.0,power
,AT,2022-05-31,20820800.0,power
,HR,2022-05-31,6052300.0,power
2181.0,SE,2022-06-01,3.852,power
,HR,2022-06-01,5975700.0,power
2183.0,SK,2022-06-01,28.294,power
2172.0,IT,2022-06-01,2080.6,power
,DK,2022-06-01,6092100.0,power
,BG,2022-06-01,4937000.0,power
2182.0,SI,2022-06-01,6.155,power
2178.0,PL,2022-06-01,113.984,power
2175.0,LV,2022-06-01,2.021,power
2176.0,MT,2022-06-01,35.637,power
2179.0,PT,2022-06-01,311.839,power
2180.0,RO,2022-06-01,50.0,power
,CZ,2022-06-01,21424100.0,power
2177.0,NL,2022-06-01,709.163,power
2174.0,LU,2022-06-01,3.202,power
2173.0,LT,2022-06-01,5.6,power
2161.0,DE,2022-06-01,654.0,power
,BE,2022-06-01,54665100.0,power
2163.0,EE,2022-06-01,4.9,power
2164.0,ES,2022-06-01,1163.968,power
2165.0,EU27_2020,2022-06-01,6718.012,power
2159.0,CY,2022-06-01,0.0,power
2167.0,FR,2022-06-01,298.976,power
2168.0,GR,2022-06-01,346.618,power
2170.0,HU,2022-06-01,160.9,power
,AT,2022-06-01,5461900.0,power
2171.0,IE,2022-06-01,296.835,power
2166.0,FI,2022-06-01,5.0,power
,CZ,2022-06-02,17790200.0,power
,AT,2022-06-02,12387100.0,power
,DK,2022-06-02,4101100.000000001,power
,BG,2022-06-02,5077000.0,power
,BE,2022-06-02,44538100.0,power
,HR,2022-06-02,5972800.0,power
,AT,2022-06-03,2862000.0,power
,CZ,2022-06-03,15953900.0,power
,DK,2022-06-03,6249600.0,power
,HR,2022-06-03,5975800.0,power
,BG,2022-06-03,4965000.0,power
,BE,2022-06-03,46211700.0,power
,BE,2022-06-04,30890600.0,power
,HR,2022-06-04,5093200.0,power
,BG,2022-06-04,4809000.0,power
,DK,2022-06-04,4509900.0,power
,AT,2022-06-04,8018300.0,power
,CZ,2022-06-04,7797500.0,power
,HR,2022-06-05,5099300.0,power
,DK,2022-06-05,3519800.0,power
,BE,2022-06-05,30206400.0,power
,CZ,2022-06-05,7818900.0,power
,BG,2022-06-05,4703000.0,power
,AT,2022-06-05,9600.000000000002,power
,AT,2022-06-06,9600.000000000002,power
,CZ,2022-06-06,7934600.0,power
,DK,2022-06-06,3407300.0,power
,BG,2022-06-06,4667000.0,power
,BE,2022-06-06,30017500.0,power
,HR,2022-06-06,5891400.0,power
,DK,2022-06-07,5047200.0,power
,AT,2022-06-07,4818600.0,power
,HR,2022-06-07,5978100.0,power
,CZ,2022-06-07,21636900.0,power
,BE,2022-06-07,54347100.0,power
,BG,2022-06-07,4569000.0,power
,HR,2022-06-08,5967100.0,power
,BE,2022-06-08,57851000.0,power
,AT,2022-06-08,3938700.000000001,power
,DK,2022-06-08,4441600.0,power
,BG,2022-06-08,4546000.0,power
,CZ,2022-06-08,22123900.0,power
,BE,2022-06-09,50419500.0,power
,BG,2022-06-09,4593000.0,power
,DK,2022-06-09,3247000.0,power
,HR,2022-06-09,5977900.0,power
,AT,2022-06-09,9600.000000000002,power
,CZ,2022-06-09,20712900.0,power
,DK,2022-06-10,4468600.0,power
,BG,2022-06-10,4585000.0,power
,AT,2022-06-10,296600.0,power
,BE,2022-06-10,39692300.0,power
,CZ,2022-06-10,9982800.0,power
,HR,2022-06-10,5816200.0,power
,CZ,2022-06-11,7505400.0,power
,DK,2022-06-11,3613600.0,power
,AT,2022-06-11,9600.000000000002,power
,BG,2022-06-11,4983000.0,power
,HR,2022-06-11,5204600.0,power
,BE,2022-06-11,27182300.0,power
,CZ,2022-06-12,7464500.0,power
,HR,2022-06-12,5228800.0,power
,DK,2022-06-12,3182800.0,power
,BG,2022-06-12,5094000.0,power
,AT,2022-06-12,9600.000000000002,power
,BE,2022-06-12,29471400.0,power
,BG,2022-06-13,5154000.0,power
,CZ,2022-06-13,16768700.0,power
,DK,2022-06-13,3150000.0,power
,HR,2022-06-13,6172200.0,power
,BE,2022-06-13,33466900.0,power
,AT,2022-06-13,9600.000000000002,power
,AT,2022-06-14,9500.0,power
,BE,2022-06-14,48717900.0,power
,CZ,2022-06-14,22147300.0,power
,HR,2022-06-14,6226500.0,power
,BG,2022-06-14,5215000.0,power
,DK,2022-06-14,3684100.0,power
,BE,2022-06-15,54198300.0,power
,BG,2022-06-15,5189000.0,power
,CZ,2022-06-15,20746100.000000004,power
,DK,2022-06-15,3726100.0,power
,HR,2022-06-15,6650800.0,power
,AT,2022-06-15,3480500.0,power
,AT,2022-06-16,9600.000000000002,power
,HR,2022-06-16,8811800.0,power
,BE,2022-06-16,47116299.99999999,power
,CZ,2022-06-16,16645200.0,power
,BG,2022-06-16,5222000.0,power
,DK,2022-06-16,4622200.0,power
,HR,2022-06-17,10074500.0,power
,BE,2022-06-17,35869900.0,power
,CZ,2022-06-17,7674600.0,power
,BG,2022-06-17,5046000.0,power
,AT,2022-06-17,9600.000000000002,power
,DK,2022-06-17,3974400.0,power
,HR,2022-06-18,8048700.0,power
,BG,2022-06-18,5174000.0,power
,DK,2022-06-18,2877500.0,power
,BE,2022-06-18,34917200.0,power
,CZ,2022-06-18,7475200.0,power
,AT,2022-06-18,5370400.0,power
,CZ,2022-06-19,7154900.000000001,power
,HR,2022-06-19,8061300.0,power
,BG,2022-06-19,5208000.0,power
,AT,2022-06-19,9600.000000000002,power
,DK,2022-06-19,4071900.0,power
,BE,2022-06-19,30876400.0,power
,BG,2022-06-20,5209000.0,power
,HR,2022-06-20,8791300.0,power
,DK,2022-06-20,3873800.0,power
,AT,2022-06-20,5456100.0,power
,CZ,2022-06-20,21993400.0,power
,BE,2022-06-20,52734800.0,power
,BE,2022-06-21,62503900.0,power
,CZ,2022-06-21,16472000.0,power
,HR,2022-06-21,9356800.0,power
,AT,2022-06-21,66600.0,power
,BG,2022-06-21,4892000.0,power
,DK,2022-06-21,3817600.0,power
,HR,2022-06-22,10385000.0,power
,BE,2022-06-22,59799100.0,power
,BG,2022-06-22,5316000.0,power
,DK,2022-06-22,4096500.0,power
,CZ,2022-06-22,20231000.0,power
,AT,2022-06-22,8776400.0,power
,HR,2022-06-23,10491100.0,power
,BG,2022-06-23,5358000.0,power
,CZ,2022-06-23,17876500.0,power
,AT,2022-06-23,17898300.0,power
,DK,2022-06-23,3300900.0,power
,BE,2022-06-23,63447800.0,power
,AT,2022-06-24,374200.0,power
,HR,2022-06-24,11456700.0,power
,BG,2022-06-24,5323000.0,power
,CZ,2022-06-24,7866300.0,power
,DK,2022-06-24,3694900.0,power
,BE,2022-06-24,51771200.0,power
,DK,2022-06-25,3061300.0,power
,BE,2022-06-25,40034200.0,power
,BG,2022-06-25,5208000.0,power
,HR,2022-06-25,10929200.0,power
,AT,2022-06-25,8800.0,power
,CZ,2022-06-25,7514200.0,power
,HR,2022-06-26,10009600.0,power
,BG,2022-06-26,5237000.0,power
,DK,2022-06-26,3335700.0,power
,BE,2022-06-26,42988000.0,power
,AT,2022-06-26,800.0,power
,CZ,2022-06-26,7502099.999999999,power
,DK,2022-06-27,3918300.0,power
,CZ,2022-06-27,22035200.0,power
,AT,2022-06-27,5535599.999999999,power
,HR,2022-06-27,9915700.0,power
,BE,2022-06-27,57642000.0,power
,BG,2022-06-27,5373000.0,power
,BE,2022-06-28,63583200.0,power
,HR,2022-06-28,10022100.0,power
,BG,2022-06-28,5348000.0,power
,CZ,2022-06-28,23546700.0,power
,DK,2022-06-28,3275200.0,power
,AT,2022-06-28,9823500.0,power
,CZ,2022-06-29,24487400.0,power
,DK,2022-06-29,3121600.0,power
,BE,2022-06-29,70558600.0,power
,AT,2022-06-29,11914200.0,power
,HR,2022-06-29,10790100.0,power
,BG,2022-06-29,5217000.0,power
,BE,2022-06-30,73551100.0,power
,HR,2022-06-30,10984500.0,power
,DK,2022-06-30,3466600.0,power
,BG,2022-06-30,4824000.0,power
,AT,2022-06-30,20918500.0,power
,CZ,2022-06-30,24565500.0,power
2193.0,EU27_2020,2022-07-01,7588.176,power
,AT,2022-07-01,1172400.0,power
2211.0,SK,2022-07-01,30.087,power
2210.0,SI,2022-07-01,8.287,power
2209.0,SE,2022-07-01,2.871,power
2208.0,RO,2022-07-01,51.0,power
2207.0,PT,2022-07-01,326.344,power
2206.0,PL,2022-07-01,73.815,power
2205.0,NL,2022-07-01,621.926,power
2204.0,MT,2022-07-01,42.125,power
2203.0,LV,2022-07-01,1.652,power
2201.0,LT,2022-07-01,8.9,power
2200.0,IT,2022-07-01,2407.0,power
,BE,2022-07-01,44334700.0,power
2198.0,HU,2022-07-01,175.1,power
,HR,2022-07-01,11719500.0,power
2199.0,IE,2022-07-01,337.664,power
,DK,2022-07-01,2896700.0,power
,CZ,2022-07-01,9205800.0,power
2202.0,LU,2022-07-01,1.773,power
2194.0,FI,2022-07-01,6.0,power
,BG,2022-07-01,5870000.0,power
2192.0,ES,2022-07-01,1514.189,power
2191.0,EE,2022-07-01,4.7,power
2189.0,DE,2022-07-01,595.0,power
2187.0,CY,2022-07-01,0.0,power
2196.0,GR,2022-07-01,461.258,power
2195.0,FR,2022-07-01,386.48,power
,CZ,2022-07-02,7413400.0,power
,BG,2022-07-02,6197000.0,power
,AT,2022-07-02,9600.000000000002,power
,HR,2022-07-02,10666800.0,power
,BE,2022-07-02,28327300.0,power
,DK,2022-07-02,2683100.0,power
,BE,2022-07-03,31000700.0,power
,CZ,2022-07-03,7332700.0,power
,DK,2022-07-03,3116900.0,power
,AT,2022-07-03,9600.000000000002,power
,BG,2022-07-03,5767000.0,power
,HR,2022-07-03,9990000.0,power
,DK,2022-07-04,3004300.0,power
,AT,2022-07-04,8139500.0,power
,CZ,2022-07-04,7006500.0,power
,BE,2022-07-04,47138400.0,power
,HR,2022-07-04,11968300.0,power
,BG,2022-07-04,6181000.0,power
,HR,2022-07-05,12036100.0,power
,BG,2022-07-05,6283000.0,power
,AT,2022-07-05,4750900.0,power
,DK,2022-07-05,3436800.0,power
,BE,2022-07-05,57574900.0,power
,CZ,2022-07-05,6923700.0,power
,CZ,2022-07-06,6927700.0,power
,DK,2022-07-06,3392500.0,power
,AT,2022-07-06,13617700.0,power
,BG,2022-07-06,6345000.0,power
,BE,2022-07-06,53092200.0,power
,HR,2022-07-06,11325200.0,power
,DK,2022-07-07,2977500.0,power
,BG,2022-07-07,6214000.0,power
,CZ,2022-07-07,7047300.0,power
,AT,2022-07-07,19087800.0,power
,HR,2022-07-07,11473500.0,power
,BE,2022-07-07,30589700.0,power
,CZ,2022-07-08,6768700.0,power
,BG,2022-07-08,6036000.0,power
,AT,2022-07-08,10336700.0,power
,HR,2022-07-08,11281300.0,power
,BE,2022-07-08,43461700.0,power
,DK,2022-07-08,3077100.0,power
,DK,2022-07-09,2933000.0,power
,CZ,2022-07-09,6572900.0,power
,BG,2022-07-09,4317000.0,power
,AT,2022-07-09,0.0,power
,BE,2022-07-09,28149300.0,power
,HR,2022-07-09,10193300.0,power
,AT,2022-07-10,0.0,power
,BE,2022-07-10,29605400.0,power
,BG,2022-07-10,4381000.0,power
,CZ,2022-07-10,6578900.0,power
,HR,2022-07-10,10243000.0,power
,DK,2022-07-10,2880600.0,power
,HR,2022-07-11,11058600.0,power
,BG,2022-07-11,4514000.0,power
,DK,2022-07-11,4949800.0,power
,CZ,2022-07-11,20755000.0,power
,BE,2022-07-11,76723100.0,power
,AT,2022-07-11,0.0,power
,BE,2022-07-12,80717100.0,power
,BG,2022-07-12,5847000.0,power
,HR,2022-07-12,11021800.0,power
,DK,2022-07-12,4153300.0,power
,AT,2022-07-12,0.0,power
,CZ,2022-07-12,6840200.0,power
,DK,2022-07-13,3239900.0,power
,CZ,2022-07-13,6772600.0,power
,AT,2022-07-13,0.0,power
,BG,2022-07-13,6224000.0,power
,BE,2022-07-13,73937100.0,power
,HR,2022-07-13,10951000.0,power
,HR,2022-07-14,10944000.0,power
,BG,2022-07-14,6380000.0,power
,BE,2022-07-14,44600300.0,power
,DK,2022-07-14,2749200.0,power
,AT,2022-07-14,5687400.0,power
,CZ,2022-07-14,6769900.0,power
,HR,2022-07-15,10922200.0,power
,BE,2022-07-15,47199300.0,power
,DK,2022-07-15,3204500.0,power
,BG,2022-07-15,6505000.0,power
,CZ,2022-07-15,6757400.000000001,power
,AT,2022-07-15,3284300.0,power
,HR,2022-07-16,10708800.0,power
,AT,2022-07-16,0.0,power
,BE,2022-07-16,41050800.0,power
,DK,2022-07-16,2918700.0,power
,BG,2022-07-16,6475000.0,power
,CZ,2022-07-16,6689500.0,power
,BG,2022-07-17,6462000.0,power
,DK,2022-07-17,3357200.0,power
,HR,2022-07-17,10410400.0,power
,CZ,2022-07-17,6676000.0,power
,AT,2022-07-17,0.0,power
,BE,2022-07-17,51677000.0,power
,AT,2022-07-18,0.0,power
,BG,2022-07-18,6546000.0,power
,CZ,2022-07-18,13481400.0,power
,BE,2022-07-18,88800600.0,power
,HR,2022-07-18,11211800.0,power
,DK,2022-07-18,4265400.0,power
,AT,2022-07-19,8460500.0,power
,CZ,2022-07-19,17294800.0,power
,HR,2022-07-19,11331300.0,power
,BG,2022-07-19,6500000.0,power
,DK,2022-07-19,3342300.0,power
,BE,2022-07-19,83485400.0,power
,AT,2022-07-20,10035900.0,power
,HR,2022-07-20,11890800.0,power
,BG,2022-07-20,6281000.0,power
,CZ,2022-07-20,11643300.0,power
,BE,2022-07-20,92128300.0,power
,DK,2022-07-20,2673000.0,power
,CZ,2022-07-21,21462100.0,power
,DK,2022-07-21,3055100.0,power
,HR,2022-07-21,11729400.0,power
,BG,2022-07-21,6374000.0,power
,AT,2022-07-21,11672700.0,power
,BE,2022-07-21,91936800.0,power
,AT,2022-07-22,13001500.0,power
,BE,2022-07-22,88631500.0,power
,HR,2022-07-22,11497500.0,power
,CZ,2022-07-22,21551600.0,power
,BG,2022-07-22,6317000.0,power
,DK,2022-07-22,3592800.0,power
,CZ,2022-07-23,6717500.0,power
,BG,2022-07-23,6178000.0,power
,HR,2022-07-23,11043000.0,power
,AT,2022-07-23,2519300.0,power
,BE,2022-07-23,63568200.0,power
,DK,2022-07-23,3097400.0,power
,BG,2022-07-24,6237000.0,power
,BE,2022-07-24,45966400.0,power
,CZ,2022-07-24,11186200.0,power
,HR,2022-07-24,9825600.0,power
,AT,2022-07-24,4441300.0,power
,DK,2022-07-24,2837000.0,power
,BE,2022-07-25,46411400.0,power
,HR,2022-07-25,10994200.0,power
,CZ,2022-07-25,8924800.0,power
,BG,2022-07-25,6312000.0,power
,DK,2022-07-25,3277300.0,power
,AT,2022-07-25,8816600.0,power
,AT,2022-07-26,25765400.0,power
,HR,2022-07-26,11654500.0,power
,CZ,2022-07-26,14376100.0,power
,BG,2022-07-26,6339000.0,power
,DK,2022-07-26,2823300.0,power
,BE,2022-07-26,77821000.0,power
,HR,2022-07-27,11401000.0,power
,BE,2022-07-27,89559100.0,power
,BG,2022-07-27,6280900.0,power
,DK,2022-07-27,3098700.0,power
,AT,2022-07-27,19023900.0,power
,CZ,2022-07-27,16443800.0,power
,DK,2022-07-28,4363800.0,power
,CZ,2022-07-28,19469700.0,power
,BG,2022-07-28,6073600.0,power
,BE,2022-07-28,83094700.0,power
,AT,2022-07-28,14081300.0,power
,HR,2022-07-28,10150200.0,power
,BG,2022-07-29,4263800.0,power
,CZ,2022-07-29,20954100.0,power
,BE,2022-07-29,86717000.0,power
,DK,2022-07-29,3854800.0,power
,AT,2022-07-29,14217900.0,power
,HR,2022-07-29,11331300.0,power
,CZ,2022-07-30,8780500.0,power
,BG,2022-07-30,4302800.0,power
,BE,2022-07-30,68152000.0,power
,DK,2022-07-30,3440400.0,power
,HR,2022-07-30,10771300.0,power
,AT,2022-07-30,1266800.0,power
,BE,2022-07-31,55094600.0,power
,AT,2022-07-31,9600.000000000002,power
,DK,2022-07-31,2712200.0000000005,power
,BG,2022-07-31,4210300.0,power
,CZ,2022-07-31,7248000.0,power
,HR,2022-07-31,10066200.0,power
,DK,2022-08-01,3636400.0,power
2238.0,SI,2022-08-01,6.516,power
2239.0,SK,2022-08-01,24.996,power
2229.0,LT,2022-08-01,9.4,power
2228.0,IT,2022-08-01,2111.4,power
2227.0,IE,2022-08-01,342.258,power
2224.0,GR,2022-08-01,434.171,power
2220.0,ES,2022-08-01,1457.583,power
2226.0,HU,2022-08-01,157.5,power
2223.0,FR,2022-08-01,355.272,power
2222.0,FI,2022-08-01,5.0,power
,CZ,2022-08-01,22214300.0,power
2221.0,EU27_2020,2022-08-01,7350.813,power
2236.0,RO,2022-08-01,57.0,power
2232.0,MT,2022-08-01,41.463,power
2234.0,PL,2022-08-01,56.58,power
2233.0,NL,2022-08-01,689.435,power
2231.0,LV,2022-08-01,26.07,power
,BG,2022-08-01,3753000.0,power
2217.0,DE,2022-08-01,647.0,power
,AT,2022-08-01,9600.000000000002,power
2215.0,CY,2022-08-01,0.0,power
2237.0,SE,2022-08-01,1.871,power
2230.0,LU,2022-08-01,1.893,power
2219.0,EE,2022-08-01,4.6,power
,HR,2022-08-01,10934000.0,power
,BE,2022-08-01,84636700.0,power
2235.0,PT,2022-08-01,313.921,power
,BG,2022-08-02,3758000.0,power
,DK,2022-08-02,3636300.0,power
,HR,2022-08-02,10616800.0,power
,BE,2022-08-02,56168100.0,power
,CZ,2022-08-02,17700200.0,power
,AT,2022-08-02,10079100.0,power
,HR,2022-08-03,10926600.0,power
,AT,2022-08-03,9629300.0,power
,CZ,2022-08-03,12856800.0,power
,BG,2022-08-03,4895000.0,power
,DK,2022-08-03,3291000.0,power
,BE,2022-08-03,70251100.0,power
,DK,2022-08-04,3775600.0,power
,AT,2022-08-04,12632100.0,power
,HR,2022-08-04,10844600.0,power
,BG,2022-08-04,5690000.0,power
,BE,2022-08-04,90675100.0,power
,CZ,2022-08-04,7376800.0,power
,DK,2022-08-05,3859500.0,power
,BE,2022-08-05,91764700.0,power
,HR,2022-08-05,10937800.0,power
,AT,2022-08-05,1390700.0,power
,BG,2022-08-05,5638000.0,power
,CZ,2022-08-05,7369500.0,power
,BG,2022-08-06,5065700.0,power
,CZ,2022-08-06,7183700.0,power
,AT,2022-08-06,9600.000000000002,power
,BE,2022-08-06,33635300.0,power
,DK,2022-08-06,2968100.0,power
,HR,2022-08-06,10496100.0,power
,AT,2022-08-07,9600.000000000002,power
,HR,2022-08-07,10636000.0,power
,CZ,2022-08-07,7160800.0,power
,DK,2022-08-07,2916900.0,power
,BE,2022-08-07,45015200.0,power
,BG,2022-08-07,3623200.0,power
,DK,2022-08-08,3857900.0,power
,AT,2022-08-08,6343200.0,power
,BG,2022-08-08,4722600.0,power
,BE,2022-08-08,79153500.0,power
,CZ,2022-08-08,7332600.0,power
,HR,2022-08-08,10980000.0,power
,DK,2022-08-09,3822700.0,power
,BE,2022-08-09,66868300.0,power
,HR,2022-08-09,10922800.0,power
,CZ,2022-08-09,7308400.0,power
,BG,2022-08-09,5534000.0,power
,AT,2022-08-09,11693200.0,power
,BE,2022-08-10,74883300.0,power
,CZ,2022-08-10,6880100.0,power
,DK,2022-08-10,3512600.0,power
,BG,2022-08-10,5527000.0,power
,AT,2022-08-10,10832700.0,power
,HR,2022-08-10,9923000.0,power
,BG,2022-08-11,5660600.0,power
,AT,2022-08-11,4674900.0,power
,HR,2022-08-11,9566900.0,power
,DK,2022-08-11,3655800.0,power
,BE,2022-08-11,48327300.0,power
,CZ,2022-08-11,6855700.0,power
,CZ,2022-08-12,19104700.0,power
,AT,2022-08-12,5125700.0,power
,DK,2022-08-12,3014600.0,power
,HR,2022-08-12,9528900.0,power
,BG,2022-08-12,5567000.0,power
,BE,2022-08-12,68492400.0,power
,HR,2022-08-13,10379800.0,power
,CZ,2022-08-13,6800800.0,power
,AT,2022-08-13,9600.000000000002,power
,BE,2022-08-13,60374800.0,power
,BG,2022-08-13,5498000.0,power
,DK,2022-08-13,2661000.0,power
,BE,2022-08-14,53136700.0,power
,CZ,2022-08-14,6804200.0,power
,DK,2022-08-14,2333000.0,power
,BG,2022-08-14,5335000.0,power
,HR,2022-08-14,10566800.0,power
,AT,2022-08-14,6250300.0,power
,BE,2022-08-15,81571800.0,power
,DK,2022-08-15,3183000.0,power
,CZ,2022-08-15,12406400.0,power
,AT,2022-08-15,9600.000000000002,power
,HR,2022-08-15,10516100.0,power
,BG,2022-08-15,5712000.0,power
,CZ,2022-08-16,17187800.0,power
,DK,2022-08-16,3785600.0,power
,AT,2022-08-16,13469300.0,power
,HR,2022-08-16,9962700.0,power
,BG,2022-08-16,5621000.0,power
,BE,2022-08-16,84014700.0,power
,AT,2022-08-17,8788300.0,power
,HR,2022-08-17,12165199.999999998,power
,DK,2022-08-17,3378300.0,power
,BE,2022-08-17,93046000.0,power
,BG,2022-08-17,3975000.0,power
,CZ,2022-08-17,24606600.0,power
,BG,2022-08-18,4004500.0,power
,CZ,2022-08-18,22027100.0,power
,BE,2022-08-18,87963000.0,power
,DK,2022-08-18,3562900.0,power
,AT,2022-08-18,9863000.0,power
,HR,2022-08-18,11630600.0,power
,BE,2022-08-19,87953900.0,power
,CZ,2022-08-19,20390200.0,power
,BG,2022-08-19,3945000.0,power
,DK,2022-08-19,3610100.0,power
,AT,2022-08-19,15495000.0,power
,HR,2022-08-19,12329200.0,power
,AT,2022-08-20,0.0,power
,HR,2022-08-20,10647400.0,power
,DK,2022-08-20,2988200.0,power
,BG,2022-08-20,3778000.0,power
,BE,2022-08-20,65791899.99999999,power
,CZ,2022-08-20,6899700.0,power
,DK,2022-08-21,2658000.0,power
,HR,2022-08-21,10198000.0,power
,AT,2022-08-21,0.0,power
,BE,2022-08-21,49678000.0,power
,CZ,2022-08-21,6884800.0,power
,BG,2022-08-21,3958000.0,power
,CZ,2022-08-22,21247500.0,power
,BG,2022-08-22,3966000.0,power
,AT,2022-08-22,0.0,power
,DK,2022-08-22,4081800.0,power
,BE,2022-08-22,77848600.0,power
,HR,2022-08-22,11197000.0,power
,BE,2022-08-23,76410600.0,power
,BG,2022-08-23,3934000.0,power
,DK,2022-08-23,3132299.9999999995,power
,CZ,2022-08-23,21464700.0,power
,HR,2022-08-23,10151500.0,power
,AT,2022-08-23,7541900.000000001,power
,HR,2022-08-24,10128800.0,power
,AT,2022-08-24,14794600.0,power
,DK,2022-08-24,3508000.0,power
,BG,2022-08-24,3938400.0,power
,CZ,2022-08-24,21355100.0,power
,BE,2022-08-24,78918100.0,power
,AT,2022-08-25,9579400.0,power
,DK,2022-08-25,3217100.0,power
,CZ,2022-08-25,19409700.0,power
,BG,2022-08-25,3944700.0,power
,HR,2022-08-25,10051900.0,power
,BE,2022-08-25,78327100.0,power
,HR,2022-08-26,10447200.0,power
,BG,2022-08-26,4157900.0,power
,DK,2022-08-26,3934900.0,power
,CZ,2022-08-26,21966200.0,power
,AT,2022-08-26,10142700.0,power
,BE,2022-08-26,79644800.0,power
,CZ,2022-08-27,6835600.0,power
,BE,2022-08-27,72761400.0,power
,AT,2022-08-27,187400.0,power
,HR,2022-08-27,10168100.0,power
,DK,2022-08-27,2653000.0,power
,BG,2022-08-27,4178900.0,power
,HR,2022-08-28,8792400.0,power
,BG,2022-08-28,4265700.0,power
,AT,2022-08-28,9600.000000000002,power
,CZ,2022-08-28,13537600.0,power
,DK,2022-08-28,2750800.0,power
,BE,2022-08-28,43957700.0,power
,AT,2022-08-29,9600.000000000002,power
,BE,2022-08-29,80442900.0,power
,DK,2022-08-29,3155600.0,power
,BG,2022-08-29,4296400.0,power
,HR,2022-08-29,9933400.0,power
,CZ,2022-08-29,24801000.0,power
,BG,2022-08-30,4302000.0,power
,HR,2022-08-30,11511600.0,power
,CZ,2022-08-30,22618100.0,power
,BE,2022-08-30,75329800.0,power
,AT,2022-08-30,9878900.0,power
,DK,2022-08-30,2660700.0,power
,BG,2022-08-31,4422800.0,power
,BE,2022-08-31,65224400.0,power
,AT,2022-08-31,11303500.0,power
,DK,2022-08-31,3160800.0,power
,HR,2022-08-31,11278700.0,power
,CZ,2022-08-31,21348500.0,power
2243.0,CY,2022-09-01,0.0,power
2254.0,HU,2022-09-01,164.2,power
,AT,2022-09-01,20800600.0,power
,CZ,2022-09-01,19879400.0,power
,BE,2022-09-01,81687600.0,power
2252.0,GR,2022-09-01,265.893,power
2258.0,LU,2022-09-01,1.693,power
2257.0,LT,2022-09-01,9.4,power
2249.0,EU27_2020,2022-09-01,6678.354,power
2248.0,ES,2022-09-01,1390.299,power
2247.0,EE,2022-09-01,5.2,power
2245.0,DE,2022-09-01,623.0,power
2259.0,LV,2022-09-01,18.032,power
,DK,2022-09-01,3040100.0,power
2261.0,NL,2022-09-01,569.241,power
2250.0,FI,2022-09-01,7.0,power
,BG,2022-09-01,4401400.0,power
2251.0,FR,2022-09-01,389.905,power
2266.0,SI,2022-09-01,8.589,power
2265.0,SE,2022-09-01,1.276,power
2267.0,SK,2022-09-01,30.094,power
2256.0,IT,2022-09-01,1938.9,power
2264.0,RO,2022-09-01,48.0,power
,HR,2022-09-01,11205300.0,power
2263.0,PT,2022-09-01,217.078,power
2262.0,PL,2022-09-01,70.828,power
2255.0,IE,2022-09-01,284.566,power
2260.0,MT,2022-09-01,33.683,power
,CZ,2022-09-02,13170000.0,power
,DK,2022-09-02,2920200.0,power
,BG,2022-09-02,4202400.0,power
,BE,2022-09-02,79176900.0,power
,AT,2022-09-02,20123400.0,power
,HR,2022-09-02,11512000.0,power
,CZ,2022-09-03,9835400.0,power
,HR,2022-09-03,9593500.0,power
,DK,2022-09-03,2816600.0,power
,BE,2022-09-03,60500100.0,power
,BG,2022-09-03,4341900.0,power
,AT,2022-09-03,10122900.0,power
,BE,2022-09-04,47108300.0,power
,BG,2022-09-04,4342700.0,power
,AT,2022-09-04,8206299.999999999,power
,HR,2022-09-04,8056100.0,power
,DK,2022-09-04,2792900.0,power
,CZ,2022-09-04,6803700.0,power
,DK,2022-09-05,3164300.0,power
,BG,2022-09-05,3705100.0,power
,CZ,2022-09-05,17243400.0,power
,AT,2022-09-05,26762300.0,power
,HR,2022-09-05,8459000.0,power
,BE,2022-09-05,65216300.0,power
,DK,2022-09-06,3024000.0,power
,CZ,2022-09-06,6415300.0,power
,HR,2022-09-06,9587600.0,power
,BG,2022-09-06,3502000.0,power
,BE,2022-09-06,76234100.0,power
,AT,2022-09-06,26325500.0,power
,HR,2022-09-07,9683800.0,power
,DK,2022-09-07,2858900.0,power
,AT,2022-09-07,33301200.0,power
,BG,2022-09-07,3679000.0,power
,BE,2022-09-07,83039400.0,power
,CZ,2022-09-07,19409400.0,power
,BE,2022-09-08,83432000.0,power
,BG,2022-09-08,3494300.0,power
,DK,2022-09-08,3171200.0,power
,CZ,2022-09-08,18991100.0,power
,AT,2022-09-08,27997200.0,power
,HR,2022-09-08,9614400.0,power
,BE,2022-09-09,53967100.0,power
,AT,2022-09-09,28080500.0,power
,DK,2022-09-09,3704800.0,power
,CZ,2022-09-09,3990100.0,power
,BG,2022-09-09,3554700.0,power
,HR,2022-09-09,9623900.0,power
,HR,2022-09-10,9715700.0,power
,AT,2022-09-10,8888200.0,power
,CZ,2022-09-10,8200900.0,power
,BG,2022-09-10,3544100.0,power
,DK,2022-09-10,3129200.0,power
,BE,2022-09-10,46551200.0,power
,BE,2022-09-11,37407800.0,power
,CZ,2022-09-11,8453800.0,power
,HR,2022-09-11,7733700.0,power
,AT,2022-09-11,10306300.000000002,power
,BG,2022-09-11,3630800.0,power
,DK,2022-09-11,2918500.0,power
,AT,2022-09-12,32844700.0,power
,DK,2022-09-12,3797800.0,power
,CZ,2022-09-12,17061100.0,power
,HR,2022-09-12,11412600.0,power
,BE,2022-09-12,46305100.0,power
,BG,2022-09-12,3511400.0,power
,HR,2022-09-13,11644800.0,power
,CZ,2022-09-13,15259300.0,power
,DK,2022-09-13,3712500.0,power
,AT,2022-09-13,37402000.0,power
,BG,2022-09-13,3517200.0,power
,BE,2022-09-13,59922200.0,power
,DK,2022-09-14,4255400.0,power
,CZ,2022-09-14,16438300.0,power
,AT,2022-09-14,31962800.0,power
,BE,2022-09-14,64196300.0,power
,BG,2022-09-14,3611800.0,power
,HR,2022-09-14,10245300.0,power
,AT,2022-09-15,37364200.0,power
,CZ,2022-09-15,3232299.9999999995,power
,HR,2022-09-15,10499300.0,power
,DK,2022-09-15,3371600.0,power
,BG,2022-09-15,3525700.0,power
,BE,2022-09-15,30825100.0,power
,BE,2022-09-16,21333500.0,power
,CZ,2022-09-16,3234700.0,power
,AT,2022-09-16,5357800.0,power
,DK,2022-09-16,3120800.0,power
,BG,2022-09-16,3416300.0,power
,HR,2022-09-16,9543500.0,power
,CZ,2022-09-17,3111500.0,power
,BE,2022-09-17,23636500.0,power
,HR,2022-09-17,6113300.0,power
,BG,2022-09-17,3647700.0,power
,DK,2022-09-17,2764300.0,power
,AT,2022-09-17,2479900.0,power
,BE,2022-09-18,24046800.0,power
,DK,2022-09-18,2534900.0,power
,AT,2022-09-18,2067100.0,power
,BG,2022-09-18,3948700.000000001,power
,CZ,2022-09-18,3085500.0,power
,HR,2022-09-18,6070000.0,power
,BG,2022-09-19,3814800.0,power
,BE,2022-09-19,56007700.0,power
,HR,2022-09-19,6483900.0,power
,CZ,2022-09-19,3295500.0,power
,DK,2022-09-19,3647900.0,power
,AT,2022-09-19,21259900.0,power
,DK,2022-09-20,5417200.0,power
,BG,2022-09-20,3970500.0,power
,HR,2022-09-20,6207600.0,power
,BE,2022-09-20,74858500.0,power
,CZ,2022-09-20,16833900.0,power
,AT,2022-09-20,34425600.0,power
,BE,2022-09-21,81407600.0,power
,HR,2022-09-21,6666700.0,power
,DK,2022-09-21,5156300.0,power
,AT,2022-09-21,34715200.0,power
,CZ,2022-09-21,12209500.0,power
,BG,2022-09-21,4003300.0,power
,BG,2022-09-22,4013100.0,power
,BE,2022-09-22,76926000.0,power
,DK,2022-09-22,5465000.0,power
,CZ,2022-09-22,13577300.0,power
,HR,2022-09-22,6711700.0,power
,AT,2022-09-22,31893900.0,power
,HR,2022-09-23,7837300.0,power
,CZ,2022-09-23,14422700.0,power
,DK,2022-09-23,5192500.0,power
,BG,2022-09-23,4060100.0,power
,BE,2022-09-23,82757600.0,power
,AT,2022-09-23,34002800.0,power
,HR,2022-09-24,5961000.0,power
,AT,2022-09-24,32738700.0,power
,DK,2022-09-24,4472400.0,power
,BE,2022-09-24,74376900.0,power
,CZ,2022-09-24,4316200.0,power
,BG,2022-09-24,4042100.0,power
,BG,2022-09-25,3952200.0,power
,HR,2022-09-25,6232400.0,power
,DK,2022-09-25,3955500.0,power
,BE,2022-09-25,65320900.0,power
,AT,2022-09-25,7772700.0,power
,CZ,2022-09-25,4236400.0,power
,HR,2022-09-26,7673700.0,power
,DK,2022-09-26,4003100.0,power
,AT,2022-09-26,27333500.0,power
,BE,2022-09-26,60047200.0,power
,BG,2022-09-26,4110400.0,power
,CZ,2022-09-26,4781900.0,power
,BE,2022-09-27,74647400.0,power
,AT,2022-09-27,33223100.0,power
,HR,2022-09-27,7439100.0,power
,CZ,2022-09-27,4618000.0,power
,DK,2022-09-27,5456200.0,power
,BG,2022-09-27,4156200.0,power
,HR,2022-09-28,7478400.0,power
,CZ,2022-09-28,16978700.0,power
,BG,2022-09-28,4217900.0,power
,AT,2022-09-28,29051700.0,power
,BE,2022-09-28,81388000.0,power
,DK,2022-09-28,6610500.0,power
,BG,2022-09-29,3995500.0,power
,HR,2022-09-29,7090400.0,power
,DK,2022-09-29,6611300.0,power
,AT,2022-09-29,43230800.0,power
,CZ,2022-09-29,12673400.0,power
,BE,2022-09-29,83674200.0,power
,DK,2022-09-30,5205800.0,power
,BG,2022-09-30,4473200.0,power
,CZ,2022-09-30,9225800.0,power
,BE,2022-09-30,57777900.0,power
,HR,2022-09-30,7167200.0,power
,AT,2022-09-30,24023200.0,power
2294.0,SI,2022-10-01,11.72,power
2279.0,FR,2022-10-01,474.603,power
2292.0,RO,2022-10-01,64.0,power
2291.0,PT,2022-10-01,298.311,power
2293.0,SE,2022-10-01,1.032,power
2289.0,NL,2022-10-01,725.955,power
,AT,2022-10-01,1905000.0,power
2284.0,IT,2022-10-01,1939.7,power
2283.0,IE,2022-10-01,237.591,power
2282.0,HU,2022-10-01,205.0,power
2290.0,PL,2022-10-01,152.703,power
2295.0,SK,2022-10-01,42.483,power
2285.0,LT,2022-10-01,3.7,power
,CZ,2022-10-01,5325000.0,power
2271.0,CY,2022-10-01,0.0,power
2277.0,EU27_2020,2022-10-01,7186.197,power
2278.0,FI,2022-10-01,7.0,power
2288.0,MT,2022-10-01,26.92,power
,BE,2022-10-01,27806100.0,power
,HR,2022-10-01,6329500.0,power
,DK,2022-10-01,3307400.0,power
,BG,2022-10-01,4410600.0,power
2287.0,LV,2022-10-01,3.44,power
2286.0,LU,2022-10-01,2.063,power
2280.0,GR,2022-10-01,179.675,power
2273.0,DE,2022-10-01,855.0,power
2275.0,EE,2022-10-01,6.3,power
2276.0,ES,2022-10-01,1277.739,power
,BG,2022-10-02,4408500.0,power
,CZ,2022-10-02,5316200.0,power
,BE,2022-10-02,42061500.0,power
,AT,2022-10-02,1970300.0,power
,HR,2022-10-02,5845300.0,power
,DK,2022-10-02,3985100.0,power
,CZ,2022-10-03,5629400.0,power
,DK,2022-10-03,4862700.0,power
,BE,2022-10-03,81222700.0,power
,HR,2022-10-03,9537200.0,power
,AT,2022-10-03,8980100.0,power
,BG,2022-10-03,5728800.0,power
,BE,2022-10-04,72413400.0,power
,HR,2022-10-04,11265800.0,power
,CZ,2022-10-04,5575300.0,power
,DK,2022-10-04,5030000.0,power
,BG,2022-10-04,6300400.0,power
,AT,2022-10-04,19743700.0,power
,CZ,2022-10-05,5605700.0,power
,BE,2022-10-05,38201500.0,power
,AT,2022-10-05,8604800.0,power
,DK,2022-10-05,3111500.0,power
,HR,2022-10-05,10943800.0,power
,BG,2022-10-05,6307400.0,power
,DK,2022-10-06,2909600.0,power
,BE,2022-10-06,47191700.0,power
,BG,2022-10-06,6412400.0,power
,CZ,2022-10-06,5527500.0,power
,HR,2022-10-06,10793700.0,power
,AT,2022-10-06,18635000.0,power
,BG,2022-10-07,6515400.000000001,power
,DK,2022-10-07,2975800.0,power
,BE,2022-10-07,40967300.0,power
,HR,2022-10-07,10795400.0,power
,AT,2022-10-07,24122300.0,power
,CZ,2022-10-07,5468500.0,power
,DK,2022-10-08,3675200.0,power
,HR,2022-10-08,10658000.0,power
,CZ,2022-10-08,5150200.0,power
,BG,2022-10-08,6493000.0,power
,AT,2022-10-08,1075100.0,power
,BE,2022-10-08,42608800.0,power
,BE,2022-10-09,41259400.0,power
,HR,2022-10-09,10558000.0,power
,AT,2022-10-09,4185400.0,power
,CZ,2022-10-09,5126400.0,power
,BG,2022-10-09,6226800.0,power
,DK,2022-10-09,4661200.0,power
,BE,2022-10-10,70933700.0,power
,DK,2022-10-10,5469000.0,power
,CZ,2022-10-10,5463400.0,power
,AT,2022-10-10,28119000.0,power
,BG,2022-10-10,6494700.0,power
,HR,2022-10-10,10985300.0,power
,HR,2022-10-11,10704000.0,power
,DK,2022-10-11,6492400.000000001,power
,BE,2022-10-11,85552800.0,power
,BG,2022-10-11,6491800.0,power
,AT,2022-10-11,42154700.0,power
,CZ,2022-10-11,18108800.0,power
,DK,2022-10-12,7804100.0,power
,AT,2022-10-12,42670200.0,power
,CZ,2022-10-12,19462900.0,power
,BG,2022-10-12,6486800.0,power
,BE,2022-10-12,88710500.0,power
,HR,2022-10-12,11097300.0,power
,BE,2022-10-13,93023300.0,power
,CZ,2022-10-13,19584400.0,power
,AT,2022-10-13,27746500.0,power
,DK,2022-10-13,6639400.0,power
,BG,2022-10-13,6586100.0,power
,HR,2022-10-13,11085600.0,power
,HR,2022-10-14,11098400.0,power
,DK,2022-10-14,7886100.0,power
,CZ,2022-10-14,18306100.0,power
,AT,2022-10-14,18797700.0,power
,BE,2022-10-14,86567900.0,power
,BG,2022-10-14,6560000.0,power
,DK,2022-10-15,4647300.0,power
,AT,2022-10-15,9193700.0,power
,BG,2022-10-15,5463900.0,power
,HR,2022-10-15,11078500.0,power
,BE,2022-10-15,57473600.0,power
,CZ,2022-10-15,5308700.0,power
,HR,2022-10-16,10471300.0,power
,AT,2022-10-16,7295100.0,power
,BE,2022-10-16,39911100.0,power
,DK,2022-10-16,3957700.0,power
,CZ,2022-10-16,4940200.0,power
,BG,2022-10-16,4612700.0,power
,DK,2022-10-17,6676800.0,power
,BG,2022-10-17,4622000.0,power
,HR,2022-10-17,11349400.0,power
,BE,2022-10-17,72698700.0,power
,AT,2022-10-17,38501700.0,power
,CZ,2022-10-17,17032500.0,power
,AT,2022-10-18,44072500.0,power
,BE,2022-10-18,87014900.0,power
,HR,2022-10-18,11551800.0,power
,DK,2022-10-18,5858400.0,power
,BG,2022-10-18,4643400.0,power
,CZ,2022-10-18,18536700.0,power
,HR,2022-10-19,11540900.0,power
,DK,2022-10-19,6972900.0,power
,BE,2022-10-19,79891400.0,power
,AT,2022-10-19,41774300.0,power
,BG,2022-10-19,4732800.0,power
,CZ,2022-10-19,19427900.0,power
,DK,2022-10-20,6201800.0,power
,BE,2022-10-20,82376000.0,power
,BG,2022-10-20,4140500.0,power
,CZ,2022-10-20,14874100.0,power
,HR,2022-10-20,11536200.0,power
,AT,2022-10-20,11252200.0,power
,BG,2022-10-21,4043200.0,power
,DK,2022-10-21,7195800.0,power
,HR,2022-10-21,11568200.0,power
,CZ,2022-10-21,19878000.0,power
,BE,2022-10-21,80679300.0,power
,AT,2022-10-21,30719400.0,power
,BE,2022-10-22,60137800.0,power
,HR,2022-10-22,11108000.0,power
,CZ,2022-10-22,20303800.0,power
,BG,2022-10-22,4039500.0,power
,AT,2022-10-22,35073000.0,power
,DK,2022-10-22,5583400.0,power
,CZ,2022-10-23,10917900.0,power
,DK,2022-10-23,5106200.0,power
,AT,2022-10-23,28570800.0,power
,BE,2022-10-23,48295900.0,power
,HR,2022-10-23,10739100.0,power
,BG,2022-10-23,3988000.0,power
,BE,2022-10-24,57603500.0,power
,AT,2022-10-24,49135200.0,power
,HR,2022-10-24,11476200.0,power
,DK,2022-10-24,5114900.0,power
,BG,2022-10-24,4025000.0,power
,CZ,2022-10-24,18379700.0,power
,BE,2022-10-25,81192000.0,power
,HR,2022-10-25,11541500.0,power
,AT,2022-10-25,47822700.0,power
,CZ,2022-10-25,16375600.0,power
,BG,2022-10-25,4006700.0,power
,DK,2022-10-25,6838700.0,power
,BE,2022-10-26,70481400.0,power
,DK,2022-10-26,7062800.0,power
,BG,2022-10-26,4057100.0,power
,HR,2022-10-26,11646700.0,power
,AT,2022-10-26,45532100.0,power
,CZ,2022-10-26,18132700.0,power
,CZ,2022-10-27,14659000.0,power
,BE,2022-10-27,57507600.0,power
,DK,2022-10-27,6502500.0,power
,BG,2022-10-27,4085000.0,power
,HR,2022-10-27,11689800.0,power
,AT,2022-10-27,30487500.0,power
,DK,2022-10-28,4920400.0,power
,HR,2022-10-28,11540100.0,power
,BG,2022-10-28,4150800.0,power
,AT,2022-10-28,37512600.0,power
,CZ,2022-10-28,5299400.0,power
,BE,2022-10-28,59885000.0,power
,BE,2022-10-29,58581900.0,power
,DK,2022-10-29,5773100.0,power
,AT,2022-10-29,31334500.0,power
,BG,2022-10-29,4563200.0,power
,HR,2022-10-29,11561600.0,power
,CZ,2022-10-29,4975800.0,power
,BE,2022-10-30,61510900.0,power
,AT,2022-10-30,10212800.0,power
,BG,2022-10-30,4563900.0,power
,DK,2022-10-30,6087500.0,power
,HR,2022-10-30,9397200.0,power
,CZ,2022-10-30,4914700.0,power
,HR,2022-10-31,8298500.0,power
,DK,2022-10-31,6525700.0,power
,BG,2022-10-31,4425500.0,power
,CZ,2022-10-31,5701600.0,power
,BE,2022-10-31,69347800.0,power
,AT,2022-10-31,28713400.0,power
2308.0,GR,2022-11-01,261.81,power
2317.0,NL,2022-11-01,555.108,power
2305.0,EU27_2020,2022-11-01,7170.363,power
2307.0,FR,2022-11-01,457.748,power
2310.0,HU,2022-11-01,274.7,power
2304.0,ES,2022-11-01,848.529,power
2312.0,IT,2022-11-01,1930.0,power
2314.0,LU,2022-11-01,3.602,power
2315.0,LV,2022-11-01,56.361,power
2306.0,FI,2022-11-01,16.0,power
2303.0,EE,2022-11-01,11.1,power
2311.0,IE,2022-11-01,242.261,power
2299.0,CY,2022-11-01,0.0,power
2301.0,DE,2022-11-01,1055.0,power
,HR,2022-11-01,8844200.0,power
2320.0,RO,2022-11-01,125.0,power
,BE,2022-11-01,26615200.0,power
,CZ,2022-11-01,11651900.0,power
2322.0,SI,2022-11-01,18.121,power
2323.0,SK,2022-11-01,56.077,power
2319.0,PT,2022-11-01,294.583,power
,DK,2022-11-01,4167600.000000001,power
2321.0,SE,2022-11-01,0.434,power
2318.0,PL,2022-11-01,208.173,power
2313.0,LT,2022-11-01,10.3,power
2316.0,MT,2022-11-01,35.413,power
,AT,2022-11-01,24690600.0,power
,BG,2022-11-01,4512800.0,power
,BE,2022-11-02,40722400.0,power
,CZ,2022-11-02,22790300.0,power
,DK,2022-11-02,4751800.0,power
,BG,2022-11-02,4809600.0,power
,AT,2022-11-02,47894100.0,power
,HR,2022-11-02,8795800.0,power
,BE,2022-11-03,54846600.0,power
,CZ,2022-11-03,20529600.0,power
,AT,2022-11-03,41711100.0,power
,HR,2022-11-03,8826800.0,power
,BG,2022-11-03,4858800.0,power
,DK,2022-11-03,4966300.0,power
,BE,2022-11-04,72650600.0,power
,CZ,2022-11-04,20691200.0,power
,DK,2022-11-04,5975000.0,power
,BG,2022-11-04,4719100.0,power
,HR,2022-11-04,8896700.0,power
,AT,2022-11-04,36794400.0,power
,AT,2022-11-05,27280500.0,power
,BE,2022-11-05,30030300.0,power
,CZ,2022-11-05,10198100.0,power
,BG,2022-11-05,4872400.0,power
,HR,2022-11-05,10834300.0,power
,DK,2022-11-05,5024300.0,power
,BG,2022-11-06,4926100.0,power
,BE,2022-11-06,13647200.0,power
,AT,2022-11-06,21040800.0,power
,HR,2022-11-06,10636700.0,power
,CZ,2022-11-06,8319799.999999999,power
,DK,2022-11-06,2641500.0,power
,BG,2022-11-07,6379800.0,power
,DK,2022-11-07,3337700.0,power
,AT,2022-11-07,43331900.0,power
,CZ,2022-11-07,9015300.0,power
,HR,2022-11-07,10501700.0,power
,BE,2022-11-07,23476000.0,power
,BG,2022-11-08,7075100.0,power
,DK,2022-11-08,3599900.0,power
,BE,2022-11-08,20461100.0,power
,HR,2022-11-08,10671600.0,power
,AT,2022-11-08,57980800.0,power
,CZ,2022-11-08,21377500.0,power
,HR,2022-11-09,9055600.0,power
,AT,2022-11-09,42228500.0,power
,DK,2022-11-09,4576900.0,power
,CZ,2022-11-09,8623300.0,power
,BE,2022-11-09,36054400.0,power
,BG,2022-11-09,7122400.0,power
,BE,2022-11-10,58072100.0,power
,CZ,2022-11-10,9006200.0,power
,DK,2022-11-10,3000100.0,power
,AT,2022-11-10,40883400.0,power
,HR,2022-11-10,10989100.0,power
,BG,2022-11-10,7432500.0,power
,BE,2022-11-11,43058000.0,power
,CZ,2022-11-11,9172400.0,power
,HR,2022-11-11,10680700.0,power
,DK,2022-11-11,2346200.0,power
,AT,2022-11-11,42783600.0,power
,BG,2022-11-11,6875200.0,power
,HR,2022-11-12,7564900.0,power
,CZ,2022-11-12,15896900.0,power
,BG,2022-11-12,8127200.0,power
,DK,2022-11-12,5599600.0,power
,BE,2022-11-12,78120400.0,power
,AT,2022-11-12,21620500.0,power
,AT,2022-11-13,19626100.0,power
,DK,2022-11-13,5472800.0,power
,CZ,2022-11-13,8498600.0,power
,HR,2022-11-13,8817200.0,power
,BE,2022-11-13,46206500.0,power
,BG,2022-11-13,8222200.000000001,power
,AT,2022-11-14,29975900.0,power
,HR,2022-11-14,9763100.0,power
,BE,2022-11-14,50254900.0,power
,BG,2022-11-14,8446800.0,power
,CZ,2022-11-14,20914300.0,power
,DK,2022-11-14,6558100.0,power
,DK,2022-11-15,4468600.0,power
,BG,2022-11-15,8513800.0,power
,HR,2022-11-15,9659000.0,power
,CZ,2022-11-15,9446000.0,power
,BE,2022-11-15,23334300.0,power
,AT,2022-11-15,45379600.0,power
,BG,2022-11-16,8752100.0,power
,BE,2022-11-16,25004700.0,power
,DK,2022-11-16,2809900.0,power
,AT,2022-11-16,46717000.0,power
,HR,2022-11-16,10054500.0,power
,CZ,2022-11-16,9534700.0,power
,BG,2022-11-17,9063100.0,power
,CZ,2022-11-17,8921900.0,power
,DK,2022-11-17,3562500.0,power
,BE,2022-11-17,23421600.0,power
,AT,2022-11-17,48630400.0,power
,HR,2022-11-17,9894700.0,power
,AT,2022-11-18,57860500.0,power
,BG,2022-11-18,9191400.0,power
,DK,2022-11-18,4723000.0,power
,BE,2022-11-18,43172200.0,power
,HR,2022-11-18,9042600.0,power
,CZ,2022-11-18,9184700.0,power
,BE,2022-11-19,29185400.0,power
,HR,2022-11-19,8986900.0,power
,CZ,2022-11-19,9180400.0,power
,AT,2022-11-19,28378000.0,power
,BG,2022-11-19,9350900.0,power
,DK,2022-11-19,8924300.0,power
,CZ,2022-11-20,9089900.0,power
,DK,2022-11-20,8206200.000000001,power
,BE,2022-11-20,25360000.0,power
,BG,2022-11-20,9398500.0,power
,AT,2022-11-20,26380700.0,power
,HR,2022-11-20,9137200.0,power
,DK,2022-11-21,10255500.0,power
,BG,2022-11-21,9768900.0,power
,CZ,2022-11-21,19743700.0,power
,HR,2022-11-21,8870000.0,power
,AT,2022-11-21,42368200.0,power
,BE,2022-11-21,63370300.0,power
,DK,2022-11-22,9361700.0,power
,HR,2022-11-22,9580500.0,power
,BE,2022-11-22,32946300.000000004,power
,BG,2022-11-22,9558000.0,power
,CZ,2022-11-22,9356700.0,power
,AT,2022-11-22,38628300.0,power
,BE,2022-11-23,23787800.0,power
,AT,2022-11-23,48995600.0,power
,DK,2022-11-23,7626100.0,power
,BG,2022-11-23,9885700.0,power
,CZ,2022-11-23,9244800.0,power
,HR,2022-11-23,9020200.0,power
,BE,2022-11-24,28566600.0,power
,HR,2022-11-24,9134600.0,power
,DK,2022-11-24,10178800.0,power
,BG,2022-11-24,9875300.0,power
,AT,2022-11-24,45037200.0,power
,CZ,2022-11-24,20054400.0,power
,BG,2022-11-25,10100300.0,power
,AT,2022-11-25,49196100.0,power
,BE,2022-11-25,46466100.0,power
,HR,2022-11-25,8883800.0,power
,CZ,2022-11-25,20321100.0,power
,DK,2022-11-25,8890700.0,power
,BE,2022-11-26,25071500.0,power
,HR,2022-11-26,8521000.0,power
,BG,2022-11-26,9137000.0,power
,DK,2022-11-26,8325900.0,power
,CZ,2022-11-26,9016600.0,power
,AT,2022-11-26,28505900.0,power
,HR,2022-11-27,8665200.0,power
,DK,2022-11-27,4967800.0,power
,BG,2022-11-27,8338799.999999999,power
,CZ,2022-11-27,8918100.0,power
,BE,2022-11-27,24981100.0,power
,AT,2022-11-27,30051000.0,power
,DK,2022-11-28,7050600.0,power
,BG,2022-11-28,8781200.0,power
,AT,2022-11-28,50164600.0,power
,HR,2022-11-28,9289800.0,power
,CZ,2022-11-28,23478900.0,power
,BE,2022-11-28,91344900.0,power
,BG,2022-11-29,9650800.0,power
,DK,2022-11-29,10706300.0,power
,BE,2022-11-29,100404000.0,power
,AT,2022-11-29,58705000.0,power
,HR,2022-11-29,8540400.0,power
,CZ,2022-11-29,24897800.0,power
,BE,2022-11-30,109767900.0,power
,AT,2022-11-30,63433700.0,power
,HR,2022-11-30,8818600.0,power
,CZ,2022-11-30,24483900.0,power
,BG,2022-11-30,9448900.0,power
,DK,2022-11-30,12178900.0,power
,CZ,2022-12-01,24316000.0,power
2350.0,SI,2022-12-01,13.947,power
2331.0,EE,2022-12-01,17.6,power
2329.0,DE,2022-12-01,1526.0,power
2327.0,CY,2022-12-01,0.0,power
,AT,2022-12-01,63632500.0,power
2336.0,GR,2022-12-01,327.094,power
,BG,2022-12-01,8218200.000000001,power
,HR,2022-12-01,8515100.0,power
2351.0,SK,2022-12-01,68.985,power
2349.0,SE,2022-12-01,2.135,power
2348.0,RO,2022-12-01,206.0,power
2347.0,PT,2022-12-01,208.088,power
2333.0,EU27_2020,2022-12-01,8332.487,power
2345.0,NL,2022-12-01,895.177,power
,DK,2022-12-01,12824700.0,power
2346.0,PL,2022-12-01,208.169,power
,BE,2022-12-01,107842800.0,power
2334.0,FI,2022-12-01,27.0,power
2338.0,HU,2022-12-01,311.2,power
2332.0,ES,2022-12-01,779.11,power
2335.0,FR,2022-12-01,430.836,power
2340.0,IT,2022-12-01,1970.0,power
2341.0,LT,2022-12-01,15.6,power
2342.0,LU,2022-12-01,3.593,power
2343.0,LV,2022-12-01,80.948,power
2344.0,MT,2022-12-01,34.637,power
2339.0,IE,2022-12-01,292.397,power
,HR,2022-12-02,8572000.0,power
,BE,2022-12-02,96103100.0,power
,AT,2022-12-02,70925900.0,power
,CZ,2022-12-02,23269400.0,power
,DK,2022-12-02,10954300.0,power
,BG,2022-12-02,9129300.0,power
,CZ,2022-12-03,20226500.0,power
,BG,2022-12-03,9317400.0,power
,HR,2022-12-03,8577100.0,power
,BE,2022-12-03,65998300.0,power
,AT,2022-12-03,32420200.0,power
,DK,2022-12-03,10799500.0,power
,CZ,2022-12-04,8774100.0,power
,BE,2022-12-04,71022800.0,power
,HR,2022-12-04,8339500.0,power
,DK,2022-12-04,9553700.0,power
,AT,2022-12-04,28623300.0,power
,BG,2022-12-04,7869600.0,power
,DK,2022-12-05,12120900.0,power
,BG,2022-12-05,7651400.0,power
,HR,2022-12-05,8208000.0,power
,AT,2022-12-05,69286600.0,power
,CZ,2022-12-05,22119800.0,power
,BE,2022-12-05,91274200.0,power
,CZ,2022-12-06,23731800.0,power
,HR,2022-12-06,8862900.0,power
,BE,2022-12-06,99290000.0,power
,AT,2022-12-06,62600900.0,power
,BG,2022-12-06,8249299.999999999,power
,DK,2022-12-06,13622300.0,power
,AT,2022-12-07,68892400.0,power
,DK,2022-12-07,12200800.0,power
,BG,2022-12-07,9765900.0,power
,CZ,2022-12-07,23492000.0,power
,HR,2022-12-07,4987000.0,power
,BE,2022-12-07,110274200.0,power
,CZ,2022-12-08,23648800.0,power
,HR,2022-12-08,6068000.0,power
,DK,2022-12-08,14499100.0,power
,AT,2022-12-08,53768200.0,power
,BE,2022-12-08,110661300.0,power
,BG,2022-12-08,10006000.0,power
,HR,2022-12-09,6426300.0,power
,DK,2022-12-09,15030300.0,power
,BG,2022-12-09,9611300.0,power
,BE,2022-12-09,109242500.0,power
,CZ,2022-12-09,22717100.0,power
,AT,2022-12-09,61286200.0,power
,DK,2022-12-10,14349200.0,power
,CZ,2022-12-10,21542800.0,power
,BE,2022-12-10,107033700.0,power
,BG,2022-12-10,9277200.0,power
,AT,2022-12-10,51965300.0,power
,HR,2022-12-10,6289800.0,power
,AT,2022-12-11,45206400.0,power
,BE,2022-12-11,90364900.0,power
,BG,2022-12-11,7991600.0,power
,CZ,2022-12-11,21985400.0,power
,HR,2022-12-11,6906900.0,power
,DK,2022-12-11,14064100.0,power
,BE,2022-12-12,117934100.0,power
,HR,2022-12-12,6431900.0,power
,AT,2022-12-12,60953100.0,power
,DK,2022-12-12,15944900.0,power
,BG,2022-12-12,9527200.0,power
,CZ,2022-12-12,22952100.0,power
,BE,2022-12-13,120204000.0,power
,AT,2022-12-13,65425100.0,power
,BG,2022-12-13,10248900.0,power
,HR,2022-12-13,6798500.0,power
,CZ,2022-12-13,24870300.0,power
,DK,2022-12-13,16085200.0,power
,BE,2022-12-14,117394400.0,power
,AT,2022-12-14,64240900.0,power
,DK,2022-12-14,15861900.0,power
,HR,2022-12-14,6512700.0,power
,BG,2022-12-14,10225500.0,power
,CZ,2022-12-14,25348400.0,power
,AT,2022-12-15,64910900.0,power
,CZ,2022-12-15,25347100.0,power
,BE,2022-12-15,110303700.0,power
,BG,2022-12-15,10274900.0,power
,DK,2022-12-15,16548099.999999998,power
,HR,2022-12-15,6463600.0,power
,AT,2022-12-16,65089400.0,power
,CZ,2022-12-16,23579200.0,power
,BG,2022-12-16,9901000.0,power
,DK,2022-12-16,16238800.0,power
,HR,2022-12-16,6476700.0,power
,BE,2022-12-16,105753300.0,power
,CZ,2022-12-17,20007100.0,power
,HR,2022-12-17,6484900.0,power
,AT,2022-12-17,50318600.0,power
,BE,2022-12-17,68586400.0,power
,DK,2022-12-17,13948900.0,power
,BG,2022-12-17,9965800.0,power
,CZ,2022-12-18,9430700.0,power
,HR,2022-12-18,6491300.0,power
,AT,2022-12-18,39208500.0,power
,DK,2022-12-18,9656900.0,power
,BG,2022-12-18,10218000.0,power
,BE,2022-12-18,44920600.0,power
,BE,2022-12-19,28212500.0,power
,HR,2022-12-19,6519400.0,power
,DK,2022-12-19,7410900.0,power
,AT,2022-12-19,46041600.0,power
,CZ,2022-12-19,14495600.0,power
,BG,2022-12-19,10291400.0,power
,DK,2022-12-20,8258799.999999999,power
,CZ,2022-12-20,9624300.0,power
,BG,2022-12-20,9185900.0,power
,AT,2022-12-20,59490700.0,power
,HR,2022-12-20,6504300.0,power
,BE,2022-12-20,39303600.0,power
,BE,2022-12-21,42580900.0,power
,CZ,2022-12-21,18705000.0,power
,HR,2022-12-21,6470900.0,power
,AT,2022-12-21,39917300.0,power
,BG,2022-12-21,8384600.0,power
,DK,2022-12-21,9833500.0,power
,CZ,2022-12-22,9249400.0,power
,BE,2022-12-22,46067000.0,power
,BG,2022-12-22,8565500.0,power
,AT,2022-12-22,42239000.0,power
,DK,2022-12-22,9974600.0,power
,HR,2022-12-22,6443000.0,power
,CZ,2022-12-23,8859900.0,power
,BE,2022-12-23,33528500.0,power
,AT,2022-12-23,31182100.000000004,power
,HR,2022-12-23,6389200.0,power
,BG,2022-12-23,8776600.0,power
,DK,2022-12-23,10920600.0,power
,CZ,2022-12-24,8579100.0,power
,BE,2022-12-24,24519500.0,power
,HR,2022-12-24,5234700.0,power
,DK,2022-12-24,7358300.0,power
,AT,2022-12-24,13345500.0,power
,BG,2022-12-24,8831700.0,power
,CZ,2022-12-25,8623000.0,power
,BG,2022-12-25,8677000.0,power
,AT,2022-12-25,11590900.0,power
,DK,2022-12-25,4974200.0,power
,HR,2022-12-25,5236800.0,power
,BE,2022-12-25,23497200.0,power
,AT,2022-12-26,1038500.0,power
,CZ,2022-12-26,8575100.0,power
,BG,2022-12-26,8620100.0,power
,BE,2022-12-26,23228700.0,power
,HR,2022-12-26,5160700.0,power
,DK,2022-12-26,2729600.0,power
,CZ,2022-12-27,8828800.0,power
,HR,2022-12-27,5191600.0,power
,AT,2022-12-27,8212799.999999999,power
,DK,2022-12-27,5075000.0,power
,BG,2022-12-27,8652500.0,power
,BE,2022-12-27,24970900.0,power
,BE,2022-12-28,19356700.0,power
,BG,2022-12-28,8752000.0,power
,DK,2022-12-28,4029600.0,power
,AT,2022-12-28,7256000.0,power
,CZ,2022-12-28,8944200.0,power
,HR,2022-12-28,5258100.0,power
,AT,2022-12-29,4251900.0,power
,HR,2022-12-29,5234600.0,power
,BE,2022-12-29,20881800.0,power
,BG,2022-12-29,8707900.0,power
,DK,2022-12-29,2773500.0,power
,CZ,2022-12-29,8859100.0,power
,AT,2022-12-30,568900.0,power
,CZ,2022-12-30,8843400.0,power
,DK,2022-12-30,2785500.0,power
,HR,2022-12-30,5176900.000000001,power
,BE,2022-12-30,20603200.0,power
,BG,2022-12-30,8654700.0,power
,DK,2022-12-31,2838700.0,power
,BE,2022-12-31,19207800.0,power
,AT,2022-12-31,372000.0,power
,CZ,2022-12-31,8379500.0,power
,BG,2022-12-31,8585100.0,power
,HR,2022-12-31,5173900.0,power
2367.0,IE,2023-01-01,234.76,power
2372.0,MT,2023-01-01,36.04,power
2364.0,GR,2023-01-01,201.783,power
,AT,2023-01-01,838600.0,power
2363.0,FR,2023-01-01,357.135,power
2361.0,EU27_2020,2023-01-01,7024.214,power
,DK,2023-01-01,3072200.0,power
2357.0,DE,2023-01-01,1374.0,power
,BE,2023-01-01,20782500.0,power
2366.0,HU,2023-01-01,272.5,power
2359.0,EE,2023-01-01,19.6,power
2368.0,IT,2023-01-01,1816.0,power
2362.0,FI,2023-01-01,21.0,power
,BG,2023-01-01,8593200.0,power
2374.0,PL,2023-01-01,265.277,power
2370.0,LU,2023-01-01,5.635,power
2371.0,LV,2023-01-01,45.754,power
,HR,2023-01-01,5200000.0,power
2373.0,NL,2023-01-01,605.648,power
2355.0,CY,2023-01-01,0.0,power
2375.0,PT,2023-01-01,136.672,power
2379.0,SK,2023-01-01,60.678,power
2378.0,SI,2023-01-01,16.754,power
2360.0,ES,2023-01-01,524.375,power
,CZ,2023-01-01,7878500.0,power
2377.0,SE,2023-01-01,2.457,power
2376.0,RO,2023-01-01,218.0,power
2369.0,LT,2023-01-01,11.8,power
,CZ,2023-01-02,8091600.0,power
,BG,2023-01-02,8697300.0,power
,AT,2023-01-02,13730100.0,power
,HR,2023-01-02,5180100.0,power
,DK,2023-01-02,8221100.0,power
,BE,2023-01-02,31298600.0,power
,HR,2023-01-03,5200200.0,power
,DK,2023-01-03,10612700.0,power
,BE,2023-01-03,36150800.0,power
,AT,2023-01-03,19509300.0,power
,BG,2023-01-03,8788800.0,power
,CZ,2023-01-03,8204600.0,power
,DK,2023-01-04,5223700.0,power
,HR,2023-01-04,5227400.0,power
,AT,2023-01-04,27495600.0,power
,BG,2023-01-04,8663500.0,power
,BE,2023-01-04,24597800.0,power
,CZ,2023-01-04,8179500.0,power
,BE,2023-01-05,42465900.0,power
,AT,2023-01-05,16838600.0,power
,CZ,2023-01-05,8099300.0,power
,BG,2023-01-05,8656300.0,power
,HR,2023-01-05,5226800.0,power
,DK,2023-01-05,9606300.0,power
,DK,2023-01-06,7475100.0,power
,BG,2023-01-06,8507200.0,power
,AT,2023-01-06,17062100.0,power
,CZ,2023-01-06,8180800.0,power
,BE,2023-01-06,28591800.0,power
,HR,2023-01-06,5241000.0,power
,BG,2023-01-07,8651700.0,power
,AT,2023-01-07,14843900.0,power
,CZ,2023-01-07,8181900.000000001,power
,HR,2023-01-07,5246000.0,power
,DK,2023-01-07,5587700.0,power
,BE,2023-01-07,21836500.0,power
,BG,2023-01-08,8816200.0,power
,HR,2023-01-08,5169700.0,power
,DK,2023-01-08,5076500.0,power
,AT,2023-01-08,13608000.0,power
,CZ,2023-01-08,7732100.0,power
,BE,2023-01-08,20707300.0,power
,BE,2023-01-09,23390800.0,power
,DK,2023-01-09,9469100.0,power
,CZ,2023-01-09,8206200.000000001,power
,HR,2023-01-09,8734500.0,power
,AT,2023-01-09,25381100.0,power
,BG,2023-01-09,8894300.0,power
,DK,2023-01-10,8570800.0,power
,AT,2023-01-10,24581500.0,power
,HR,2023-01-10,11675300.0,power
,CZ,2023-01-10,8213100.0,power
,BG,2023-01-10,8225900.0,power
,BE,2023-01-10,27625600.0,power
,CZ,2023-01-11,7619600.0,power
,BG,2023-01-11,8012100.0,power
,HR,2023-01-11,11408400.0,power
,AT,2023-01-11,29008100.0,power
,BE,2023-01-11,22089200.0,power
,DK,2023-01-11,5573700.0,power
,BG,2023-01-12,8158900.0,power
,AT,2023-01-12,37240100.0,power
,HR,2023-01-12,7420200.0,power
,DK,2023-01-12,5423700.0,power
,CZ,2023-01-12,7386100.0,power
,BE,2023-01-12,21462700.0,power
,DK,2023-01-13,4862900.0,power
,AT,2023-01-13,47115300.0,power
,BE,2023-01-13,23447100.0,power
,CZ,2023-01-13,7384500.0,power
,BG,2023-01-13,7970500.0,power
,HR,2023-01-13,7423400.0,power
,HR,2023-01-14,7408600.0,power
,DK,2023-01-14,3956500.0,power
,BE,2023-01-14,20895900.0,power
,BG,2023-01-14,8023600.0,power
,CZ,2023-01-14,7010300.0,power
,AT,2023-01-14,17286200.0,power
,DK,2023-01-15,3146000.0,power
,BE,2023-01-15,18314100.0,power
,HR,2023-01-15,9361900.0,power
,BG,2023-01-15,8001900.0,power
,CZ,2023-01-15,7008400.0,power
,AT,2023-01-15,12633800.000000002,power
,DK,2023-01-16,9850200.0,power
,BE,2023-01-16,22622200.0,power
,CZ,2023-01-16,7744600.0,power
,HR,2023-01-16,11063300.0,power
,BG,2023-01-16,8274000.0,power
,AT,2023-01-16,28616700.0,power
,CZ,2023-01-17,16021400.0,power
,HR,2023-01-17,11145500.0,power
,AT,2023-01-17,54421600.0,power
,BG,2023-01-17,7897400.0,power
,DK,2023-01-17,8887500.0,power
,BE,2023-01-17,79884700.0,power
,BG,2023-01-18,7516600.0,power
,AT,2023-01-18,50040100.0,power
,HR,2023-01-18,11185000.0,power
,BE,2023-01-18,86925700.0,power
,CZ,2023-01-18,19735300.0,power
,DK,2023-01-18,9584400.0,power
,AT,2023-01-19,44529700.0,power
,HR,2023-01-19,11043400.0,power
,DK,2023-01-19,12219200.0,power
,BG,2023-01-19,7347900.0,power
,CZ,2023-01-19,7798700.0,power
,BE,2023-01-19,93614000.0,power
,HR,2023-01-20,11096200.0,power
,CZ,2023-01-20,20649200.0,power
,AT,2023-01-20,48645700.0,power
,BE,2023-01-20,98765500.0,power
,DK,2023-01-20,13588000.0,power
,BG,2023-01-20,7736100.0,power
,HR,2023-01-21,11411800.0,power
,DK,2023-01-21,13411100.0,power
,CZ,2023-01-21,7524800.0,power
,BG,2023-01-21,8526800.0,power
,BE,2023-01-21,64309600.0,power
,AT,2023-01-21,34034000.0,power
,BG,2023-01-22,8657199.999999998,power
,DK,2023-01-22,14092300.0,power
,BE,2023-01-22,64393700.0,power
,CZ,2023-01-22,7622000.0,power
,HR,2023-01-22,11389900.0,power
,AT,2023-01-22,31538100.0,power
,CZ,2023-01-23,23496700.0,power
,DK,2023-01-23,15522300.0,power
,HR,2023-01-23,11048200.0,power
,BG,2023-01-23,8695600.0,power
,BE,2023-01-23,109971000.0,power
,AT,2023-01-23,47761200.0,power
,CZ,2023-01-24,22236900.0,power
,AT,2023-01-24,51918200.00000001,power
,BG,2023-01-24,8969700.0,power
,HR,2023-01-24,11588600.0,power
,BE,2023-01-24,118769800.0,power
,DK,2023-01-24,14241100.0,power
,DK,2023-01-25,10253000.0,power
,BE,2023-01-25,120890100.0,power
,AT,2023-01-25,54613300.0,power
,BG,2023-01-25,8983700.0,power
,CZ,2023-01-25,23505100.0,power
,HR,2023-01-25,11078400.0,power
,BG,2023-01-26,8842000.0,power
,HR,2023-01-26,11172600.0,power
,BE,2023-01-26,111290100.0,power
,AT,2023-01-26,64084600.0,power
,CZ,2023-01-26,22291600.0,power
,DK,2023-01-26,10547400.0,power
,CZ,2023-01-27,21692200.0,power
,DK,2023-01-27,12863700.0,power
,HR,2023-01-27,11256400.0,power
,AT,2023-01-27,48595900.0,power
,BE,2023-01-27,103914500.0,power
,BG,2023-01-27,8968700.0,power
,BE,2023-01-28,99625500.0,power
,CZ,2023-01-28,20993100.0,power
,HR,2023-01-28,11095400.0,power
,BG,2023-01-28,8836600.0,power
,DK,2023-01-28,9637400.0,power
,AT,2023-01-28,40659300.0,power
,AT,2023-01-29,41570100.0,power
,BG,2023-01-29,9018600.0,power
,BE,2023-01-29,67748500.0,power
,HR,2023-01-29,11208200.0,power
,DK,2023-01-29,4507100.0,power
,CZ,2023-01-29,8269299.999999999,power
,AT,2023-01-30,38906500.0,power
,HR,2023-01-30,11114800.0,power
,DK,2023-01-30,5462500.0,power
,BE,2023-01-30,64232400.0,power
,CZ,2023-01-30,8503600.0,power
,BG,2023-01-30,8972400.0,power
,BE,2023-01-31,61563600.0,power
,BG,2023-01-31,9020200.0,power
,AT,2023-01-31,44170700.0,power
,DK,2023-01-31,7321700.0,power
,HR,2023-01-31,11669700.0,power
,CZ,2023-01-31,8474100.0,power
2388.0,ES,2023-02-01,808.757,power
,BE,2023-02-01,39639900.0,power
2407.0,SK,2023-02-01,75.096,power
,HR,2023-02-01,11855500.0,power
2402.0,PL,2023-02-01,255.396,power
2406.0,SI,2023-02-01,12.167,power
,AT,2023-02-01,40810300.0,power
,BG,2023-02-01,8984600.0,power
,CZ,2023-02-01,8370000.0,power
2383.0,CY,2023-02-01,0.0,power
2385.0,DE,2023-02-01,1396.0,power
2387.0,EE,2023-02-01,13.5,power
2405.0,SE,2023-02-01,2.132,power
2395.0,IE,2023-02-01,217.343,power
2391.0,FR,2023-02-01,463.394,power
2397.0,LT,2023-02-01,11.9,power
2403.0,PT,2023-02-01,263.185,power
,DK,2023-02-01,7654300.0,power
2399.0,LV,2023-02-01,62.02,power
2398.0,LU,2023-02-01,5.19,power
2400.0,MT,2023-02-01,29.847,power
2401.0,NL,2023-02-01,695.604,power
2396.0,IT,2023-02-01,1798.0,power
2389.0,EU27_2020,2023-02-01,7679.75,power
2394.0,HU,2023-02-01,272.4,power
2392.0,GR,2023-02-01,207.115,power
2404.0,RO,2023-02-01,218.0,power
2390.0,FI,2023-02-01,40.0,power
,BG,2023-02-02,9020800.0,power
,HR,2023-02-02,11842700.0,power
,CZ,2023-02-02,19486800.0,power
,AT,2023-02-02,37259000.0,power
,DK,2023-02-02,11176900.0,power
,BE,2023-02-02,54168200.0,power
,CZ,2023-02-03,8410300.0,power
,HR,2023-02-03,11702000.0,power
,BG,2023-02-03,8833000.0,power
,BE,2023-02-03,46839700.0,power
,AT,2023-02-03,36075500.0,power
,DK,2023-02-03,7306400.0,power
,BG,2023-02-04,8892200.0,power
,BE,2023-02-04,57068200.0,power
,CZ,2023-02-04,8063600.0,power
,HR,2023-02-04,11799900.0,power
,DK,2023-02-04,12265200.0,power
,AT,2023-02-04,34398800.0,power
,DK,2023-02-05,8699400.0,power
,CZ,2023-02-05,8144100.0,power
,BG,2023-02-05,9087300.0,power
,BE,2023-02-05,32506900.0,power
,AT,2023-02-05,25974400.0,power
,HR,2023-02-05,11343300.0,power
,BG,2023-02-06,9123400.0,power
,HR,2023-02-06,11711800.0,power
,CZ,2023-02-06,23201800.0,power
,BE,2023-02-06,74505400.0,power
,AT,2023-02-06,50241400.0,power
,DK,2023-02-06,12527300.0,power
,CZ,2023-02-07,24400800.0,power
,AT,2023-02-07,53061200.0,power
,BE,2023-02-07,107806700.0,power
,DK,2023-02-07,12659900.0,power
,HR,2023-02-07,12228900.0,power
,BG,2023-02-07,9181600.0,power
,CZ,2023-02-08,20873300.0,power
,HR,2023-02-08,12342100.0,power
,BE,2023-02-08,93811300.0,power
,BG,2023-02-08,9197200.0,power
,AT,2023-02-08,50863900.0,power
,DK,2023-02-08,9703700.0,power
,BG,2023-02-09,9157700.0,power
,HR,2023-02-09,11588200.0,power
,DK,2023-02-09,4320700.0,power
,AT,2023-02-09,51187700.0,power
,BE,2023-02-09,95260100.0,power
,CZ,2023-02-09,11764100.0,power
,AT,2023-02-10,54740900.0,power
,BE,2023-02-10,80211100.0,power
,CZ,2023-02-10,12169200.0,power
,DK,2023-02-10,5160600.0,power
,BG,2023-02-10,8888600.0,power
,HR,2023-02-10,12383700.0,power
,BE,2023-02-11,70765300.0,power
,AT,2023-02-11,34112600.0,power
,CZ,2023-02-11,6937100.0,power
,HR,2023-02-11,12520800.000000002,power
,BG,2023-02-11,8896800.0,power
,DK,2023-02-11,5821300.0,power
,HR,2023-02-12,11389300.0,power
,BE,2023-02-12,59220500.0,power
,DK,2023-02-12,7616200.0,power
,CZ,2023-02-12,8911700.0,power
,BG,2023-02-12,9058200.0,power
,AT,2023-02-12,32216900.0,power
,HR,2023-02-13,12301900.0,power
,BG,2023-02-13,9063300.0,power
,AT,2023-02-13,50802600.0,power
,DK,2023-02-13,10049400.0,power
,CZ,2023-02-13,21795900.0,power
,BE,2023-02-13,109107400.0,power
,DK,2023-02-14,10938200.0,power
,HR,2023-02-14,12070000.0,power
,AT,2023-02-14,53308400.0,power
,CZ,2023-02-14,21795600.0,power
,BG,2023-02-14,8720400.0,power
,BE,2023-02-14,107117500.0,power
,BE,2023-02-15,80763500.0,power
,AT,2023-02-15,49538900.0,power
,BG,2023-02-15,8976500.0,power
,HR,2023-02-15,12084700.0,power
,CZ,2023-02-15,21290300.0,power
,DK,2023-02-15,10457500.0,power
,BG,2023-02-16,8810100.0,power
,HR,2023-02-16,12179900.0,power
,AT,2023-02-16,44798400.0,power
,CZ,2023-02-16,7148700.0,power
,BE,2023-02-16,57561600.0,power
,DK,2023-02-16,10289500.0,power
,DK,2023-02-17,5189900.0,power
,BG,2023-02-17,7892700.0,power
,CZ,2023-02-17,7019500.0,power
,HR,2023-02-17,11871700.0,power
,AT,2023-02-17,54363700.00000001,power
,BE,2023-02-17,34125100.0,power
,DK,2023-02-18,6323500.0,power
,AT,2023-02-18,12343200.0,power
,BE,2023-02-18,36943700.0,power
,HR,2023-02-18,12157200.0,power
,CZ,2023-02-18,6493900.0,power
,BG,2023-02-18,7264500.0,power
,BG,2023-02-19,7799300.0,power
,AT,2023-02-19,15288400.0,power
,CZ,2023-02-19,6531300.0,power
,HR,2023-02-19,11311100.0,power
,BE,2023-02-19,39965900.0,power
,DK,2023-02-19,6703600.0,power
,CZ,2023-02-20,6935500.0,power
,BG,2023-02-20,8011700.0,power
,DK,2023-02-20,6001100.0,power
,AT,2023-02-20,28303300.0,power
,HR,2023-02-20,11873000.0,power
,BE,2023-02-20,41267000.0,power
,BE,2023-02-21,82077099.99999999,power
,HR,2023-02-21,11953200.0,power
,AT,2023-02-21,36679500.0,power
,CZ,2023-02-21,14024000.0,power
,DK,2023-02-21,9535600.0,power
,BG,2023-02-21,7690200.0,power
,CZ,2023-02-22,25774900.0,power
,BG,2023-02-22,7675700.0,power
,AT,2023-02-22,43263000.0,power
,HR,2023-02-22,11861300.0,power
,DK,2023-02-22,12219200.0,power
,BE,2023-02-22,99531200.0,power
,DK,2023-02-23,9414300.0,power
,BG,2023-02-23,7821200.0,power
,HR,2023-02-23,11870300.0,power
,BE,2023-02-23,105784500.0,power
,AT,2023-02-23,41509400.0,power
,CZ,2023-02-23,21262900.0,power
,CZ,2023-02-24,6971300.0,power
,DK,2023-02-24,7439200.0,power
,HR,2023-02-24,11754400.0,power
,BG,2023-02-24,7817100.0,power
,BE,2023-02-24,73060400.0,power
,AT,2023-02-24,29226600.000000004,power
,AT,2023-02-25,15263100.0,power
,BG,2023-02-25,7609100.0,power
,BE,2023-02-25,39759300.0,power
,DK,2023-02-25,5951200.0,power
,CZ,2023-02-25,6662600.0,power
,HR,2023-02-25,11883700.0,power
,HR,2023-02-26,11285100.0,power
,BE,2023-02-26,38503700.0,power
,AT,2023-02-26,22738800.0,power
,CZ,2023-02-26,6756500.0,power
,BG,2023-02-26,7512600.0,power
,DK,2023-02-26,8203500.0,power
,AT,2023-02-27,42208500.0,power
,CZ,2023-02-27,23281600.0,power
,DK,2023-02-27,12782400.0,power
,HR,2023-02-27,11666400.0,power
,BE,2023-02-27,78363100.0,power
,BG,2023-02-27,7681600.0,power
,BE,2023-02-28,93013500.0,power
,CZ,2023-02-28,22294000.0,power
,AT,2023-02-28,44948300.0,power
,DK,2023-02-28,11222900.0,power
,HR,2023-02-28,11979200.0,power
,BG,2023-02-28,7920400.0,power
2434.0,SI,2023-03-01,11.775,power
2411.0,CY,2023-03-01,0.0,power
2432.0,RO,2023-03-01,188.0,power
2433.0,SE,2023-03-01,2.707,power
2435.0,SK,2023-03-01,63.2,power
2429.0,NL,2023-03-01,619.962,power
,HR,2023-03-01,12217100.0,power
,CZ,2023-03-01,25428500.0,power
,BG,2023-03-01,8060700.0,power
,BE,2023-03-01,88252300.0,power
2431.0,PT,2023-03-01,152.735,power
,DK,2023-03-01,12067600.0,power
2428.0,MT,2023-03-01,33.099,power
2430.0,PL,2023-03-01,289.58,power
2426.0,LU,2023-03-01,5.311,power
,AT,2023-03-01,44178100.0,power
2413.0,DE,2023-03-01,1235.0,power
2416.0,ES,2023-03-01,575.653,power
2417.0,EU27_2020,2023-03-01,6680.865,power
2418.0,FI,2023-03-01,29.0,power
2419.0,FR,2023-03-01,274.752,power
2415.0,EE,2023-03-01,16.9,power
2422.0,HU,2023-03-01,223.8,power
2423.0,IE,2023-03-01,248.627,power
2424.0,IT,2023-03-01,1697.0,power
2427.0,LV,2023-03-01,47.246,power
2425.0,LT,2023-03-01,11.5,power
2420.0,GR,2023-03-01,220.389,power
,HR,2023-03-02,12323200.0,power
,CZ,2023-03-02,24106300.0,power
,AT,2023-03-02,52094500.0,power
,DK,2023-03-02,10752200.0,power
,BE,2023-03-02,86380400.0,power
,BG,2023-03-02,7883200.0,power
,BG,2023-03-03,7845800.0,power
,BE,2023-03-03,106711300.0,power
,DK,2023-03-03,8504100.0,power
,HR,2023-03-03,11772100.0,power
,CZ,2023-03-03,23223000.0,power
,AT,2023-03-03,53024200.0,power
,AT,2023-03-04,30375200.0,power
,BG,2023-03-04,7929900.0,power
,CZ,2023-03-04,6751300.0,power
,DK,2023-03-04,5626800.0,power
,BE,2023-03-04,81869700.0,power
,HR,2023-03-04,11917200.0,power
,HR,2023-03-05,11397400.0,power
,CZ,2023-03-05,12651800.0,power
,BG,2023-03-05,8154600.0,power
,AT,2023-03-05,31362100.0,power
,DK,2023-03-05,8143700.0,power
,BE,2023-03-05,70539900.0,power
,BG,2023-03-06,8194000.0,power
,BE,2023-03-06,92923600.0,power
,HR,2023-03-06,11915300.0,power
,AT,2023-03-06,55138100.0,power
,CZ,2023-03-06,20288900.0,power
,DK,2023-03-06,10793700.0,power
,HR,2023-03-07,11984500.0,power
,AT,2023-03-07,56209500.0,power
,CZ,2023-03-07,11905400.0,power
,BE,2023-03-07,96397300.0,power
,DK,2023-03-07,9581300.0,power
,BG,2023-03-07,7912300.0,power
,AT,2023-03-08,44636500.0,power
,CZ,2023-03-08,21152400.0,power
,HR,2023-03-08,11769100.0,power
,BG,2023-03-08,7797700.0,power
,BE,2023-03-08,98109200.0,power
,DK,2023-03-08,11258200.0,power
,DK,2023-03-09,12531000.0,power
,CZ,2023-03-09,20590100.000000004,power
,BE,2023-03-09,59301000.0,power
,BG,2023-03-09,7707900.0,power
,AT,2023-03-09,42503600.0,power
,HR,2023-03-09,11843200.0,power
,BG,2023-03-10,7378800.0,power
,BE,2023-03-10,52164500.0,power
,AT,2023-03-10,30076200.0,power
,CZ,2023-03-10,17920900.0,power
,DK,2023-03-10,11421700.0,power
,HR,2023-03-10,11275800.0,power
,DK,2023-03-11,8869300.0,power
,BE,2023-03-11,36898100.0,power
,HR,2023-03-11,11852600.0,power
,BG,2023-03-11,7541200.0,power
,CZ,2023-03-11,6425100.0,power
,AT,2023-03-11,10992600.0,power
,HR,2023-03-12,11361900.0,power
,CZ,2023-03-12,6346700.0,power
,DK,2023-03-12,8504400.0,power
,BE,2023-03-12,27991900.0,power
,AT,2023-03-12,12936800.0,power
,BG,2023-03-12,7969500.0,power
,BG,2023-03-13,8008100.0,power
,CZ,2023-03-13,6713000.0,power
,HR,2023-03-13,11865300.0,power
,DK,2023-03-13,4736700.0,power
,BE,2023-03-13,24522000.0,power
,AT,2023-03-13,11209700.0,power
,DK,2023-03-14,6701400.0,power
,AT,2023-03-14,16053900.0,power
,BG,2023-03-14,7478500.0,power
,HR,2023-03-14,11181300.0,power
,CZ,2023-03-14,6440900.0,power
,BE,2023-03-14,41982100.0,power
,BG,2023-03-15,7904300.0,power
,HR,2023-03-15,10987900.0,power
,AT,2023-03-15,33227200.0,power
,CZ,2023-03-15,6932300.0,power
,DK,2023-03-15,7934200.0,power
,BE,2023-03-15,78576600.0,power
,BE,2023-03-16,33999100.0,power
,CZ,2023-03-16,6820700.0,power
,BG,2023-03-16,9048100.0,power
,DK,2023-03-16,8396500.0,power
,HR,2023-03-16,11758700.0,power
,AT,2023-03-16,29183800.0,power
,BE,2023-03-17,42002200.0,power
,HR,2023-03-17,11935600.0,power
,DK,2023-03-17,8306900.0,power
,CZ,2023-03-17,6747100.0,power
,AT,2023-03-17,24790200.0,power
,BG,2023-03-17,8971100.0,power
,BE,2023-03-18,36988100.0,power
,BG,2023-03-18,8855800.0,power
,HR,2023-03-18,11476500.0,power
,AT,2023-03-18,11165400.0,power
,DK,2023-03-18,8332500.0,power
,CZ,2023-03-18,11680800.000000002,power
,BG,2023-03-19,8654800.0,power
,HR,2023-03-19,11423700.0,power
,BE,2023-03-19,41822100.0,power
,CZ,2023-03-19,10626600.0,power
,AT,2023-03-19,16209800.0,power
,DK,2023-03-19,7965100.0,power
,BG,2023-03-20,7970700.0,power
,HR,2023-03-20,11935700.0,power
,CZ,2023-03-20,21051600.0,power
,AT,2023-03-20,39058600.0,power
,DK,2023-03-20,8366700.000000001,power
,BE,2023-03-20,75917200.0,power
,HR,2023-03-21,11898800.0,power
,BG,2023-03-21,7050300.0,power
,CZ,2023-03-21,17583900.0,power
,DK,2023-03-21,8358900.0,power
,AT,2023-03-21,32258000.0,power
,BE,2023-03-21,65035900.0,power
,AT,2023-03-22,17734800.0,power
,BE,2023-03-22,22168300.0,power
,BG,2023-03-22,7604500.0,power
,CZ,2023-03-22,6421100.0,power
,DK,2023-03-22,5248800.0,power
,HR,2023-03-22,11273700.0,power
,HR,2023-03-23,10806300.0,power
,AT,2023-03-23,11830300.0,power
,DK,2023-03-23,5254700.0,power
,BG,2023-03-23,7733500.0,power
,BE,2023-03-23,20746900.0,power
,CZ,2023-03-23,6331500.0,power
,BG,2023-03-24,7624100.0,power
,CZ,2023-03-24,6283600.0,power
,BE,2023-03-24,18503900.0,power
,DK,2023-03-24,5202100.0,power
,AT,2023-03-24,1087300.0,power
,HR,2023-03-24,10893700.0,power
,HR,2023-03-25,10228000.0,power
,AT,2023-03-25,402600.0,power
,DK,2023-03-25,4024200.0,power
,CZ,2023-03-25,6113600.0,power
,BG,2023-03-25,7185500.0,power
,BE,2023-03-25,21408100.0,power
,BG,2023-03-26,7117700.0,power
,HR,2023-03-26,9953200.0,power
,AT,2023-03-26,1269700.0,power
,BE,2023-03-26,28701500.0,power
,CZ,2023-03-26,6135300.0,power
,DK,2023-03-26,6846500.0,power
,HR,2023-03-27,10637000.0,power
,CZ,2023-03-27,6645400.0,power
,AT,2023-03-27,9885600.0,power
,DK,2023-03-27,6518400.0,power
,BG,2023-03-27,7721800.0,power
,BE,2023-03-27,72937200.0,power
,AT,2023-03-28,26666400.0,power
,DK,2023-03-28,8214000.0,power
,HR,2023-03-28,10784300.0,power
,BG,2023-03-28,8202700.000000001,power
,CZ,2023-03-28,6586200.0,power
,BE,2023-03-28,67218700.0,power
,AT,2023-03-29,27628400.0,power
,CZ,2023-03-29,6928900.0,power
,BG,2023-03-29,8237600.0,power
,BE,2023-03-29,57245000.0,power
,HR,2023-03-29,11285100.0,power
,DK,2023-03-29,9100600.0,power
,DK,2023-03-30,5937700.0,power
,CZ,2023-03-30,6737000.0,power
,HR,2023-03-30,10948600.0,power
,BE,2023-03-30,21172900.0,power
,BG,2023-03-30,8163700.0,power
,AT,2023-03-30,14116700.0,power
,BG,2023-03-31,7483700.0,power
,AT,2023-03-31,11484700.0,power
,DK,2023-03-31,8059100.0,power
,HR,2023-03-31,11115300.0,power
,CZ,2023-03-31,6592700.0,power
,BE,2023-03-31,24724200.0,power
2444.0,ES,2023-04-01,540.44,power
2448.0,GR,2023-04-01,241.211,power
,BG,2023-04-01,7020800.0,power
2452.0,IT,2023-04-01,1542.0,power
2450.0,HU,2023-04-01,179.3,power
2451.0,IE,2023-04-01,226.02,power
2453.0,LT,2023-04-01,11.5,power
2454.0,LU,2023-04-01,4.163,power
2455.0,LV,2023-04-01,20.38,power
2445.0,EU27_2020,2023-04-01,5652.712,power
2446.0,FI,2023-04-01,15.0,power
2457.0,NL,2023-04-01,548.364,power
2443.0,EE,2023-04-01,7.0,power
2447.0,FR,2023-04-01,234.845,power
,AT,2023-04-01,1365500.0,power
,DK,2023-04-01,5481800.0,power
,BE,2023-04-01,20538300.0,power
2463.0,SK,2023-04-01,46.646,power
2462.0,SI,2023-04-01,12.909,power
2441.0,DE,2023-04-01,963.0,power
2460.0,RO,2023-04-01,116.0,power
2461.0,SE,2023-04-01,2.653,power
,HR,2023-04-01,10366600.0,power
2459.0,PT,2023-04-01,123.637,power
2458.0,PL,2023-04-01,210.389,power
2439.0,CY,2023-04-01,0.0,power
2456.0,MT,2023-04-01,31.841,power
,CZ,2023-04-01,5572200.0,power
,DK,2023-04-02,5890200.0,power
,BG,2023-04-02,7384500.0,power
,HR,2023-04-02,10021300.0,power
,BE,2023-04-02,25603400.0,power
,CZ,2023-04-02,5618400.0,power
,AT,2023-04-02,6946700.0,power
,BE,2023-04-03,43255800.0,power
,HR,2023-04-03,9597500.0,power
,CZ,2023-04-03,6193100.0,power
,AT,2023-04-03,14141200.0,power
,DK,2023-04-03,7643800.0,power
,BG,2023-04-03,7908500.0,power
,CZ,2023-04-04,17089500.0,power
,BE,2023-04-04,54773700.0,power
,HR,2023-04-04,9857600.0,power
,DK,2023-04-04,6732100.0,power
,BG,2023-04-04,8250900.0,power
,AT,2023-04-04,15527300.0,power
,DK,2023-04-05,8302100.0,power
,BG,2023-04-05,8806000.0,power
,CZ,2023-04-05,17566800.0,power
,HR,2023-04-05,10899400.0,power
,AT,2023-04-05,31949100.0,power
,BE,2023-04-05,69036300.0,power
,CZ,2023-04-06,6167599.999999999,power
,HR,2023-04-06,10468100.0,power
,BE,2023-04-06,60760000.0,power
,BG,2023-04-06,8994900.0,power
,DK,2023-04-06,6674800.0,power
,AT,2023-04-06,29168800.0,power
,BE,2023-04-07,53908800.0,power
,AT,2023-04-07,28083000.0,power
,DK,2023-04-07,6273300.0,power
,HR,2023-04-07,10935900.0,power
,CZ,2023-04-07,5777900.0,power
,BG,2023-04-07,7830600.0,power
,BG,2023-04-08,7936200.0,power
,CZ,2023-04-08,5895900.0,power
,DK,2023-04-08,6434500.0,power
,AT,2023-04-08,31568700.0,power
,BE,2023-04-08,36298800.0,power
,HR,2023-04-08,10987600.0,power
,BE,2023-04-09,29147500.0,power
,HR,2023-04-09,10042100.0,power
,BG,2023-04-09,8611200.0,power
,AT,2023-04-09,25312700.0,power
,CZ,2023-04-09,5609300.0,power
,DK,2023-04-09,5610200.0,power
,BG,2023-04-10,8433400.0,power
,CZ,2023-04-10,5428000.0,power
,HR,2023-04-10,9810200.0,power
,DK,2023-04-10,3173900.0,power
,AT,2023-04-10,7755200.0,power
,BE,2023-04-10,21582600.0,power
,BE,2023-04-11,28939700.0,power
,DK,2023-04-11,4656100.0,power
,HR,2023-04-11,10125300.0,power
,AT,2023-04-11,18385400.0,power
,BG,2023-04-11,7773600.0,power
,CZ,2023-04-11,5940400.0,power
,HR,2023-04-12,10628600.0,power
,AT,2023-04-12,22431600.0,power
,BG,2023-04-12,7854400.0,power
,BE,2023-04-12,32707100.0,power
,CZ,2023-04-12,5893600.0,power
,DK,2023-04-12,5528600.0,power
,CZ,2023-04-13,13078400.0,power
,AT,2023-04-13,47374600.0,power
,BE,2023-04-13,43347000.0,power
,HR,2023-04-13,10883900.0,power
,DK,2023-04-13,4917100.0,power
,BG,2023-04-13,7372900.0,power
,BG,2023-04-14,6973700.0,power
,AT,2023-04-14,31632600.0,power
,CZ,2023-04-14,15303700.0,power
,BE,2023-04-14,59703700.0,power
,DK,2023-04-14,6821200.0,power
,HR,2023-04-14,10212100.0,power
,AT,2023-04-15,26852700.0,power
,BG,2023-04-15,6793700.0,power
,CZ,2023-04-15,5718500.0,power
,DK,2023-04-15,5910200.0,power
,BE,2023-04-15,30416500.0,power
,HR,2023-04-15,10767900.0,power
,AT,2023-04-16,19823200.0,power
,HR,2023-04-16,11514700.0,power
,CZ,2023-04-16,5641800.0,power
,DK,2023-04-16,6331800.0,power
,BG,2023-04-16,6876600.0,power
,BE,2023-04-16,35755700.0,power
,CZ,2023-04-17,12014800.000000002,power
,HR,2023-04-17,11881300.0,power
,BG,2023-04-17,7311600.0,power
,DK,2023-04-17,6794500.0,power
,BE,2023-04-17,57717900.0,power
,AT,2023-04-17,23391500.0,power
,BG,2023-04-18,7586700.0,power
,DK,2023-04-18,5848800.0,power
,CZ,2023-04-18,5668700.0,power
,BE,2023-04-18,32378000.0,power
,AT,2023-04-18,25536600.0,power
,HR,2023-04-18,11886000.0,power
,BG,2023-04-19,7103500.0,power
,CZ,2023-04-19,5867200.0,power
,DK,2023-04-19,3742900.0,power
,HR,2023-04-19,11372800.0,power
,BE,2023-04-19,31243400.0,power
,AT,2023-04-19,23807000.0,power
,HR,2023-04-20,11341100.0,power
,BG,2023-04-20,7066300.0,power
,BE,2023-04-20,38465200.0,power
,AT,2023-04-20,35109000.0,power
,DK,2023-04-20,3746400.0,power
,CZ,2023-04-20,5736700.0,power
,CZ,2023-04-21,5540300.0,power
,DK,2023-04-21,3790900.0,power
,BE,2023-04-21,48872500.0,power
,AT,2023-04-21,16571300.0,power
,HR,2023-04-21,11846000.0,power
,BG,2023-04-21,6890700.0,power
,DK,2023-04-22,3743100.0,power
,HR,2023-04-22,11976800.0,power
,AT,2023-04-22,8334900.0,power
,BG,2023-04-22,6882900.0,power
,BE,2023-04-22,31844000.0,power
,CZ,2023-04-22,4638400.0,power
,BE,2023-04-23,30915200.0,power
,BG,2023-04-23,6709800.0,power
,CZ,2023-04-23,4594800.0,power
,DK,2023-04-23,4204500.0,power
,AT,2023-04-23,7062100.0,power
,HR,2023-04-23,11978900.0,power
,HR,2023-04-24,12702900.0,power
,BG,2023-04-24,6715300.0,power
,AT,2023-04-24,11051500.0,power
,DK,2023-04-24,5217700.0,power
,BE,2023-04-24,39760100.0,power
,CZ,2023-04-24,4606400.0,power
,HR,2023-04-25,12099400.0,power
,DK,2023-04-25,5148300.0,power
,BG,2023-04-25,6340000.0,power
,CZ,2023-04-25,4511700.0,power
,BE,2023-04-25,60852300.0,power
,AT,2023-04-25,26831500.0,power
,HR,2023-04-26,12669600.0,power
,DK,2023-04-26,5452900.0,power
,BG,2023-04-26,6371800.0,power
,BE,2023-04-26,64754500.0,power
,CZ,2023-04-26,10323200.0,power
,AT,2023-04-26,26997500.0,power
,HR,2023-04-27,12734900.0,power
,BG,2023-04-27,6406000.0,power
,AT,2023-04-27,29529500.0,power
,BE,2023-04-27,52548700.0,power
,CZ,2023-04-27,12342199.999999998,power
,DK,2023-04-27,6783300.0,power
,BE,2023-04-28,65571600.00000001,power
,CZ,2023-04-28,4634500.0,power
,DK,2023-04-28,7854900.0,power
,AT,2023-04-28,18676100.0,power
,HR,2023-04-28,11143700.0,power
,BG,2023-04-28,6407200.0,power
,AT,2023-04-29,9785400.0,power
,BE,2023-04-29,35851900.0,power
,DK,2023-04-29,5799000.0,power
,CZ,2023-04-29,4485300.0,power
,BG,2023-04-29,6294800.0,power
,HR,2023-04-29,9705200.0,power
,BG,2023-04-30,6014300.0,power
,HR,2023-04-30,9501700.0,power
,CZ,2023-04-30,4381600.0,power
,BE,2023-04-30,26408500.0,power
,DK,2023-04-30,5108500.0,power
,AT,2023-04-30,7751900.000000001,power
2479.0,IE,2023-05-01,267.186,power
2478.0,HU,2023-05-01,128.2,power
2474.0,FI,2023-05-01,6.0,power
2476.0,GR,2023-05-01,199.742,power
2481.0,LT,2023-05-01,5.9,power
,BG,2023-05-01,5637600.0,power
,BE,2023-05-01,28685100.0,power
,DK,2023-05-01,4959500.0,power
,AT,2023-05-01,5848500.0,power
,HR,2023-05-01,9755500.0,power
2489.0,SE,2023-05-01,2.124,power
2480.0,IT,2023-05-01,1432.0,power
2490.0,SI,2023-05-01,15.55,power
2491.0,SK,2023-05-01,41.928,power
2469.0,DE,2023-05-01,746.0,power
2483.0,LV,2023-05-01,1.983,power
2484.0,MT,2023-05-01,34.143,power
2473.0,EU27_2020,2023-05-01,4899.338,power
2472.0,ES,2023-05-01,619.129,power
2471.0,EE,2023-05-01,6.0,power
2485.0,NL,2023-05-01,548.999,power
2486.0,PL,2023-05-01,121.549,power
2467.0,CY,2023-05-01,0.0,power
,CZ,2023-05-01,2955500.0,power
2487.0,PT,2023-05-01,152.462,power
2488.0,RO,2023-05-01,70.0,power
2475.0,FR,2023-05-01,124.135,power
2482.0,LU,2023-05-01,3.508,power
,HR,2023-05-02,9715400.0,power
,CZ,2023-05-02,2452200.0,power
,BG,2023-05-02,4959800.0,power
,DK,2023-05-02,5899400.0,power
,AT,2023-05-02,7982600.0,power
,BE,2023-05-02,49801900.0,power
,AT,2023-05-03,8930600.0,power
,CZ,2023-05-03,2248200.0,power
,BE,2023-05-03,28935300.0,power
,HR,2023-05-03,9762000.0,power
,DK,2023-05-03,6241000.0,power
,BG,2023-05-03,4704800.0,power
,DK,2023-05-04,5652800.0,power
,HR,2023-05-04,9941500.0,power
,BE,2023-05-04,31089900.0,power
,CZ,2023-05-04,2310500.0,power
,BG,2023-05-04,4750300.0,power
,AT,2023-05-04,8771400.0,power
,HR,2023-05-05,11864700.0,power
,CZ,2023-05-05,2259100.0,power
,BE,2023-05-05,41354800.0,power
,AT,2023-05-05,3248200.0,power
,BG,2023-05-05,4660500.0,power
,DK,2023-05-05,4414100.0,power
,BE,2023-05-06,29366400.0,power
,CZ,2023-05-06,2151600.0,power
,AT,2023-05-06,220600.0,power
,DK,2023-05-06,5517600.0,power
,BG,2023-05-06,4561700.0,power
,HR,2023-05-06,10959100.0,power
,HR,2023-05-07,9666900.0,power
,BG,2023-05-07,4450600.0,power
,AT,2023-05-07,171700.0,power
,BE,2023-05-07,29218100.0,power
,DK,2023-05-07,4527600.0,power
,CZ,2023-05-07,2143200.0,power
,AT,2023-05-08,15031700.0,power
,BE,2023-05-08,35481500.0,power
,BG,2023-05-08,4617900.0,power
,CZ,2023-05-08,2130700.0,power
,HR,2023-05-08,9558500.0,power
,DK,2023-05-08,4267900.0,power
,BG,2023-05-09,4685500.0,power
,HR,2023-05-09,9666600.0,power
,AT,2023-05-09,8351500.0,power
,CZ,2023-05-09,2183900.0,power
,DK,2023-05-09,3273100.0,power
,BE,2023-05-09,54744900.0,power
,HR,2023-05-10,9645400.0,power
,BG,2023-05-10,4233700.0,power
,BE,2023-05-10,41794900.0,power
,CZ,2023-05-10,2159900.0,power
,AT,2023-05-10,12826200.0,power
,DK,2023-05-10,3510400.0,power
,BG,2023-05-11,3894800.0,power
,AT,2023-05-11,17919100.0,power
,CZ,2023-05-11,2149300.0,power
,BE,2023-05-11,66104899.99999999,power
,DK,2023-05-11,4159900.0,power
,HR,2023-05-11,9674600.0,power
,DK,2023-05-12,3642000.0,power
,BE,2023-05-12,41693100.0,power
,AT,2023-05-12,17759100.0,power
,HR,2023-05-12,8886600.0,power
,CZ,2023-05-12,2105200.0,power
,BG,2023-05-12,3669800.0,power
,AT,2023-05-13,552400.0,power
,BG,2023-05-13,3494800.0,power
,CZ,2023-05-13,2030200.0,power
,DK,2023-05-13,3630600.0,power
,BE,2023-05-13,26683600.0,power
,HR,2023-05-13,3097600.0,power
,BE,2023-05-14,28062800.0,power
,CZ,2023-05-14,2034800.0,power
,DK,2023-05-14,3239400.0,power
,AT,2023-05-14,8038100.0,power
,HR,2023-05-14,3223300.0,power
,BG,2023-05-14,3820400.0,power
,BG,2023-05-15,3872600.0,power
,AT,2023-05-15,19080400.0,power
,HR,2023-05-15,6349100.0,power
,BE,2023-05-15,32173700.0,power
,DK,2023-05-15,3437000.0,power
,CZ,2023-05-15,2058000.0,power
,BG,2023-05-16,3768200.000000001,power
,AT,2023-05-16,25511500.0,power
,HR,2023-05-16,6761200.0,power
,DK,2023-05-16,3620800.0,power
,BE,2023-05-16,27927600.0,power
,CZ,2023-05-16,2059900.0,power
,BG,2023-05-17,3791100.0,power
,HR,2023-05-17,6491300.0,power
,BE,2023-05-17,32667300.0,power
,DK,2023-05-17,3721500.0,power
,AT,2023-05-17,13036700.0,power
,CZ,2023-05-17,2128600.0,power
,AT,2023-05-18,10698800.0,power
,BG,2023-05-18,3771800.0,power
,HR,2023-05-18,6742600.0,power
,CZ,2023-05-18,2127000.0,power
,BE,2023-05-18,28574900.0,power
,DK,2023-05-18,4102100.000000001,power
,CZ,2023-05-19,2105100.0,power
,HR,2023-05-19,6423400.0,power
,BE,2023-05-19,26757800.0,power
,AT,2023-05-19,14455900.0,power
,DK,2023-05-19,4368700.0,power
,BG,2023-05-19,3767600.0,power
,AT,2023-05-20,245200.0,power
,HR,2023-05-20,3119200.0,power
,DK,2023-05-20,3124300.0,power
,BG,2023-05-20,3044600.0,power
,CZ,2023-05-20,1987400.0,power
,BE,2023-05-20,23900700.0,power
,AT,2023-05-21,65600.0,power
,DK,2023-05-21,2790100.0,power
,HR,2023-05-21,3025800.0,power
,CZ,2023-05-21,1971200.0,power
,BE,2023-05-21,23892200.0,power
,BG,2023-05-21,2999000.0,power
,HR,2023-05-22,5686100.0,power
,BE,2023-05-22,34891500.0,power
,DK,2023-05-22,3180100.0,power
,BG,2023-05-22,3120900.0,power
,CZ,2023-05-22,2016100.0,power
,AT,2023-05-22,12893700.0,power
,BE,2023-05-23,27067400.0,power
,DK,2023-05-23,3301100.0,power
,CZ,2023-05-23,1949300.0,power
,BG,2023-05-23,3620700.0,power
,AT,2023-05-23,571400.0,power
,HR,2023-05-23,6686000.0,power
,HR,2023-05-24,6666000.0,power
,BG,2023-05-24,3751700.0,power
,DK,2023-05-24,3702900.0,power
,AT,2023-05-24,16160300.0,power
,CZ,2023-05-24,7919800.0,power
,BE,2023-05-24,46871200.0,power
,HR,2023-05-25,6756700.0,power
,CZ,2023-05-25,9631500.0,power
,BE,2023-05-25,28407000.0,power
,BG,2023-05-25,3748900.0,power
,DK,2023-05-25,3528000.0,power
,AT,2023-05-25,6543100.0,power
,BE,2023-05-26,26554000.0,power
,DK,2023-05-26,4090000.0,power
,CZ,2023-05-26,1961000.0,power
,BG,2023-05-26,3636800.0,power
,HR,2023-05-26,5199800.0,power
,AT,2023-05-26,72200.0,power
,CZ,2023-05-27,1916700.0,power
,DK,2023-05-27,2836300.0,power
,HR,2023-05-27,3733400.0,power
,AT,2023-05-27,0.0,power
,BG,2023-05-27,3682400.0,power
,BE,2023-05-27,31288900.0,power
,HR,2023-05-28,3750500.0,power
,DK,2023-05-28,2980200.0,power
,AT,2023-05-28,0.0,power
,BE,2023-05-28,23490500.0,power
,BG,2023-05-28,3663300.0,power
,CZ,2023-05-28,1894700.0,power
,DK,2023-05-29,2420300.0,power
,BG,2023-05-29,3698300.0,power
,BE,2023-05-29,21623400.0,power
,CZ,2023-05-29,1924200.0,power
,HR,2023-05-29,5011100.0,power
,AT,2023-05-29,0.0,power
,DK,2023-05-30,2409900.0,power
,AT,2023-05-30,5973100.0,power
,CZ,2023-05-30,8280299.999999999,power
,HR,2023-05-30,4974200.0,power
,BE,2023-05-30,29368200.0,power
,BG,2023-05-30,3799100.0,power
,CZ,2023-05-31,11956600.0,power
,HR,2023-05-31,5083400.0,power
,BE,2023-05-31,30630600.0,power
,DK,2023-05-31,2419600.0,power
,BG,2023-05-31,3693700.0,power
,AT,2023-05-31,9070600.0,power
,HR,2023-06-01,6761000.0,power
2519.0,SK,2023-06-01,42.299,power
,CZ,2023-06-01,2060800.0,power
,BE,2023-06-01,37959300.0,power
2513.0,NL,2023-06-01,748.885,power
2512.0,MT,2023-06-01,33.357,power
2507.0,IE,2023-06-01,250.992,power
2510.0,LU,2023-06-01,3.508,power
2508.0,IT,2023-06-01,1608.0,power
2514.0,PL,2023-06-01,142.864,power
2517.0,SE,2023-06-01,1.983,power
2518.0,SI,2023-06-01,8.684,power
2511.0,LV,2023-06-01,16.295,power
2515.0,PT,2023-06-01,222.82,power
2509.0,LT,2023-06-01,8.2,power
2506.0,HU,2023-06-01,118.6,power
2503.0,FR,2023-06-01,203.007,power
2495.0,CY,2023-06-01,0.0,power
,AT,2023-06-01,6236400.0,power
,DK,2023-06-01,2328800.0,power
2502.0,FI,2023-06-01,4.0,power
,BG,2023-06-01,3698300.0,power
2504.0,GR,2023-06-01,294.465,power
2500.0,ES,2023-06-01,859.095,power
2501.0,EU27_2020,2023-06-01,5748.516,power
2497.0,DE,2023-06-01,685.0,power
2499.0,EE,2023-06-01,4.0,power
2516.0,RO,2023-06-01,47.0,power
,AT,2023-06-02,8100.000000000002,power
,CZ,2023-06-02,2127400.0,power
,BE,2023-06-02,48055900.0,power
,HR,2023-06-02,6859700.0,power
,BG,2023-06-02,3678200.0,power
,DK,2023-06-02,2590800.0,power
,CZ,2023-06-03,9040100.0,power
,BE,2023-06-03,27846600.0,power
,DK,2023-06-03,2184600.0,power
,AT,2023-06-03,9600.000000000002,power
,HR,2023-06-03,5894900.0,power
,BG,2023-06-03,3665000.0,power
,AT,2023-06-04,8000.0,power
,BE,2023-06-04,33778200.0,power
,BG,2023-06-04,3657600.0,power
,DK,2023-06-04,2265400.0,power
,CZ,2023-06-04,7297600.0,power
,HR,2023-06-04,6053900.0,power
,BE,2023-06-05,67189800.0,power
,HR,2023-06-05,6103000.0,power
,AT,2023-06-05,6500.000000000001,power
,CZ,2023-06-05,12878000.0,power
,DK,2023-06-05,2656500.0,power
,BG,2023-06-05,3523400.0,power
,DK,2023-06-06,2487100.0,power
,BG,2023-06-06,2884100.0,power
,HR,2023-06-06,6861000.0,power
,CZ,2023-06-06,13695600.0,power
,BE,2023-06-06,64443900.0,power
,AT,2023-06-06,9100.000000000002,power
,AT,2023-06-07,9600.000000000002,power
,DK,2023-06-07,2386000.0,power
,BG,2023-06-07,3486000.0,power
,HR,2023-06-07,6849500.0,power
,BE,2023-06-07,72243600.0,power
,CZ,2023-06-07,15178700.0,power
,DK,2023-06-08,2317800.0,power
,AT,2023-06-08,9200.000000000002,power
,CZ,2023-06-08,12427400.0,power
,HR,2023-06-08,6864000.0,power
,BG,2023-06-08,3655000.0,power
,BE,2023-06-08,61673100.0,power
,HR,2023-06-09,6756400.0,power
,AT,2023-06-09,9600.000000000002,power
,CZ,2023-06-09,2085300.0,power
,BG,2023-06-09,3900400.0,power
,BE,2023-06-09,47604900.0,power
,DK,2023-06-09,2600800.0,power
,DK,2023-06-10,2261300.0,power
,HR,2023-06-10,5810700.0,power
,CZ,2023-06-10,2000100.0,power
,BG,2023-06-10,3737300.0,power
,BE,2023-06-10,24495000.0,power
,AT,2023-06-10,8500.0,power
,BE,2023-06-11,27661100.0,power
,DK,2023-06-11,2122500.0,power
,CZ,2023-06-11,1981700.0,power
,BG,2023-06-11,3766900.0,power
,HR,2023-06-11,5668800.0,power
,AT,2023-06-11,9600.000000000002,power
,CZ,2023-06-12,8065200.0,power
,AT,2023-06-12,9500.0,power
,BE,2023-06-12,53487200.0,power
,HR,2023-06-12,6648300.0,power
,BG,2023-06-12,3869700.0,power
,DK,2023-06-12,2355700.0,power
,BG,2023-06-13,3867300.0,power
,BE,2023-06-13,47190799.99999999,power
,DK,2023-06-13,2336800.0,power
,CZ,2023-06-13,13457200.0,power
,AT,2023-06-13,2241000.0,power
,HR,2023-06-13,6843900.0,power
,AT,2023-06-14,7800.000000000001,power
,DK,2023-06-14,2316900.0,power
,HR,2023-06-14,6850700.0,power
,BG,2023-06-14,3777800.0,power
,CZ,2023-06-14,13496700.0,power
,BE,2023-06-14,59182200.0,power
,AT,2023-06-15,8100.0,power
,BE,2023-06-15,57972700.0,power
,DK,2023-06-15,2284400.0,power
,CZ,2023-06-15,11483800.0,power
,BG,2023-06-15,3809100.0,power
,HR,2023-06-15,6845100.0,power
,CZ,2023-06-16,11569500.0,power
,HR,2023-06-16,6748400.0,power
,BG,2023-06-16,3858500.0,power
,AT,2023-06-16,255700.0,power
,BE,2023-06-16,51711200.0,power
,DK,2023-06-16,2302700.0,power
,BG,2023-06-17,3627000.0,power
,BE,2023-06-17,42523800.0,power
,DK,2023-06-17,2126300.0,power
,CZ,2023-06-17,15417600.0,power
,HR,2023-06-17,6496100.0,power
,AT,2023-06-17,8700.000000000002,power
,DK,2023-06-18,2391000.0,power
,HR,2023-06-18,6078900.0,power
,BE,2023-06-18,35540900.0,power
,CZ,2023-06-18,7150100.0,power
,AT,2023-06-18,9500.0,power
,BG,2023-06-18,3578600.0,power
,HR,2023-06-19,6830900.0,power
,CZ,2023-06-19,9520300.0,power
,BE,2023-06-19,53094000.0,power
,BG,2023-06-19,3768000.0,power
,DK,2023-06-19,2263100.0,power
,AT,2023-06-19,9400.0,power
,BG,2023-06-20,3664100.0,power
,AT,2023-06-20,8900.0,power
,CZ,2023-06-20,14788400.0,power
,HR,2023-06-20,6829000.0,power
,BE,2023-06-20,65336900.0,power
,DK,2023-06-20,2265600.0,power
,DK,2023-06-21,2423800.0,power
,AT,2023-06-21,7900.0,power
,BE,2023-06-21,47561700.0,power
,HR,2023-06-21,6807000.0,power
,BG,2023-06-21,3809400.0,power
,CZ,2023-06-21,14101800.0,power
,AT,2023-06-22,7400.0,power
,CZ,2023-06-22,17637200.0,power
,DK,2023-06-22,2292400.0,power
,HR,2023-06-22,6801900.0,power
,BG,2023-06-22,3798400.0,power
,BE,2023-06-22,64082400.0,power
,DK,2023-06-23,2391400.0,power
,BE,2023-06-23,48985600.0,power
,AT,2023-06-23,6100.000000000001,power
,BG,2023-06-23,3722100.0,power
,HR,2023-06-23,6795600.0,power
,CZ,2023-06-23,9195300.0,power
,DK,2023-06-24,2583300.0,power
,BE,2023-06-24,31919000.0,power
,CZ,2023-06-24,7613800.0,power
,HR,2023-06-24,6784700.0,power
,AT,2023-06-24,6800.000000000001,power
,BG,2023-06-24,3674500.0,power
,DK,2023-06-25,2772200.0,power
,BE,2023-06-25,28943600.0,power
,HR,2023-06-25,6529900.0,power
,AT,2023-06-25,9300.0,power
,CZ,2023-06-25,2211700.0,power
,BG,2023-06-25,3658800.0,power
,DK,2023-06-26,2617100.0,power
,HR,2023-06-26,7682100.0,power
,BE,2023-06-26,29187500.0,power
,CZ,2023-06-26,10853300.000000002,power
,AT,2023-06-26,1889200.0,power
,BG,2023-06-26,3247400.0,power
,HR,2023-06-27,9564700.0,power
,BE,2023-06-27,46516200.0,power
,DK,2023-06-27,2083000.0,power
,AT,2023-06-27,8771900.0,power
,BG,2023-06-27,3644100.0,power
,CZ,2023-06-27,8590300.0,power
,BG,2023-06-28,3797800.0,power
,CZ,2023-06-28,16862500.0,power
,HR,2023-06-28,10185000.0,power
,DK,2023-06-28,2284100.0,power
,BE,2023-06-28,64715600.0,power
,AT,2023-06-28,9704500.0,power
,BG,2023-06-29,3891400.0,power
,AT,2023-06-29,514100.0,power
,HR,2023-06-29,10537900.0,power
,BE,2023-06-29,68005900.0,power
,DK,2023-06-29,2429400.0,power
,CZ,2023-06-29,13745600.0,power
,BG,2023-06-30,3869600.0,power
,AT,2023-06-30,0.0,power
,CZ,2023-06-30,13366400.0,power
,DK,2023-06-30,2480600.0,power
,BE,2023-06-30,46222500.0,power
,HR,2023-06-30,10925200.0,power
2543.0,PT,2023-07-01,232.056,power
2544.0,RO,2023-07-01,46.0,power
2545.0,SE,2023-07-01,2.574,power
2546.0,SI,2023-07-01,8.401,power
,BG,2023-07-01,3668200.0,power
2529.0,EU27_2020,2023-07-01,6359.863,power
,DK,2023-07-01,2252700.0,power
2547.0,SK,2023-07-01,37.8,power
2532.0,GR,2023-07-01,389.842,power
,AT,2023-07-01,0.0,power
2530.0,FI,2023-07-01,4.0,power
2542.0,PL,2023-07-01,155.098,power
2534.0,HU,2023-07-01,124.4,power
2541.0,NL,2023-07-01,603.139,power
2525.0,DE,2023-07-01,656.0,power
2539.0,LV,2023-07-01,3.564,power
2538.0,LU,2023-07-01,2.754,power
2535.0,IE,2023-07-01,224.056,power
,HR,2023-07-01,10171300.0,power
2531.0,FR,2023-07-01,214.782,power
,CZ,2023-07-01,2610000.0,power
2540.0,MT,2023-07-01,40.208,power
2537.0,LT,2023-07-01,8.1,power
2536.0,IT,2023-07-01,2262.4,power
,BE,2023-07-01,17672000.0,power
2523.0,CY,2023-07-01,0.0,power
2528.0,ES,2023-07-01,910.524,power
2527.0,EE,2023-07-01,4.6,power
,HR,2023-07-02,8937100.0,power
,DK,2023-07-02,2049700.0,power
,AT,2023-07-02,0.0,power
,BG,2023-07-02,3627000.0,power
,BE,2023-07-02,16764900.000000002,power
,CZ,2023-07-02,2597600.0,power
,BE,2023-07-03,24100200.0,power
,AT,2023-07-03,0.0,power
,DK,2023-07-03,2311900.0,power
,BG,2023-07-03,3607600.0,power
,HR,2023-07-03,10657300.0,power
,CZ,2023-07-03,2686200.0,power
,HR,2023-07-04,10945800.0,power
,DK,2023-07-04,2400600.0,power
,AT,2023-07-04,10192200.0,power
,BE,2023-07-04,35039100.0,power
,BG,2023-07-04,3382100.0,power
,CZ,2023-07-04,9815100.0,power
,CZ,2023-07-05,2738300.0,power
,BE,2023-07-05,25354800.0,power
,BG,2023-07-05,3290600.0,power
,HR,2023-07-05,10862100.0,power
,DK,2023-07-05,2464100.0,power
,AT,2023-07-05,3423900.0,power
,AT,2023-07-06,3011700.0,power
,BG,2023-07-06,3472400.0,power
,DK,2023-07-06,2685700.0,power
,CZ,2023-07-06,8709400.0,power
,BE,2023-07-06,58629200.0,power
,HR,2023-07-06,10983400.0,power
,DK,2023-07-07,2750700.0,power
,BG,2023-07-07,3581400.0,power
,AT,2023-07-07,6392100.0,power
,HR,2023-07-07,10990800.0,power
,CZ,2023-07-07,9434100.0,power
,BE,2023-07-07,35578400.0,power
,HR,2023-07-08,10614100.0,power
,BE,2023-07-08,35899600.0,power
,DK,2023-07-08,2410200.0,power
,AT,2023-07-08,0.0,power
,BG,2023-07-08,3414800.0,power
,CZ,2023-07-08,7550600.0,power
,AT,2023-07-09,0.0,power
,CZ,2023-07-09,10079900.0,power
,BE,2023-07-09,41256100.0,power
,DK,2023-07-09,2221000.0,power
,HR,2023-07-09,10545400.0,power
,BG,2023-07-09,3381800.0,power
,AT,2023-07-10,8057800.0,power
,HR,2023-07-10,10503300.0,power
,DK,2023-07-10,2419900.0,power
,BG,2023-07-10,3599700.0000000005,power
,CZ,2023-07-10,16094000.0,power
,BE,2023-07-10,70208600.0,power
,BG,2023-07-11,3520500.0,power
,CZ,2023-07-11,14170600.0,power
,HR,2023-07-11,10485300.0,power
,AT,2023-07-11,10999200.0,power
,DK,2023-07-11,2374300.0,power
,BE,2023-07-11,45598200.0,power
,CZ,2023-07-12,9989100.0,power
,BE,2023-07-12,35427300.0,power
,DK,2023-07-12,2181600.0,power
,AT,2023-07-12,8591800.0,power
,BG,2023-07-12,3942000.0,power
,HR,2023-07-12,10905200.0,power
,HR,2023-07-13,10947200.0,power
,DK,2023-07-13,2137500.0,power
,CZ,2023-07-13,20009800.0,power
,BE,2023-07-13,45695400.0,power
,BG,2023-07-13,3907100.0,power
,AT,2023-07-13,11017600.0,power
,DK,2023-07-14,2346400.0,power
,HR,2023-07-14,10831600.0,power
,AT,2023-07-14,6056500.0,power
,BG,2023-07-14,3772000.0,power
,CZ,2023-07-14,12810900.0,power
,BE,2023-07-14,37982500.0,power
,HR,2023-07-15,10105900.0,power
,BG,2023-07-15,3708400.0,power
,AT,2023-07-15,800500.0,power
,BE,2023-07-15,18595700.0,power
,CZ,2023-07-15,2501800.0,power
,DK,2023-07-15,2087800.0,power
,DK,2023-07-16,2062500.0,power
,AT,2023-07-16,1273500.0,power
,CZ,2023-07-16,9753700.0,power
,BG,2023-07-16,3701000.0,power
,HR,2023-07-16,10140000.0,power
,BE,2023-07-16,23081200.0,power
,BG,2023-07-17,3682200.0,power
,HR,2023-07-17,10056500.0,power
,BE,2023-07-17,35393000.0,power
,DK,2023-07-17,2257100.0,power
,AT,2023-07-17,11847400.0,power
,CZ,2023-07-17,15818400.0,power
,BG,2023-07-18,3743800.0,power
,HR,2023-07-18,10773900.0,power
,CZ,2023-07-18,19762000.0,power
,DK,2023-07-18,2190900.0,power
,AT,2023-07-18,15229900.0,power
,BE,2023-07-18,63601200.0,power
,HR,2023-07-19,9059300.0,power
,CZ,2023-07-19,15279900.0,power
,BG,2023-07-19,3873200.0,power
,BE,2023-07-19,63956300.0,power
,DK,2023-07-19,2484300.0,power
,AT,2023-07-19,15615600.0,power
,AT,2023-07-20,2945200.0,power
,DK,2023-07-20,2274400.0,power
,BE,2023-07-20,69926600.0,power
,HR,2023-07-20,10732500.0,power
,BG,2023-07-20,3885000.0,power
,CZ,2023-07-20,15222700.0,power
,HR,2023-07-21,8313000.0,power
,DK,2023-07-21,2598600.0,power
,CZ,2023-07-21,18898000.0,power
,BG,2023-07-21,3724000.0,power
,BE,2023-07-21,57101200.0,power
,AT,2023-07-21,1578000.0,power
,BG,2023-07-22,3801600.0,power
,BE,2023-07-22,26078300.0,power
,AT,2023-07-22,9600.000000000002,power
,CZ,2023-07-22,2512100.0,power
,DK,2023-07-22,2608100.0,power
,HR,2023-07-22,10016200.0,power
,BE,2023-07-23,17642600.0,power
,BG,2023-07-23,3803700.0,power
,AT,2023-07-23,9600.000000000002,power
,DK,2023-07-23,2470800.0,power
,HR,2023-07-23,8717000.0,power
,CZ,2023-07-23,2471800.0,power
,DK,2023-07-24,2637700.0,power
,BE,2023-07-24,34447700.0,power
,AT,2023-07-24,9600.000000000002,power
,HR,2023-07-24,10934900.0,power
,CZ,2023-07-24,11970400.0,power
,BG,2023-07-24,3957300.0,power
,CZ,2023-07-25,12561800.0,power
,BE,2023-07-25,43013700.0,power
,DK,2023-07-25,2618800.0,power
,AT,2023-07-25,2630500.0,power
,BG,2023-07-25,3803700.000000001,power
,HR,2023-07-25,10989900.0,power
,BE,2023-07-26,36105400.0,power
,CZ,2023-07-26,2618600.0,power
,HR,2023-07-26,10736300.0,power
,AT,2023-07-26,542000.0,power
,DK,2023-07-26,2474100.0,power
,BG,2023-07-26,3846500.0,power
,CZ,2023-07-27,7318000.0,power
,BE,2023-07-27,27984600.0,power
,AT,2023-07-27,9300.0,power
,DK,2023-07-27,2779000.0,power
,BG,2023-07-27,3895200.0,power
,HR,2023-07-27,10274500.0,power
,BE,2023-07-28,35785400.0,power
,BG,2023-07-28,3398700.0,power
,AT,2023-07-28,8300.0,power
,CZ,2023-07-28,15353300.0,power
,DK,2023-07-28,2768900.0,power
,HR,2023-07-28,10962700.0,power
,CZ,2023-07-29,2558200.0,power
,AT,2023-07-29,9600.000000000002,power
,BG,2023-07-29,3307700.0,power
,DK,2023-07-29,2512800.0,power
,HR,2023-07-29,10207000.0,power
,BE,2023-07-29,27679000.0,power
,AT,2023-07-30,9400.0,power
,DK,2023-07-30,2314000.0,power
,CZ,2023-07-30,2526100.0,power
,HR,2023-07-30,9934500.0,power
,BG,2023-07-30,3015799.9999999995,power
,BE,2023-07-30,18630400.0,power
,CZ,2023-07-31,2593500.0,power
,AT,2023-07-31,3343800.0,power
,DK,2023-07-31,2443900.0,power
,BG,2023-07-31,3202300.0,power
,BE,2023-07-31,21999300.0,power
,HR,2023-07-31,10863300.0,power
,BE,2023-08-01,27426800.0,power
2560.0,GR,2023-08-01,336.13,power
2553.0,DE,2023-08-01,720.0,power
2555.0,EE,2023-08-01,4.5,power
2556.0,ES,2023-08-01,941.965,power
2557.0,EU27_2020,2023-08-01,5995.569,power
2558.0,FI,2023-08-01,5.0,power
2551.0,CY,2023-08-01,0.0,power
2564.0,IT,2023-08-01,1718.0,power
2562.0,HU,2023-08-01,142.9,power
2563.0,IE,2023-08-01,217.769,power
2574.0,SI,2023-08-01,6.615,power
2566.0,LU,2023-08-01,2.237,power
2559.0,FR,2023-08-01,210.243,power
,DK,2023-08-01,2746400.0,power
2567.0,LV,2023-08-01,18.871,power
,HR,2023-08-01,10850600.0,power
2569.0,NL,2023-08-01,768.265,power
2570.0,PL,2023-08-01,156.479,power
2571.0,PT,2023-08-01,200.376,power
2572.0,RO,2023-08-01,36.0,power
2568.0,MT,2023-08-01,40.803,power
2565.0,LT,2023-08-01,4.1,power
2575.0,SK,2023-08-01,41.539,power
,CZ,2023-08-01,2584700.0,power
,BG,2023-08-01,3252700.0,power
,AT,2023-08-01,1829500.0,power
2573.0,SE,2023-08-01,3.243,power
,AT,2023-08-02,0.0,power
,DK,2023-08-02,2542400.0,power
,BG,2023-08-02,3476900.0,power
,BE,2023-08-02,25134200.0,power
,HR,2023-08-02,10602700.0,power
,CZ,2023-08-02,2573800.0,power
,BG,2023-08-03,3792700.0,power
,HR,2023-08-03,9716500.0,power
,DK,2023-08-03,2479000.0,power
,CZ,2023-08-03,2596000.0,power
,AT,2023-08-03,5300.000000000001,power
,BE,2023-08-03,27437200.0,power
,BE,2023-08-04,48038900.0,power
,CZ,2023-08-04,8770400.0,power
,HR,2023-08-04,8006700.0,power
,AT,2023-08-04,9600.000000000002,power
,DK,2023-08-04,2805000.0,power
,BG,2023-08-04,3796000.0,power
,CZ,2023-08-05,2761700.0,power
,AT,2023-08-05,9600.000000000002,power
,BE,2023-08-05,27142200.0,power
,DK,2023-08-05,2746500.0,power
,HR,2023-08-05,6324100.0,power
,BG,2023-08-05,3794300.0,power
,BE,2023-08-06,19460900.0,power
,AT,2023-08-06,9600.000000000002,power
,HR,2023-08-06,6786800.0,power
,BG,2023-08-06,3841500.0,power
,CZ,2023-08-06,2571900.0,power
,DK,2023-08-06,2312100.0,power
,HR,2023-08-07,7100300.0,power
,CZ,2023-08-07,2592400.0,power
,DK,2023-08-07,2149200.0,power
,AT,2023-08-07,9600.000000000002,power
,BE,2023-08-07,28767800.0,power
,BG,2023-08-07,3756800.0,power
,CZ,2023-08-08,2604600.0,power
,BG,2023-08-08,3276800.0,power
,AT,2023-08-08,10300.0,power
,DK,2023-08-08,1770900.0,power
,HR,2023-08-08,7132700.0,power
,BE,2023-08-08,29700700.0,power
,HR,2023-08-09,7126100.0,power
,BE,2023-08-09,42936900.0,power
,CZ,2023-08-09,8637700.0,power
,BG,2023-08-09,3336700.0,power
,AT,2023-08-09,7100.000000000001,power
,DK,2023-08-09,2052500.0,power
,HR,2023-08-10,7133000.0,power
,CZ,2023-08-10,7896700.0,power
,AT,2023-08-10,9600.000000000002,power
,BE,2023-08-10,42976300.0,power
,BG,2023-08-10,3526900.0,power
,DK,2023-08-10,2285000.0,power
,AT,2023-08-11,9600.000000000002,power
,HR,2023-08-11,7091900.0,power
,BG,2023-08-11,3521400.0,power
,DK,2023-08-11,3092400.0,power
,BE,2023-08-11,33904100.0,power
,CZ,2023-08-11,6629200.0,power
,HR,2023-08-12,6797300.0,power
,BG,2023-08-12,3766500.0,power
,AT,2023-08-12,9600.000000000002,power
,BE,2023-08-12,24434700.0,power
,DK,2023-08-12,2700800.0,power
,CZ,2023-08-12,2543500.0,power
,AT,2023-08-13,2129300.0,power
,DK,2023-08-13,2535600.0,power
,CZ,2023-08-13,2546900.0,power
,BE,2023-08-13,24992200.0,power
,HR,2023-08-13,6500200.0,power
,BG,2023-08-13,3729400.0,power
,CZ,2023-08-14,7986000.0,power
,BE,2023-08-14,27743000.0,power
,AT,2023-08-14,2930600.0,power
,DK,2023-08-14,3115100.0,power
,HR,2023-08-14,6752900.000000001,power
,BG,2023-08-14,3914100.0,power
,HR,2023-08-15,6676900.0,power
,BE,2023-08-15,33741900.0,power
,DK,2023-08-15,2574500.0,power
,BG,2023-08-15,3799500.0,power
,AT,2023-08-15,9600.000000000002,power
,CZ,2023-08-15,7147200.0,power
,AT,2023-08-16,9600.000000000002,power
,BG,2023-08-16,3764600.0,power
,DK,2023-08-16,2478400.0,power
,HR,2023-08-16,7022400.0,power
,BE,2023-08-16,55821400.0,power
,CZ,2023-08-16,12061100.0,power
,BG,2023-08-17,3821700.0,power
,HR,2023-08-17,7799300.0,power
,BE,2023-08-17,33492100.0,power
,CZ,2023-08-17,12749900.0,power
,DK,2023-08-17,2420700.0,power
,AT,2023-08-17,9600.000000000002,power
,BG,2023-08-18,3821600.0,power
,AT,2023-08-18,9600.000000000002,power
,DK,2023-08-18,2302500.0,power
,BE,2023-08-18,31449400.0,power
,HR,2023-08-18,9482900.0,power
,CZ,2023-08-18,7567700.0,power
,BG,2023-08-19,3784200.0,power
,CZ,2023-08-19,7946100.0,power
,AT,2023-08-19,9600.000000000002,power
,DK,2023-08-19,2326600.0,power
,BE,2023-08-19,32066000.0,power
,HR,2023-08-19,9995600.0,power
,BG,2023-08-20,3772500.0,power
,HR,2023-08-20,9841400.0,power
,BE,2023-08-20,37482700.0,power
,CZ,2023-08-20,7223300.0,power
,AT,2023-08-20,9600.000000000002,power
,DK,2023-08-20,2590200.0,power
,BG,2023-08-21,3833100.0,power
,CZ,2023-08-21,7541100.0,power
,HR,2023-08-21,10798500.0,power
,DK,2023-08-21,3288200.0,power
,BE,2023-08-21,56343500.0,power
,AT,2023-08-21,4934200.0,power
,CZ,2023-08-22,12399200.0,power
,BE,2023-08-22,69790300.0,power
,DK,2023-08-22,2392700.0,power
,HR,2023-08-22,10913000.0,power
,BG,2023-08-22,3959700.0,power
,AT,2023-08-22,12259100.0,power
,AT,2023-08-23,682300.0,power
,HR,2023-08-23,11083300.0,power
,BE,2023-08-23,75017800.0,power
,DK,2023-08-23,2112300.0,power
,BG,2023-08-23,3848800.0,power
,CZ,2023-08-23,13865300.0,power
,AT,2023-08-24,4965800.0,power
,BG,2023-08-24,3810900.0,power
,CZ,2023-08-24,15193500.0,power
,DK,2023-08-24,2535300.0,power
,HR,2023-08-24,11680700.0,power
,BE,2023-08-24,72206500.0,power
,AT,2023-08-25,1266100.0,power
,BE,2023-08-25,79457300.0,power
,HR,2023-08-25,11626500.0,power
,DK,2023-08-25,2496600.0,power
,BG,2023-08-25,3818100.0,power
,CZ,2023-08-25,14221600.0,power
,CZ,2023-08-26,2546100.0,power
,BE,2023-08-26,40270600.0,power
,AT,2023-08-26,9200.000000000002,power
,DK,2023-08-26,2151100.0,power
,HR,2023-08-26,11084900.0,power
,BG,2023-08-26,3734300.0,power
,CZ,2023-08-27,2532200.0,power
,AT,2023-08-27,9200.000000000002,power
,DK,2023-08-27,2017000.0,power
,HR,2023-08-27,11049400.0,power
,BG,2023-08-27,3744900.0,power
,BE,2023-08-27,30465300.0,power
,AT,2023-08-28,9600.000000000002,power
,BG,2023-08-28,3788800.0,power
,BE,2023-08-28,53783900.0,power
,DK,2023-08-28,2220700.0,power
,CZ,2023-08-28,14384100.0,power
,HR,2023-08-28,11685300.0,power
,HR,2023-08-29,11139600.0,power
,CZ,2023-08-29,17017100.0,power
,BE,2023-08-29,55033200.0,power
,AT,2023-08-29,11000.0,power
,DK,2023-08-29,2501900.0,power
,BG,2023-08-29,3695300.0,power
,CZ,2023-08-30,11496500.0,power
,BE,2023-08-30,42201300.0,power
,DK,2023-08-30,2844400.0,power
,HR,2023-08-30,11158600.0,power
,AT,2023-08-30,523900.0,power
,BG,2023-08-30,3463400.0,power
,HR,2023-08-31,11183700.0,power
,DK,2023-08-31,2649700.0,power
,BG,2023-08-31,3495100.0,power
,CZ,2023-08-31,10719400.0,power
,BE,2023-08-31,44674800.0,power
,AT,2023-08-31,9600.000000000002,power
2600.0,RO,2023-09-01,46.0,power
2601.0,SE,2023-09-01,3.892,power
2602.0,SI,2023-09-01,7.127,power
2603.0,SK,2023-09-01,39.366,power
,DK,2023-09-01,2783700.0,power
2579.0,CY,2023-09-01,0.0,power
,AT,2023-09-01,15028900.0,power
2595.0,LV,2023-09-01,29.197,power
2599.0,PT,2023-09-01,202.782,power
,CZ,2023-09-01,13009600.0,power
,BG,2023-09-01,3731500.0,power
,HR,2023-09-01,11081400.0,power
,BE,2023-09-01,48004600.0,power
2598.0,PL,2023-09-01,131.598,power
2585.0,EU27_2020,2023-09-01,6002.515,power
2581.0,DE,2023-09-01,671.0,power
2596.0,MT,2023-09-01,37.613,power
2584.0,ES,2023-09-01,899.248,power
2583.0,EE,2023-09-01,3.706,power
2594.0,LU,2023-09-01,2.254,power
2593.0,LT,2023-09-01,8.9,power
2592.0,IT,2023-09-01,1894.0,power
2591.0,IE,2023-09-01,210.82,power
2590.0,HU,2023-09-01,142.4,power
2588.0,GR,2023-09-01,306.362,power
2587.0,FR,2023-09-01,166.17,power
2586.0,FI,2023-09-01,4.0,power
2597.0,NL,2023-09-01,738.347,power
,BG,2023-09-02,3743900.0,power
,CZ,2023-09-02,6932300.0,power
,AT,2023-09-02,616600.0,power
,BE,2023-09-02,34262600.0,power
,HR,2023-09-02,10325800.0,power
,DK,2023-09-02,2382000.0,power
,DK,2023-09-03,2269300.0,power
,BG,2023-09-03,3735400.0,power
,BE,2023-09-03,28828600.0,power
,HR,2023-09-03,10342500.0,power
,CZ,2023-09-03,2614200.0,power
,AT,2023-09-03,10900.0,power
,AT,2023-09-04,15341400.0,power
,DK,2023-09-04,3011400.0,power
,BE,2023-09-04,38305200.0,power
,CZ,2023-09-04,11166900.0,power
,BG,2023-09-04,3927800.0,power
,HR,2023-09-04,10792200.0,power
,BG,2023-09-05,4033800.0,power
,BE,2023-09-05,45599700.0,power
,AT,2023-09-05,17659700.0,power
,DK,2023-09-05,2554200.0,power
,HR,2023-09-05,10537600.0,power
,CZ,2023-09-05,13790300.0,power
,HR,2023-09-06,10512100.0,power
,BG,2023-09-06,4203400.0,power
,CZ,2023-09-06,14518400.0,power
,DK,2023-09-06,2605900.0,power
,BE,2023-09-06,55712600.0,power
,AT,2023-09-06,773900.0,power
,AT,2023-09-07,8645100.0,power
,HR,2023-09-07,10543200.0,power
,BE,2023-09-07,55781100.0,power
,DK,2023-09-07,2280500.0,power
,BG,2023-09-07,4346500.0,power
,CZ,2023-09-07,11581400.0,power
,BG,2023-09-08,4229800.0,power
,AT,2023-09-08,7375300.0,power
,CZ,2023-09-08,12696400.0,power
,HR,2023-09-08,10486400.0,power
,BE,2023-09-08,61477500.0,power
,DK,2023-09-08,2523300.0,power
,AT,2023-09-09,6132700.0,power
,HR,2023-09-09,10128200.0,power
,BG,2023-09-09,4143100.000000001,power
,CZ,2023-09-09,7073600.0,power
,DK,2023-09-09,2230500.0,power
,BE,2023-09-09,39313700.0,power
,BE,2023-09-10,29885600.0,power
,DK,2023-09-10,2151200.0,power
,AT,2023-09-10,3002800.0,power
,CZ,2023-09-10,6814400.000000001,power
,BG,2023-09-10,4140800.0,power
,HR,2023-09-10,10349300.0,power
,BE,2023-09-11,57450000.0,power
,AT,2023-09-11,16941300.0,power
,HR,2023-09-11,11599400.0,power
,CZ,2023-09-11,13722200.0,power
,DK,2023-09-11,2775200.0,power
,BG,2023-09-11,4750500.0,power
,HR,2023-09-12,11978900.0,power
,CZ,2023-09-12,12608700.0,power
,BE,2023-09-12,66759700.0,power
,AT,2023-09-12,19912600.0,power
,DK,2023-09-12,2513100.0,power
,BG,2023-09-12,4980500.0,power
,HR,2023-09-13,11856700.0,power
,CZ,2023-09-13,12110300.0,power
,AT,2023-09-13,10128800.0,power
,BE,2023-09-13,51181900.0,power
,DK,2023-09-13,2464700.0,power
,BG,2023-09-13,5042600.0,power
,HR,2023-09-14,11173200.0,power
,BG,2023-09-14,4862500.0,power
,DK,2023-09-14,2867100.0,power
,CZ,2023-09-14,12470400.0,power
,AT,2023-09-14,8649500.0,power
,BE,2023-09-14,57218500.0,power
,AT,2023-09-15,10514700.0,power
,HR,2023-09-15,11031900.0,power
,BE,2023-09-15,33939800.0,power
,BG,2023-09-15,4351300.0,power
,DK,2023-09-15,2692700.0,power
,CZ,2023-09-15,11128100.0,power
,DK,2023-09-16,2597900.0,power
,BG,2023-09-16,4642900.0,power
,HR,2023-09-16,10283000.0,power
,BE,2023-09-16,25269200.0,power
,CZ,2023-09-16,8368200.000000001,power
,AT,2023-09-16,7858400.0,power
,AT,2023-09-17,493300.0,power
,BE,2023-09-17,23985300.0,power
,CZ,2023-09-17,2718700.0,power
,DK,2023-09-17,2706100.0,power
,BG,2023-09-17,4482600.0,power
,HR,2023-09-17,10275800.0,power
,BE,2023-09-18,19323700.0,power
,DK,2023-09-18,2198000.0,power
,HR,2023-09-18,10611900.0,power
,CZ,2023-09-18,2762600.0,power
,BG,2023-09-18,4362000.0,power
,AT,2023-09-18,8244799.999999999,power
,AT,2023-09-19,5545800.0,power
,BG,2023-09-19,4624800.0,power
,DK,2023-09-19,1989700.0,power
,CZ,2023-09-19,2780700.0,power
,HR,2023-09-19,10632400.0,power
,BE,2023-09-19,17407300.0,power
,BG,2023-09-20,4580100.0,power
,AT,2023-09-20,9887700.0,power
,CZ,2023-09-20,7527500.0,power
,BE,2023-09-20,14824700.0,power
,DK,2023-09-20,1939300.0,power
,HR,2023-09-20,10574200.0,power
,HR,2023-09-21,10733900.0,power
,DK,2023-09-21,2725400.0,power
,BG,2023-09-21,4688400.0,power
,BE,2023-09-21,41467100.0,power
,AT,2023-09-21,4490900.0,power
,CZ,2023-09-21,8476700.0,power
,DK,2023-09-22,2946400.0,power
,HR,2023-09-22,10523800.0,power
,AT,2023-09-22,11198400.0,power
,BE,2023-09-22,32138800.0,power
,CZ,2023-09-22,12278400.0,power
,BG,2023-09-22,4562800.0,power
,BE,2023-09-23,17984200.0,power
,AT,2023-09-23,9600.000000000002,power
,DK,2023-09-23,2446300.0,power
,BG,2023-09-23,4509700.0,power
,CZ,2023-09-23,2755500.0,power
,HR,2023-09-23,6372900.0,power
,DK,2023-09-24,2209500.0,power
,AT,2023-09-24,9600.000000000002,power
,CZ,2023-09-24,2727500.0,power
,BG,2023-09-24,4411900.0,power
,HR,2023-09-24,6225700.0,power
,BE,2023-09-24,14422600.0,power
,HR,2023-09-25,7712700.0,power
,DK,2023-09-25,2679000.0,power
,CZ,2023-09-25,7519500.0,power
,BG,2023-09-25,4595200.0,power
,BE,2023-09-25,37374700.0,power
,AT,2023-09-25,13385900.0,power
,AT,2023-09-26,26412600.0,power
,BE,2023-09-26,40063800.0,power
,BG,2023-09-26,4522700.0,power
,CZ,2023-09-26,12529800.0,power
,DK,2023-09-26,3399200.0,power
,HR,2023-09-26,10774700.0,power
,AT,2023-09-27,27291500.0,power
,CZ,2023-09-27,10810800.0,power
,BE,2023-09-27,40864300.0,power
,BG,2023-09-27,4535500.0,power
,DK,2023-09-27,2830400.0,power
,HR,2023-09-27,10777000.0,power
,DK,2023-09-28,3245400.0,power
,BE,2023-09-28,32377100.0,power
,AT,2023-09-28,21605600.0,power
,CZ,2023-09-28,7133400.0,power
,BG,2023-09-28,4544100.0,power
,HR,2023-09-28,10873600.0,power
,HR,2023-09-29,10526200.0,power
,BE,2023-09-29,21283400.0,power
,CZ,2023-09-29,2828900.0,power
,DK,2023-09-29,3069400.0,power
,AT,2023-09-29,8584800.0,power
,BG,2023-09-29,4566400.0,power
,BE,2023-09-30,23484700.0,power
,AT,2023-09-30,400800.0,power
,DK,2023-09-30,2598300.0,power
,BG,2023-09-30,4493600.0,power
,HR,2023-09-30,10362700.0,power
,CZ,2023-09-30,2870500.0,power
,BE,2023-10-01,20384600.0,power
,HR,2023-10-01,9991400.0,power
2622.0,LU,2023-10-01,3.867,power
2623.0,LV,2023-10-01,31.002,power
2624.0,MT,2023-10-01,31.965,power
2625.0,NL,2023-10-01,520.179,power
2626.0,PL,2023-10-01,236.159,power
2627.0,PT,2023-10-01,145.03,power
2630.0,SI,2023-10-01,8.312,power
2629.0,SE,2023-10-01,5.013,power
,DK,2023-10-01,2716500.0,power
2631.0,SK,2023-10-01,41.295,power
,CZ,2023-10-01,3879700.0,power
,AT,2023-10-01,9600.000000000002,power
2621.0,LT,2023-10-01,13.0,power
2628.0,RO,2023-10-01,101.0,power
2620.0,IT,2023-10-01,1866.0,power
2607.0,CY,2023-10-01,0.0,power
2619.0,IE,2023-10-01,222.899,power
2618.0,HU,2023-10-01,185.1,power
2616.0,GR,2023-10-01,279.229,power
2615.0,FR,2023-10-01,147.552,power
2614.0,FI,2023-10-01,3.0,power
2613.0,EU27_2020,2023-10-01,5923.033,power
2612.0,ES,2023-10-01,741.548,power
2611.0,EE,2023-10-01,13.565,power
2609.0,DE,2023-10-01,889.0,power
,BG,2023-10-01,4446000.0,power
,CZ,2023-10-02,14142100.0,power
,DK,2023-10-02,3768100.0,power
,BG,2023-10-02,4355100.0,power
,HR,2023-10-02,10623800.0,power
,AT,2023-10-02,7588400.0,power
,BE,2023-10-02,42848500.0,power
,CZ,2023-10-03,3935900.0,power
,HR,2023-10-03,10562800.0,power
,BE,2023-10-03,15593800.0,power
,AT,2023-10-03,2173100.0,power
,BG,2023-10-03,4409000.0,power
,DK,2023-10-03,2527500.0,power
,BE,2023-10-04,29998000.0,power
,DK,2023-10-04,2356700.0,power
,CZ,2023-10-04,9288300.0,power
,BG,2023-10-04,4530400.0,power
,AT,2023-10-04,14986800.0,power
,HR,2023-10-04,10727000.0,power
,DK,2023-10-05,2756100.0,power
,AT,2023-10-05,18736800.0,power
,CZ,2023-10-05,9618100.0,power
,HR,2023-10-05,10972500.0,power
,BG,2023-10-05,4601500.0,power
,BE,2023-10-05,43265500.0,power
,BE,2023-10-06,15626000.0,power
,DK,2023-10-06,2226400.0,power
,AT,2023-10-06,14813500.0,power
,BG,2023-10-06,4654400.0,power
,HR,2023-10-06,10871700.0,power
,CZ,2023-10-06,11569500.0,power
,DK,2023-10-07,2608500.0,power
,HR,2023-10-07,8527600.0,power
,BE,2023-10-07,11448000.0,power
,BG,2023-10-07,4530800.0,power
,AT,2023-10-07,7900.0,power
,CZ,2023-10-07,3880400.0,power
,DK,2023-10-08,3662000.0,power
,BE,2023-10-08,30718100.000000004,power
,CZ,2023-10-08,8945800.0,power
,BG,2023-10-08,4489100.0,power
,HR,2023-10-08,8877300.0,power
,AT,2023-10-08,3568600.0,power
,BE,2023-10-09,55810700.0,power
,BG,2023-10-09,4692100.0,power
,CZ,2023-10-09,17352000.0,power
,AT,2023-10-09,8453300.0,power
,DK,2023-10-09,4729500.0,power
,HR,2023-10-09,8761900.0,power
,DK,2023-10-10,3397800.0,power
,BE,2023-10-10,30348900.0,power
,BG,2023-10-10,4786200.0,power
,AT,2023-10-10,13711800.0,power
,CZ,2023-10-10,13144600.0,power
,HR,2023-10-10,8953800.0,power
,HR,2023-10-11,8976600.0,power
,BG,2023-10-11,4793200.0,power
,CZ,2023-10-11,4743400.0,power
,DK,2023-10-11,2540900.0,power
,AT,2023-10-11,24135200.0,power
,BE,2023-10-11,19367800.0,power
,HR,2023-10-12,8878200.0,power
,BG,2023-10-12,4812700.0,power
,BE,2023-10-12,49572900.0,power
,AT,2023-10-12,25838700.0,power
,CZ,2023-10-12,8072300.0,power
,DK,2023-10-12,3938800.0,power
,HR,2023-10-13,8858900.0,power
,DK,2023-10-13,3114500.0,power
,BG,2023-10-13,4702000.0,power
,BE,2023-10-13,14034900.0,power
,CZ,2023-10-13,3261700.0,power
,AT,2023-10-13,7580000.0,power
,BE,2023-10-14,16212700.0,power
,BG,2023-10-14,4651300.0,power
,DK,2023-10-14,2149900.0,power
,CZ,2023-10-14,3295500.0,power
,AT,2023-10-14,4560000.0,power
,HR,2023-10-14,8404200.0,power
,BG,2023-10-15,4522200.0,power
,HR,2023-10-15,7974500.0,power
,CZ,2023-10-15,3333100.0,power
,AT,2023-10-15,5465900.0,power
,BE,2023-10-15,13756100.0,power
,DK,2023-10-15,2046700.0,power
,DK,2023-10-16,4427200.0,power
,HR,2023-10-16,8672900.0,power
,AT,2023-10-16,26756400.0,power
,BG,2023-10-16,4156800.0,power
,CZ,2023-10-16,10507300.0,power
,BE,2023-10-16,35111600.0,power
,BE,2023-10-17,16964000.0,power
,AT,2023-10-17,29252100.0,power
,HR,2023-10-17,8960100.0,power
,BG,2023-10-17,3865000.0,power
,DK,2023-10-17,4896100.0,power
,CZ,2023-10-17,13856100.0,power
,BE,2023-10-18,14215700.0,power
,BG,2023-10-18,4318700.0,power
,HR,2023-10-18,8892400.0,power
,CZ,2023-10-18,4732300.0,power
,AT,2023-10-18,25281500.0,power
,DK,2023-10-18,4490300.0,power
,AT,2023-10-19,33374100.0,power
,CZ,2023-10-19,4937200.0,power
,DK,2023-10-19,2432300.0,power
,HR,2023-10-19,8619800.0,power
,BE,2023-10-19,26041400.0,power
,BG,2023-10-19,4297700.0,power
,HR,2023-10-20,8313000.0,power
,CZ,2023-10-20,4364000.0,power
,AT,2023-10-20,13051400.0,power
,BG,2023-10-20,4229200.0,power
,BE,2023-10-20,21410400.0,power
,DK,2023-10-20,2729600.0,power
,BE,2023-10-21,14118100.0,power
,DK,2023-10-21,2983700.0,power
,HR,2023-10-21,8045200.0,power
,BG,2023-10-21,3471100.0,power
,CZ,2023-10-21,4281600.0,power
,AT,2023-10-21,5476200.0,power
,CZ,2023-10-22,4314500.0,power
,DK,2023-10-22,3769200.0,power
,BG,2023-10-22,3652600.0,power
,BE,2023-10-22,19909400.0,power
,HR,2023-10-22,8177600.0,power
,AT,2023-10-22,3409400.0,power
,HR,2023-10-23,8958100.0,power
,AT,2023-10-23,34046900.0,power
,CZ,2023-10-23,16895100.0,power
,BG,2023-10-23,4363400.0,power
,DK,2023-10-23,6651300.0,power
,BE,2023-10-23,34785600.0,power
,BE,2023-10-24,34158700.0,power
,BG,2023-10-24,4521400.0,power
,AT,2023-10-24,44943000.0,power
,CZ,2023-10-24,16381500.0,power
,DK,2023-10-24,4251900.0,power
,HR,2023-10-24,8766500.0,power
,CZ,2023-10-25,16223500.0,power
,DK,2023-10-25,3634000.0,power
,AT,2023-10-25,23644700.0,power
,BG,2023-10-25,4388100.0,power
,HR,2023-10-25,8437500.0,power
,BE,2023-10-25,31953900.0,power
,HR,2023-10-26,8971000.0,power
,BE,2023-10-26,34437900.0,power
,BG,2023-10-26,4727200.0,power
,AT,2023-10-26,28166400.0,power
,DK,2023-10-26,5409300.0,power
,CZ,2023-10-26,16125699.999999998,power
,HR,2023-10-27,8833800.0,power
,BG,2023-10-27,4764400.0,power
,AT,2023-10-27,10686300.0,power
,DK,2023-10-27,6758900.0,power
,BE,2023-10-27,27165800.0,power
,CZ,2023-10-27,8944300.0,power
,CZ,2023-10-28,4232500.0,power
,DK,2023-10-28,4631900.0,power
,BE,2023-10-28,14369100.0,power
,BG,2023-10-28,4497400.0,power
,HR,2023-10-28,8437600.0,power
,AT,2023-10-28,6612200.0,power
,AT,2023-10-29,231500.0,power
,DK,2023-10-29,3359900.0,power
,BG,2023-10-29,4452300.0,power
,HR,2023-10-29,7977099.999999999,power
,CZ,2023-10-29,4244800.0,power
,BE,2023-10-29,13362200.0,power
,HR,2023-10-30,8009700.0,power
,CZ,2023-10-30,4512000.0,power
,AT,2023-10-30,10169900.0,power
,BG,2023-10-30,4778600.0,power
,BE,2023-10-30,23049600.0,power
,DK,2023-10-30,6294800.0,power
,CZ,2023-10-31,4526200.0,power
,BG,2023-10-31,4840300.0,power
,AT,2023-10-31,10591700.0,power
,HR,2023-10-31,8537500.0,power
,BE,2023-10-31,23620400.0,power
,DK,2023-10-31,6783100.0,power
2642.0,FI,2023-11-01,23.0,power
2646.0,HU,2023-11-01,252.9,power
2654.0,PL,2023-11-01,293.158,power
2653.0,NL,2023-11-01,520.1,power
2652.0,MT,2023-11-01,26.676,power
2656.0,RO,2023-11-01,145.0,power
,BG,2023-11-01,4650400.0,power
2649.0,LT,2023-11-01,19.6,power
2648.0,IT,2023-11-01,1581.0,power
2647.0,IE,2023-11-01,221.267,power
2643.0,FR,2023-11-01,218.763,power
2644.0,GR,2023-11-01,209.676,power
2641.0,EU27_2020,2023-11-01,6214.308,power
2651.0,LV,2023-11-01,48.426,power
2639.0,EE,2023-11-01,16.8,power
2659.0,SK,2023-11-01,60.125,power
,BE,2023-11-01,14087600.0,power
2658.0,SI,2023-11-01,14.116,power
,AT,2023-11-01,5666300.0,power
,CZ,2023-11-01,4970200.0,power
,HR,2023-11-01,8332600.0,power
2650.0,LU,2023-11-01,4.619,power
2655.0,PT,2023-11-01,126.344,power
,DK,2023-11-01,5029800.0,power
2635.0,CY,2023-11-01,0.0,power
2637.0,DE,2023-11-01,1241.0,power
2657.0,SE,2023-11-01,8.852,power
2640.0,ES,2023-11-01,604.559,power
,BE,2023-11-02,16005600.0,power
,BG,2023-11-02,4741600.0,power
,AT,2023-11-02,411100.0,power
,DK,2023-11-02,5272900.0,power
,HR,2023-11-02,8611000.0,power
,CZ,2023-11-02,4996000.0,power
,AT,2023-11-03,8495400.0,power
,HR,2023-11-03,8172200.0,power
,BG,2023-11-03,4616300.0,power
,DK,2023-11-03,5513200.0,power
,CZ,2023-11-03,7124500.0,power
,BE,2023-11-03,15799700.0,power
,AT,2023-11-04,534300.0,power
,HR,2023-11-04,5491600.0,power
,BG,2023-11-04,4519600.0,power
,CZ,2023-11-04,5219200.0,power
,DK,2023-11-04,3893500.0,power
,BE,2023-11-04,13054700.0,power
,BG,2023-11-05,4525500.0,power
,AT,2023-11-05,420400.0,power
,BE,2023-11-05,13664900.0,power
,HR,2023-11-05,6769200.0,power
,CZ,2023-11-05,4816100.0,power
,DK,2023-11-05,4441900.0,power
,AT,2023-11-06,6950100.0,power
,DK,2023-11-06,5787000.0,power
,CZ,2023-11-06,5059200.0,power
,BG,2023-11-06,5042200.0,power
,HR,2023-11-06,7118300.0,power
,BE,2023-11-06,19195500.0,power
,BE,2023-11-07,24619800.0,power
,DK,2023-11-07,6400500.0,power
,HR,2023-11-07,6786900.0,power
,CZ,2023-11-07,5016800.0,power
,BG,2023-11-07,5546300.0,power
,AT,2023-11-07,22847400.0,power
,DK,2023-11-08,5973000.0,power
,CZ,2023-11-08,5161300.0,power
,BE,2023-11-08,23329400.0,power
,AT,2023-11-08,24099600.0,power
,BG,2023-11-08,5791200.0,power
,HR,2023-11-08,7483800.0,power
,HR,2023-11-09,8793700.0,power
,BG,2023-11-09,6402800.0,power
,BE,2023-11-09,24463300.0,power
,CZ,2023-11-09,5231400.0,power
,DK,2023-11-09,6895900.0,power
,AT,2023-11-09,26480900.0,power
,BE,2023-11-10,25380500.0,power
,DK,2023-11-10,7165600.0,power
,HR,2023-11-10,9073700.0,power
,AT,2023-11-10,26158400.0,power
,CZ,2023-11-10,5165000.0,power
,BG,2023-11-10,6507400.0,power
,CZ,2023-11-11,4946100.0,power
,AT,2023-11-11,25749500.0,power
,HR,2023-11-11,8354700.000000001,power
,BG,2023-11-11,6380700.0,power
,DK,2023-11-11,7872300.0,power
,BE,2023-11-11,22876100.0,power
,CZ,2023-11-12,4958800.0,power
,DK,2023-11-12,7122600.0,power
,BE,2023-11-12,22115100.0,power
,HR,2023-11-12,8514100.0,power
,BG,2023-11-12,6517200.0,power
,AT,2023-11-12,23957500.0,power
,DK,2023-11-13,7563500.0,power
,BE,2023-11-13,19889200.0,power
,BG,2023-11-13,6509900.0,power
,AT,2023-11-13,28998000.0,power
,CZ,2023-11-13,6167700.0,power
,HR,2023-11-13,8967800.0,power
,BG,2023-11-14,6633300.0,power
,BE,2023-11-14,17862300.0,power
,AT,2023-11-14,16273800.0,power
,DK,2023-11-14,6374700.0,power
,CZ,2023-11-14,5914800.0,power
,HR,2023-11-14,8992900.0,power
,DK,2023-11-15,8643400.0,power
,BE,2023-11-15,18548500.0,power
,BG,2023-11-15,6949600.0,power
,CZ,2023-11-15,6275100.0,power
,AT,2023-11-15,26818800.0,power
,HR,2023-11-15,9822200.0,power
,BE,2023-11-16,37016600.0,power
,DK,2023-11-16,9063600.0,power
,AT,2023-11-16,37670900.0,power
,CZ,2023-11-16,6248300.0,power
,HR,2023-11-16,10097300.0,power
,BG,2023-11-16,7623700.0,power
,DK,2023-11-17,9843600.0,power
,BG,2023-11-17,7703100.0,power
,HR,2023-11-17,10272300.0,power
,AT,2023-11-17,25820900.0,power
,BE,2023-11-17,37649600.0,power
,CZ,2023-11-17,6034000.0,power
,DK,2023-11-18,7811000.0,power
,HR,2023-11-18,10589400.0,power
,CZ,2023-11-18,5690800.0,power
,BE,2023-11-18,17014400.0,power
,BG,2023-11-18,7585400.0,power
,AT,2023-11-18,14825700.0,power
,BE,2023-11-19,10882400.0,power
,BG,2023-11-19,7568700.0,power
,DK,2023-11-19,5411600.0,power
,HR,2023-11-19,10604600.0,power
,AT,2023-11-19,1353300.0,power
,CZ,2023-11-19,5736100.0,power
,HR,2023-11-20,10801100.0,power
,DK,2023-11-20,9052200.0,power
,CZ,2023-11-20,9841600.0,power
,AT,2023-11-20,32658900.0,power
,BE,2023-11-20,26088700.0,power
,BG,2023-11-20,7782400.0,power
,CZ,2023-11-21,16907100.0,power
,BG,2023-11-21,7857600.0,power
,HR,2023-11-21,10600200.0,power
,AT,2023-11-21,39671700.0,power
,DK,2023-11-21,9364300.0,power
,BE,2023-11-21,40755300.0,power
,CZ,2023-11-22,6444400.0,power
,BG,2023-11-22,7959800.0,power
,DK,2023-11-22,6759900.0,power
,BE,2023-11-22,28901200.0,power
,HR,2023-11-22,8296500.0,power
,AT,2023-11-22,40154700.0,power
,CZ,2023-11-23,6068500.0,power
,DK,2023-11-23,4188700.0,power
,BG,2023-11-23,8038100.0,power
,AT,2023-11-23,19310400.0,power
,HR,2023-11-23,7349000.0,power
,BE,2023-11-23,18562500.0,power
,BE,2023-11-24,13541800.0,power
,BG,2023-11-24,7642400.000000001,power
,HR,2023-11-24,6905200.0,power
,AT,2023-11-24,16680599.999999998,power
,DK,2023-11-24,5040200.0,power
,CZ,2023-11-24,5975900.0,power
,HR,2023-11-25,6901200.0,power
,BG,2023-11-25,7766500.0,power
,AT,2023-11-25,22936000.0,power
,DK,2023-11-25,8700500.0,power
,BE,2023-11-25,18674500.0,power
,CZ,2023-11-25,5603100.0,power
,BG,2023-11-26,6812100.0,power
,DK,2023-11-26,10319900.0,power
,CZ,2023-11-26,5642500.0,power
,AT,2023-11-26,23033200.0,power
,BE,2023-11-26,25148200.0,power
,HR,2023-11-26,6940400.0,power
,BE,2023-11-27,31724500.0,power
,BG,2023-11-27,7642800.0,power
,HR,2023-11-27,6931300.0,power
,DK,2023-11-27,10666400.0,power
,AT,2023-11-27,49621000.0,power
,CZ,2023-11-27,6632100.0,power
,CZ,2023-11-28,17983600.0,power
,BE,2023-11-28,65875000.0,power
,BG,2023-11-28,7897800.0,power
,HR,2023-11-28,6905800.0,power
,AT,2023-11-28,60143700.0,power
,DK,2023-11-28,11405500.0,power
,DK,2023-11-29,12406600.0,power
,AT,2023-11-29,65598600.00000001,power
,HR,2023-11-29,7121000.0,power
,BE,2023-11-29,82176800.0,power
,BG,2023-11-29,7961800.0,power
,CZ,2023-11-29,20285500.0,power
,DK,2023-11-30,12307700.0,power
,CZ,2023-11-30,21774900.0,power
,BG,2023-11-30,8018600.0,power
,AT,2023-11-30,70107300.0,power
,BE,2023-11-30,94289300.0,power
,HR,2023-11-30,6924700.0,power
2676.0,IT,2023-12-01,1801.0,power
2677.0,LT,2023-12-01,22.5,power
2678.0,LU,2023-12-01,4.846,power
2679.0,LV,2023-12-01,38.936,power
2680.0,MT,2023-12-01,25.513,power
2681.0,NL,2023-12-01,641.585,power
2663.0,CY,2023-12-01,0.0,power
2684.0,RO,2023-12-01,226.0,power
2675.0,IE,2023-12-01,181.054,power
2682.0,PL,2023-12-01,320.306,power
,DK,2023-12-01,12771300.0,power
2674.0,HU,2023-12-01,274.4,power
2685.0,SE,2023-12-01,11.013,power
2665.0,DE,2023-12-01,1377.0,power
2686.0,SI,2023-12-01,15.416,power
2671.0,FR,2023-12-01,228.365,power
2670.0,FI,2023-12-01,41.0,power
2687.0,SK,2023-12-01,75.403,power
2683.0,PT,2023-12-01,123.806,power
2669.0,EU27_2020,2023-12-01,6972.411,power
2668.0,ES,2023-12-01,600.322,power
2667.0,EE,2023-12-01,27.7,power
,AT,2023-12-01,69458700.0,power
2672.0,GR,2023-12-01,252.131,power
,HR,2023-12-01,6878000.0,power
,BG,2023-12-01,7860100.0,power
,CZ,2023-12-01,20394600.0,power
,BE,2023-12-01,89719900.0,power
,BG,2023-12-02,7612200.0,power
,BE,2023-12-02,72262200.0,power
,AT,2023-12-02,56251800.0,power
,CZ,2023-12-02,17624400.0,power
,DK,2023-12-02,12738400.0,power
,HR,2023-12-02,6907600.0,power
,AT,2023-12-03,41044800.0,power
,BG,2023-12-03,7788000.0,power
,DK,2023-12-03,10809000.0,power
,CZ,2023-12-03,7183100.0,power
,HR,2023-12-03,6922000.0,power
,BE,2023-12-03,26751100.0,power
,BE,2023-12-04,47840600.0,power
,CZ,2023-12-04,19216300.0,power
,DK,2023-12-04,11874600.0,power
,AT,2023-12-04,58999000.0,power
,HR,2023-12-04,5922000.0,power
,BG,2023-12-04,7873100.0,power
,HR,2023-12-05,6912000.0,power
,DK,2023-12-05,10878000.0,power
,CZ,2023-12-05,19336400.0,power
,BG,2023-12-05,7982100.0,power
,BE,2023-12-05,68864300.0,power
,AT,2023-12-05,59463500.0,power
,CZ,2023-12-06,20575800.0,power
,HR,2023-12-06,6911200.0,power
,DK,2023-12-06,11596800.0,power
,BE,2023-12-06,85904800.0,power
,AT,2023-12-06,70209900.0,power
,BG,2023-12-06,7930900.0,power
,CZ,2023-12-07,20965100.0,power
,BG,2023-12-07,8065100.0,power
,AT,2023-12-07,67113700.0,power
,BE,2023-12-07,62255000.0,power
,HR,2023-12-07,6900000.0,power
,DK,2023-12-07,11186300.0,power
,CZ,2023-12-08,7462100.0,power
,AT,2023-12-08,57182400.0,power
,BE,2023-12-08,37776200.0,power
,HR,2023-12-08,6911600.0,power
,BG,2023-12-08,8190400.0,power
,DK,2023-12-08,11168600.0,power
,BE,2023-12-09,17163800.0,power
,BG,2023-12-09,8020900.0,power
,DK,2023-12-09,9011500.0,power
,CZ,2023-12-09,6887800.0,power
,AT,2023-12-09,28333000.0,power
,HR,2023-12-09,6909200.0,power
,BG,2023-12-10,7870700.0,power
,BE,2023-12-10,17201500.0,power
,AT,2023-12-10,24009500.0,power
,DK,2023-12-10,7443200.0,power
,HR,2023-12-10,6908400.0,power
,CZ,2023-12-10,6478500.0,power
,DK,2023-12-11,10512700.0,power
,AT,2023-12-11,45159200.0,power
,HR,2023-12-11,7996000.0,power
,CZ,2023-12-11,6902800.0,power
,BE,2023-12-11,32482500.0,power
,BG,2023-12-11,7961100.0,power
,AT,2023-12-12,54862100.0,power
,HR,2023-12-12,9902000.0,power
,BE,2023-12-12,37426500.0,power
,DK,2023-12-12,10158800.0,power
,CZ,2023-12-12,18648200.0,power
,BG,2023-12-12,8005900.0,power
,HR,2023-12-13,10297200.0,power
,BE,2023-12-13,37827100.0,power
,DK,2023-12-13,10868100.0,power
,AT,2023-12-13,48044200.0,power
,BG,2023-12-13,8286200.000000001,power
,CZ,2023-12-13,17713400.0,power
,AT,2023-12-14,55182000.0,power
,BE,2023-12-14,63140400.0,power
,BG,2023-12-14,8301000.0,power
,DK,2023-12-14,12327200.0,power
,HR,2023-12-14,10314000.0,power
,CZ,2023-12-14,18414000.0,power
,CZ,2023-12-15,7208600.0,power
,AT,2023-12-15,46586800.0,power
,DK,2023-12-15,9816500.0,power
,BG,2023-12-15,8762900.0,power
,BE,2023-12-15,37505800.0,power
,HR,2023-12-15,10283600.0,power
,CZ,2023-12-16,6550600.0,power
,AT,2023-12-16,20366800.0,power
,BE,2023-12-16,22138800.0,power
,DK,2023-12-16,4687600.0,power
,BG,2023-12-16,9268700.0,power
,HR,2023-12-16,10598800.0,power
,CZ,2023-12-17,6047100.0,power
,AT,2023-12-17,15032100.0,power
,BE,2023-12-17,16676200.0,power
,HR,2023-12-17,10309200.0,power
,BG,2023-12-17,9224400.0,power
,DK,2023-12-17,3531400.0,power
,AT,2023-12-18,42246100.0,power
,BE,2023-12-18,25898400.0,power
,HR,2023-12-18,10333600.0,power
,CZ,2023-12-18,6933900.0,power
,DK,2023-12-18,5904200.0,power
,BG,2023-12-18,9152900.0,power
,BG,2023-12-19,9145600.0,power
,AT,2023-12-19,36989000.0,power
,CZ,2023-12-19,6890500.0,power
,HR,2023-12-19,11154400.0,power
,BE,2023-12-19,23116300.0,power
,DK,2023-12-19,6532700.0,power
,CZ,2023-12-20,6706500.0,power
,BE,2023-12-20,17077300.0,power
,DK,2023-12-20,6251200.0,power
,BG,2023-12-20,8898900.0,power
,HR,2023-12-20,11289200.0,power
,AT,2023-12-20,26929800.0,power
,HR,2023-12-21,10304800.0,power
,BE,2023-12-21,14635200.0,power
,DK,2023-12-21,4176000.0,power
,BG,2023-12-21,8967900.0,power
,CZ,2023-12-21,6526300.0,power
,AT,2023-12-21,12276000.0,power
,HR,2023-12-22,10334400.0,power
,BE,2023-12-22,14680300.0,power
,CZ,2023-12-22,6805400.0,power
,AT,2023-12-22,1033600.0,power
,BG,2023-12-22,8754100.0,power
,DK,2023-12-22,3436300.0,power
,BE,2023-12-23,13698600.0,power
,AT,2023-12-23,947300.0,power
,BG,2023-12-23,8766300.0,power
,DK,2023-12-23,4418099.999999999,power
,CZ,2023-12-23,6078900.0,power
,HR,2023-12-23,9834400.0,power
,BG,2023-12-24,8661000.0,power
,BE,2023-12-24,13525000.0,power
,DK,2023-12-24,3183600.0,power
,AT,2023-12-24,758400.0,power
,CZ,2023-12-24,5922300.0,power
,HR,2023-12-24,6657200.0,power
,BG,2023-12-25,8515300.0,power
,HR,2023-12-25,6070400.0,power
,BE,2023-12-25,13795000.0,power
,CZ,2023-12-25,5895600.0,power
,AT,2023-12-25,798900.0,power
,DK,2023-12-25,2812400.0,power
,BG,2023-12-26,8553000.0,power
,HR,2023-12-26,6385200.0,power
,CZ,2023-12-26,5883500.0,power
,DK,2023-12-26,4182100.000000001,power
,AT,2023-12-26,772400.0,power
,BE,2023-12-26,20118500.0,power
,BG,2023-12-27,8567300.0,power
,BE,2023-12-27,14568000.0,power
,CZ,2023-12-27,6210400.0,power
,HR,2023-12-27,6629600.0,power
,AT,2023-12-27,13500900.0,power
,DK,2023-12-27,7251600.0,power
,HR,2023-12-28,6517600.0,power
,AT,2023-12-28,1021600.0,power
,BG,2023-12-28,8820000.0,power
,DK,2023-12-28,3459000.0,power
,CZ,2023-12-28,6309000.0,power
,BE,2023-12-28,14641100.0,power
,CZ,2023-12-29,6010600.0,power
,AT,2023-12-29,804900.0,power
,HR,2023-12-29,6696000.0,power
,BG,2023-12-29,8465600.0,power
,DK,2023-12-29,3293300.0,power
,BE,2023-12-29,15153800.0,power
,BG,2023-12-30,8116600.0,power
,DK,2023-12-30,4743400.0,power
,BE,2023-12-30,13740900.0,power
,CZ,2023-12-30,5705900.0,power
,HR,2023-12-30,6720400.0,power
,AT,2023-12-30,844100.0,power
,DK,2023-12-31,3998200.0,power
,BG,2023-12-31,7913000.0,power
,BE,2023-12-31,14173800.0,power
,CZ,2023-12-31,5728200.0,power
,HR,2023-12-31,6645500.0,power
,AT,2023-12-31,850700.0,power
2711.0,PT,2024-01-01,145.871,power
2707.0,LV,2024-01-01,105.721,power
,CZ,2024-01-01,5996500.0,power
2710.0,PL,2024-01-01,340.876,power
2712.0,RO,2024-01-01,245.0,power
2706.0,LU,2024-01-01,6.32,power
2713.0,SE,2024-01-01,12.532,power
,DK,2024-01-01,4791900.0,power
,HR,2024-01-01,6256700.0,power
2708.0,MT,2024-01-01,29.6,power
2715.0,SK,2024-01-01,85.98,power
,BG,2024-01-01,7788200.0,power
,BE,2024-01-01,15595600.0,power
2709.0,NL,2024-01-01,800.824,power
2704.0,IT,2024-01-01,1919.465,power
2705.0,LT,2024-01-01,7.5,power
2714.0,SI,2024-01-01,15.104,power
2691.0,CY,2024-01-01,0.0,power
2693.0,DE,2024-01-01,1697.0,power
2695.0,EE,2024-01-01,49.34,power
2696.0,ES,2024-01-01,623.422,power
2697.0,EU27_2020,2024-01-01,8161.5,power
,AT,2024-01-01,787300.0,power
2699.0,FR,2024-01-01,308.383,power
2700.0,GR,2024-01-01,292.733,power
2702.0,HU,2024-01-01,298.2,power
2698.0,FI,2024-01-01,55.0,power
2703.0,IE,2024-01-01,256.487,power
,DK,2024-01-02,6914200.0,power
,BE,2024-01-02,16228400.0,power
,CZ,2024-01-02,6942600.0,power
,HR,2024-01-02,6635200.0,power
,AT,2024-01-02,6574200.0,power
,BG,2024-01-02,8189200.0,power
,AT,2024-01-03,6489900.0,power
,BE,2024-01-03,17582600.0,power
,DK,2024-01-03,6113200.0,power
,HR,2024-01-03,6657800.0,power
,CZ,2024-01-03,7000100.0,power
,BG,2024-01-03,7835000.0,power
,CZ,2024-01-04,14721100.0,power
,BG,2024-01-04,7424200.0,power
,BE,2024-01-04,37992700.0,power
,HR,2024-01-04,6439100.0,power
,AT,2024-01-04,24860500.0,power
,DK,2024-01-04,11453500.0,power
,HR,2024-01-05,6763500.0,power
,DK,2024-01-05,12384400.0,power
,CZ,2024-01-05,17559100.0,power
,BG,2024-01-05,7927700.0,power
,BE,2024-01-05,27391500.0,power
,AT,2024-01-05,29946500.0,power
,DK,2024-01-06,12508100.0,power
,AT,2024-01-06,27779600.000000004,power
,BE,2024-01-06,34009300.0,power
,HR,2024-01-06,6773300.0,power
,BG,2024-01-06,8564700.0,power
,CZ,2024-01-06,6691700.0,power
,CZ,2024-01-07,6959000.0,power
,BE,2024-01-07,22236600.0,power
,HR,2024-01-07,6633900.0,power
,AT,2024-01-07,26827000.0,power
,DK,2024-01-07,11745100.0,power
,BG,2024-01-07,7969700.0,power
,AT,2024-01-08,45060500.0,power
,BG,2024-01-08,8678500.0,power
,HR,2024-01-08,8258400.0,power
,BE,2024-01-08,65685399.99999999,power
,DK,2024-01-08,11902300.0,power
,CZ,2024-01-08,20456400.0,power
,BE,2024-01-09,83372500.0,power
,HR,2024-01-09,10490400.0,power
,BG,2024-01-09,8942300.0,power
,AT,2024-01-09,66650100.00000001,power
,DK,2024-01-09,12869300.0,power
,CZ,2024-01-09,22652000.0,power
,BE,2024-01-10,96722200.0,power
,DK,2024-01-10,13575600.0,power
,AT,2024-01-10,65862500.0,power
,BG,2024-01-10,8912000.0,power
,HR,2024-01-10,11709000.0,power
,CZ,2024-01-10,23074800.0,power
,HR,2024-01-11,11640500.0,power
,AT,2024-01-11,64725300.0,power
,DK,2024-01-11,12083400.0,power
,BE,2024-01-11,101092600.0,power
,CZ,2024-01-11,23961600.0,power
,BG,2024-01-11,8949400.0,power
,AT,2024-01-12,65664800.0,power
,HR,2024-01-12,11709300.0,power
,BG,2024-01-12,8879700.0,power
,CZ,2024-01-12,22192600.0,power
,DK,2024-01-12,12058700.0,power
,BE,2024-01-12,99124800.0,power
,BG,2024-01-13,8816300.0,power
,AT,2024-01-13,47784000.0,power
,CZ,2024-01-13,7454000.0,power
,HR,2024-01-13,11680000.0,power
,BE,2024-01-13,59213500.0,power
,DK,2024-01-13,10567900.0,power
,AT,2024-01-14,42527000.0,power
,HR,2024-01-14,11662000.0,power
,DK,2024-01-14,9988600.0,power
,BE,2024-01-14,47018800.0,power
,CZ,2024-01-14,7102500.0,power
,BG,2024-01-14,8764000.0,power
,HR,2024-01-15,11717500.0,power
,BG,2024-01-15,8926500.0,power
,CZ,2024-01-15,7852000.0,power
,AT,2024-01-15,47813100.0,power
,BE,2024-01-15,65368600.0,power
,DK,2024-01-15,10102200.0,power
,CZ,2024-01-16,22042300.0,power
,HR,2024-01-16,11667200.0,power
,BE,2024-01-16,90086000.0,power
,AT,2024-01-16,62341300.0,power
,BG,2024-01-16,9036800.0,power
,DK,2024-01-16,12160600.0,power
,DK,2024-01-17,12489600.0,power
,AT,2024-01-17,62342200.0,power
,BG,2024-01-17,8993500.0,power
,BE,2024-01-17,83494400.0,power
,HR,2024-01-17,11654400.0,power
,CZ,2024-01-17,22231300.0,power
,HR,2024-01-18,11332900.0,power
,DK,2024-01-18,12411100.0,power
,CZ,2024-01-18,20893000.0,power
,BG,2024-01-18,8899000.0,power
,AT,2024-01-18,61078100.0,power
,BE,2024-01-18,83422400.0,power
,CZ,2024-01-19,19166400.0,power
,BE,2024-01-19,75510400.0,power
,BG,2024-01-19,8398500.0,power
,DK,2024-01-19,12419700.0,power
,AT,2024-01-19,49531000.0,power
,HR,2024-01-19,11581900.0,power
,HR,2024-01-20,11606900.0,power
,AT,2024-01-20,45196300.0,power
,DK,2024-01-20,11476300.0,power
,BE,2024-01-20,42756900.0,power
,CZ,2024-01-20,7502300.0,power
,BG,2024-01-20,8259799.999999999,power
,CZ,2024-01-21,7568000.0,power
,BE,2024-01-21,18559600.0,power
,BG,2024-01-21,8310400.0,power
,HR,2024-01-21,11603900.0,power
,AT,2024-01-21,22127900.0,power
,DK,2024-01-21,6231300.0,power
,AT,2024-01-22,30082300.0,power
,HR,2024-01-22,11674200.0,power
,BE,2024-01-22,22210700.0,power
,DK,2024-01-22,5834100.0,power
,BG,2024-01-22,8354600.0,power
,CZ,2024-01-22,20862900.0,power
,BE,2024-01-23,24544100.0,power
,BG,2024-01-23,8517500.0,power
,HR,2024-01-23,11636900.0,power
,CZ,2024-01-23,7799000.0,power
,DK,2024-01-23,6440400.0,power
,AT,2024-01-23,33538500.0,power
,BE,2024-01-24,25863500.0,power
,CZ,2024-01-24,7205600.0,power
,DK,2024-01-24,4947800.0,power
,BG,2024-01-24,8980500.0,power
,HR,2024-01-24,11709500.0,power
,AT,2024-01-24,28170800.0,power
,HR,2024-01-25,11714900.0,power
,CZ,2024-01-25,17700100.0,power
,DK,2024-01-25,9477600.0,power
,BG,2024-01-25,8846900.0,power
,BE,2024-01-25,45088400.0,power
,AT,2024-01-25,27848900.0,power
,DK,2024-01-26,6113700.0,power
,CZ,2024-01-26,7598900.0,power
,BG,2024-01-26,8912200.0,power
,HR,2024-01-26,11710600.0,power
,AT,2024-01-26,30629700.0,power
,BE,2024-01-26,20505000.0,power
,BE,2024-01-27,30993100.000000004,power
,AT,2024-01-27,29389000.0,power
,BG,2024-01-27,8906800.0,power
,HR,2024-01-27,11411900.0,power
,DK,2024-01-27,7846800.0,power
,CZ,2024-01-27,7178700.0,power
,BG,2024-01-28,8454200.0,power
,DK,2024-01-28,5758800.0,power
,AT,2024-01-28,27800700.0,power
,HR,2024-01-28,11522800.0,power
,BE,2024-01-28,21425500.0,power
,CZ,2024-01-28,7053600.0,power
,BE,2024-01-29,34138200.0,power
,AT,2024-01-29,40112500.0,power
,DK,2024-01-29,9280600.0,power
,HR,2024-01-29,11575800.0,power
,CZ,2024-01-29,19531700.0,power
,BG,2024-01-29,9126000.0,power
,DK,2024-01-30,10443700.0,power
,AT,2024-01-30,40751300.0,power
,HR,2024-01-30,11406000.0,power
,BG,2024-01-30,9351600.0,power
,CZ,2024-01-30,13437000.0,power
,BE,2024-01-30,30680400.0,power
,AT,2024-01-31,48422300.0,power
,BE,2024-01-31,33566200.0,power
,HR,2024-01-31,11648200.0,power
,CZ,2024-01-31,23928100.0,power
,DK,2024-01-31,6415500.0,power
,BG,2024-01-31,9459500.0,power
2728.0,GR,2024-02-01,239.888,power
2739.0,PT,2024-02-01,101.239,power
,CZ,2024-02-01,20533300.0,power
2719.0,CY,2024-02-01,0.0,power
,HR,2024-02-01,11654200.0,power
2725.0,EU27_2020,2024-02-01,5887.964,power
2723.0,EE,2024-02-01,21.0,power
2724.0,ES,2024-02-01,417.073,power
2740.0,RO,2024-02-01,180.0,power
,BE,2024-02-01,26746200.0,power
,AT,2024-02-01,47670000.0,power
2721.0,DE,2024-02-01,1220.0,power
2741.0,SE,2024-02-01,13.631,power
2737.0,NL,2024-02-01,547.67,power
2743.0,SK,2024-02-01,64.243,power
2726.0,FI,2024-02-01,30.0,power
2727.0,FR,2024-02-01,126.858,power
2733.0,LT,2024-02-01,19.7,power
2742.0,SI,2024-02-01,13.205,power
,DK,2024-02-01,6311300.0,power
2730.0,HU,2024-02-01,152.3,power
2732.0,IT,2024-02-01,1616.415,power
2734.0,LU,2024-02-01,5.076,power
2735.0,LV,2024-02-01,71.648,power
2736.0,MT,2024-02-01,29.61,power
2738.0,PL,2024-02-01,290.94,power
2731.0,IE,2024-02-01,197.209,power
,BG,2024-02-01,9544700.0,power
,DK,2024-02-02,6381200.0,power
,HR,2024-02-02,11858000.0,power
,CZ,2024-02-02,7625400.0,power
,BE,2024-02-02,27563800.0,power
,AT,2024-02-02,34916800.0,power
,BG,2024-02-02,9413700.0,power
,DK,2024-02-03,5266000.0,power
,BE,2024-02-03,19993300.0,power
,BG,2024-02-03,9155900.0,power
,HR,2024-02-03,11634100.0,power
,AT,2024-02-03,6662900.0,power
,CZ,2024-02-03,6701400.0,power
,CZ,2024-02-04,6425900.0,power
,BE,2024-02-04,19245500.0,power
,DK,2024-02-04,4233700.0,power
,BG,2024-02-04,9080400.0,power
,AT,2024-02-04,995500.0,power
,HR,2024-02-04,11587600.0,power
,CZ,2024-02-05,7138100.0,power
,HR,2024-02-05,11541700.0,power
,BE,2024-02-05,21125800.0,power
,BG,2024-02-05,8442500.0,power
,AT,2024-02-05,9817500.0,power
,DK,2024-02-05,6825300.0,power
,DK,2024-02-06,7298200.0,power
,HR,2024-02-06,11437900.0,power
,BG,2024-02-06,7681400.0,power
,BE,2024-02-06,25861900.0,power
,CZ,2024-02-06,7198200.0,power
,AT,2024-02-06,12175400.0,power
,BG,2024-02-07,8024400.0,power
,CZ,2024-02-07,18218000.0,power
,AT,2024-02-07,22697400.0,power
,BE,2024-02-07,40659600.0,power
,HR,2024-02-07,11416200.0,power
,DK,2024-02-07,9760000.0,power
,CZ,2024-02-08,20330200.0,power
,DK,2024-02-08,11365100.0,power
,HR,2024-02-08,11328900.0,power
,BG,2024-02-08,8101200.0,power
,BE,2024-02-08,30876100.0,power
,AT,2024-02-08,26783600.0,power
,DK,2024-02-09,10014700.0,power
,BE,2024-02-09,21656800.0,power
,CZ,2024-02-09,7319900.0,power
,HR,2024-02-09,11338100.0,power
,AT,2024-02-09,16109700.0,power
,BG,2024-02-09,8050300.0,power
,AT,2024-02-10,8306700.000000001,power
,BE,2024-02-10,29857900.0,power
,BG,2024-02-10,8052400.0,power
,CZ,2024-02-10,6482000.0,power
,HR,2024-02-10,9395100.0,power
,DK,2024-02-10,9331600.0,power
,AT,2024-02-11,11861700.0,power
,BG,2024-02-11,7858200.0,power
,HR,2024-02-11,8797400.0,power
,CZ,2024-02-11,6355600.0,power
,BE,2024-02-11,27845600.0,power
,DK,2024-02-11,8333299.999999999,power
,AT,2024-02-12,33124900.0,power
,BE,2024-02-12,37238100.0,power
,HR,2024-02-12,9635500.0,power
,DK,2024-02-12,10934300.0,power
,CZ,2024-02-12,7157900.0,power
,BG,2024-02-12,8070000.0,power
,BG,2024-02-13,8151400.0,power
,AT,2024-02-13,34339200.0,power
,BE,2024-02-13,33874200.0,power
,HR,2024-02-13,9746300.0,power
,DK,2024-02-13,9025100.0,power
,CZ,2024-02-13,7302000.0,power
,BG,2024-02-14,8225600.0,power
,HR,2024-02-14,9908900.0,power
,CZ,2024-02-14,7250700.0,power
,BE,2024-02-14,38605700.0,power
,AT,2024-02-14,34357300.0,power
,DK,2024-02-14,7643600.0,power
,CZ,2024-02-15,7198400.0,power
,BE,2024-02-15,32522600.0,power
,HR,2024-02-15,9662300.0,power
,DK,2024-02-15,8111800.0,power
,AT,2024-02-15,34283800.0,power
,BG,2024-02-15,8256700.000000001,power
,CZ,2024-02-16,7236700.0,power
,BE,2024-02-16,22528400.0,power
,HR,2024-02-16,9314300.0,power
,AT,2024-02-16,15350700.0,power
,DK,2024-02-16,5584200.0,power
,BG,2024-02-16,8248600.0,power
,CZ,2024-02-17,6767300.0,power
,DK,2024-02-17,6245700.0,power
,HR,2024-02-17,8645000.0,power
,AT,2024-02-17,15749600.0,power
,BE,2024-02-17,29351100.0,power
,BG,2024-02-17,8244200.000000001,power
,CZ,2024-02-18,6593400.0,power
,BG,2024-02-18,8211400.0,power
,HR,2024-02-18,9100400.0,power
,AT,2024-02-18,13028800.0,power
,DK,2024-02-18,5492100.0,power
,BE,2024-02-18,25288500.0,power
,BG,2024-02-19,8194100.0,power
,HR,2024-02-19,6525800.0,power
,AT,2024-02-19,17865100.0,power
,BE,2024-02-19,25763700.0,power
,DK,2024-02-19,8316100.0,power
,CZ,2024-02-19,7262200.0,power
,HR,2024-02-20,5325000.0,power
,BE,2024-02-20,26676600.0,power
,CZ,2024-02-20,7315400.0,power
,BG,2024-02-20,8496900.0,power
,DK,2024-02-20,7005000.0,power
,AT,2024-02-20,17361100.0,power
,BE,2024-02-21,21053600.0,power
,BG,2024-02-21,8769700.0,power
,CZ,2024-02-21,7227300.0,power
,HR,2024-02-21,7925700.0,power
,AT,2024-02-21,22773200.0,power
,DK,2024-02-21,6119500.0,power
,AT,2024-02-22,15160200.0,power
,DK,2024-02-22,5606300.0,power
,HR,2024-02-22,8970700.0,power
,BE,2024-02-22,25702600.0,power
,CZ,2024-02-22,7211900.0,power
,BG,2024-02-22,8650900.0,power
,HR,2024-02-23,9729200.0,power
,BE,2024-02-23,23783600.0,power
,DK,2024-02-23,5420200.0,power
,BG,2024-02-23,8558800.0,power
,AT,2024-02-23,21772600.0,power
,CZ,2024-02-23,7084300.0,power
,AT,2024-02-24,16722500.0,power
,BG,2024-02-24,8169300.0,power
,CZ,2024-02-24,6733300.0,power
,DK,2024-02-24,7161900.0,power
,HR,2024-02-24,9738300.0,power
,BE,2024-02-24,23672600.0,power
,BG,2024-02-25,7606400.0,power
,DK,2024-02-25,6654000.0,power
,HR,2024-02-25,10715400.0,power
,BE,2024-02-25,31233500.0,power
,CZ,2024-02-25,5760900.0,power
,AT,2024-02-25,17467200.0,power
,DK,2024-02-26,7149100.0,power
,CZ,2024-02-26,7165000.0,power
,HR,2024-02-26,11039000.0,power
,BG,2024-02-26,8195799.999999999,power
,AT,2024-02-26,31814000.0,power
,BE,2024-02-26,39051600.0,power
,BE,2024-02-27,64735600.0,power
,CZ,2024-02-27,10220200.0,power
,DK,2024-02-27,8241700.000000001,power
,BG,2024-02-27,8110100.0,power
,AT,2024-02-27,37131500.0,power
,HR,2024-02-27,11017900.0,power
,AT,2024-02-28,36061900.0,power
,BE,2024-02-28,58698000.0,power
,BG,2024-02-28,8042800.0,power
,HR,2024-02-28,11038700.0,power
,DK,2024-02-28,8318200.000000001,power
,CZ,2024-02-28,11187600.0,power
,BE,2024-02-29,27515600.0,power
,AT,2024-02-29,29598400.0,power
,BG,2024-02-29,7946600.0,power
,DK,2024-02-29,6413100.0,power
,HR,2024-02-29,11039000.0,power
,CZ,2024-02-29,7036000.0,power
2765.0,NL,2024-03-01,597.09,power
2751.0,EE,2024-03-01,14.5,power
2749.0,DE,2024-03-01,1237.0,power
2747.0,CY,2024-03-01,0.0,power
,CZ,2024-03-01,13042500.0,power
,HR,2024-03-01,10924800.0,power
2752.0,ES,2024-03-01,426.87,power
2771.0,SK,2024-03-01,67.353,power
,AT,2024-03-01,28250200.0,power
,DK,2024-03-01,9119200.0,power
,BG,2024-03-01,7849000.0,power
,BE,2024-03-01,31079000.0,power
2753.0,EU27_2020,2024-03-01,5866.596,power
2770.0,SI,2024-03-01,14.324,power
2758.0,HU,2024-03-01,161.8,power
2756.0,GR,2024-03-01,290.732,power
2768.0,RO,2024-03-01,175.0,power
2769.0,SE,2024-03-01,12.233,power
2766.0,PL,2024-03-01,289.523,power
2754.0,FI,2024-03-01,36.0,power
2763.0,LV,2024-03-01,47.26,power
2767.0,PT,2024-03-01,108.947,power
2755.0,FR,2024-03-01,133.843,power
2762.0,LU,2024-03-01,4.893,power
2761.0,LT,2024-03-01,13.3,power
2760.0,IT,2024-03-01,1457.8,power
2759.0,IE,2024-03-01,209.356,power
2764.0,MT,2024-03-01,28.531,power
,BE,2024-03-02,28946900.0,power
,CZ,2024-03-02,6401500.0,power
,AT,2024-03-02,7373200.0,power
,DK,2024-03-02,8700700.0,power
,BG,2024-03-02,7904700.0,power
,HR,2024-03-02,9196400.0,power
,CZ,2024-03-03,6243200.0,power
,BE,2024-03-03,30532400.0,power
,AT,2024-03-03,6175200.0,power
,HR,2024-03-03,8830900.0,power
,DK,2024-03-03,7471600.0,power
,BG,2024-03-03,8084900.0,power
,BG,2024-03-04,8200000.0,power
,HR,2024-03-04,9608700.0,power
,CZ,2024-03-04,6931100.0,power
,DK,2024-03-04,8569500.0,power
,BE,2024-03-04,66258100.00000001,power
,AT,2024-03-04,31255400.0,power
,BG,2024-03-05,8258700.000000001,power
,CZ,2024-03-05,9803400.0,power
,HR,2024-03-05,9963600.0,power
,DK,2024-03-05,8559500.0,power
,AT,2024-03-05,31810700.0,power
,BE,2024-03-05,82400100.0,power
,DK,2024-03-06,10139600.0,power
,AT,2024-03-06,30039100.000000004,power
,HR,2024-03-06,9958400.0,power
,CZ,2024-03-06,11505700.0,power
,BG,2024-03-06,7920100.0,power
,BE,2024-03-06,78896800.0,power
,AT,2024-03-07,21831500.0,power
,BE,2024-03-07,34072300.0,power
,BG,2024-03-07,8123300.0,power
,CZ,2024-03-07,11267800.0,power
,HR,2024-03-07,9956400.0,power
,DK,2024-03-07,8851600.0,power
,AT,2024-03-08,25061800.0,power
,BG,2024-03-08,8259200.000000001,power
,BE,2024-03-08,16017600.0,power
,HR,2024-03-08,9900100.0,power
,CZ,2024-03-08,7239700.0,power
,DK,2024-03-08,8014200.0,power
,CZ,2024-03-09,6487000.0,power
,HR,2024-03-09,9949100.0,power
,AT,2024-03-09,6353800.0,power
,BE,2024-03-09,18708200.0,power
,BG,2024-03-09,8180700.0,power
,DK,2024-03-09,6769800.0,power
,AT,2024-03-10,5588700.0,power
,DK,2024-03-10,7375900.0,power
,BG,2024-03-10,8065100.0,power
,CZ,2024-03-10,6274000.0,power
,HR,2024-03-10,8814400.0,power
,BE,2024-03-10,29815300.0,power
,HR,2024-03-11,9951200.0,power
,AT,2024-03-11,18444200.0,power
,CZ,2024-03-11,6794400.0,power
,BE,2024-03-11,47016400.0,power
,BG,2024-03-11,7967500.0,power
,DK,2024-03-11,9408700.0,power
,DK,2024-03-12,9560000.0,power
,AT,2024-03-12,30665700.0,power
,HR,2024-03-12,9884199.999999998,power
,CZ,2024-03-12,13434000.0,power
,BE,2024-03-12,51818700.0,power
,BG,2024-03-12,7926300.0,power
,BG,2024-03-13,7978400.0,power
,CZ,2024-03-13,17636100.0,power
,BE,2024-03-13,29426600.0,power
,AT,2024-03-13,30915600.0,power
,DK,2024-03-13,8325200.000000001,power
,HR,2024-03-13,10009800.0,power
,HR,2024-03-14,9981100.0,power
,BG,2024-03-14,8020300.0,power
,AT,2024-03-14,23829000.0,power
,DK,2024-03-14,6715100.0,power
,CZ,2024-03-14,14991000.0,power
,BE,2024-03-14,26355600.000000004,power
,AT,2024-03-15,10470000.0,power
,BE,2024-03-15,18883800.0,power
,HR,2024-03-15,9887700.0,power
,CZ,2024-03-15,6699400.0,power
,BG,2024-03-15,7686300.0,power
,DK,2024-03-15,6543000.0,power
,CZ,2024-03-16,6113900.0,power
,BG,2024-03-16,7200000.0,power
,AT,2024-03-16,6266400.0,power
,BE,2024-03-16,30179700.0,power
,DK,2024-03-16,5410400.0,power
,HR,2024-03-16,7843100.0,power
,HR,2024-03-17,7827600.0,power
,BE,2024-03-17,25350500.0,power
,DK,2024-03-17,6656400.0,power
,BG,2024-03-17,7206100.0,power
,AT,2024-03-17,7489400.0,power
,CZ,2024-03-17,6179900.0,power
,BG,2024-03-18,7343500.0,power
,BE,2024-03-18,33468600.0,power
,AT,2024-03-18,30704500.0,power
,DK,2024-03-18,9531400.0,power
,HR,2024-03-18,9095000.0,power
,CZ,2024-03-18,19601700.0,power
,DK,2024-03-19,8341600.0,power
,HR,2024-03-19,9891600.0,power
,BE,2024-03-19,42138600.0,power
,CZ,2024-03-19,13273000.0,power
,BG,2024-03-19,7520300.0,power
,AT,2024-03-19,29837300.0,power
,BG,2024-03-20,7325100.0,power
,HR,2024-03-20,9970300.0,power
,BE,2024-03-20,45940600.0,power
,CZ,2024-03-20,16246400.0,power
,AT,2024-03-20,29924600.0,power
,DK,2024-03-20,7856800.0,power
,CZ,2024-03-21,7166600.0,power
,AT,2024-03-21,21139900.0,power
,DK,2024-03-21,6642300.0,power
,BG,2024-03-21,6649700.0,power
,HR,2024-03-21,9809200.0,power
,BE,2024-03-21,29284700.0,power
,DK,2024-03-22,4691500.0,power
,BE,2024-03-22,20568000.0,power
,CZ,2024-03-22,11594300.0,power
,BG,2024-03-22,6478300.0,power
,HR,2024-03-22,9965700.0,power
,AT,2024-03-22,9128300.0,power
,BE,2024-03-23,20763100.0,power
,HR,2024-03-23,10045300.0,power
,CZ,2024-03-23,6343500.0,power
,BG,2024-03-23,5690000.0,power
,DK,2024-03-23,4123200.0,power
,AT,2024-03-23,2140800.0,power
,AT,2024-03-24,316300.0,power
,HR,2024-03-24,9066500.0,power
,BG,2024-03-24,5241900.0,power
,DK,2024-03-24,4347500.0,power
,CZ,2024-03-24,6348500.0,power
,BE,2024-03-24,18237400.0,power
,BG,2024-03-25,6355700.0,power
,DK,2024-03-25,8423300.0,power
,HR,2024-03-25,8712400.0,power
,CZ,2024-03-25,13043400.0,power
,AT,2024-03-25,25352100.0,power
,BE,2024-03-25,30854600.000000004,power
,BE,2024-03-26,29821600.0,power
,HR,2024-03-26,9315400.0,power
,CZ,2024-03-26,6899900.000000001,power
,BG,2024-03-26,7157200.0,power
,AT,2024-03-26,11036500.0,power
,DK,2024-03-26,6422000.0,power
,CZ,2024-03-27,12539800.0,power
,DK,2024-03-27,7160900.0,power
,AT,2024-03-27,5542100.0,power
,BG,2024-03-27,6875400.0,power
,BE,2024-03-27,20155900.0,power
,HR,2024-03-27,9949900.0,power
,BG,2024-03-28,6803600.0,power
,HR,2024-03-28,10064800.0,power
,BE,2024-03-28,17912400.0,power
,CZ,2024-03-28,6731200.0,power
,AT,2024-03-28,5266100.0,power
,DK,2024-03-28,5681800.0,power
,DK,2024-03-29,4705700.0,power
,AT,2024-03-29,304300.0,power
,CZ,2024-03-29,6114200.0,power
,HR,2024-03-29,9534200.0,power
,BG,2024-03-29,6446000.0,power
,BE,2024-03-29,19147500.0,power
,DK,2024-03-30,5384700.0,power
,HR,2024-03-30,6411600.0,power
,AT,2024-03-30,228200.00000000003,power
,BG,2024-03-30,5934800.0,power
,CZ,2024-03-30,5056800.0,power
,BE,2024-03-30,26308800.0,power
,AT,2024-03-31,215000.0,power
,DK,2024-03-31,5765900.0,power
,BE,2024-03-31,21712100.0,power
,HR,2024-03-31,6441200.0,power
,CZ,2024-03-31,5021300.0,power
,BG,2024-03-31,5332800.0,power
2787.0,IE,2024-04-01,214.666,power
2786.0,HU,2024-04-01,139.2,power
2784.0,GR,2024-04-01,249.168,power
2783.0,FR,2024-04-01,41.804,power
2797.0,SE,2024-04-01,11.362,power
,DK,2024-04-01,4138300.0,power
2781.0,EU27_2020,2024-04-01,4462.98,power
,CZ,2024-04-01,4575800.0,power
2788.0,IT,2024-04-01,1174.044,power
,BG,2024-04-01,5150000.0,power
2782.0,FI,2024-04-01,15.0,power
,BE,2024-04-01,18768400.0,power
2789.0,LT,2024-04-01,9.1,power
,AT,2024-04-01,225000.0,power
2791.0,LV,2024-04-01,15.204,power
2799.0,SK,2024-04-01,58.84,power
2780.0,ES,2024-04-01,399.285,power
2790.0,LU,2024-04-01,3.719,power
2777.0,DE,2024-04-01,963.0,power
2775.0,CY,2024-04-01,0.0,power
2779.0,EE,2024-04-01,15.0,power
,HR,2024-04-01,6389200.0,power
2795.0,PT,2024-04-01,51.957,power
2796.0,RO,2024-04-01,58.0,power
2794.0,PL,2024-04-01,223.717,power
2793.0,NL,2024-04-01,435.361,power
2792.0,MT,2024-04-01,22.73,power
2798.0,SI,2024-04-01,12.038,power
,HR,2024-04-02,6485500.0,power
,BG,2024-04-02,4923900.0,power
,CZ,2024-04-02,4775700.0,power
,DK,2024-04-02,5724400.0,power
,AT,2024-04-02,2974900.0,power
,BE,2024-04-02,18956300.0,power
,BG,2024-04-03,5206200.0,power
,CZ,2024-04-03,11673300.0,power
,HR,2024-04-03,6430200.0,power
,DK,2024-04-03,7075400.0,power
,BE,2024-04-03,19340000.0,power
,AT,2024-04-03,10115500.0,power
,DK,2024-04-04,6275800.0,power
,CZ,2024-04-04,4789800.0,power
,HR,2024-04-04,6461700.0,power
,AT,2024-04-04,6436100.0,power
,BE,2024-04-04,17651600.0,power
,BG,2024-04-04,5098100.0,power
,BE,2024-04-05,16763500.0,power
,CZ,2024-04-05,4193900.0,power
,DK,2024-04-05,4922800.0,power
,BG,2024-04-05,5077300.0,power
,AT,2024-04-05,5413800.0,power
,HR,2024-04-05,6521700.0,power
,BE,2024-04-06,16590200.0,power
,HR,2024-04-06,6428700.0,power
,AT,2024-04-06,5100.000000000001,power
,BG,2024-04-06,5044800.0,power
,CZ,2024-04-06,3859700.0,power
,DK,2024-04-06,3885400.0,power
,AT,2024-04-07,2400.0000000000005,power
,HR,2024-04-07,6442000.0,power
,DK,2024-04-07,3052900.0,power
,BG,2024-04-07,5079900.0,power
,CZ,2024-04-07,3887300.0,power
,BE,2024-04-07,18781100.0,power
,DK,2024-04-08,4371400.0,power
,BG,2024-04-08,4975600.0,power
,HR,2024-04-08,6540600.0,power
,BE,2024-04-08,42062800.0,power
,CZ,2024-04-08,13337100.0,power
,AT,2024-04-08,3700.0,power
,DK,2024-04-09,3712200.0,power
,BG,2024-04-09,5146800.0,power
,HR,2024-04-09,7054900.0,power
,CZ,2024-04-09,3871900.0,power
,AT,2024-04-09,160200.0,power
,BE,2024-04-09,22964200.0,power
,DK,2024-04-10,3622000.0,power
,HR,2024-04-10,7076300.0,power
,CZ,2024-04-10,8910699.999999998,power
,AT,2024-04-10,402000.0,power
,BG,2024-04-10,5197400.0,power
,BE,2024-04-10,21210300.0,power
,DK,2024-04-11,3496700.0,power
,AT,2024-04-11,3820100.0,power
,CZ,2024-04-11,8301299.999999999,power
,BE,2024-04-11,28335600.0,power
,HR,2024-04-11,6866200.0,power
,BG,2024-04-11,4957100.0,power
,CZ,2024-04-12,7175200.0,power
,DK,2024-04-12,3780500.0,power
,BE,2024-04-12,22665000.0,power
,HR,2024-04-12,6938200.0,power
,AT,2024-04-12,2311200.0,power
,BG,2024-04-12,5068200.0,power
,HR,2024-04-13,6864000.0,power
,AT,2024-04-13,3000.0,power
,DK,2024-04-13,2862400.0,power
,BG,2024-04-13,4470000.0,power
,CZ,2024-04-13,3820600.0,power
,BE,2024-04-13,15904400.0,power
,DK,2024-04-14,3494800.0,power
,HR,2024-04-14,6761200.0,power
,AT,2024-04-14,3300.0000000000005,power
,CZ,2024-04-14,4247200.0,power
,BG,2024-04-14,4493100.0,power
,BE,2024-04-14,17291500.0,power
,DK,2024-04-15,5347800.0,power
,CZ,2024-04-15,10217500.0,power
,BG,2024-04-15,4562600.0,power
,HR,2024-04-15,6747500.0,power
,BE,2024-04-15,20368700.0,power
,AT,2024-04-15,158300.0,power
,AT,2024-04-16,4342400.0,power
,BG,2024-04-16,4363200.0,power
,DK,2024-04-16,5550700.0,power
,CZ,2024-04-16,8243200.000000001,power
,HR,2024-04-16,6900000.0,power
,BE,2024-04-16,28338500.0,power
,HR,2024-04-17,6956600.0,power
,DK,2024-04-17,6692700.0,power
,BG,2024-04-17,4340700.0,power
,AT,2024-04-17,9841100.0,power
,BE,2024-04-17,47027100.0,power
,CZ,2024-04-17,8769200.0,power
,HR,2024-04-18,6895100.0,power
,DK,2024-04-18,6898100.0,power
,CZ,2024-04-18,12177200.0,power
,AT,2024-04-18,10810400.0,power
,BE,2024-04-18,39630800.0,power
,BG,2024-04-18,4415500.0,power
,HR,2024-04-19,6790100.0,power
,BE,2024-04-19,21759900.0,power
,CZ,2024-04-19,3685600.0,power
,AT,2024-04-19,7092400.0,power
,BG,2024-04-19,4351800.0,power
,DK,2024-04-19,4396400.0,power
,BE,2024-04-20,19575000.0,power
,DK,2024-04-20,6052900.0,power
,CZ,2024-04-20,3603900.0,power
,AT,2024-04-20,7291500.0,power
,HR,2024-04-20,6427200.0,power
,BG,2024-04-20,4166100.000000001,power
,HR,2024-04-21,6360300.0,power
,DK,2024-04-21,4977700.0,power
,CZ,2024-04-21,3547300.0,power
,BG,2024-04-21,3854600.0,power
,AT,2024-04-21,7087800.0,power
,BE,2024-04-21,18005300.0,power
,DK,2024-04-22,7890000.0,power
,AT,2024-04-22,16660599.999999998,power
,BE,2024-04-22,30637000.0,power
,HR,2024-04-22,6644700.0,power
,BG,2024-04-22,4470900.0,power
,CZ,2024-04-22,13586100.0,power
,HR,2024-04-23,6550400.0,power
,BG,2024-04-23,4876700.0,power
,AT,2024-04-23,25909000.0,power
,CZ,2024-04-23,13421900.0,power
,BE,2024-04-23,40885400.0,power
,DK,2024-04-23,6688200.0,power
,BG,2024-04-24,4929900.0,power
,AT,2024-04-24,26895600.0,power
,HR,2024-04-24,6616900.0,power
,CZ,2024-04-24,13827500.0,power
,DK,2024-04-24,6952800.0,power
,BE,2024-04-24,24765600.0,power
,DK,2024-04-25,7623400.0,power
,AT,2024-04-25,26402300.0,power
,BE,2024-04-25,36825100.0,power
,HR,2024-04-25,6608900.0,power
,BG,2024-04-25,4906700.0,power
,CZ,2024-04-25,12455800.0,power
,BE,2024-04-26,35306000.0,power
,CZ,2024-04-26,8598700.0,power
,BG,2024-04-26,4713400.0,power
,AT,2024-04-26,17331200.0,power
,HR,2024-04-26,6454300.0,power
,DK,2024-04-26,7212800.0,power
,AT,2024-04-27,6470400.0,power
,BE,2024-04-27,19080300.0,power
,BG,2024-04-27,4229800.0,power
,CZ,2024-04-27,3673500.0,power
,DK,2024-04-27,4950300.0,power
,HR,2024-04-27,6423600.0,power
,DK,2024-04-28,3396200.0,power
,HR,2024-04-28,6438700.0,power
,CZ,2024-04-28,3704500.0,power
,BG,2024-04-28,4192800.0,power
,BE,2024-04-28,19077400.0,power
,AT,2024-04-28,1329300.0,power
,HR,2024-04-29,6459800.0,power
,CZ,2024-04-29,11261200.0,power
,AT,2024-04-29,4143600.000000001,power
,BG,2024-04-29,4183700.0,power
,DK,2024-04-29,4982400.0,power
,BE,2024-04-29,31996600.0,power
,BG,2024-04-30,4177600.000000001,power
,HR,2024-04-30,6522500.0,power
,CZ,2024-04-30,8009200.0,power
,AT,2024-04-30,2274600.0,power
,BE,2024-04-30,26920200.0,power
,DK,2024-04-30,3683900.0,power
,CZ,2024-05-01,3289500.0,power
2805.0,DE,2024-05-01,762.0,power
2803.0,CY,2024-05-01,0.0,power
,BG,2024-05-01,4277500.0,power
2819.0,LV,2024-05-01,2.495,power
2807.0,EE,2024-05-01,7.0,power
2825.0,SE,2024-05-01,9.735,power
,BE,2024-05-01,18463800.0,power
,DK,2024-05-01,2762200.0,power
,AT,2024-05-01,100.0,power
2827.0,SK,2024-05-01,36.182,power
2826.0,SI,2024-05-01,14.891,power
2808.0,ES,2024-05-01,381.505,power
,HR,2024-05-01,6588300.0,power
2810.0,FI,2024-05-01,4.0,power
2809.0,EU27_2020,2024-05-01,4111.936,power
2824.0,RO,2024-05-01,44.0,power
2823.0,PT,2024-05-01,41.756,power
2822.0,PL,2024-05-01,147.791,power
2821.0,NL,2024-05-01,479.85,power
2817.0,LT,2024-05-01,4.7,power
2820.0,MT,2024-05-01,27.348,power
2816.0,IT,2024-05-01,1146.274,power
2815.0,IE,2024-05-01,263.039,power
2814.0,HU,2024-05-01,125.3,power
2812.0,GR,2024-05-01,329.244,power
2811.0,FR,2024-05-01,6.838,power
2818.0,LU,2024-05-01,2.91,power
,CZ,2024-05-02,3390900.0,power
,BG,2024-05-02,4245500.0,power
,AT,2024-05-02,0.0,power
,BE,2024-05-02,19902100.0,power
,DK,2024-05-02,2636000.0,power
,HR,2024-05-02,6433700.0,power
,DK,2024-05-03,3802800.0,power
,HR,2024-05-03,6628600.0,power
,AT,2024-05-03,0.0,power
,CZ,2024-05-03,3426100.0,power
,BE,2024-05-03,25088600.0,power
,BG,2024-05-03,4132700.0,power
,HR,2024-05-04,6444200.0,power
,CZ,2024-05-04,3353000.0,power
,BG,2024-05-04,4100400.0,power
,BE,2024-05-04,28428500.0,power
,AT,2024-05-04,0.0,power
,DK,2024-05-04,3688500.0,power
,HR,2024-05-05,6427800.0,power
,BE,2024-05-05,25599100.0,power
,AT,2024-05-05,0.0,power
,BG,2024-05-05,4057600.0,power
,DK,2024-05-05,3525200.0,power
,CZ,2024-05-05,3283500.0,power
,CZ,2024-05-06,7021700.0,power
,AT,2024-05-06,0.0,power
,BE,2024-05-06,37621700.0,power
,HR,2024-05-06,6375200.0,power
,BG,2024-05-06,4091000.0,power
,DK,2024-05-06,5250800.0,power
,DK,2024-05-07,4841700.0,power
,BG,2024-05-07,4270900.0,power
,BE,2024-05-07,26594300.0,power
,HR,2024-05-07,6436000.0,power
,CZ,2024-05-07,12880100.0,power
,AT,2024-05-07,139400.0,power
,HR,2024-05-08,6439400.000000001,power
,BG,2024-05-08,4256600.0,power
,AT,2024-05-08,377700.0,power
,CZ,2024-05-08,10638800.0,power
,BE,2024-05-08,30881200.0,power
,DK,2024-05-08,4087400.0,power
,AT,2024-05-09,143400.0,power
,DK,2024-05-09,3555300.0,power
,BG,2024-05-09,4347200.0,power
,BE,2024-05-09,16804600.0,power
,CZ,2024-05-09,7635800.0,power
,HR,2024-05-09,6291400.000000001,power
,BG,2024-05-10,4278400.0,power
,DK,2024-05-10,3916700.0,power
,AT,2024-05-10,0.0,power
,BE,2024-05-10,15652000.0,power
,CZ,2024-05-10,7573800.0,power
,HR,2024-05-10,6057000.0,power
,AT,2024-05-11,0.0,power
,CZ,2024-05-11,3257700.0,power
,BE,2024-05-11,15759600.0,power
,BG,2024-05-11,4253300.0,power
,DK,2024-05-11,3193900.0,power
,HR,2024-05-11,4410400.0,power
,AT,2024-05-12,0.0,power
,CZ,2024-05-12,2680900.0,power
,BG,2024-05-12,4237100.0,power
,BE,2024-05-12,17194700.0,power
,DK,2024-05-12,3024000.0,power
,HR,2024-05-12,4415100.0,power
,BG,2024-05-13,4295400.0,power
,BE,2024-05-13,18798900.0,power
,CZ,2024-05-13,2667800.0,power
,DK,2024-05-13,3287900.0,power
,AT,2024-05-13,0.0,power
,HR,2024-05-13,4582100.0,power
,HR,2024-05-14,4568600.0,power
,BE,2024-05-14,18569700.0,power
,BG,2024-05-14,4426500.0,power
,AT,2024-05-14,700.0000000000001,power
,DK,2024-05-14,2622400.0,power
,CZ,2024-05-14,2667800.0,power
,CZ,2024-05-15,3075600.0,power
,DK,2024-05-15,2680800.0,power
,BG,2024-05-15,4567300.0,power
,AT,2024-05-15,0.0,power
,HR,2024-05-15,4530500.0,power
,BE,2024-05-15,22490700.0,power
,HR,2024-05-16,5647600.0,power
,BE,2024-05-16,24632800.0,power
,CZ,2024-05-16,3197200.0,power
,AT,2024-05-16,1400.0000000000002,power
,BG,2024-05-16,4674300.0,power
,DK,2024-05-16,2229600.0,power
,AT,2024-05-17,221600.0,power
,DK,2024-05-17,2065600.0,power
,BE,2024-05-17,28260100.0,power
,BG,2024-05-17,4669200.0,power
,CZ,2024-05-17,3325900.0,power
,HR,2024-05-17,6432400.0,power
,CZ,2024-05-18,8878800.0,power
,HR,2024-05-18,6435100.0,power
,AT,2024-05-18,3900.000000000001,power
,BG,2024-05-18,4306700.0,power
,DK,2024-05-18,2807400.0,power
,BE,2024-05-18,19780300.0,power
,BG,2024-05-19,4257200.0,power
,BE,2024-05-19,20893400.0,power
,CZ,2024-05-19,7187600.0,power
,AT,2024-05-19,4600.000000000001,power
,DK,2024-05-19,2252000.0,power
,HR,2024-05-19,6439900.0,power
,DK,2024-05-20,2022100.0,power
,BG,2024-05-20,4144800.0,power
,CZ,2024-05-20,6978500.0,power
,HR,2024-05-20,6561200.0,power
,BE,2024-05-20,20580000.0,power
,AT,2024-05-20,3400.0000000000005,power
,BE,2024-05-21,27295000.0,power
,CZ,2024-05-21,6939600.0,power
,DK,2024-05-21,2131400.0,power
,AT,2024-05-21,10177500.0,power
,HR,2024-05-21,6388800.0,power
,BG,2024-05-21,3905500.0,power
,DK,2024-05-22,2399800.0,power
,HR,2024-05-22,6519900.0,power
,CZ,2024-05-22,7675300.0,power
,BE,2024-05-22,22722900.0,power
,BG,2024-05-22,3370200.0,power
,AT,2024-05-22,5800.000000000001,power
,DK,2024-05-23,2545500.0,power
,CZ,2024-05-23,11065700.0,power
,AT,2024-05-23,5200.0,power
,HR,2024-05-23,6465300.0,power
,BE,2024-05-23,27069200.0,power
,BG,2024-05-23,3406300.0,power
,BG,2024-05-24,3321500.0,power
,AT,2024-05-24,5500.0,power
,HR,2024-05-24,6527500.0,power
,CZ,2024-05-24,10632600.0,power
,DK,2024-05-24,2317100.0,power
,BE,2024-05-24,34097800.0,power
,HR,2024-05-25,6431000.0,power
,BE,2024-05-25,21069300.0,power
,AT,2024-05-25,4700.0,power
,DK,2024-05-25,2183600.0,power
,CZ,2024-05-25,8442200.0,power
,BG,2024-05-25,3317700.0,power
,CZ,2024-05-26,3265700.0,power
,AT,2024-05-26,4400.0,power
,BG,2024-05-26,3293200.0,power
,DK,2024-05-26,1939600.0,power
,BE,2024-05-26,21826900.0,power
,HR,2024-05-26,6266200.0,power
,DK,2024-05-27,2726200.0,power
,HR,2024-05-27,6421200.0,power
,BG,2024-05-27,3692400.0,power
,AT,2024-05-27,166500.0,power
,CZ,2024-05-27,8428700.0,power
,BE,2024-05-27,25389600.0,power
,BE,2024-05-28,23387000.0,power
,CZ,2024-05-28,10249500.0,power
,AT,2024-05-28,279200.0,power
,DK,2024-05-28,2663400.0,power
,HR,2024-05-28,6513400.0,power
,BG,2024-05-28,3951800.0,power
,HR,2024-05-29,6077300.0,power
,DK,2024-05-29,2857700.0,power
,BE,2024-05-29,19913900.0,power
,BG,2024-05-29,4106100.000000001,power
,CZ,2024-05-29,8828100.0,power
,AT,2024-05-29,121700.0,power
,BG,2024-05-30,3979000.0,power
,CZ,2024-05-30,7749900.0,power
,BE,2024-05-30,23231000.0,power
,HR,2024-05-30,6523900.0,power
,AT,2024-05-30,4700.0,power
,DK,2024-05-30,2277800.0,power
,HR,2024-05-31,6345200.0,power
,AT,2024-05-31,134700.0,power
,DK,2024-05-31,2134900.0,power
,BG,2024-05-31,4410600.0,power
,BE,2024-05-31,24354900.0,power
,CZ,2024-05-31,10852600.0,power
2833.0,DE,2024-06-01,636.0,power
2852.0,RO,2024-06-01,36.0,power
2853.0,SE,2024-06-01,6.362,power
2854.0,SI,2024-06-01,10.742,power
,BG,2024-06-01,4428700.0,power
,CZ,2024-06-01,3286900.0,power
,DK,2024-06-01,1680400.0,power
,BE,2024-06-01,19058100.0,power
2855.0,SK,2024-06-01,37.41,power
,HR,2024-06-01,4088500.0,power
,AT,2024-06-01,6700.0,power
2850.0,PL,2024-06-01,193.86,power
2849.0,NL,2024-06-01,484.971,power
2831.0,CY,2024-06-01,0.0,power
2835.0,EE,2024-06-01,6.0,power
2851.0,PT,2024-06-01,47.82,power
2847.0,LV,2024-06-01,2.001,power
2846.0,LU,2024-06-01,1.679,power
2845.0,LT,2024-06-01,8.0,power
2844.0,IT,2024-06-01,1401.054,power
2848.0,MT,2024-06-01,31.568,power
2842.0,HU,2024-06-01,114.4,power
2840.0,GR,2024-06-01,393.343,power
2839.0,FR,2024-06-01,17.938,power
2838.0,FI,2024-06-01,5.0,power
2837.0,EU27_2020,2024-06-01,4342.455,power
2836.0,ES,2024-06-01,402.284,power
2843.0,IE,2024-06-01,213.445,power
,AT,2024-06-02,15600.000000000002,power
,BE,2024-06-02,20901700.0,power
,BG,2024-06-02,4329200.0,power
,CZ,2024-06-02,3258000.0,power
,DK,2024-06-02,1685100.0,power
,HR,2024-06-02,4133800.0,power
,BE,2024-06-03,47847800.0,power
,AT,2024-06-03,9531700.0,power
,DK,2024-06-03,2104600.0,power
,HR,2024-06-03,4306300.0,power
,CZ,2024-06-03,14312800.0,power
,BG,2024-06-03,4423100.0,power
,DK,2024-06-04,2180300.0,power
,BG,2024-06-04,4490200.0,power
,CZ,2024-06-04,15680900.0,power
,BE,2024-06-04,40561700.0,power
,AT,2024-06-04,6230800.0,power
,HR,2024-06-04,4208300.0,power
,BG,2024-06-05,4412200.0,power
,AT,2024-06-05,3635500.0,power
,CZ,2024-06-05,7588300.0,power
,DK,2024-06-05,1919800.0,power
,HR,2024-06-05,4246700.0,power
,BE,2024-06-05,30387100.0,power
,CZ,2024-06-06,7455599.999999999,power
,HR,2024-06-06,4090600.0,power
,BG,2024-06-06,4546800.0,power
,DK,2024-06-06,1939600.0,power
,BE,2024-06-06,36310800.0,power
,AT,2024-06-06,5127400.0,power
,BG,2024-06-07,4374400.0,power
,BE,2024-06-07,30381000.0,power
,DK,2024-06-07,1914600.0,power
,HR,2024-06-07,5200.0,power
,CZ,2024-06-07,9682100.0,power
,AT,2024-06-07,400.0,power
,BE,2024-06-08,23465900.0,power
,HR,2024-06-08,0.0,power
,AT,2024-06-08,0.0,power
,BG,2024-06-08,4294300.0,power
,DK,2024-06-08,1788600.0,power
,CZ,2024-06-08,9357600.0,power
,HR,2024-06-09,0.0,power
,BG,2024-06-09,4448500.0,power
,AT,2024-06-09,0.0,power
,CZ,2024-06-09,5738500.0,power
,BE,2024-06-09,19330500.0,power
,DK,2024-06-09,1802500.0,power
,AT,2024-06-10,2900.0000000000005,power
,BG,2024-06-10,4490200.0,power
,DK,2024-06-10,2242500.0,power
,HR,2024-06-10,683000.0,power
,BE,2024-06-10,24754100.0,power
,CZ,2024-06-10,12588100.0,power
,BE,2024-06-11,26068300.0,power
,DK,2024-06-11,2369400.0,power
,CZ,2024-06-11,3101600.0,power
,BG,2024-06-11,3890100.0,power
,AT,2024-06-11,5600.000000000001,power
,HR,2024-06-11,2380500.0,power
,DK,2024-06-12,2784800.0,power
,AT,2024-06-12,2308700.0000000005,power
,CZ,2024-06-12,7981600.0,power
,BE,2024-06-12,30629600.0,power
,BG,2024-06-12,3763300.0,power
,HR,2024-06-12,2840700.0000000005,power
,AT,2024-06-13,767500.0,power
,BG,2024-06-13,3866200.0,power
,HR,2024-06-13,3464500.0,power
,DK,2024-06-13,2938600.0,power
,BE,2024-06-13,23480700.0,power
,CZ,2024-06-13,11535700.0,power
,CZ,2024-06-14,7894900.0,power
,DK,2024-06-14,2778800.0,power
,BE,2024-06-14,23629600.0,power
,BG,2024-06-14,3779500.0,power
,HR,2024-06-14,4000200.0,power
,AT,2024-06-14,21100.0,power
,AT,2024-06-15,5900.0,power
,BE,2024-06-15,16152600.0,power
,BG,2024-06-15,3611000.0,power
,HR,2024-06-15,4394400.0,power
,DK,2024-06-15,2117300.0,power
,CZ,2024-06-15,3055700.0,power
,DK,2024-06-16,2455400.0,power
,HR,2024-06-16,4138800.0,power
,BG,2024-06-16,3560300.0,power
,BE,2024-06-16,15417000.0,power
,AT,2024-06-16,4900.0,power
,CZ,2024-06-16,3059600.0,power
,BE,2024-06-17,20947800.0,power
,CZ,2024-06-17,8624500.0,power
,HR,2024-06-17,4385500.0,power
,AT,2024-06-17,7400.0,power
,BG,2024-06-17,3760300.0,power
,DK,2024-06-17,2587400.0,power
,DK,2024-06-18,2446100.0,power
,HR,2024-06-18,4774500.0,power
,BG,2024-06-18,3706500.0,power
,AT,2024-06-18,7300.000000000001,power
,CZ,2024-06-18,7330100.0,power
,BE,2024-06-18,30797000.0,power
,CZ,2024-06-19,7541000.0,power
,AT,2024-06-19,6600.000000000001,power
,DK,2024-06-19,2224800.0,power
,HR,2024-06-19,4760900.0,power
,BG,2024-06-19,3713400.0,power
,BE,2024-06-19,17862600.0,power
,BE,2024-06-20,30047800.0,power
,CZ,2024-06-20,16670400.000000002,power
,AT,2024-06-20,5400.0,power
,BG,2024-06-20,3554100.0,power
,HR,2024-06-20,7402000.0,power
,DK,2024-06-20,3214900.0,power
,HR,2024-06-21,7815600.0,power
,BE,2024-06-21,27992300.0,power
,AT,2024-06-21,5300.000000000001,power
,BG,2024-06-21,3732800.0,power
,CZ,2024-06-21,2342800.0,power
,DK,2024-06-21,2395800.0,power
,DK,2024-06-22,2061000.0,power
,CZ,2024-06-22,2263000.0,power
,AT,2024-06-22,3200.0,power
,BG,2024-06-22,3663700.0,power
,HR,2024-06-22,7158900.0,power
,BE,2024-06-22,17682200.0,power
,DK,2024-06-23,2083300.0,power
,HR,2024-06-23,6475900.0,power
,BG,2024-06-23,3782100.0,power
,AT,2024-06-23,6300.000000000001,power
,CZ,2024-06-23,2273600.0,power
,BE,2024-06-23,21948200.0,power
,BE,2024-06-24,25450000.0,power
,BG,2024-06-24,4047100.0,power
,AT,2024-06-24,3400.0000000000005,power
,CZ,2024-06-24,7941100.0,power
,HR,2024-06-24,5915300.0,power
,DK,2024-06-24,2572900.0,power
,HR,2024-06-25,7361100.0,power
,AT,2024-06-25,18900.000000000004,power
,CZ,2024-06-25,6501100.0,power
,BG,2024-06-25,3973400.0,power
,DK,2024-06-25,2813300.0,power
,BE,2024-06-25,27903900.0,power
,BE,2024-06-26,40888000.0,power
,CZ,2024-06-26,12373800.0,power
,BG,2024-06-26,4049800.0,power
,DK,2024-06-26,2432700.0,power
,AT,2024-06-26,6139200.0,power
,HR,2024-06-26,8767900.0,power
,DK,2024-06-27,2848900.0,power
,HR,2024-06-27,9074500.0,power
,AT,2024-06-27,3014400.0,power
,BE,2024-06-27,27489100.0,power
,BG,2024-06-27,4296800.0,power
,CZ,2024-06-27,10031800.0,power
,BE,2024-06-28,24217800.0,power
,AT,2024-06-28,5500.0,power
,HR,2024-06-28,5339100.0,power
,BG,2024-06-28,4416300.0,power
,DK,2024-06-28,2615300.0,power
,CZ,2024-06-28,6787800.0,power
,CZ,2024-06-29,2210300.0,power
,AT,2024-06-29,7700.000000000001,power
,BG,2024-06-29,4411500.0,power
,DK,2024-06-29,2731000.0,power
,HR,2024-06-29,4124800.0,power
,BE,2024-06-29,22197800.0,power
,CZ,2024-06-30,2192800.0,power
,BG,2024-06-30,4472900.0,power
,HR,2024-06-30,4090800.0,power
,AT,2024-06-30,3900.000000000001,power
,BE,2024-06-30,21755900.0,power
,DK,2024-06-30,2636600.0,power
,AT,2024-07-01,1300.0,power
,HR,2024-07-01,4185900.0,power
2879.0,PT,2024-07-01,89.308,power
,BE,2024-07-01,27313000.0,power
2883.0,SK,2024-07-01,42.965,power
2882.0,SI,2024-07-01,10.029,power
2859.0,CY,2024-07-01,0.0,power
2878.0,PL,2024-07-01,210.464,power
2876.0,MT,2024-07-01,37.642,power
2873.0,LT,2024-07-01,7.7,power
2881.0,SE,2024-07-01,5.741,power
2877.0,NL,2024-07-01,531.264,power
2875.0,LV,2024-07-01,17.859,power
2861.0,DE,2024-07-01,584.0,power
2880.0,RO,2024-07-01,43.0,power
,BG,2024-07-01,4336700.0,power
2864.0,ES,2024-07-01,585.517,power
2870.0,HU,2024-07-01,120.2,power
2868.0,GR,2024-07-01,462.752,power
2867.0,FR,2024-07-01,45.529,power
2866.0,FI,2024-07-01,1.0,power
2865.0,EU27_2020,2024-07-01,5507.989,power
,CZ,2024-07-01,2262300.0,power
2874.0,LU,2024-07-01,2.89,power
2871.0,IE,2024-07-01,238.685,power
2872.0,IT,2024-07-01,2165.199,power
,DK,2024-07-01,3120300.0,power
2863.0,EE,2024-07-01,3.8,power
,DK,2024-07-02,2584900.0,power
,BE,2024-07-02,22989000.0,power
,AT,2024-07-02,0.0,power
,BG,2024-07-02,4396800.0,power
,CZ,2024-07-02,2272400.0,power
,HR,2024-07-02,4353099.999999999,power
,HR,2024-07-03,5428600.0,power
,DK,2024-07-03,3251800.0,power
,AT,2024-07-03,0.0,power
,CZ,2024-07-03,2278900.0,power
,BE,2024-07-03,23302600.0,power
,BG,2024-07-03,4204100.0,power
,CZ,2024-07-04,2243000.0,power
,AT,2024-07-04,0.0,power
,DK,2024-07-04,2351400.0,power
,BE,2024-07-04,17531100.0,power
,HR,2024-07-04,8356000.0,power
,BG,2024-07-04,3889800.0,power
,CZ,2024-07-05,2200900.0,power
,BE,2024-07-05,17191100.0,power
,DK,2024-07-05,2512100.0,power
,AT,2024-07-05,0.0,power
,BG,2024-07-05,4125800.0,power
,HR,2024-07-05,9861900.0,power
,BG,2024-07-06,3796900.0,power
,BE,2024-07-06,16870600.0,power
,HR,2024-07-06,9743000.0,power
,AT,2024-07-06,0.0,power
,DK,2024-07-06,2203100.0,power
,CZ,2024-07-06,2145100.0,power
,CZ,2024-07-07,2150400.0,power
,BE,2024-07-07,18499500.0,power
,DK,2024-07-07,2486299.9999999995,power
,AT,2024-07-07,0.0,power
,HR,2024-07-07,9416500.0,power
,BG,2024-07-07,4017000.0,power
,HR,2024-07-08,9861600.0,power
,BG,2024-07-08,4134500.0,power
,DK,2024-07-08,3202900.0,power
,BE,2024-07-08,32005800.0,power
,CZ,2024-07-08,2274900.0,power
,AT,2024-07-08,0.0,power
,BG,2024-07-09,4122500.0,power
,BE,2024-07-09,25711600.0,power
,CZ,2024-07-09,2282800.0,power
,DK,2024-07-09,2656100.0,power
,HR,2024-07-09,10625900.0,power
,AT,2024-07-09,1100.0,power
,CZ,2024-07-10,2684200.0,power
,BG,2024-07-10,4085400.0,power
,BE,2024-07-10,23856800.0,power
,DK,2024-07-10,3116700.0,power
,AT,2024-07-10,0.0,power
,HR,2024-07-10,9839800.0,power
,BG,2024-07-11,4056300.0,power
,CZ,2024-07-11,2971000.0,power
,DK,2024-07-11,2931600.0,power
,AT,2024-07-11,0.0,power
,BE,2024-07-11,36973600.0,power
,HR,2024-07-11,9117800.0,power
,CZ,2024-07-12,3002200.0,power
,BG,2024-07-12,3969700.0,power
,AT,2024-07-12,0.0,power
,DK,2024-07-12,2684700.0,power
,HR,2024-07-12,9078200.0,power
,BE,2024-07-12,21952300.0,power
,HR,2024-07-13,8759400.0,power
,DK,2024-07-13,2740300.0,power
,BE,2024-07-13,21112200.0,power
,BG,2024-07-13,3946900.0,power
,CZ,2024-07-13,2909300.0,power
,AT,2024-07-13,0.0,power
,BG,2024-07-14,3934800.0,power
,HR,2024-07-14,8378400.0,power
,AT,2024-07-14,0.0,power
,DK,2024-07-14,2534500.0,power
,BE,2024-07-14,23610800.0,power
,CZ,2024-07-14,2908700.0,power
,AT,2024-07-15,4011600.0,power
,HR,2024-07-15,8645600.0,power
,DK,2024-07-15,3341200.0,power
,BG,2024-07-15,4567700.0,power
,BE,2024-07-15,28470300.0,power
,CZ,2024-07-15,7731300.0,power
,HR,2024-07-16,8325900.0,power
,BE,2024-07-16,25302600.0,power
,AT,2024-07-16,2863900.0,power
,CZ,2024-07-16,16433900.000000002,power
,BG,2024-07-16,4010200.0,power
,DK,2024-07-16,2926900.0,power
,AT,2024-07-17,2044900.0,power
,BE,2024-07-17,27004600.0,power
,BG,2024-07-17,4259700.0,power
,DK,2024-07-17,2379400.0,power
,CZ,2024-07-17,16096000.0,power
,HR,2024-07-17,8663700.0,power
,AT,2024-07-18,4500.0,power
,BE,2024-07-18,34107400.0,power
,CZ,2024-07-18,2928300.0,power
,HR,2024-07-18,8621700.0,power
,DK,2024-07-18,3248200.0,power
,BG,2024-07-18,4765300.0,power
,HR,2024-07-19,9380500.0,power
,DK,2024-07-19,3008600.0,power
,AT,2024-07-19,5400.0,power
,BG,2024-07-19,4457000.0,power
,CZ,2024-07-19,2811900.0,power
,BE,2024-07-19,30050500.0,power
,DK,2024-07-20,2791600.0,power
,BG,2024-07-20,4309100.0,power
,BE,2024-07-20,18178700.0,power
,HR,2024-07-20,8378100.0,power
,AT,2024-07-20,7000.0,power
,CZ,2024-07-20,2740300.0,power
,HR,2024-07-21,8453800.0,power
,AT,2024-07-21,5100.000000000001,power
,BG,2024-07-21,4267900.0,power
,BE,2024-07-21,18321500.0,power
,DK,2024-07-21,2850400.0,power
,CZ,2024-07-21,2766400.0,power
,BG,2024-07-22,4365800.0,power
,BE,2024-07-22,17354500.0,power
,AT,2024-07-22,39000.0,power
,DK,2024-07-22,2742900.0,power
,CZ,2024-07-22,7291600.0,power
,HR,2024-07-22,8977400.0,power
,AT,2024-07-23,359000.0,power
,BE,2024-07-23,20228500.0,power
,CZ,2024-07-23,11135400.0,power
,DK,2024-07-23,3122400.0,power
,HR,2024-07-23,8969700.0,power
,BG,2024-07-23,4851700.0,power
,HR,2024-07-24,8953400.0,power
,DK,2024-07-24,2506000.0,power
,BG,2024-07-24,4797100.0,power
,CZ,2024-07-24,9020700.0,power
,BE,2024-07-24,25729100.0,power
,AT,2024-07-24,8900.0,power
,DK,2024-07-25,2869300.0,power
,BE,2024-07-25,24897400.0,power
,AT,2024-07-25,7700.0,power
,CZ,2024-07-25,2819200.0,power
,BG,2024-07-25,4708000.0,power
,HR,2024-07-25,9232200.0,power
,HR,2024-07-26,8933200.0,power
,DK,2024-07-26,2965500.0,power
,BE,2024-07-26,25978400.0,power
,BG,2024-07-26,4656100.0,power
,AT,2024-07-26,7200.0,power
,CZ,2024-07-26,7671400.0,power
,DK,2024-07-27,2767800.0,power
,BE,2024-07-27,23179700.0,power
,AT,2024-07-27,6600.000000000001,power
,BG,2024-07-27,4535400.0,power
,HR,2024-07-27,8433400.0,power
,CZ,2024-07-27,6629200.0,power
,CZ,2024-07-28,2558300.0,power
,HR,2024-07-28,8517400.0,power
,DK,2024-07-28,2365600.0,power
,BG,2024-07-28,4479800.0,power
,BE,2024-07-28,16341200.0,power
,AT,2024-07-28,5300.000000000001,power
,BG,2024-07-29,4412900.0,power
,BE,2024-07-29,21944200.0,power
,CZ,2024-07-29,7236000.0,power
,DK,2024-07-29,2850400.0,power
,AT,2024-07-29,1018400.0,power
,HR,2024-07-29,8637800.0,power
,HR,2024-07-30,8852200.0,power
,AT,2024-07-30,2825500.0,power
,BE,2024-07-30,28031400.0,power
,CZ,2024-07-30,12030900.0,power
,DK,2024-07-30,2885200.0,power
,BG,2024-07-30,4431500.0,power
,BG,2024-07-31,4427900.0,power
,HR,2024-07-31,8562100.0,power
,BE,2024-07-31,29144800.0,power
,AT,2024-07-31,3250200.0,power
,DK,2024-07-31,2695600.0,power
,CZ,2024-07-31,6187200.0,power
2900.0,IT,2024-08-01,2086.652,power
2907.0,PT,2024-08-01,92.196,power
2909.0,SE,2024-08-01,5.932,power
2910.0,SI,2024-08-01,11.812,power
2911.0,SK,2024-08-01,43.741,power
,CZ,2024-08-01,7784600.0,power
2906.0,PL,2024-08-01,227.958,power
2905.0,NL,2024-08-01,543.907,power
2904.0,MT,2024-08-01,41.452,power
2903.0,LV,2024-08-01,23.12,power
2902.0,LU,2024-08-01,2.162,power
,BG,2024-08-01,4544500.0,power
2899.0,IE,2024-08-01,205.627,power
,DK,2024-08-01,2788200.0,power
2896.0,GR,2024-08-01,422.744,power
,AT,2024-08-01,4000.0,power
,HR,2024-08-01,8575900.0,power
2908.0,RO,2024-08-01,38.0,power
,BE,2024-08-01,30353800.0,power
2887.0,CY,2024-08-01,0.0,power
2901.0,LT,2024-08-01,7.5,power
2891.0,EE,2024-08-01,4.0,power
2892.0,ES,2024-08-01,678.846,power
2893.0,EU27_2020,2024-08-01,5536.809,power
2894.0,FI,2024-08-01,3.0,power
2895.0,FR,2024-08-01,44.391,power
2889.0,DE,2024-08-01,614.0,power
2898.0,HU,2024-08-01,127.4,power
,CZ,2024-08-02,7389800.0,power
,DK,2024-08-02,3139799.9999999995,power
,HR,2024-08-02,8537700.0,power
,BE,2024-08-02,24824300.0,power
,AT,2024-08-02,6500.0,power
,BG,2024-08-02,4547800.0,power
,BG,2024-08-03,4509800.0,power
,BE,2024-08-03,17702200.0,power
,CZ,2024-08-03,6011900.0,power
,HR,2024-08-03,8449900.0,power
,AT,2024-08-03,5700.0,power
,DK,2024-08-03,2789100.0,power
,BE,2024-08-04,17303200.0,power
,BG,2024-08-04,4485600.0,power
,CZ,2024-08-04,2693100.0,power
,DK,2024-08-04,2619200.0,power
,HR,2024-08-04,8609400.0,power
,AT,2024-08-04,5500.0,power
,BG,2024-08-05,4620900.0,power
,DK,2024-08-05,2843000.0,power
,BE,2024-08-05,24239800.0,power
,AT,2024-08-05,2071300.0,power
,CZ,2024-08-05,7550000.0,power
,HR,2024-08-05,8431600.0,power
,CZ,2024-08-06,12281200.0,power
,DK,2024-08-06,2957100.0,power
,BG,2024-08-06,4551100.0,power
,HR,2024-08-06,8575300.0,power
,AT,2024-08-06,2192299.9999999995,power
,BE,2024-08-06,26951000.0,power
,DK,2024-08-07,2988500.0,power
,BG,2024-08-07,4456200.0,power
,BE,2024-08-07,24413600.0,power
,CZ,2024-08-07,8428900.0,power
,HR,2024-08-07,8573700.0,power
,AT,2024-08-07,6100.000000000001,power
,CZ,2024-08-08,9005200.0,power
,BE,2024-08-08,18005800.0,power
,AT,2024-08-08,6400.0,power
,HR,2024-08-08,8462800.0,power
,DK,2024-08-08,2893300.0,power
,BG,2024-08-08,4693300.0,power
,HR,2024-08-09,8493400.0,power
,BG,2024-08-09,4676300.0,power
,AT,2024-08-09,5600.000000000001,power
,BE,2024-08-09,17300500.0,power
,CZ,2024-08-09,2732200.0,power
,DK,2024-08-09,2442700.0,power
,BG,2024-08-10,4153000.0,power
,HR,2024-08-10,8940300.0,power
,DK,2024-08-10,2518600.0,power
,BE,2024-08-10,17825100.0,power
,AT,2024-08-10,5100.000000000001,power
,CZ,2024-08-10,2706900.0,power
,BE,2024-08-11,18315000.0,power
,CZ,2024-08-11,2719800.0,power
,HR,2024-08-11,9164900.0,power
,DK,2024-08-11,2957700.0,power
,BG,2024-08-11,4449100.0,power
,AT,2024-08-11,5000.0,power
,DK,2024-08-12,3440800.0,power
,BE,2024-08-12,23283800.0,power
,BG,2024-08-12,4361700.0,power
,AT,2024-08-12,6688800.0,power
,HR,2024-08-12,8439000.0,power
,CZ,2024-08-12,8275299.999999999,power
,BG,2024-08-13,4408400.0,power
,DK,2024-08-13,3137900.0,power
,AT,2024-08-13,4383500.0,power
,CZ,2024-08-13,12067100.0,power
,BE,2024-08-13,28970400.0,power
,HR,2024-08-13,8748600.0,power
,HR,2024-08-14,8455900.0,power
,DK,2024-08-14,3760600.0,power
,CZ,2024-08-14,14645100.0,power
,BE,2024-08-14,29838200.0,power
,AT,2024-08-14,367900.0,power
,BG,2024-08-14,4460300.0,power
,AT,2024-08-15,5600.000000000001,power
,CZ,2024-08-15,8004000.0,power
,BE,2024-08-15,18218400.0,power
,BG,2024-08-15,4577300.0,power
,DK,2024-08-15,2494900.0,power
,HR,2024-08-15,8449400.0,power
,CZ,2024-08-16,7792300.0,power
,BG,2024-08-16,4658400.0,power
,BE,2024-08-16,24184600.0,power
,AT,2024-08-16,3700800.0,power
,HR,2024-08-16,8794300.0,power
,DK,2024-08-16,3091500.0,power
,BE,2024-08-17,23718300.0,power
,BG,2024-08-17,4696900.0,power
,CZ,2024-08-17,7033000.0,power
,HR,2024-08-17,8433100.0,power
,DK,2024-08-17,2792100.0,power
,AT,2024-08-17,1362700.0,power
,CZ,2024-08-18,2749600.0,power
,BG,2024-08-18,4681400.0,power
,HR,2024-08-18,8463300.0,power
,AT,2024-08-18,9000.0,power
,DK,2024-08-18,2805900.0,power
,BE,2024-08-18,18486300.0,power
,AT,2024-08-19,9400.0,power
,CZ,2024-08-19,6951400.000000001,power
,HR,2024-08-19,8364700.000000001,power
,BG,2024-08-19,4740000.0,power
,BE,2024-08-19,21517400.0,power
,DK,2024-08-19,3232500.0,power
,HR,2024-08-20,8233799.999999999,power
,AT,2024-08-20,1501900.0,power
,DK,2024-08-20,2855300.0,power
,BE,2024-08-20,19905800.0,power
,BG,2024-08-20,4566900.0,power
,CZ,2024-08-20,6369000.0,power
,CZ,2024-08-21,2787100.0,power
,AT,2024-08-21,7265500.0,power
,DK,2024-08-21,2838300.0,power
,BE,2024-08-21,17391000.0,power
,BG,2024-08-21,4509200.0,power
,HR,2024-08-21,8857700.0,power
,AT,2024-08-22,1875200.0,power
,BG,2024-08-22,4281500.0,power
,CZ,2024-08-22,2798200.0,power
,BE,2024-08-22,19272500.0,power
,DK,2024-08-22,2661100.0,power
,HR,2024-08-22,8626200.0,power
,CZ,2024-08-23,2768000.0,power
,HR,2024-08-23,8926400.0,power
,BG,2024-08-23,4466700.0,power
,DK,2024-08-23,2396500.0,power
,AT,2024-08-23,6386200.0,power
,BE,2024-08-23,18620200.0,power
,BE,2024-08-24,22344300.0,power
,DK,2024-08-24,2748300.0,power
,BG,2024-08-24,4263100.0,power
,AT,2024-08-24,8600.000000000002,power
,HR,2024-08-24,6563700.0,power
,CZ,2024-08-24,2726300.0,power
,BG,2024-08-25,4214400.0,power
,DK,2024-08-25,2230600.0,power
,AT,2024-08-25,8800.0,power
,CZ,2024-08-25,2687600.0,power
,BE,2024-08-25,18031000.0,power
,HR,2024-08-25,6573400.000000001,power
,HR,2024-08-26,6939500.0,power
,AT,2024-08-26,3864000.0,power
,BE,2024-08-26,26891800.0,power
,CZ,2024-08-26,12982500.0,power
,DK,2024-08-26,3268100.0,power
,BG,2024-08-26,4389600.0,power
,HR,2024-08-27,8340200.000000001,power
,BG,2024-08-27,4426500.0,power
,AT,2024-08-27,2510100.0,power
,CZ,2024-08-27,11269000.0,power
,BE,2024-08-27,27377900.0,power
,DK,2024-08-27,2761600.0,power
,BE,2024-08-28,28031800.0,power
,BG,2024-08-28,4213600.0,power
,AT,2024-08-28,12500700.0,power
,CZ,2024-08-28,8186400.0,power
,DK,2024-08-28,2790400.0,power
,HR,2024-08-28,9023800.0,power
,BG,2024-08-29,4375100.0,power
,HR,2024-08-29,8085200.0,power
,AT,2024-08-29,11025200.0,power
,DK,2024-08-29,2975200.0,power
,BE,2024-08-29,43502400.0,power
,CZ,2024-08-29,13818300.0,power
,DK,2024-08-30,2797200.0,power
,BG,2024-08-30,4419600.0,power
,BE,2024-08-30,31843400.0,power
,AT,2024-08-30,11360100.0,power
,HR,2024-08-30,8038300.0,power
,CZ,2024-08-30,13936400.0,power
,BE,2024-08-31,19526700.0,power
,AT,2024-08-31,7300.000000000001,power
,CZ,2024-08-31,6899100.0,power
,DK,2024-08-31,2686600.0,power
,HR,2024-08-31,7641700.0,power
,BG,2024-08-31,3635900.0,power
2930.0,LU,2024-09-01,2.138,power
2922.0,FI,2024-09-01,7.0,power
2923.0,FR,2024-09-01,54.768,power
2924.0,GR,2024-09-01,335.983,power
2926.0,HU,2024-09-01,134.3,power
2927.0,IE,2024-09-01,234.909,power
2928.0,IT,2024-09-01,1910.309,power
2929.0,LT,2024-09-01,3.7,power
2939.0,SK,2024-09-01,49.249,power
2931.0,LV,2024-09-01,31.296,power
2932.0,MT,2024-09-01,30.891,power
2933.0,NL,2024-09-01,517.531,power
2934.0,PL,2024-09-01,247.672,power
2920.0,ES,2024-09-01,546.28,power
2936.0,RO,2024-09-01,42.0,power
2917.0,DE,2024-09-01,687.0,power
,DK,2024-09-01,2793900.0,power
2935.0,PT,2024-09-01,95.833,power
,BE,2024-09-01,21553400.0,power
2915.0,CY,2024-09-01,0.0,power
,HR,2024-09-01,7037700.0,power
,BG,2024-09-01,4039600.0,power
2919.0,EE,2024-09-01,6.0,power
2921.0,EU27_2020,2024-09-01,5288.105,power
,CZ,2024-09-01,1927700.0,power
2938.0,SI,2024-09-01,11.232,power
2937.0,SE,2024-09-01,6.324,power
,AT,2024-09-01,7400.0,power
,AT,2024-09-02,3242600.0,power
,BG,2024-09-02,4450000.0,power
,BE,2024-09-02,43787600.0,power
,CZ,2024-09-02,11262700.0,power
,DK,2024-09-02,2904300.0,power
,HR,2024-09-02,7342300.0,power
,HR,2024-09-03,7048500.0,power
,BG,2024-09-03,4511400.0,power
,BE,2024-09-03,61070200.0,power
,CZ,2024-09-03,13589800.000000002,power
,DK,2024-09-03,3343200.0,power
,AT,2024-09-03,9492500.0,power
,BE,2024-09-04,59463300.0,power
,HR,2024-09-04,7487300.0,power
,BG,2024-09-04,4528700.0,power
,CZ,2024-09-04,10609800.0,power
,AT,2024-09-04,10316100.0,power
,DK,2024-09-04,2961200.0,power
,AT,2024-09-05,10292600.0,power
,CZ,2024-09-05,1918900.0,power
,BE,2024-09-05,21162100.0,power
,BG,2024-09-05,4376600.0,power
,DK,2024-09-05,2052400.0,power
,HR,2024-09-05,6862100.0,power
,AT,2024-09-06,6944600.0,power
,BE,2024-09-06,28924500.0,power
,BG,2024-09-06,4328000.0,power
,HR,2024-09-06,7402900.0,power
,DK,2024-09-06,2280800.0,power
,CZ,2024-09-06,7055000.0,power
,CZ,2024-09-07,5792900.0,power
,DK,2024-09-07,2657300.0,power
,AT,2024-09-07,7100.000000000001,power
,BG,2024-09-07,4215000.0,power
,HR,2024-09-07,7506300.0,power
,BE,2024-09-07,18586900.0,power
,BG,2024-09-08,4235300.0,power
,CZ,2024-09-08,5723400.000000001,power
,DK,2024-09-08,1802300.0,power
,BE,2024-09-08,13601900.0,power
,HR,2024-09-08,7514300.0,power
,AT,2024-09-08,5800.000000000001,power
,HR,2024-09-09,8093400.0,power
,BE,2024-09-09,21597800.0,power
,AT,2024-09-09,6348700.0,power
,CZ,2024-09-09,15128600.0,power
,BG,2024-09-09,4367900.0,power
,DK,2024-09-09,2698800.0,power
,HR,2024-09-10,8163099.999999999,power
,DK,2024-09-10,1789300.0,power
,AT,2024-09-10,9754600.0,power
,BE,2024-09-10,17433800.0,power
,CZ,2024-09-10,1985600.0,power
,BG,2024-09-10,4579800.0,power
,BG,2024-09-11,4690200.0,power
,AT,2024-09-11,6092000.0,power
,DK,2024-09-11,2580200.0,power
,CZ,2024-09-11,2165100.0,power
,HR,2024-09-11,7933700.0,power
,BE,2024-09-11,18382200.0,power
,BG,2024-09-12,4499500.0,power
,AT,2024-09-12,150200.00000000003,power
,BE,2024-09-12,21332900.0,power
,HR,2024-09-12,7903500.0,power
,CZ,2024-09-12,6466800.0,power
,DK,2024-09-12,3358200.0,power
,HR,2024-09-13,8128500.0,power
,DK,2024-09-13,2838100.0,power
,CZ,2024-09-13,2087700.0,power
,BG,2024-09-13,4365900.0,power
,AT,2024-09-13,481900.0,power
,BE,2024-09-13,22916900.0,power
,CZ,2024-09-14,1999200.0,power
,BG,2024-09-14,4235400.0,power
,DK,2024-09-14,2460700.0,power
,BE,2024-09-14,24278800.0,power
,AT,2024-09-14,495200.0,power
,HR,2024-09-14,8516600.0,power
,DK,2024-09-15,2941700.0,power
,CZ,2024-09-15,2012300.0,power
,BG,2024-09-15,4383800.0,power
,HR,2024-09-15,8489600.0,power
,AT,2024-09-15,469200.0,power
,BE,2024-09-15,19190900.0,power
,AT,2024-09-16,1800100.0,power
,DK,2024-09-16,3565900.0,power
,HR,2024-09-16,8171500.0,power
,CZ,2024-09-16,13307100.0,power
,BG,2024-09-16,4530400.0,power
,BE,2024-09-16,18581300.0,power
,BG,2024-09-17,4513000.0,power
,CZ,2024-09-17,10061400.0,power
,AT,2024-09-17,471500.0,power
,BE,2024-09-17,19477700.0,power
,HR,2024-09-17,7904900.0,power
,DK,2024-09-17,2976700.0,power
,HR,2024-09-18,8151700.0,power
,CZ,2024-09-18,6505900.0,power
,AT,2024-09-18,380400.0,power
,DK,2024-09-18,2639100.0,power
,BG,2024-09-18,4531200.0,power
,BE,2024-09-18,22096400.0,power
,HR,2024-09-19,8316799.999999999,power
,CZ,2024-09-19,11140100.0,power
,DK,2024-09-19,2667000.0,power
,BG,2024-09-19,4458200.0,power
,BE,2024-09-19,24015700.0,power
,AT,2024-09-19,3830900.0,power
,HR,2024-09-20,7756800.0,power
,DK,2024-09-20,2810900.0,power
,AT,2024-09-20,262800.0,power
,BG,2024-09-20,4309600.0,power
,BE,2024-09-20,24310300.0,power
,CZ,2024-09-20,6813200.0,power
,HR,2024-09-21,6367700.0,power
,CZ,2024-09-21,5931700.0,power
,BE,2024-09-21,19110900.0,power
,BG,2024-09-21,3632700.0,power
,AT,2024-09-21,185300.0,power
,DK,2024-09-21,2429000.0,power
,CZ,2024-09-22,7125300.0,power
,AT,2024-09-22,173900.0,power
,BE,2024-09-22,18509500.0,power
,BG,2024-09-22,3590300.0,power
,HR,2024-09-22,6372800.0,power
,DK,2024-09-22,2681000.0,power
,AT,2024-09-23,5725600.0,power
,BE,2024-09-23,26268200.0,power
,BG,2024-09-23,3728100.0,power
,HR,2024-09-23,8048800.0,power
,DK,2024-09-23,3605400.0,power
,CZ,2024-09-23,11109800.0,power
,HR,2024-09-24,9273700.0,power
,DK,2024-09-24,2842500.0,power
,BE,2024-09-24,22750300.0,power
,BG,2024-09-24,3687000.0,power
,CZ,2024-09-24,6308000.0,power
,AT,2024-09-24,212800.0,power
,AT,2024-09-25,1866900.0,power
,CZ,2024-09-25,2856700.0,power
,BG,2024-09-25,3700500.0,power
,BE,2024-09-25,15199000.0,power
,DK,2024-09-25,2922400.0,power
,HR,2024-09-25,9528400.0,power
,AT,2024-09-26,4327600.0,power
,DK,2024-09-26,2519700.0,power
,CZ,2024-09-26,2817800.0,power
,HR,2024-09-26,9453700.0,power
,BE,2024-09-26,17309200.0,power
,BG,2024-09-26,3705600.0,power
,AT,2024-09-27,1460500.0,power
,CZ,2024-09-27,7506700.0,power
,BG,2024-09-27,4200600.0,power
,DK,2024-09-27,2497000.0,power
,BE,2024-09-27,16134500.0,power
,HR,2024-09-27,8005100.0,power
,CZ,2024-09-28,2648100.0,power
,HR,2024-09-28,7231100.0,power
,AT,2024-09-28,482800.0,power
,DK,2024-09-28,2339400.0,power
,BG,2024-09-28,4213100.0,power
,BE,2024-09-28,17563500.0,power
,AT,2024-09-29,771100.0,power
,DK,2024-09-29,2776700.0000000005,power
,BG,2024-09-29,4114500.0,power
,CZ,2024-09-29,2661200.0,power
,BE,2024-09-29,17479800.0,power
,HR,2024-09-29,6949600.0,power
,HR,2024-09-30,7600100.0,power
,BG,2024-09-30,4317200.0,power
,AT,2024-09-30,2788800.0,power
,CZ,2024-09-30,3446800.0,power
,DK,2024-09-30,2717900.0,power
,BE,2024-09-30,15672700.0,power
2965.0,SE,2024-10-01,7.544,power
,BE,2024-10-01,24510500.0,power
,HR,2024-10-01,7282400.0,power
,CZ,2024-10-01,10423700.0,power
2956.0,IT,2024-10-01,1687.566,power
,BG,2024-10-01,4468400.0,power
2966.0,SI,2024-10-01,10.533,power
2955.0,IE,2024-10-01,247.883,power
2964.0,RO,2024-10-01,85.0,power
2963.0,PT,2024-10-01,99.427,power
,DK,2024-10-01,2951800.0,power
2967.0,SK,2024-10-01,66.068,power
2950.0,FI,2024-10-01,13.0,power
,AT,2024-10-01,6175300.0,power
2958.0,LU,2024-10-01,2.509,power
2943.0,CY,2024-10-01,0.0,power
2951.0,FR,2024-10-01,50.786,power
2962.0,PL,2024-10-01,298.865,power
2952.0,GR,2024-10-01,288.342,power
2945.0,DE,2024-10-01,966.0,power
2947.0,EE,2024-10-01,8.0,power
2957.0,LT,2024-10-01,2.7,power
2949.0,EU27_2020,2024-10-01,5629.389,power
2954.0,HU,2024-10-01,173.5,power
2961.0,NL,2024-10-01,572.48,power
2960.0,MT,2024-10-01,33.283,power
2959.0,LV,2024-10-01,19.634,power
2948.0,ES,2024-10-01,564.904,power
,HR,2024-10-02,7960000.0,power
,BE,2024-10-02,27672300.0,power
,CZ,2024-10-02,13428100.0,power
,BG,2024-10-02,4225400.0,power
,AT,2024-10-02,8761000.0,power
,DK,2024-10-02,3282700.0,power
,AT,2024-10-03,7973500.0,power
,HR,2024-10-03,8009300.0,power
,DK,2024-10-03,2513400.0,power
,CZ,2024-10-03,9837000.0,power
,BE,2024-10-03,23537500.0,power
,BG,2024-10-03,3921500.0,power
,BE,2024-10-04,26926800.0,power
,BG,2024-10-04,3889300.0,power
,HR,2024-10-04,7992300.0,power
,CZ,2024-10-04,13256600.0,power
,AT,2024-10-04,10274100.0,power
,DK,2024-10-04,4976500.0,power
,BG,2024-10-05,3532800.0,power
,DK,2024-10-05,4127100.000000001,power
,AT,2024-10-05,7747800.0,power
,BE,2024-10-05,22850200.0,power
,HR,2024-10-05,6078000.0,power
,CZ,2024-10-05,4280400.0,power
,BG,2024-10-06,3771100.0,power
,HR,2024-10-06,5334800.0,power
,CZ,2024-10-06,4216700.0,power
,AT,2024-10-06,6387700.0,power
,DK,2024-10-06,2775400.0,power
,BE,2024-10-06,18038800.0,power
,BG,2024-10-07,3752900.0,power
,HR,2024-10-07,5562700.0,power
,AT,2024-10-07,8520700.0,power
,CZ,2024-10-07,9496400.0,power
,BE,2024-10-07,20141200.0,power
,DK,2024-10-07,5019500.0,power
,DK,2024-10-08,4398500.0,power
,HR,2024-10-08,5950000.0,power
,CZ,2024-10-08,12140800.0,power
,BG,2024-10-08,3735400.0,power
,BE,2024-10-08,18410100.0,power
,AT,2024-10-08,4626400.0,power
,AT,2024-10-09,6527200.0,power
,DK,2024-10-09,4072800.0,power
,BE,2024-10-09,19215200.0,power
,CZ,2024-10-09,13602800.0,power
,HR,2024-10-09,5891400.0,power
,BG,2024-10-09,3744000.0,power
,BG,2024-10-10,3629300.0,power
,DK,2024-10-10,2763900.0,power
,AT,2024-10-10,5355200.0,power
,HR,2024-10-10,5807200.0,power
,CZ,2024-10-10,4402800.0,power
,BE,2024-10-10,22404900.0,power
,AT,2024-10-11,8693000.0,power
,BG,2024-10-11,3821500.0,power
,HR,2024-10-11,5599600.0,power
,CZ,2024-10-11,4425800.0,power
,DK,2024-10-11,4136300.0,power
,BE,2024-10-11,28642700.0,power
,CZ,2024-10-12,4324100.0,power
,BE,2024-10-12,18949800.0,power
,HR,2024-10-12,4576200.0,power
,AT,2024-10-12,6149700.0,power
,BG,2024-10-12,3686900.0,power
,DK,2024-10-12,2804000.0,power
,BG,2024-10-13,3539500.0,power
,BE,2024-10-13,18927100.0,power
,DK,2024-10-13,2040700.0,power
,HR,2024-10-13,4662500.0,power
,AT,2024-10-13,1718600.0,power
,CZ,2024-10-13,4330000.0,power
,HR,2024-10-14,5810500.0,power
,AT,2024-10-14,25109900.0,power
,DK,2024-10-14,5499600.0,power
,CZ,2024-10-14,11311000.0,power
,BE,2024-10-14,50610500.0,power
,BG,2024-10-14,3825900.0,power
,DK,2024-10-15,4802000.0,power
,AT,2024-10-15,20121400.0,power
,BE,2024-10-15,27396300.0,power
,CZ,2024-10-15,11090700.0,power
,HR,2024-10-15,6754800.0,power
,BG,2024-10-15,3800000.0,power
,BG,2024-10-16,3729500.0,power
,BE,2024-10-16,22770000.0,power
,CZ,2024-10-16,4897000.0,power
,AT,2024-10-16,10321800.0,power
,DK,2024-10-16,1893900.0,power
,HR,2024-10-16,5789200.0,power
,BE,2024-10-17,24509000.0,power
,AT,2024-10-17,5089700.0,power
,HR,2024-10-17,6600000.0,power
,DK,2024-10-17,4247500.0,power
,CZ,2024-10-17,4946800.0,power
,BG,2024-10-17,3898700.0,power
,BE,2024-10-18,24701700.0,power
,CZ,2024-10-18,4969500.0,power
,BG,2024-10-18,4174400.0,power
,DK,2024-10-18,5685500.0,power
,AT,2024-10-18,8339100.0,power
,HR,2024-10-18,6394100.0,power
,BG,2024-10-19,4524900.0,power
,BE,2024-10-19,17976100.0,power
,HR,2024-10-19,5577500.0,power
,DK,2024-10-19,4764000.0,power
,AT,2024-10-19,4582300.0,power
,CZ,2024-10-19,4489100.0,power
,BG,2024-10-20,4609400.0,power
,AT,2024-10-20,191800.0,power
,BE,2024-10-20,17473100.0,power
,CZ,2024-10-20,4407000.0,power
,DK,2024-10-20,2602300.0,power
,HR,2024-10-20,5588400.0,power
,DK,2024-10-21,4082500.0,power
,BE,2024-10-21,30586400.0,power
,CZ,2024-10-21,10973200.0,power
,BG,2024-10-21,4987900.0,power
,HR,2024-10-21,6584000.0,power
,AT,2024-10-21,12457100.0,power
,AT,2024-10-22,17291400.0,power
,BE,2024-10-22,29209300.0,power
,HR,2024-10-22,6803500.0,power
,BG,2024-10-22,5731800.0,power
,DK,2024-10-22,4738000.0,power
,CZ,2024-10-22,13262500.0,power
,AT,2024-10-23,28341200.0,power
,BE,2024-10-23,28863800.0,power
,DK,2024-10-23,6169200.0,power
,CZ,2024-10-23,13960500.0,power
,BG,2024-10-23,5468500.0,power
,HR,2024-10-23,6640600.0,power
,HR,2024-10-24,6575300.0,power
,DK,2024-10-24,5804000.0,power
,BG,2024-10-24,5540900.0,power
,AT,2024-10-24,20263400.0,power
,CZ,2024-10-24,12923000.0,power
,BE,2024-10-24,26939900.0,power
,CZ,2024-10-25,11510800.0,power
,BE,2024-10-25,26520300.0,power
,HR,2024-10-25,6768600.0,power
,DK,2024-10-25,6101500.0,power
,BG,2024-10-25,5631600.0,power
,AT,2024-10-25,19180900.0,power
,BE,2024-10-26,18915500.0,power
,CZ,2024-10-26,8461600.0,power
,AT,2024-10-26,7515800.0,power
,BG,2024-10-26,5568400.0,power
,HR,2024-10-26,7399800.0,power
,DK,2024-10-26,5712900.0,power
,BE,2024-10-27,19173300.0,power
,CZ,2024-10-27,9485200.0,power
,AT,2024-10-27,6811000.0,power
,BG,2024-10-27,5638500.0,power
,HR,2024-10-27,6632000.0,power
,DK,2024-10-27,4809700.0,power
,BE,2024-10-28,22518000.0,power
,CZ,2024-10-28,12029400.0,power
,BG,2024-10-28,5614700.0,power
,HR,2024-10-28,7765599.999999999,power
,DK,2024-10-28,5454100.0,power
,AT,2024-10-28,17638200.0,power
,HR,2024-10-29,7642300.0,power
,DK,2024-10-29,6470700.0,power
,BG,2024-10-29,5561200.0,power
,BE,2024-10-29,49549500.0,power
,CZ,2024-10-29,19116100.0,power
,AT,2024-10-29,47016800.0,power
,CZ,2024-10-30,18829000.0,power
,DK,2024-10-30,5218900.0,power
,BG,2024-10-30,5708400.0,power
,BE,2024-10-30,54331000.0,power
,AT,2024-10-30,46318800.0,power
,HR,2024-10-30,7822600.0,power
,DK,2024-10-31,3688300.0,power
,HR,2024-10-31,8060500.0,power
,BG,2024-10-31,5701500.0,power
,CZ,2024-10-31,5465700.0,power
,AT,2024-10-31,17980700.0,power
,BE,2024-10-31,42662300.0,power
,BG,2024-11-01,5538100.0,power
,BE,2024-11-01,24056000.0,power
2994.0,SI,2024-11-01,17.594,power
,CZ,2024-11-01,5796600.0,power
,DK,2024-11-01,2369300.0,power
,AT,2024-11-01,8137599.999999999,power
2995.0,SK,2024-11-01,96.683,power
2979.0,FR,2024-11-01,228.737,power
2991.0,PT,2024-11-01,126.035,power
,HR,2024-11-01,6630200.0,power
2988.0,MT,2024-11-01,30.855,power
2986.0,LU,2024-11-01,2.685,power
2985.0,LT,2024-11-01,8.3,power
2987.0,LV,2024-11-01,41.364,power
2983.0,IE,2024-11-01,298.675,power
2993.0,SE,2024-11-01,9.463,power
2984.0,IT,2024-11-01,2094.802,power
2989.0,NL,2024-11-01,909.562,power
2990.0,PL,2024-11-01,387.204,power
2971.0,CY,2024-11-01,0.0,power
2973.0,DE,2024-11-01,1638.0,power
2992.0,RO,2024-11-01,190.0,power
2976.0,ES,2024-11-01,751.146,power
2977.0,EU27_2020,2024-11-01,8463.883,power
2978.0,FI,2024-11-01,20.0,power
2980.0,GR,2024-11-01,412.931,power
2982.0,HU,2024-11-01,296.9,power
2975.0,EE,2024-11-01,9.0,power
,BE,2024-11-02,36556300.0,power
,AT,2024-11-02,19999500.0,power
,DK,2024-11-02,6922100.0,power
,CZ,2024-11-02,11744400.0,power
,HR,2024-11-02,5418000.0,power
,BG,2024-11-02,5569000.0,power
,CZ,2024-11-03,5604200.0,power
,BE,2024-11-03,35727000.0,power
,BG,2024-11-03,5737000.0,power
,AT,2024-11-03,18479200.0,power
,DK,2024-11-03,4863300.0,power
,HR,2024-11-03,4880700.0,power
,BE,2024-11-04,73296200.0,power
,BG,2024-11-04,5884700.0,power
,AT,2024-11-04,50425100.0,power
,CZ,2024-11-04,21251400.0,power
,HR,2024-11-04,5974900.0,power
,DK,2024-11-04,7867800.0,power
,BG,2024-11-05,6074200.0,power
,HR,2024-11-05,6290800.0,power
,DK,2024-11-05,6471900.0,power
,CZ,2024-11-05,20932000.0,power
,AT,2024-11-05,61156800.0,power
,BE,2024-11-05,80934900.0,power
,DK,2024-11-06,9077900.0,power
,BG,2024-11-06,6296300.0,power
,AT,2024-11-06,65672000.0,power
,HR,2024-11-06,6221400.0,power
,CZ,2024-11-06,22253900.0,power
,BE,2024-11-06,91727200.0,power
,BE,2024-11-07,91860000.0,power
,BG,2024-11-07,6830000.0,power
,CZ,2024-11-07,22065500.0,power
,HR,2024-11-07,5758300.0,power
,DK,2024-11-07,7232200.0,power
,AT,2024-11-07,65492200.0,power
,HR,2024-11-08,6515900.0,power
,CZ,2024-11-08,19575200.0,power
,BG,2024-11-08,6347200.0,power
,DK,2024-11-08,7282200.0,power
,BE,2024-11-08,89865000.0,power
,AT,2024-11-08,52581300.0,power
,AT,2024-11-09,41536500.0,power
,CZ,2024-11-09,11835500.0,power
,BG,2024-11-09,5978900.0,power
,DK,2024-11-09,7624800.0,power
,HR,2024-11-09,6063600.0,power
,BE,2024-11-09,77770300.0,power
,CZ,2024-11-10,13360700.0,power
,BE,2024-11-10,70574100.0,power
,DK,2024-11-10,6905200.0,power
,BG,2024-11-10,5991600.0,power
,HR,2024-11-10,4823700.0,power
,AT,2024-11-10,35151800.0,power
,DK,2024-11-11,8103400.0,power
,BG,2024-11-11,5956200.0,power
,CZ,2024-11-11,19542100.0,power
,AT,2024-11-11,53635600.0,power
,HR,2024-11-11,4646100.0,power
,BE,2024-11-11,54555300.0,power
,DK,2024-11-12,8708000.0,power
,CZ,2024-11-12,23530600.0,power
,HR,2024-11-12,6166500.0,power
,BE,2024-11-12,72670600.0,power
,AT,2024-11-12,66930800.0,power
,BG,2024-11-12,6021600.0,power
,BE,2024-11-13,85517200.0,power
,AT,2024-11-13,67798800.0,power
,HR,2024-11-13,6930700.0,power
,DK,2024-11-13,7203900.0,power
,CZ,2024-11-13,23683400.0,power
,BG,2024-11-13,5917400.0,power
,AT,2024-11-14,70468900.0,power
,HR,2024-11-14,6647000.0,power
,BE,2024-11-14,78280300.0,power
,CZ,2024-11-14,20989500.0,power
,BG,2024-11-14,5874600.0,power
,DK,2024-11-14,7883500.0,power
,CZ,2024-11-15,18429300.0,power
,BE,2024-11-15,79513600.0,power
,BG,2024-11-15,6065300.0,power
,HR,2024-11-15,5508600.0,power
,DK,2024-11-15,5866800.0,power
,AT,2024-11-15,68323100.0,power
,CZ,2024-11-16,6296400.0,power
,HR,2024-11-16,5361600.0,power
,AT,2024-11-16,49027400.0,power
,BG,2024-11-16,5555700.0,power
,DK,2024-11-16,3016400.0,power
,BE,2024-11-16,28081600.0,power
,AT,2024-11-17,31979300.0,power
,CZ,2024-11-17,13106100.0,power
,BE,2024-11-17,21160300.0,power
,DK,2024-11-17,3396300.0,power
,BG,2024-11-17,5537600.0,power
,HR,2024-11-17,5849600.0,power
,DK,2024-11-18,6989000.0,power
,BG,2024-11-18,6085600.0,power
,AT,2024-11-18,57527300.0,power
,CZ,2024-11-18,21617100.0,power
,HR,2024-11-18,5834900.0,power
,BE,2024-11-18,55034900.0,power
,DK,2024-11-19,9039200.0,power
,BG,2024-11-19,6202900.0,power
,BE,2024-11-19,57221200.0,power
,HR,2024-11-19,5688400.0,power
,AT,2024-11-19,50923700.0,power
,CZ,2024-11-19,18615500.0,power
,BE,2024-11-20,41547500.0,power
,BG,2024-11-20,6082600.0,power
,HR,2024-11-20,4422300.0,power
,DK,2024-11-20,9257800.0,power
,AT,2024-11-20,44803900.0,power
,CZ,2024-11-20,18395900.0,power
,BG,2024-11-21,6148800.0,power
,BE,2024-11-21,74433100.0,power
,CZ,2024-11-21,19196100.0,power
,DK,2024-11-21,11142600.0,power
,AT,2024-11-21,50940000.0,power
,HR,2024-11-21,4137800.0,power
,BE,2024-11-22,32349200.0,power
,AT,2024-11-22,50473100.0,power
,BG,2024-11-22,6232600.0,power
,CZ,2024-11-22,19889700.0,power
,DK,2024-11-22,10314100.0,power
,HR,2024-11-22,4257200.0,power
,HR,2024-11-23,4311900.0,power
,CZ,2024-11-23,11438700.0,power
,BE,2024-11-23,21067000.0,power
,BG,2024-11-23,5894700.0,power
,AT,2024-11-23,35683500.0,power
,DK,2024-11-23,5939000.0,power
,CZ,2024-11-24,12904900.0,power
,BE,2024-11-24,16294000.0,power
,DK,2024-11-24,1916000.0,power
,BG,2024-11-24,5762800.0,power
,AT,2024-11-24,29691900.0,power
,HR,2024-11-24,4443900.0,power
,DK,2024-11-25,3202600.0,power
,BE,2024-11-25,25332600.0,power
,HR,2024-11-25,4289100.0,power
,BG,2024-11-25,5830200.0,power
,CZ,2024-11-25,16181800.000000002,power
,AT,2024-11-25,47316300.0,power
,HR,2024-11-26,5425000.0,power
,CZ,2024-11-26,21681900.0,power
,AT,2024-11-26,56387700.0,power
,DK,2024-11-26,4561900.0,power
,BG,2024-11-26,5776700.0,power
,BE,2024-11-26,50986400.0,power
,BE,2024-11-27,35175500.0,power
,HR,2024-11-27,5854000.0,power
,BG,2024-11-27,5670300.0,power
,DK,2024-11-27,7297800.0,power
,CZ,2024-11-27,20603300.0,power
,AT,2024-11-27,65111900.0,power
,HR,2024-11-28,7323600.0,power
,CZ,2024-11-28,21115000.0,power
,AT,2024-11-28,66802399.99999999,power
,BG,2024-11-28,5737600.0,power
,DK,2024-11-28,7655700.0,power
,BE,2024-11-28,59845700.0,power
,BE,2024-11-29,63609900.0,power
,CZ,2024-11-29,18805600.0,power
,HR,2024-11-29,7888100.0,power
,BG,2024-11-29,5850500.0,power
,DK,2024-11-29,9470800.0,power
,AT,2024-11-29,62596400.0,power
,AT,2024-11-30,40503400.0,power
,CZ,2024-11-30,10699600.0,power
,BG,2024-11-30,5639800.0,power
,HR,2024-11-30,8701400.0,power
,DK,2024-11-30,7322000.0,power
,BE,2024-11-30,35777000.0,power
,BE,2024-12-01,25677000.0,power
3001.0,DE,2024-12-01,1738.0,power
3003.0,EE,2024-12-01,13.0,power
3004.0,ES,2024-12-01,871.449,power
3005.0,EU27_2020,2024-12-01,8425.595,power
3006.0,FI,2024-12-01,20.0,power
2999.0,CY,2024-12-01,0.0,power
3007.0,FR,2024-12-01,186.321,power
3008.0,GR,2024-12-01,421.159,power
3010.0,HU,2024-12-01,303.2,power
3011.0,IE,2024-12-01,239.516,power
3012.0,IT,2024-12-01,2164.66,power
,CZ,2024-12-01,6896900.0,power
,HR,2024-12-01,8885000.0,power
3013.0,LT,2024-12-01,11.6,power
3014.0,LU,2024-12-01,3.642,power
3015.0,LV,2024-12-01,40.046,power
3021.0,SE,2024-12-01,10.743,power
3023.0,SK,2024-12-01,95.968,power
3022.0,SI,2024-12-01,24.915,power
,AT,2024-12-01,40329400.0,power
3016.0,MT,2024-12-01,29.092,power
3020.0,RO,2024-12-01,224.0,power
,BG,2024-12-01,5778200.0,power
,DK,2024-12-01,7432400.0,power
3019.0,PT,2024-12-01,156.934,power
3018.0,PL,2024-12-01,383.124,power
3017.0,NL,2024-12-01,648.922,power
,BG,2024-12-02,6185700.0,power
,AT,2024-12-02,59223500.0,power
,DK,2024-12-02,6846300.0,power
,CZ,2024-12-02,20776100.0,power
,HR,2024-12-02,8957100.0,power
,BE,2024-12-02,48156800.0,power
,AT,2024-12-03,74377800.0,power
,CZ,2024-12-03,22074900.0,power
,BG,2024-12-03,6956100.0,power
,HR,2024-12-03,9248700.0,power
,BE,2024-12-03,81304200.0,power
,DK,2024-12-03,9033700.0,power
,HR,2024-12-04,9120100.0,power
,AT,2024-12-04,73653800.0,power
,CZ,2024-12-04,21648700.0,power
,BE,2024-12-04,87137200.0,power
,DK,2024-12-04,10102200.0,power
,BG,2024-12-04,7111000.0,power
,HR,2024-12-05,8728900.0,power
,BG,2024-12-05,7283100.0,power
,BE,2024-12-05,24433400.0,power
,DK,2024-12-05,6524300.0,power
,CZ,2024-12-05,20262400.0,power
,AT,2024-12-05,71621300.0,power
,BE,2024-12-06,30424200.0,power
,HR,2024-12-06,8854000.0,power
,BG,2024-12-06,7427100.0,power
,CZ,2024-12-06,19529800.0,power
,AT,2024-12-06,59080500.0,power
,DK,2024-12-06,6903100.0,power
,BE,2024-12-07,17681700.0,power
,DK,2024-12-07,5255900.0,power
,CZ,2024-12-07,10194300.0,power
,BG,2024-12-07,7392500.0,power
,HR,2024-12-07,9289700.0,power
,AT,2024-12-07,40055700.0,power
,BG,2024-12-08,7305500.0,power
,HR,2024-12-08,9215600.0,power
,DK,2024-12-08,5894700.0,power
,CZ,2024-12-08,7105100.0,power
,BE,2024-12-08,14001100.0,power
,AT,2024-12-08,37382100.0,power
,BG,2024-12-09,7358000.0,power
,BE,2024-12-09,27642100.0,power
,HR,2024-12-09,10161300.0,power
,DK,2024-12-09,7088500.0,power
,AT,2024-12-09,60351700.0,power
,CZ,2024-12-09,19314700.0,power
,DK,2024-12-10,10174100.0,power
,BG,2024-12-10,7512900.0,power
,CZ,2024-12-10,23882100.0,power
,BE,2024-12-10,75684400.0,power
,AT,2024-12-10,70262900.0,power
,HR,2024-12-10,9973100.0,power
,AT,2024-12-11,73150300.0,power
,BG,2024-12-11,7517200.0,power
,BE,2024-12-11,98536000.0,power
,HR,2024-12-11,9926400.0,power
,CZ,2024-12-11,23491000.0,power
,DK,2024-12-11,12794400.0,power
,DK,2024-12-12,12335800.0,power
,HR,2024-12-12,11114600.0,power
,CZ,2024-12-12,24322900.0,power
,AT,2024-12-12,77774900.0,power
,BE,2024-12-12,108703800.0,power
,BG,2024-12-12,7447200.0,power
,BE,2024-12-13,102454100.0,power
,HR,2024-12-13,11272600.0,power
,AT,2024-12-13,70205900.0,power
,BG,2024-12-13,7447200.0,power
,DK,2024-12-13,11620900.0,power
,CZ,2024-12-13,26863800.0,power
,BE,2024-12-14,53141400.0,power
,HR,2024-12-14,10366800.0,power
,BG,2024-12-14,7470600.0,power
,DK,2024-12-14,7211300.0,power
,CZ,2024-12-14,16313600.0,power
,AT,2024-12-14,50356200.00000001,power
,HR,2024-12-15,7302099.999999999,power
,AT,2024-12-15,33605800.0,power
,BG,2024-12-15,6890200.0,power
,CZ,2024-12-15,11125400.0,power
,BE,2024-12-15,19745600.0,power
,DK,2024-12-15,4337300.0,power
,AT,2024-12-16,34616100.0,power
,DK,2024-12-16,2444800.0,power
,BE,2024-12-16,43312100.0,power
,BG,2024-12-16,7237500.0,power
,CZ,2024-12-16,12544600.0,power
,HR,2024-12-16,7691100.0,power
,BE,2024-12-17,44308900.0,power
,HR,2024-12-17,9808500.0,power
,AT,2024-12-17,52695600.0,power
,DK,2024-12-17,5669900.0,power
,BG,2024-12-17,7009400.0,power
,CZ,2024-12-17,7294100.0,power
,HR,2024-12-18,10206400.0,power
,DK,2024-12-18,3618600.0,power
,BG,2024-12-18,7034000.0,power
,CZ,2024-12-18,7501100.0,power
,BE,2024-12-18,18706500.0,power
,AT,2024-12-18,62647400.0,power
,AT,2024-12-19,47554500.0,power
,CZ,2024-12-19,7434800.0,power
,BE,2024-12-19,19479800.0,power
,DK,2024-12-19,3661400.0,power
,BG,2024-12-19,7160800.0,power
,HR,2024-12-19,10703200.0,power
,DK,2024-12-20,3207200.0,power
,AT,2024-12-20,28093600.0,power
,BG,2024-12-20,7108700.0,power
,BE,2024-12-20,26373000.0,power
,HR,2024-12-20,10949800.0,power
,CZ,2024-12-20,7175100.0,power
,BG,2024-12-21,7119700.0,power
,CZ,2024-12-21,6802500.0,power
,DK,2024-12-21,2213400.0,power
,HR,2024-12-21,10694100.0,power
,BE,2024-12-21,19092000.0,power
,AT,2024-12-21,15638000.0,power
,DK,2024-12-22,2872000.0,power
,BG,2024-12-22,7142600.0,power
,HR,2024-12-22,10940200.0,power
,CZ,2024-12-22,6684700.0,power
,BE,2024-12-22,18667400.0,power
,AT,2024-12-22,14243900.0,power
,AT,2024-12-23,30364700.0,power
,BE,2024-12-23,18500800.0,power
,HR,2024-12-23,11130400.0,power
,BG,2024-12-23,7214200.0,power
,DK,2024-12-23,5159099.999999999,power
,CZ,2024-12-23,7062800.0,power
,AT,2024-12-24,28288500.0,power
,HR,2024-12-24,12835900.0,power
,BG,2024-12-24,7198600.0,power
,BE,2024-12-24,19801200.0,power
,CZ,2024-12-24,7129200.0,power
,DK,2024-12-24,8214600.0,power
,BG,2024-12-25,7128200.0,power
,BE,2024-12-25,19784900.0,power
,CZ,2024-12-25,7035599.999999999,power
,DK,2024-12-25,7686700.0,power
,AT,2024-12-25,26001900.0,power
,HR,2024-12-25,11865400.0,power
,DK,2024-12-26,8394800.0,power
,BG,2024-12-26,7186500.0,power
,CZ,2024-12-26,7216700.0,power
,HR,2024-12-26,12049300.0,power
,AT,2024-12-26,30305200.0,power
,BE,2024-12-26,28298600.0,power
,CZ,2024-12-27,7360300.0,power
,AT,2024-12-27,48903900.0,power
,BE,2024-12-27,54548200.0,power
,DK,2024-12-27,9068200.0,power
,BG,2024-12-27,7203000.0,power
,HR,2024-12-27,11653000.0,power
,BG,2024-12-28,7118800.0,power
,DK,2024-12-28,8697500.0,power
,AT,2024-12-28,42278300.0,power
,BE,2024-12-28,49957100.0,power
,CZ,2024-12-28,7212800.0,power
,HR,2024-12-28,11661100.0,power
,DK,2024-12-29,4301400.0,power
,BE,2024-12-29,19851700.0,power
,CZ,2024-12-29,7100300.0,power
,HR,2024-12-29,11900200.0,power
,BG,2024-12-29,7098300.0,power
,AT,2024-12-29,41522400.0,power
,AT,2024-12-30,44875700.0,power
,CZ,2024-12-30,7257500.0,power
,BG,2024-12-30,7421400.0,power
,BE,2024-12-30,19519800.0,power
,DK,2024-12-30,3329300.0,power
,HR,2024-12-30,11952000.0,power
,BE,2024-12-31,18789400.0,power
,CZ,2024-12-31,7748025.0,power
,HR,2024-12-31,12098500.0,power
,DK,2024-12-31,3480200.0,power
,BG,2024-12-31,7403400.000000001,power
,AT,2024-12-31,38624000.0,power
3044.0,MT,2025-01-01,27.098,power
,BG,2025-01-01,7437300.0,power
3042.0,LU,2025-01-01,2.923,power
3041.0,LT,2025-01-01,12.6,power
3040.0,IT,2025-01-01,2202.518,power
3036.0,GR,2025-01-01,453.522,power
,CZ,2025-01-01,9280250.0,power
3043.0,LV,2025-01-01,55.527,power
3047.0,PT,2025-01-01,150.209,power
3035.0,FR,2025-01-01,230.198,power
,BE,2025-01-01,18014700.0,power
,AT,2025-01-01,21804900.0,power
3031.0,EE,2025-01-01,9.0,power
3034.0,FI,2025-01-01,18.0,power
3033.0,EU27_2020,2025-01-01,8948.304,power
3038.0,HU,2025-01-01,329.0,power
3032.0,ES,2025-01-01,629.356,power
3048.0,RO,2025-01-01,221.0,power
3029.0,DE,2025-01-01,1960.0,power
3045.0,NL,2025-01-01,859.673,power
3046.0,PL,2025-01-01,393.588,power
,DK,2025-01-01,2418600.0,power
3027.0,CY,2025-01-01,0.0,power
3039.0,IE,2025-01-01,289.069,power
3049.0,SE,2025-01-01,12.532,power
3050.0,SI,2025-01-01,25.13,power
3051.0,SK,2025-01-01,97.552,power
,HR,2025-01-01,11922500.0,power
,CZ,2025-01-02,22829125.0,power
,BE,2025-01-02,32240100.0,power
,DK,2025-01-02,7299300.0,power
,BG,2025-01-02,7406900.0,power
,HR,2025-01-02,11590200.0,power
,AT,2025-01-02,34065200.0,power
,BG,2025-01-03,7220500.0,power
,BE,2025-01-03,33293600.0,power
,CZ,2025-01-03,11491050.0,power
,HR,2025-01-03,11198900.0,power
,AT,2025-01-03,47786700.0,power
,DK,2025-01-03,5739800.0,power
,BE,2025-01-04,39489600.0,power
,CZ,2025-01-04,7407375.0,power
,HR,2025-01-04,11783100.0,power
,BG,2025-01-04,6405600.0,power
,DK,2025-01-04,9650800.0,power
,AT,2025-01-04,41789200.0,power
,CZ,2025-01-05,7419325.0,power
,AT,2025-01-05,40655500.0,power
,BG,2025-01-05,6531500.0,power
,HR,2025-01-05,11312400.0,power
,DK,2025-01-05,7295200.0,power
,BE,2025-01-05,23019800.0,power
,AT,2025-01-06,44141400.0,power
,BG,2025-01-06,6524800.0,power
,CZ,2025-01-06,7313775.0,power
,HR,2025-01-06,11191300.0,power
,DK,2025-01-06,3125100.0,power
,BE,2025-01-06,17843600.0,power
,AT,2025-01-07,59014900.0,power
,HR,2025-01-07,11033100.0,power
,BG,2025-01-07,6757200.0,power
,DK,2025-01-07,3242300.0,power
,BE,2025-01-07,20006500.0,power
,CZ,2025-01-07,8362174.999999999,power
,BE,2025-01-08,31894100.0,power
,HR,2025-01-08,11359900.0,power
,DK,2025-01-08,6804800.0,power
,CZ,2025-01-08,7758450.0,power
,BG,2025-01-08,7238100.0,power
,AT,2025-01-08,55685700.0,power
,HR,2025-01-09,11543200.0,power
,AT,2025-01-09,54517300.0,power
,BG,2025-01-09,7277800.0,power
,CZ,2025-01-09,19011125.0,power
,BE,2025-01-09,30489300.0,power
,DK,2025-01-09,11400200.0,power
,BG,2025-01-10,7241000.0,power
,DK,2025-01-10,10093600.0,power
,AT,2025-01-10,30882000.0,power
,BE,2025-01-10,50958800.0,power
,CZ,2025-01-10,19257825.0,power
,HR,2025-01-10,10906600.0,power
,DK,2025-01-11,7450400.0,power
,AT,2025-01-11,28384200.0,power
,HR,2025-01-11,11357000.0,power
,BG,2025-01-11,7281300.0,power
,BE,2025-01-11,32252600.0,power
,CZ,2025-01-11,7712275.0,power
,BE,2025-01-12,34419400.0,power
,CZ,2025-01-12,7873050.0,power
,HR,2025-01-12,11071000.0,power
,AT,2025-01-12,43604100.0,power
,DK,2025-01-12,8734100.0,power
,BG,2025-01-12,7308900.000000001,power
,DK,2025-01-13,6534500.0,power
,AT,2025-01-13,55029100.0,power
,BG,2025-01-13,7472000.0,power
,CZ,2025-01-13,20639550.0,power
,BE,2025-01-13,83261600.0,power
,HR,2025-01-13,11515900.0,power
,DK,2025-01-14,4013500.0,power
,HR,2025-01-14,11468900.0,power
,BG,2025-01-14,7507800.0,power
,BE,2025-01-14,95623900.0,power
,AT,2025-01-14,63539400.0,power
,CZ,2025-01-14,9416425.0,power
,DK,2025-01-15,10074600.0,power
,BG,2025-01-15,7611500.0,power
,CZ,2025-01-15,26856375.0,power
,HR,2025-01-15,11044100.0,power
,AT,2025-01-15,70169900.0,power
,BE,2025-01-15,97337000.0,power
,HR,2025-01-16,10697600.0,power
,AT,2025-01-16,70446800.0,power
,CZ,2025-01-16,23278625.0,power
,DK,2025-01-16,9682400.0,power
,BG,2025-01-16,7589800.0,power
,BE,2025-01-16,95652700.0,power
,CZ,2025-01-17,25455525.0,power
,BE,2025-01-17,100817500.0,power
,DK,2025-01-17,8512600.0,power
,AT,2025-01-17,70236900.0,power
,HR,2025-01-17,10998400.0,power
,BG,2025-01-17,7635600.0,power
,HR,2025-01-18,11121000.0,power
,CZ,2025-01-18,27127125.0,power
,BE,2025-01-18,91861500.0,power
,DK,2025-01-18,9054200.0,power
,AT,2025-01-18,66819200.0,power
,BG,2025-01-18,7015400.0,power
,BG,2025-01-19,7534500.0,power
,BE,2025-01-19,81723900.0,power
,CZ,2025-01-19,15534675.0,power
,AT,2025-01-19,56325100.0,power
,HR,2025-01-19,10907500.0,power
,DK,2025-01-19,9025900.0,power
,BG,2025-01-20,7331700.0,power
,AT,2025-01-20,70392500.0,power
,HR,2025-01-20,10857900.0,power
,DK,2025-01-20,11266000.0,power
,CZ,2025-01-20,28350025.0,power
,BE,2025-01-20,104674400.0,power
,BG,2025-01-21,7468500.0,power
,BE,2025-01-21,91568300.0,power
,CZ,2025-01-21,25620275.0,power
,HR,2025-01-21,10846400.0,power
,AT,2025-01-21,78002000.0,power
,DK,2025-01-21,10907000.0,power
,BE,2025-01-22,75741000.0,power
,BG,2025-01-22,7568700.0,power
,AT,2025-01-22,70938000.0,power
,DK,2025-01-22,10249700.0,power
,HR,2025-01-22,10612900.0,power
,CZ,2025-01-22,20848450.0,power
,BG,2025-01-23,7494400.0,power
,HR,2025-01-23,10588000.0,power
,BE,2025-01-23,24298100.0,power
,AT,2025-01-23,67530000.0,power
,DK,2025-01-23,7007600.0,power
,CZ,2025-01-23,8210799.999999999,power
,AT,2025-01-24,57475300.0,power
,DK,2025-01-24,3474800.0,power
,BG,2025-01-24,7418700.0,power
,BE,2025-01-24,19982800.0,power
,CZ,2025-01-24,10262925.0,power
,HR,2025-01-24,10392700.0,power
,DK,2025-01-25,6493500.0,power
,AT,2025-01-25,37873900.0,power
,CZ,2025-01-25,7519000.0,power
,BG,2025-01-25,7346300.0,power
,HR,2025-01-25,10165300.0,power
,BE,2025-01-25,19376900.0,power
,HR,2025-01-26,10324100.0,power
,BG,2025-01-26,7461800.0,power
,BE,2025-01-26,19601700.0,power
,AT,2025-01-26,40157800.0,power
,DK,2025-01-26,8749800.0,power
,CZ,2025-01-26,7492400.0,power
,BG,2025-01-27,7406500.0,power
,CZ,2025-01-27,7621500.0,power
,AT,2025-01-27,47426200.0,power
,BE,2025-01-27,18804600.0,power
,DK,2025-01-27,3853800.0,power
,HR,2025-01-27,10110300.0,power
,BG,2025-01-28,7276400.0,power
,AT,2025-01-28,46764000.0,power
,BE,2025-01-28,20004600.0,power
,CZ,2025-01-28,7564575.0,power
,HR,2025-01-28,10033100.0,power
,DK,2025-01-28,7334700.0,power
,DK,2025-01-29,7947600.0,power
,HR,2025-01-29,10130100.0,power
,BG,2025-01-29,7220900.0,power
,BE,2025-01-29,22324200.0,power
,AT,2025-01-29,35550500.0,power
,CZ,2025-01-29,7603625.0,power
,CZ,2025-01-30,20212700.0,power
,BG,2025-01-30,7330000.0,power
,DK,2025-01-30,8332299.999999999,power
,BE,2025-01-30,47106400.0,power
,HR,2025-01-30,10280400.0,power
,AT,2025-01-30,52606900.0,power
,HR,2025-01-31,10294800.0,power
,BG,2025-01-31,7304400.0,power
,AT,2025-01-31,54795500.0,power
,BE,2025-01-31,60285600.0,power
,CZ,2025-01-31,13818925.0,power
,DK,2025-01-31,9887000.0,power
3075.0,PT,2025-02-01,125.788,power
3079.0,SK,2025-02-01,82.363,power
3078.0,SI,2025-02-01,15.856,power
3077.0,SE,2025-02-01,10.142,power
3076.0,RO,2025-02-01,214.0,power
3073.0,NL,2025-02-01,792.728,power
3071.0,LV,2025-02-01,91.188,power
3072.0,MT,2025-02-01,26.533,power
,BE,2025-02-01,45535000.0,power
,HR,2025-02-01,10098500.0,power
,DK,2025-02-01,9679200.0,power
,CZ,2025-02-01,13299775.0,power
3062.0,FI,2025-02-01,28.716,power
3070.0,LU,2025-02-01,3.181,power
3060.0,ES,2025-02-01,593.516,power
3068.0,IT,2025-02-01,2206.879,power
3067.0,IE,2025-02-01,177.373,power
3066.0,HU,2025-02-01,316.7,power
3064.0,GR,2025-02-01,463.457,power
3063.0,FR,2025-02-01,229.743,power
3074.0,PL,2025-02-01,391.807,power
3061.0,EU27_2020,2025-02-01,8577.978,power
3069.0,LT,2025-02-01,20.2,power
3059.0,EE,2025-02-01,8.576,power
3057.0,DE,2025-02-01,1853.0,power
3055.0,CY,2025-02-01,0.0,power
,AT,2025-02-01,36675400.0,power
,BG,2025-02-01,7168200.0,power
,CZ,2025-02-02,14467150.0,power
,BG,2025-02-02,7175200.0,power
,DK,2025-02-02,9346700.0,power
,AT,2025-02-02,35661500.0,power
,BE,2025-02-02,44826800.0,power
,HR,2025-02-02,10308400.0,power
,DK,2025-02-03,10545000.0,power
,HR,2025-02-03,9985700.0,power
,BG,2025-02-03,7287200.0,power
,CZ,2025-02-03,22449550.0,power
,AT,2025-02-03,50871900.0,power
,BE,2025-02-03,77839500.0,power
,DK,2025-02-04,8809800.0,power
,BE,2025-02-04,80286100.0,power
,CZ,2025-02-04,16410099.999999998,power
,AT,2025-02-04,53867600.0,power
,BG,2025-02-04,7259500.0,power
,HR,2025-02-04,10826600.0,power
,DK,2025-02-05,7087500.0,power
,CZ,2025-02-05,21776475.0,power
,AT,2025-02-05,52027000.0,power
,BE,2025-02-05,91046600.0,power
,BG,2025-02-05,7213200.0,power
,HR,2025-02-05,11445500.0,power
,CZ,2025-02-06,20845075.0,power
,BG,2025-02-06,7344100.0,power
,HR,2025-02-06,11880300.0,power
,DK,2025-02-06,10368600.0,power
,AT,2025-02-06,55102500.0,power
,BE,2025-02-06,79083000.0,power
,BG,2025-02-07,7342900.0,power
,DK,2025-02-07,7896500.0,power
,BE,2025-02-07,32497200.0,power
,AT,2025-02-07,34755400.0,power
,HR,2025-02-07,11215800.0,power
,CZ,2025-02-07,7987700.0,power
,DK,2025-02-08,6707200.0,power
,BG,2025-02-08,7164900.0,power
,HR,2025-02-08,11404700.0,power
,AT,2025-02-08,18870500.0,power
,CZ,2025-02-08,7661950.0,power
,BE,2025-02-08,27528500.0,power
,HR,2025-02-09,11158600.0,power
,AT,2025-02-09,21680800.0,power
,BE,2025-02-09,27306500.0,power
,DK,2025-02-09,8534100.0,power
,BG,2025-02-09,7000000.0,power
,CZ,2025-02-09,7801000.0,power
,HR,2025-02-10,11879700.0,power
,CZ,2025-02-10,8112850.0,power
,AT,2025-02-10,47105900.0,power
,BE,2025-02-10,56377000.0,power
,BG,2025-02-10,7205000.0,power
,DK,2025-02-10,5917400.0,power
,BE,2025-02-11,80505000.0,power
,DK,2025-02-11,5628800.0,power
,HR,2025-02-11,11612200.0,power
,AT,2025-02-11,42899600.0,power
,CZ,2025-02-11,8212900.0,power
,BG,2025-02-11,7082300.0,power
,CZ,2025-02-12,21623775.0,power
,BE,2025-02-12,86922700.0,power
,DK,2025-02-12,9839700.0,power
,BG,2025-02-12,7142500.0,power
,AT,2025-02-12,62548400.0,power
,HR,2025-02-12,11517000.0,power
,AT,2025-02-13,69840100.0,power
,DK,2025-02-13,11620700.0,power
,CZ,2025-02-13,22994325.0,power
,BE,2025-02-13,91664600.0,power
,BG,2025-02-13,6797400.0,power
,HR,2025-02-13,11762200.0,power
,BE,2025-02-14,89650300.0,power
,CZ,2025-02-14,25595500.0,power
,AT,2025-02-14,64266799.99999999,power
,DK,2025-02-14,12493900.0,power
,BG,2025-02-14,6693500.0,power
,HR,2025-02-14,12018500.0,power
,CZ,2025-02-15,26485300.0,power
,DK,2025-02-15,11299200.0,power
,HR,2025-02-15,11855100.0,power
,BE,2025-02-15,66016000.0,power
,BG,2025-02-15,6528200.0,power
,AT,2025-02-15,52246600.0,power
,BE,2025-02-16,51028800.0,power
,DK,2025-02-16,9201700.0,power
,CZ,2025-02-16,11278850.0,power
,AT,2025-02-16,55435200.0,power
,BG,2025-02-16,6995400.0,power
,HR,2025-02-16,11881300.0,power
,CZ,2025-02-17,22652475.0,power
,BE,2025-02-17,81134200.0,power
,HR,2025-02-17,11317500.0,power
,DK,2025-02-17,9831200.0,power
,AT,2025-02-17,67629800.0,power
,BG,2025-02-17,6970700.0,power
,HR,2025-02-18,11647000.0,power
,BG,2025-02-18,6845100.0,power
,CZ,2025-02-18,15485175.0,power
,BE,2025-02-18,56295300.0,power
,DK,2025-02-18,8999100.0,power
,AT,2025-02-18,66132100.00000001,power
,BG,2025-02-19,7277700.0,power
,AT,2025-02-19,63157900.0,power
,DK,2025-02-19,8752900.0,power
,CZ,2025-02-19,8202049.999999999,power
,HR,2025-02-19,11654400.0,power
,BE,2025-02-19,34244200.0,power
,DK,2025-02-20,5213800.0,power
,CZ,2025-02-20,8283275.0,power
,BE,2025-02-20,25925100.0,power
,AT,2025-02-20,56477200.00000001,power
,HR,2025-02-20,11887300.0,power
,BG,2025-02-20,7073200.0,power
,AT,2025-02-21,42016500.0,power
,CZ,2025-02-21,8197775.0,power
,HR,2025-02-21,11605600.0,power
,BE,2025-02-21,23556600.0,power
,DK,2025-02-21,5682000.0,power
,BG,2025-02-21,7174000.0,power
,HR,2025-02-22,11963800.0,power
,CZ,2025-02-22,7643075.0,power
,DK,2025-02-22,5682800.0,power
,BE,2025-02-22,20887500.0,power
,BG,2025-02-22,7198500.0,power
,AT,2025-02-22,24437800.0,power
,BG,2025-02-23,7194200.0,power
,AT,2025-02-23,39734400.0,power
,DK,2025-02-23,4218000.0,power
,BE,2025-02-23,19423700.0,power
,HR,2025-02-23,11713700.0,power
,CZ,2025-02-23,7606175.0,power
,BG,2025-02-24,7278500.0,power
,HR,2025-02-24,11796100.0,power
,CZ,2025-02-24,7847675.0,power
,AT,2025-02-24,58220500.0,power
,BE,2025-02-24,22427700.0,power
,DK,2025-02-24,4365000.0,power
,CZ,2025-02-25,21616050.0,power
,BG,2025-02-25,7301100.0,power
,HR,2025-02-25,11888900.0,power
,DK,2025-02-25,7564000.0,power
,AT,2025-02-25,60993300.0,power
,BE,2025-02-25,74098100.0,power
,BE,2025-02-26,68082100.0,power
,BG,2025-02-26,7277900.0,power
,HR,2025-02-26,11169800.0,power
,CZ,2025-02-26,20698350.0,power
,DK,2025-02-26,7812400.0,power
,AT,2025-02-26,67081700.0,power
,BE,2025-02-27,75042900.0,power
,HR,2025-02-27,10827300.0,power
,BG,2025-02-27,7188300.0,power
,AT,2025-02-27,54702600.0,power
,DK,2025-02-27,7978000.0,power
,CZ,2025-02-27,22202375.0,power
,AT,2025-02-28,52889800.0,power
,BG,2025-02-28,7256000.0,power
,CZ,2025-02-28,22325625.0,power
,DK,2025-02-28,7922000.0,power
,HR,2025-02-28,10607700.0,power
,BE,2025-02-28,79523000.0,power
3090.0,FI,2025-03-01,34.0,power
3097.0,LT,2025-03-01,9.0,power
3096.0,IT,2025-03-01,1860.171,power
3095.0,IE,2025-03-01,238.328,power
3092.0,GR,2025-03-01,296.716,power
3091.0,FR,2025-03-01,118.281,power
,HR,2025-03-01,6662900.0,power
3089.0,EU27_2020,2025-03-01,6828.885,power
3088.0,ES,2025-03-01,490.481,power
,CZ,2025-03-01,7721425.0,power
,AT,2025-03-01,38350300.0,power
,BE,2025-03-01,50319200.0,power
3098.0,LU,2025-03-01,3.745,power
3099.0,LV,2025-03-01,42.978,power
3100.0,MT,2025-03-01,23.988,power
3101.0,NL,2025-03-01,642.694,power
3083.0,CY,2025-03-01,0.0,power
3094.0,HU,2025-03-01,218.9,power
3107.0,SK,2025-03-01,76.442,power
3087.0,EE,2025-03-01,7.1,power
3085.0,DE,2025-03-01,1419.0,power
,BG,2025-03-01,7184200.0,power
3105.0,SE,2025-03-01,8.463,power
3104.0,RO,2025-03-01,173.0,power
3103.0,PT,2025-03-01,106.514,power
3102.0,PL,2025-03-01,380.307,power
,DK,2025-03-01,6907300.0,power
3106.0,SI,2025-03-01,19.215,power
,BG,2025-03-02,7149100.0,power
,HR,2025-03-02,6730100.0,power
,DK,2025-03-02,4582700.0,power
,BE,2025-03-02,27219400.0,power
,AT,2025-03-02,23250700.0,power
,CZ,2025-03-02,7445950.0,power
,BG,2025-03-03,7131600.0,power
,CZ,2025-03-03,13980650.0,power
,HR,2025-03-03,6869300.0,power
,DK,2025-03-03,3830500.0,power
,AT,2025-03-03,33846600.0,power
,BE,2025-03-03,46585800.0,power
,AT,2025-03-04,34468700.0,power
,DK,2025-03-04,4346800.0,power
,HR,2025-03-04,7298800.0,power
,BE,2025-03-04,43894600.0,power
,CZ,2025-03-04,15022600.0,power
,BG,2025-03-04,7095200.0,power
,BE,2025-03-05,24950400.0,power
,BG,2025-03-05,7026900.0,power
,AT,2025-03-05,16358800.0,power
,CZ,2025-03-05,7651575.0,power
,HR,2025-03-05,7405900.0,power
,DK,2025-03-05,3462000.0,power
,BG,2025-03-06,6807500.0,power
,DK,2025-03-06,5292000.0,power
,HR,2025-03-06,7271200.0,power
,CZ,2025-03-06,7478925.0,power
,AT,2025-03-06,17940200.0,power
,BE,2025-03-06,23672500.0,power
,DK,2025-03-07,5703000.0,power
,HR,2025-03-07,6678400.0,power
,BE,2025-03-07,26689300.0,power
,BG,2025-03-07,6862300.0,power
,CZ,2025-03-07,14526800.0,power
,AT,2025-03-07,33752700.0,power
,DK,2025-03-08,3585700.0,power
,HR,2025-03-08,6389400.0,power
,CZ,2025-03-08,12901200.0,power
,AT,2025-03-08,23857700.0,power
,BG,2025-03-08,6736200.0,power
,BE,2025-03-08,20741400.0,power
,CZ,2025-03-09,12803725.0,power
,BG,2025-03-09,6670700.0,power
,AT,2025-03-09,16283500.0,power
,HR,2025-03-09,6343500.0,power
,BE,2025-03-09,21919500.0,power
,DK,2025-03-09,3571100.0,power
,HR,2025-03-10,6530700.0,power
,AT,2025-03-10,36185700.0,power
,BE,2025-03-10,46435100.0,power
,DK,2025-03-10,6145400.0,power
,CZ,2025-03-10,16542000.0,power
,BG,2025-03-10,6804200.0,power
,BG,2025-03-11,6654900.0,power
,AT,2025-03-11,43759700.0,power
,CZ,2025-03-11,19991050.0,power
,DK,2025-03-11,6663300.0,power
,BE,2025-03-11,63624800.0,power
,HR,2025-03-11,6428000.0,power
,AT,2025-03-12,41401500.0,power
,HR,2025-03-12,6349600.0,power
,CZ,2025-03-12,21778600.0,power
,DK,2025-03-12,6743800.0,power
,BG,2025-03-12,6321000.0,power
,BE,2025-03-12,70833200.0,power
,CZ,2025-03-13,22149400.0,power
,BG,2025-03-13,5957300.0,power
,DK,2025-03-13,8156900.0,power
,AT,2025-03-13,44269600.0,power
,HR,2025-03-13,6434400.0,power
,BE,2025-03-13,76582000.0,power
,HR,2025-03-14,6421200.0,power
,CZ,2025-03-14,23022200.0,power
,BE,2025-03-14,74335400.0,power
,AT,2025-03-14,42948100.0,power
,BG,2025-03-14,5938900.0,power
,DK,2025-03-14,8117900.0,power
,HR,2025-03-15,6401300.0,power
,BG,2025-03-15,5743100.0,power
,BE,2025-03-15,20605500.0,power
,DK,2025-03-15,6710800.0,power
,AT,2025-03-15,20630700.0,power
,CZ,2025-03-15,7804175.0,power
,BE,2025-03-16,20965400.0,power
,DK,2025-03-16,4716600.0,power
,HR,2025-03-16,6416600.0,power
,CZ,2025-03-16,7661200.0,power
,AT,2025-03-16,21403000.0,power
,BG,2025-03-16,5477100.0,power
,DK,2025-03-17,7209100.0,power
,CZ,2025-03-17,13093275.0,power
,HR,2025-03-17,6416400.0,power
,BG,2025-03-17,6385000.0,power
,AT,2025-03-17,28167500.0,power
,BE,2025-03-17,49005400.0,power
,BG,2025-03-18,7094100.0,power
,CZ,2025-03-18,13063075.0,power
,AT,2025-03-18,30539700.0,power
,BE,2025-03-18,34261900.0,power
,HR,2025-03-18,6551900.0,power
,DK,2025-03-18,5372200.0,power
,DK,2025-03-19,5649900.0,power
,BG,2025-03-19,7087400.0,power
,CZ,2025-03-19,13186925.0,power
,BE,2025-03-19,45458200.0,power
,AT,2025-03-19,35537299.99999999,power
,HR,2025-03-19,6550400.0,power
,HR,2025-03-20,6543000.0,power
,DK,2025-03-20,5380900.0,power
,BG,2025-03-20,7062900.0,power
,AT,2025-03-20,35982800.0,power
,CZ,2025-03-20,13407575.0,power
,BE,2025-03-20,37272600.0,power
,AT,2025-03-21,38983100.0,power
,HR,2025-03-21,6473000.0,power
,BG,2025-03-21,6970400.000000001,power
,DK,2025-03-21,3784400.0,power
,CZ,2025-03-21,16088175.0,power
,BE,2025-03-21,20746500.0,power
,BE,2025-03-22,18968900.0,power
,AT,2025-03-22,13608000.0,power
,HR,2025-03-22,6112200.0,power
,CZ,2025-03-22,7261725.0,power
,DK,2025-03-22,2174600.0,power
,BG,2025-03-22,6664800.0,power
,CZ,2025-03-23,12779275.0,power
,AT,2025-03-23,10244800.0,power
,BG,2025-03-23,6623100.0,power
,DK,2025-03-23,3151200.0,power
,HR,2025-03-23,6072800.0,power
,BE,2025-03-23,24961700.0,power
,HR,2025-03-24,6617000.0,power
,BE,2025-03-24,78602300.0,power
,BG,2025-03-24,6072200.0,power
,DK,2025-03-24,5777200.0,power
,CZ,2025-03-24,18672800.0,power
,AT,2025-03-24,32787600.0,power
,DK,2025-03-25,5229700.0,power
,BE,2025-03-25,70028200.0,power
,BG,2025-03-25,5870900.0,power
,CZ,2025-03-25,12027150.0,power
,HR,2025-03-25,6705700.0,power
,AT,2025-03-25,36280700.0,power
,CZ,2025-03-26,17676350.0,power
,DK,2025-03-26,5912600.0,power
,BG,2025-03-26,5853500.0,power
,AT,2025-03-26,39163300.0,power
,HR,2025-03-26,6595400.000000001,power
,BE,2025-03-26,82346000.0,power
,HR,2025-03-27,6536800.0,power
,BG,2025-03-27,5830200.0,power
,CZ,2025-03-27,14990000.0,power
,AT,2025-03-27,26053100.0,power
,DK,2025-03-27,4858300.0,power
,BE,2025-03-27,47061800.0,power
,HR,2025-03-28,6518900.0,power
,DK,2025-03-28,5310500.0,power
,BE,2025-03-28,26833800.0,power
,AT,2025-03-28,22964500.0,power
,BG,2025-03-28,5875900.0,power
,CZ,2025-03-28,13244900.0,power
,BG,2025-03-29,5578400.0,power
,BE,2025-03-29,19912100.0,power
,AT,2025-03-29,19929300.0,power
,DK,2025-03-29,5098600.0,power
,CZ,2025-03-29,11579175.0,power
,HR,2025-03-29,5953600.0,power
,CZ,2025-03-30,6600250.0,power
,DK,2025-03-30,2765000.0,power
,BE,2025-03-30,18406800.0,power
,AT,2025-03-30,1851500.0,power
,BG,2025-03-30,5669600.0,power
,HR,2025-03-30,6698000.0,power
,DK,2025-03-31,5906300.0,power
,CZ,2025-03-31,12744900.0,power
,HR,2025-03-31,6774200.0,power
,AT,2025-03-31,24326300.0,power
,BE,2025-03-31,29895100.0,power
,BG,2025-03-31,6050900.0,power
3135.0,SK,2025-04-01,57.633,power
3134.0,SI,2025-04-01,11.223,power
,AT,2025-04-01,21141700.0,power
3133.0,SE,2025-04-01,7.383,power
3126.0,LU,2025-04-01,3.95,power
3131.0,PT,2025-04-01,81.917,power
3130.0,PL,2025-04-01,344.347,power
3129.0,NL,2025-04-01,573.795,power
3128.0,MT,2025-04-01,23.609,power
3127.0,LV,2025-04-01,20.575,power
3113.0,DE,2025-04-01,890.0,power
,DK,2025-04-01,4767400.0,power
3111.0,CY,2025-04-01,0.0,power
3132.0,RO,2025-04-01,84.0,power
3117.0,EU27_2020,2025-04-01,4987.68,power
3118.0,FI,2025-04-01,19.0,power
,CZ,2025-04-01,13084850.0,power
,BE,2025-04-01,26736500.0,power
3119.0,FR,2025-04-01,39.434,power
3120.0,GR,2025-04-01,220.347,power
3115.0,EE,2025-04-01,6.288,power
,BG,2025-04-01,5884400.0,power
3125.0,LT,2025-04-01,7.1,power
,HR,2025-04-01,6812900.0,power
3116.0,ES,2025-04-01,500.569,power
3123.0,IE,2025-04-01,226.73,power
3122.0,HU,2025-04-01,121.8,power
3124.0,IT,2025-04-01,1248.846,power
,CZ,2025-04-02,5629875.0,power
,AT,2025-04-02,19345900.0,power
,DK,2025-04-02,3846000.0,power
,BG,2025-04-02,6117600.0,power
,BE,2025-04-02,18225900.0,power
,HR,2025-04-02,6845700.0,power
,DK,2025-04-03,4179200.0,power
,CZ,2025-04-03,12835050.0,power
,BG,2025-04-03,6188000.0,power
,BE,2025-04-03,24234200.0,power
,AT,2025-04-03,21606400.0,power
,HR,2025-04-03,6757200.0,power
,AT,2025-04-04,16644500.0,power
,BG,2025-04-04,5932500.0,power
,CZ,2025-04-04,15635225.0,power
,DK,2025-04-04,3478400.0,power
,HR,2025-04-04,6485500.0,power
,BE,2025-04-04,26631000.0,power
,DK,2025-04-05,3123700.0000000005,power
,BG,2025-04-05,6175400.0,power
,BE,2025-04-05,19073800.0,power
,HR,2025-04-05,5435600.0,power
,AT,2025-04-05,2765600.0,power
,CZ,2025-04-05,5280450.0,power
,CZ,2025-04-06,7366625.0,power
,AT,2025-04-06,8885600.0,power
,BG,2025-04-06,6883500.0,power
,HR,2025-04-06,5773700.0,power
,BE,2025-04-06,23551500.0,power
,DK,2025-04-06,3551100.0,power
,DK,2025-04-07,4596100.0,power
,BE,2025-04-07,51042700.0,power
,HR,2025-04-07,6241700.0,power
,BG,2025-04-07,7068900.0,power
,CZ,2025-04-07,16278974.999999998,power
,AT,2025-04-07,30251600.0,power
,CZ,2025-04-08,19413375.0,power
,BE,2025-04-08,61409200.0,power
,DK,2025-04-08,316299.99999999994,power
,AT,2025-04-08,32782000.0,power
,HR,2025-04-08,6579300.0,power
,BG,2025-04-08,6976700.0,power
,BE,2025-04-09,42288600.0,power
,CZ,2025-04-09,14865150.0,power
,HR,2025-04-09,6573000.0,power
,DK,2025-04-09,1878500.0,power
,BG,2025-04-09,6777200.0,power
,AT,2025-04-09,34323500.0,power
,BE,2025-04-10,33923200.00000001,power
,DK,2025-04-10,3373500.0,power
,HR,2025-04-10,6555500.0,power
,CZ,2025-04-10,14182250.0,power
,AT,2025-04-10,22788200.0,power
,BG,2025-04-10,6993400.000000001,power
,AT,2025-04-11,16374500.0,power
,CZ,2025-04-11,12121125.0,power
,BE,2025-04-11,37516000.0,power
,HR,2025-04-11,6609400.0,power
,BG,2025-04-11,6946000.0,power
,DK,2025-04-11,3091100.0,power
,CZ,2025-04-12,9350850.0,power
,BG,2025-04-12,6453600.0,power
,DK,2025-04-12,3537000.0,power
,BE,2025-04-12,21814500.0,power
,HR,2025-04-12,5697300.0,power
,AT,2025-04-12,15544500.0,power
,AT,2025-04-13,9951400.0,power
,HR,2025-04-13,5480200.0,power
,BG,2025-04-13,6043800.0,power
,BE,2025-04-13,19776300.0,power
,DK,2025-04-13,3167500.0,power
,CZ,2025-04-13,4947050.0,power
,AT,2025-04-14,21504200.0,power
,DK,2025-04-14,5730000.0,power
,BE,2025-04-14,26961200.0,power
,HR,2025-04-14,6665900.000000001,power
,CZ,2025-04-14,15027850.0,power
,BG,2025-04-14,6240000.0,power
,BG,2025-04-15,6567700.0,power
,BE,2025-04-15,25524300.0,power
,DK,2025-04-15,3780800.0,power
,AT,2025-04-15,7115700.0,power
,CZ,2025-04-15,9342025.0,power
,HR,2025-04-15,7591300.0,power
,CZ,2025-04-16,9213200.0,power
,DK,2025-04-16,5523000.0,power
,AT,2025-04-16,4713600.0,power
,HR,2025-04-16,7315100.0,power
,BE,2025-04-16,45231900.0,power
,BG,2025-04-16,5885900.0,power
,AT,2025-04-17,6572300.0,power
,HR,2025-04-17,6752400.0,power
,CZ,2025-04-17,12733625.0,power
,BE,2025-04-17,58436100.0,power
,DK,2025-04-17,5627500.0,power
,BG,2025-04-17,5667400.0,power
,BE,2025-04-18,40984100.0,power
,HR,2025-04-18,5438000.0,power
,DK,2025-04-18,5575900.0,power
,CZ,2025-04-18,11453725.0,power
,AT,2025-04-18,6921100.0,power
,BG,2025-04-18,5483000.0,power
,HR,2025-04-19,5679700.0,power
,BG,2025-04-19,5626800.0,power
,BE,2025-04-19,23264700.0,power
,AT,2025-04-19,6933200.0,power
,CZ,2025-04-19,10881600.0,power
,DK,2025-04-19,4604900.0,power
,AT,2025-04-20,4673400.0,power
,DK,2025-04-20,4712000.0,power
,BE,2025-04-20,37715900.0,power
,CZ,2025-04-20,11985225.0,power
,BG,2025-04-20,5589400.0,power
,HR,2025-04-20,5457900.0,power
,DK,2025-04-21,4503400.0,power
,BG,2025-04-21,5645900.0,power
,HR,2025-04-21,5474100.0,power
,CZ,2025-04-21,12847400.0,power
,BE,2025-04-21,43221000.0,power
,AT,2025-04-21,3683500.0,power
,BE,2025-04-22,65436700.0,power
,AT,2025-04-22,18238700.0,power
,BG,2025-04-22,5025200.0,power
,HR,2025-04-22,5875400.0,power
,DK,2025-04-22,5531800.0,power
,CZ,2025-04-22,19398725.0,power
,BE,2025-04-23,69685500.0,power
,CZ,2025-04-23,19760850.0,power
,DK,2025-04-23,6077500.0,power
,AT,2025-04-23,32020100.0,power
,HR,2025-04-23,6113400.0,power
,BG,2025-04-23,3980100.0,power
,AT,2025-04-24,26014700.0,power
,CZ,2025-04-24,16524175.0,power
,BE,2025-04-24,60490200.0,power
,DK,2025-04-24,4926400.0,power
,BG,2025-04-24,3836800.0,power
,HR,2025-04-24,6947400.000000001,power
,BG,2025-04-25,4214100.0,power
,AT,2025-04-25,15873100.0,power
,DK,2025-04-25,4805700.0,power
,CZ,2025-04-25,10342900.0,power
,HR,2025-04-25,8057500.0,power
,BE,2025-04-25,50756100.0,power
,DK,2025-04-26,3661500.0,power
,BG,2025-04-26,4291300.0,power
,CZ,2025-04-26,5584450.0,power
,AT,2025-04-26,6047700.0,power
,HR,2025-04-26,7455500.0,power
,BE,2025-04-26,19908300.0,power
,HR,2025-04-27,5488800.0,power
,DK,2025-04-27,3655100.0,power
,BE,2025-04-27,22102400.0,power
,AT,2025-04-27,11391400.0,power
,CZ,2025-04-27,9311475.0,power
,BG,2025-04-27,4295800.0,power
,CZ,2025-04-28,15912975.0,power
,BG,2025-04-28,4335200.0,power
,HR,2025-04-28,6140100.0,power
,DK,2025-04-28,3937200.0,power
,AT,2025-04-28,20916700.0,power
,BE,2025-04-28,38859500.0,power
,CZ,2025-04-29,17997450.0,power
,DK,2025-04-29,3371600.0,power
,AT,2025-04-29,15178800.0,power
,BE,2025-04-29,36892900.0,power
,HR,2025-04-29,6012400.0,power
,BG,2025-04-29,4239400.0,power
,BE,2025-04-30,37170100.0,power
,CZ,2025-04-30,15263225.0,power
,DK,2025-04-30,3305900.0,power
,BG,2025-04-30,3694400.0,power
,HR,2025-04-30,4106100.000000001,power
,AT,2025-04-30,8743500.0,power
3162.0,SI,2025-05-01,19.818,power
3153.0,LT,2025-05-01,5.7,power
3154.0,LU,2025-05-01,3.468,power
3155.0,LV,2025-05-01,6.848,power
3156.0,MT,2025-05-01,26.226,power
3157.0,NL,2025-05-01,457.472,power
3158.0,PL,2025-05-01,275.761,power
3161.0,SE,2025-05-01,6.473,power
3159.0,PT,2025-05-01,148.249,power
3160.0,RO,2025-05-01,45.0,power
3152.0,IT,2025-05-01,1006.108,power
,CZ,2025-05-01,8041950.0,power
3141.0,DE,2025-05-01,705.0,power
3163.0,SK,2025-05-01,44.762,power
,HR,2025-05-01,578800.0000000001,power
3150.0,HU,2025-05-01,91.1,power
3148.0,GR,2025-05-01,287.096,power
,AT,2025-05-01,8900.0,power
3146.0,FI,2025-05-01,5.0,power
3145.0,EU27_2020,2025-05-01,4260.354,power
3144.0,ES,2025-05-01,640.245,power
3147.0,FR,2025-05-01,10.111,power
3143.0,EE,2025-05-01,6.174,power
3139.0,CY,2025-05-01,0.0,power
,DK,2025-05-01,3080800.0,power
,BE,2025-05-01,33511300.000000004,power
,BG,2025-05-01,3667100.0,power
3151.0,IE,2025-05-01,213.879,power
,HR,2025-05-02,0.0,power
,DK,2025-05-02,2970600.0,power
,BG,2025-05-02,3643100.0,power
,BE,2025-05-02,29265500.0,power
,AT,2025-05-02,9300.0,power
,CZ,2025-05-02,9948000.0,power
,CZ,2025-05-03,7113350.0,power
,BG,2025-05-03,3604700.0,power
,DK,2025-05-03,2927100.0,power
,AT,2025-05-03,8200.000000000002,power
,BE,2025-05-03,19760200.0,power
,HR,2025-05-03,0.0,power
,HR,2025-05-04,0.0,power
,AT,2025-05-04,57100.0,power
,BE,2025-05-04,17501500.0,power
,CZ,2025-05-04,3759075.0,power
,BG,2025-05-04,3559100.0,power
,DK,2025-05-04,2560100.0,power
,AT,2025-05-05,1574300.0,power
,HR,2025-05-05,0.0,power
,DK,2025-05-05,3988100.0,power
,CZ,2025-05-05,8872575.0,power
,BE,2025-05-05,20539000.0,power
,BG,2025-05-05,3787000.0,power
,AT,2025-05-06,1865400.0,power
,DK,2025-05-06,3556600.0,power
,HR,2025-05-06,0.0,power
,BG,2025-05-06,3649500.0,power
,BE,2025-05-06,23223800.0,power
,CZ,2025-05-06,14716025.0,power
,AT,2025-05-07,1803100.0,power
,DK,2025-05-07,3926300.0,power
,BE,2025-05-07,30264600.0,power
,CZ,2025-05-07,17869600.0,power
,HR,2025-05-07,0.0,power
,BG,2025-05-07,3722100.0,power
,BE,2025-05-08,35337300.0,power
,HR,2025-05-08,0.0,power
,CZ,2025-05-08,17547025.0,power
,DK,2025-05-08,3504200.0,power
,BG,2025-05-08,3717300.0,power
,AT,2025-05-08,1873800.0,power
,HR,2025-05-09,0.0,power
,DK,2025-05-09,3297100.0,power
,AT,2025-05-09,1809300.0,power
,CZ,2025-05-09,14617200.0,power
,BG,2025-05-09,3375200.0,power
,BE,2025-05-09,25274900.0,power
,CZ,2025-05-10,7132800.0,power
,BG,2025-05-10,3338200.0,power
,HR,2025-05-10,0.0,power
,AT,2025-05-10,719800.0,power
,BE,2025-05-10,21256000.0,power
,DK,2025-05-10,3730000.0,power
,HR,2025-05-11,0.0,power
,CZ,2025-05-11,7056025.000000001,power
,BG,2025-05-11,3322400.0,power
,AT,2025-05-11,224200.00000000003,power
,BE,2025-05-11,16989300.0,power
,DK,2025-05-11,2961900.0,power
,CZ,2025-05-12,10412550.0,power
,DK,2025-05-12,3443300.0,power
,HR,2025-05-12,0.0,power
,AT,2025-05-12,402800.0,power
,BE,2025-05-12,25612000.0,power
,BG,2025-05-12,3310900.0,power
,AT,2025-05-13,243700.00000000003,power
,HR,2025-05-13,0.0,power
,BE,2025-05-13,36012800.0,power
,CZ,2025-05-13,16693025.000000002,power
,BG,2025-05-13,2834200.0,power
,DK,2025-05-13,3584200.0,power
,CZ,2025-05-14,12652875.0,power
,HR,2025-05-14,0.0,power
,BE,2025-05-14,29735400.0,power
,AT,2025-05-14,222800.0,power
,DK,2025-05-14,3115500.0,power
,BG,2025-05-14,2913500.0,power
,AT,2025-05-15,289400.0,power
,DK,2025-05-15,3070000.0,power
,HR,2025-05-15,0.0,power
,BG,2025-05-15,3231700.0,power
,BE,2025-05-15,19701200.0,power
,CZ,2025-05-15,7397050.0,power
,HR,2025-05-16,753900.0,power
,AT,2025-05-16,382200.0,power
,BE,2025-05-16,19087300.0,power
,BG,2025-05-16,3706500.0,power
,DK,2025-05-16,3498000.0,power
,CZ,2025-05-16,8668275.0,power
,BE,2025-05-17,16672599.999999998,power
,DK,2025-05-17,3438600.0,power
,BG,2025-05-17,4554200.0,power
,HR,2025-05-17,970000.0,power
,CZ,2025-05-17,3636200.0,power
,AT,2025-05-17,289300.0,power
,BE,2025-05-18,19912400.0,power
,HR,2025-05-18,906000.0,power
,AT,2025-05-18,259200.0,power
,DK,2025-05-18,3643200.0,power
,BG,2025-05-18,4848400.0,power
,CZ,2025-05-18,8572450.0,power
,BE,2025-05-19,19306200.0,power
,DK,2025-05-19,4139300.0,power
,BG,2025-05-19,4780000.0,power
,AT,2025-05-19,3427500.0,power
,HR,2025-05-19,1753600.0,power
,CZ,2025-05-19,16726300.0,power
,BE,2025-05-20,21771900.0,power
,HR,2025-05-20,1225600.0,power
,DK,2025-05-20,3688400.0,power
,AT,2025-05-20,2686200.0,power
,BG,2025-05-20,3840200.0,power
,CZ,2025-05-20,16482750.0,power
,AT,2025-05-21,176000.0,power
,DK,2025-05-21,3810300.0,power
,BG,2025-05-21,4649600.0,power
,BE,2025-05-21,21271600.0,power
,CZ,2025-05-21,4501375.0,power
,HR,2025-05-21,934000.0,power
,HR,2025-05-22,1616600.0,power
,DK,2025-05-22,3950200.0,power
,BE,2025-05-22,17708300.0,power
,CZ,2025-05-22,9856675.0,power
,BG,2025-05-22,4278400.0,power
,AT,2025-05-22,210500.0,power
,AT,2025-05-23,3322400.0,power
,BE,2025-05-23,15675800.0,power
,DK,2025-05-23,4755100.0,power
,CZ,2025-05-23,14590225.0,power
,BG,2025-05-23,3687000.0,power
,HR,2025-05-23,1887200.0,power
,AT,2025-05-24,330300.0,power
,DK,2025-05-24,3948100.0,power
,CZ,2025-05-24,3651175.0,power
,BE,2025-05-24,9913100.0,power
,BG,2025-05-24,4319800.0,power
,HR,2025-05-24,1789100.0,power
,CZ,2025-05-25,3584175.0,power
,BE,2025-05-25,16175400.0,power
,HR,2025-05-25,1863600.0,power
,AT,2025-05-25,251000.0,power
,BG,2025-05-25,3580300.0,power
,DK,2025-05-25,3445300.0,power
,BE,2025-05-26,16691800.0,power
,HR,2025-05-26,1938100.0,power
,CZ,2025-05-26,12464775.0,power
,BG,2025-05-26,3686200.0,power
,AT,2025-05-26,2908500.0,power
,DK,2025-05-26,4178300.0,power
,DK,2025-05-27,3614900.0,power
,AT,2025-05-27,214100.0,power
,BG,2025-05-27,4435300.0,power
,CZ,2025-05-27,7447675.0,power
,BE,2025-05-27,16823000.0,power
,HR,2025-05-27,1714399.9999999998,power
,DK,2025-05-28,3732700.0,power
,BE,2025-05-28,22689300.0,power
,CZ,2025-05-28,8137450.0,power
,HR,2025-05-28,1107899.9999999998,power
,AT,2025-05-28,143500.0,power
,BG,2025-05-28,3753400.0,power
,HR,2025-05-29,400.0,power
,BE,2025-05-29,18737100.0,power
,DK,2025-05-29,3159400.0,power
,BG,2025-05-29,3585200.0,power
,CZ,2025-05-29,3825175.0,power
,AT,2025-05-29,183400.0,power
,DK,2025-05-30,3109700.0,power
,CZ,2025-05-30,8572825.0,power
,BE,2025-05-30,19134800.0,power
,HR,2025-05-30,0.0,power
,BG,2025-05-30,3779400.0,power
,AT,2025-05-30,179000.0,power
,DK,2025-05-31,3241500.0,power
,AT,2025-05-31,175500.0,power
,BG,2025-05-31,4352300.0,power
,CZ,2025-05-31,7273800.0,power
,BE,2025-05-31,19140300.0,power
,HR,2025-05-31,0.0,power
3189.0,SE,2025-06-01,5.125,power
3188.0,RO,2025-06-01,36.0,power
3186.0,PL,2025-06-01,207.616,power
3190.0,SI,2025-06-01,20.78,power
3178.0,HU,2025-06-01,83.2,power
3185.0,NL,2025-06-01,402.906,power
3191.0,SK,2025-06-01,35.277,power
3182.0,LU,2025-06-01,2.633,power
3181.0,LT,2025-06-01,0.3,power
3180.0,IT,2025-06-01,1555.078,power
3187.0,PT,2025-06-01,140.273,power
3171.0,EE,2025-06-01,4.813,power
3184.0,MT,2025-06-01,31.739,power
,HR,2025-06-01,0.0,power
3176.0,GR,2025-06-01,391.423,power
3179.0,IE,2025-06-01,194.353,power
3183.0,LV,2025-06-01,2.298,power
,BE,2025-06-01,16486000.0,power
,CZ,2025-06-01,3422425.0,power
3174.0,FI,2025-06-01,3.0,power
3173.0,EU27_2020,2025-06-01,4825.704,power
3172.0,ES,2025-06-01,874.774,power
,DK,2025-06-01,2818000.0,power
3169.0,DE,2025-06-01,522.0,power
3167.0,CY,2025-06-01,0.0,power
,AT,2025-06-01,0.0,power
3175.0,FR,2025-06-01,59.252,power
,BG,2025-06-01,3729000.0,power
,AT,2025-06-02,1822300.0,power
,BG,2025-06-02,4364200.0,power
,CZ,2025-06-02,12279475.0,power
,BE,2025-06-02,24029200.0,power
,HR,2025-06-02,416700.0,power
,DK,2025-06-02,2800500.0,power
,BE,2025-06-03,18381000.0,power
,BG,2025-06-03,4820600.0,power
,CZ,2025-06-03,14362725.0,power
,AT,2025-06-03,600.0,power
,HR,2025-06-03,660700.0,power
,DK,2025-06-03,2633600.0,power
,DK,2025-06-04,2822700.0,power
,BE,2025-06-04,17771800.0,power
,AT,2025-06-04,0.0,power
,HR,2025-06-04,719900.0,power
,BG,2025-06-04,4170200.0,power
,CZ,2025-06-04,8145674.999999999,power
,HR,2025-06-05,800100.0,power
,CZ,2025-06-05,8477325.0,power
,BE,2025-06-05,20539100.0,power
,AT,2025-06-05,0.0,power
,DK,2025-06-05,3216300.0,power
,BG,2025-06-05,3591200.0,power
,CZ,2025-06-06,4067000.0,power
,HR,2025-06-06,874000.0,power
,BG,2025-06-06,4436000.0,power
,AT,2025-06-06,0.0,power
,BE,2025-06-06,19421800.0,power
,DK,2025-06-06,2803400.0,power
,AT,2025-06-07,0.0,power
,HR,2025-06-07,354800.0,power
,DK,2025-06-07,2829300.0,power
,CZ,2025-06-07,3546700.0,power
,BG,2025-06-07,4746000.0,power
,BE,2025-06-07,20763200.0,power
,CZ,2025-06-08,5626875.0,power
,BG,2025-06-08,4352200.0,power
,BE,2025-06-08,16681000.0,power
,AT,2025-06-08,0.0,power
,HR,2025-06-08,0.0,power
,DK,2025-06-08,2437500.0,power
,DK,2025-06-09,2666300.0,power
,BG,2025-06-09,3343000.0,power
,CZ,2025-06-09,8613525.0,power
,AT,2025-06-09,0.0,power
,HR,2025-06-09,0.0,power
,BE,2025-06-09,17303800.0,power
,AT,2025-06-10,0.0,power
,BE,2025-06-10,27162600.0,power
,CZ,2025-06-10,7554375.0,power
,HR,2025-06-10,0.0,power
,DK,2025-06-10,2884300.0,power
,BG,2025-06-10,3360900.0,power
,BG,2025-06-11,3518100.0,power
,CZ,2025-06-11,7864875.0,power
,BE,2025-06-11,27281800.0,power
,AT,2025-06-11,0.0,power
,HR,2025-06-11,0.0,power
,DK,2025-06-11,2841200.0,power
,BG,2025-06-12,3548000.0,power
,HR,2025-06-12,0.0,power
,BE,2025-06-12,11438900.0,power
,AT,2025-06-12,0.0,power
,DK,2025-06-12,2888200.0,power
,CZ,2025-06-12,7748150.0,power
,BG,2025-06-13,4298000.0,power
,CZ,2025-06-13,9053850.0,power
,HR,2025-06-13,0.0,power
,AT,2025-06-13,0.0,power
,BE,2025-06-13,16729800.0,power
,DK,2025-06-13,2634600.0,power
,BE,2025-06-14,15896100.0,power
,CZ,2025-06-14,3562375.0,power
,BG,2025-06-14,4651500.0,power
,DK,2025-06-14,2491900.0,power
,AT,2025-06-14,0.0,power
,HR,2025-06-14,0.0,power
,BG,2025-06-15,4700200.0,power
,HR,2025-06-15,0.0,power
,AT,2025-06-15,0.0,power
,CZ,2025-06-15,3021475.0,power
,DK,2025-06-15,2739200.0,power
,BE,2025-06-15,24223500.0,power
,CZ,2025-06-16,7700075.0,power
,DK,2025-06-16,2715000.0,power
,BE,2025-06-16,34676200.0,power
,BG,2025-06-16,4539500.0,power
,HR,2025-06-16,1487200.0,power
,AT,2025-06-16,0.0,power
,HR,2025-06-17,2982800.0,power
,CZ,2025-06-17,9197575.0,power
,BG,2025-06-17,4463000.0,power
,DK,2025-06-17,2624000.0,power
,BE,2025-06-17,37123400.0,power
,AT,2025-06-17,2416500.0,power
,BG,2025-06-18,4661500.0,power
,AT,2025-06-18,0.0,power
,CZ,2025-06-18,8001325.0,power
,HR,2025-06-18,3362100.0,power
,BE,2025-06-18,32781500.0,power
,DK,2025-06-18,3009200.0,power
,HR,2025-06-19,3745700.000000001,power
,BG,2025-06-19,4683900.0,power
,BE,2025-06-19,38340800.0,power
,DK,2025-06-19,2449300.0,power
,AT,2025-06-19,0.0,power
,CZ,2025-06-19,7955675.0,power
,HR,2025-06-20,3734600.0,power
,CZ,2025-06-20,8379674.999999999,power
,AT,2025-06-20,2470200.0,power
,BG,2025-06-20,3470799.9999999995,power
,DK,2025-06-20,2647300.0,power
,BE,2025-06-20,42095200.0,power
,CZ,2025-06-21,7308700.0,power
,AT,2025-06-21,0.0,power
,BG,2025-06-21,3485300.0,power
,BE,2025-06-21,29867000.0,power
,DK,2025-06-21,2552800.0,power
,HR,2025-06-21,3850600.0,power
,HR,2025-06-22,3713400.0,power
,BE,2025-06-22,16721900.000000002,power
,CZ,2025-06-22,3333175.0,power
,AT,2025-06-22,0.0,power
,BG,2025-06-22,3363400.0,power
,DK,2025-06-22,2371200.0,power
,HR,2025-06-23,3899300.0,power
,DK,2025-06-23,2060800.0,power
,CZ,2025-06-23,9770125.0,power
,BG,2025-06-23,3464900.0,power
,AT,2025-06-23,2143300.0,power
,BE,2025-06-23,16340100.0,power
,AT,2025-06-24,2678900.0,power
,BE,2025-06-24,16440500.0,power
,CZ,2025-06-24,9194175.0,power
,HR,2025-06-24,3896500.0,power
,BG,2025-06-24,3385900.0,power
,DK,2025-06-24,2089900.0,power
,CZ,2025-06-25,14395275.0,power
,HR,2025-06-25,3896900.0,power
,BG,2025-06-25,3438200.0,power
,BE,2025-06-25,38789400.0,power
,DK,2025-06-25,2863500.0,power
,AT,2025-06-25,5129100.0,power
,DK,2025-06-26,2780700.0,power
,BG,2025-06-26,3525500.0,power
,BE,2025-06-26,32523200.0,power
,AT,2025-06-26,2454400.0,power
,HR,2025-06-26,3895000.0,power
,CZ,2025-06-26,14479075.0,power
,HR,2025-06-27,3625700.0,power
,BG,2025-06-27,3476200.0,power
,BE,2025-06-27,22703600.0,power
,DK,2025-06-27,2558900.0,power
,CZ,2025-06-27,10850225.0,power
,AT,2025-06-27,2326500.0,power
,BG,2025-06-28,3392200.0000000005,power
,HR,2025-06-28,3884900.0,power
,CZ,2025-06-28,7741175.0,power
,AT,2025-06-28,666500.0,power
,DK,2025-06-28,2417900.0,power
,BE,2025-06-28,18449800.0,power
,BG,2025-06-29,3239700.0,power
,DK,2025-06-29,2412300.0,power
,BE,2025-06-29,20494100.0,power
,AT,2025-06-29,0.0,power
,HR,2025-06-29,3899700.0,power
,CZ,2025-06-29,3781350.0,power
,BG,2025-06-30,3460100.0,power
,AT,2025-06-30,9595200.0,power
,DK,2025-06-30,3051100.0,power
,BE,2025-06-30,47503300.0,power
,CZ,2025-06-30,12466975.0,power
,HR,2025-06-30,3888300.0,power
,HR,2025-07-01,4195300.0,power
3209.0,LT,2025-07-01,0.3,power
,AT,2025-07-01,13887000.0,power
3195.0,CY,2025-07-01,0.0,power
,BG,2025-07-01,3461000.0,power
3203.0,FR,2025-07-01,95.917,power
3206.0,HU,2025-07-01,120.7,power
3204.0,GR,2025-07-01,468.271,power
3210.0,LU,2025-07-01,1.476,power
3201.0,EU27_2020,2025-07-01,5992.648,power
3208.0,IT,2025-07-01,1951.232,power
3202.0,FI,2025-07-01,3.0,power
3207.0,IE,2025-07-01,271.891,power
3211.0,LV,2025-07-01,14.724,power
3215.0,PT,2025-07-01,151.915,power
3213.0,NL,2025-07-01,665.007,power
3214.0,PL,2025-07-01,256.077,power
,CZ,2025-07-01,19312675.0,power
3216.0,RO,2025-07-01,45.0,power
3217.0,SE,2025-07-01,6.462,power
3218.0,SI,2025-07-01,20.051,power
3200.0,ES,2025-07-01,836.456,power
3219.0,SK,2025-07-01,47.143,power
3197.0,DE,2025-07-01,630.0,power
3199.0,EE,2025-07-01,4.702,power
,BE,2025-07-01,62457600.0,power
,DK,2025-07-01,2982400.0,power
3212.0,MT,2025-07-01,38.552,power
,DK,2025-07-02,2715100.0,power
,CZ,2025-07-02,16638349.999999998,power
,HR,2025-07-02,4687000.0,power
,BG,2025-07-02,3436700.0,power
,AT,2025-07-02,9878500.0,power
,BE,2025-07-02,60528000.0,power
,BG,2025-07-03,3444500.0,power
,CZ,2025-07-03,12270125.0,power
,HR,2025-07-03,5461500.0,power
,BE,2025-07-03,40762400.0,power
,AT,2025-07-03,4951800.0,power
,DK,2025-07-03,2515000.0,power
,BE,2025-07-04,34408100.0,power
,BG,2025-07-04,3473200.0,power
,HR,2025-07-04,5928800.0,power
,CZ,2025-07-04,17769150.0,power
,DK,2025-07-04,2666000.0,power
,AT,2025-07-04,2931800.0,power
,AT,2025-07-05,0.0,power
,BG,2025-07-05,3422000.0,power
,HR,2025-07-05,5900500.0,power
,DK,2025-07-05,2274300.0,power
,BE,2025-07-05,18068300.0,power
,CZ,2025-07-05,11370825.0,power
,AT,2025-07-06,3188200.0,power
,DK,2025-07-06,2744200.0,power
,BG,2025-07-06,3413200.0,power
,BE,2025-07-06,29509200.0,power
,CZ,2025-07-06,10250050.0,power
,HR,2025-07-06,5508100.0,power
,CZ,2025-07-07,17247950.0,power
,BE,2025-07-07,30110100.0,power
,AT,2025-07-07,6371200.0,power
,HR,2025-07-07,5195100.0,power
,DK,2025-07-07,2641300.0,power
,BG,2025-07-07,3389500.0,power
,BE,2025-07-08,32392300.0,power
,CZ,2025-07-08,8136825.0,power
,DK,2025-07-08,2747300.0,power
,HR,2025-07-08,4834800.0,power
,BG,2025-07-08,3300200.0,power
,AT,2025-07-08,10500.0,power
,AT,2025-07-09,10000.0,power
,CZ,2025-07-09,7111800.0,power
,DK,2025-07-09,2700800.0,power
,BE,2025-07-09,46355800.0,power
,HR,2025-07-09,5675900.0,power
,BG,2025-07-09,3352500.0,power
,CZ,2025-07-10,7392725.0,power
,BE,2025-07-10,53391300.0,power
,DK,2025-07-10,2500800.0,power
,BG,2025-07-10,3300700.0000000005,power
,HR,2025-07-10,6076900.0,power
,AT,2025-07-10,10700.000000000002,power
,AT,2025-07-11,13000.0,power
,CZ,2025-07-11,8027474.999999999,power
,HR,2025-07-11,5801400.0,power
,BG,2025-07-11,3228000.0,power
,BE,2025-07-11,49065500.0,power
,DK,2025-07-11,3151000.0,power
,BE,2025-07-12,28168400.0,power
,AT,2025-07-12,15200.000000000002,power
,DK,2025-07-12,2692800.0,power
,CZ,2025-07-12,9136750.0,power
,HR,2025-07-12,6134200.0,power
,BG,2025-07-12,2982500.0,power
,DK,2025-07-13,3016800.0,power
,BE,2025-07-13,28259900.0,power
,HR,2025-07-13,5790800.0,power
,BG,2025-07-13,2922900.0,power
,CZ,2025-07-13,12390050.0,power
,AT,2025-07-13,21000.0,power
,AT,2025-07-14,16700.0,power
,BE,2025-07-14,24539700.0,power
,CZ,2025-07-14,12608325.0,power
,DK,2025-07-14,3059600.0,power
,HR,2025-07-14,6137300.0,power
,BG,2025-07-14,3009100.0,power
,DK,2025-07-15,2570300.0,power
,CZ,2025-07-15,7793525.0,power
,BE,2025-07-15,17005100.0,power
,AT,2025-07-15,9600.000000000002,power
,HR,2025-07-15,6080400.0,power
,BG,2025-07-15,3016800.0,power
,BE,2025-07-16,30421500.0,power
,DK,2025-07-16,3158200.0,power
,CZ,2025-07-16,9761875.0,power
,AT,2025-07-16,9600.000000000002,power
,BG,2025-07-16,2962600.0,power
,HR,2025-07-16,6279700.0,power
,BG,2025-07-17,3051700.0,power
,BE,2025-07-17,42888300.0,power
,HR,2025-07-17,6417600.0,power
,DK,2025-07-17,2845200.0000000005,power
,CZ,2025-07-17,8996950.0,power
,AT,2025-07-17,9600.000000000002,power
,CZ,2025-07-18,14927100.0,power
,BE,2025-07-18,48007400.0,power
,DK,2025-07-18,2891700.0,power
,BG,2025-07-18,3059600.0,power
,HR,2025-07-18,5798600.0,power
,AT,2025-07-18,9600.000000000002,power
,DK,2025-07-19,2796300.0,power
,BG,2025-07-19,3049600.0,power
,BE,2025-07-19,19467300.0,power
,HR,2025-07-19,6091900.0,power
,CZ,2025-07-19,2979150.0,power
,AT,2025-07-19,9600.000000000002,power
,DK,2025-07-20,2344600.0,power
,CZ,2025-07-20,6706900.0,power
,BG,2025-07-20,2913900.0,power
,BE,2025-07-20,22650500.0,power
,AT,2025-07-20,9600.000000000002,power
,HR,2025-07-20,5621300.0,power
,HR,2025-07-21,6083600.0,power
,DK,2025-07-21,2827600.0,power
,BE,2025-07-21,18366000.0,power
,BG,2025-07-21,3142700.0,power
,CZ,2025-07-21,8811850.0,power
,AT,2025-07-21,9600.000000000002,power
,BE,2025-07-22,23116800.0,power
,AT,2025-07-22,9500.0,power
,DK,2025-07-22,2606299.9999999995,power
,HR,2025-07-22,5803400.0,power
,BG,2025-07-22,3128000.0,power
,CZ,2025-07-22,7287400.0,power
,HR,2025-07-23,5916700.0,power
,BE,2025-07-23,26833700.0,power
,AT,2025-07-23,5466200.0,power
,DK,2025-07-23,2513900.0,power
,CZ,2025-07-23,7240625.0,power
,BG,2025-07-23,3309200.0,power
,CZ,2025-07-24,9225450.0,power
,DK,2025-07-24,3244500.0,power
,BG,2025-07-24,3289200.0,power
,HR,2025-07-24,5731900.0,power
,AT,2025-07-24,2348100.0,power
,BE,2025-07-24,37566000.0,power
,BE,2025-07-25,35157600.0,power
,AT,2025-07-25,9600.000000000002,power
,CZ,2025-07-25,15208500.0,power
,HR,2025-07-25,6479900.0,power
,DK,2025-07-25,2806300.0,power
,BG,2025-07-25,3416300.0,power
,HR,2025-07-26,6257600.0,power
,BG,2025-07-26,3272000.0,power
,BE,2025-07-26,24433000.0,power
,CZ,2025-07-26,8790400.0,power
,DK,2025-07-26,2569400.0,power
,AT,2025-07-26,9600.000000000002,power
,DK,2025-07-27,2653800.0,power
,CZ,2025-07-27,3195475.0,power
,AT,2025-07-27,9500.0,power
,BG,2025-07-27,3235400.0,power
,BE,2025-07-27,20042300.0,power
,HR,2025-07-27,6611500.0,power
,BG,2025-07-28,3317200.0,power
,AT,2025-07-28,9600.000000000002,power
,CZ,2025-07-28,3335875.0,power
,DK,2025-07-28,3086700.0000000005,power
,HR,2025-07-28,6919000.0,power
,BE,2025-07-28,25440900.0,power
,DK,2025-07-29,3363200.0,power
,HR,2025-07-29,5852500.0,power
,AT,2025-07-29,9600.000000000002,power
,CZ,2025-07-29,3340800.0,power
,BG,2025-07-29,3237600.0,power
,BE,2025-07-29,30063400.0,power
,CZ,2025-07-30,3376275.0,power
,HR,2025-07-30,6260200.0,power
,AT,2025-07-30,9600.000000000002,power
,BE,2025-07-30,23110100.0,power
,BG,2025-07-30,3191800.0,power
,DK,2025-07-30,2882600.0,power
,DK,2025-07-31,3156300.0,power
,BE,2025-07-31,28677200.0,power
,BG,2025-07-31,3321900.0,power
,CZ,2025-07-31,3409325.0,power
,HR,2025-07-31,6404500.0,power
,AT,2025-07-31,9600.000000000002,power
3236.0,IT,2025-08-01,1551.033,power
3237.0,LT,2025-08-01,2.4,power
3238.0,LU,2025-08-01,1.403,power
3240.0,MT,2025-08-01,38.02,power
3235.0,IE,2025-08-01,237.765,power
3242.0,PL,2025-08-01,224.023,power
3245.0,SE,2025-08-01,7.352,power
3241.0,NL,2025-08-01,683.98,power
3244.0,RO,2025-08-01,48.0,power
3234.0,HU,2025-08-01,99.3,power
3246.0,SI,2025-08-01,19.646,power
3247.0,SK,2025-08-01,39.074,power
3243.0,PT,2025-08-01,156.714,power
3232.0,GR,2025-08-01,384.841,power
3225.0,DE,2025-08-01,629.0,power
3230.0,FI,2025-08-01,8.0,power
3229.0,EU27_2020,2025-08-01,5325.844,power
3228.0,ES,2025-08-01,820.107,power
3227.0,EE,2025-08-01,5.908,power
3223.0,CY,2025-08-01,0.0,power
,HR,2025-08-01,6526900.0,power
,BE,2025-08-01,19179200.0,power
,BG,2025-08-01,3299100.0,power
3239.0,LV,2025-08-01,15.635,power
,DK,2025-08-01,3026700.0,power
,CZ,2025-08-01,3446525.0,power
,AT,2025-08-01,9600.000000000002,power
3231.0,FR,2025-08-01,81.836,power
,CZ,2025-08-02,3026200.0,power
,HR,2025-08-02,6486800.0,power
,AT,2025-08-02,9600.000000000002,power
,DK,2025-08-02,2796400.0,power
,BG,2025-08-02,3240500.0,power
,BE,2025-08-02,11957900.0,power
,BG,2025-08-03,2963700.0,power
,BE,2025-08-03,11494600.0,power
,CZ,2025-08-03,2979325.0,power
,DK,2025-08-03,2514300.0,power
,HR,2025-08-03,6305600.0,power
,AT,2025-08-03,9600.000000000002,power
,BE,2025-08-04,13519800.0,power
,CZ,2025-08-04,3216350.0,power
,DK,2025-08-04,2743100.0,power
,AT,2025-08-04,9500.0,power
,HR,2025-08-04,6144700.0,power
,BG,2025-08-04,2947600.0,power
,CZ,2025-08-05,3151550.0,power
,BG,2025-08-05,2768600.0,power
,AT,2025-08-05,9500.0,power
,HR,2025-08-05,6345400.0,power
,BE,2025-08-05,10378900.0,power
,DK,2025-08-05,2442500.0,power
,BE,2025-08-06,18186700.0,power
,HR,2025-08-06,6512300.0,power
,CZ,2025-08-06,8850475.0,power
,BG,2025-08-06,2748300.0,power
,DK,2025-08-06,2134600.0,power
,AT,2025-08-06,8400.0,power
,CZ,2025-08-07,7837800.0,power
,BG,2025-08-07,2761400.0,power
,DK,2025-08-07,2264900.0,power
,AT,2025-08-07,8500.0,power
,HR,2025-08-07,6377300.0,power
,BE,2025-08-07,13546400.0,power
,HR,2025-08-08,6546400.0,power
,DK,2025-08-08,2410000.0,power
,CZ,2025-08-08,9442050.0,power
,BG,2025-08-08,2810600.0,power
,AT,2025-08-08,8400.0,power
,BE,2025-08-08,20351000.0,power
,BE,2025-08-09,12183600.0,power
,HR,2025-08-09,6487900.000000001,power
,DK,2025-08-09,2038700.0,power
,CZ,2025-08-09,11289625.0,power
,BG,2025-08-09,2855500.0,power
,AT,2025-08-09,2200.0,power
,HR,2025-08-10,6467500.0,power
,BE,2025-08-10,15548400.0,power
,AT,2025-08-10,0.0,power
,BG,2025-08-10,2805100.0,power
,DK,2025-08-10,2384700.0,power
,CZ,2025-08-10,7944550.0,power
,AT,2025-08-11,4100.000000000001,power
,DK,2025-08-11,2583000.0,power
,CZ,2025-08-11,10831525.0,power
,HR,2025-08-11,6525400.0,power
,BG,2025-08-11,2712400.0,power
,BE,2025-08-11,25068700.0,power
,DK,2025-08-12,2556200.0,power
,CZ,2025-08-12,9992425.0,power
,BE,2025-08-12,33526800.000000004,power
,HR,2025-08-12,6369800.0,power
,AT,2025-08-12,6400.0,power
,BG,2025-08-12,2757500.0,power
,CZ,2025-08-13,11415375.0,power
,HR,2025-08-13,6567700.0,power
,BG,2025-08-13,2596900.0,power
,BE,2025-08-13,50083200.0,power
,DK,2025-08-13,2921100.0,power
,AT,2025-08-13,2700.0,power
,AT,2025-08-14,5406400.000000001,power
,HR,2025-08-14,6542900.0,power
,DK,2025-08-14,2879400.0,power
,BE,2025-08-14,49365700.0,power
,CZ,2025-08-14,8887325.0,power
,BG,2025-08-14,2448000.0,power
,BG,2025-08-15,2613600.0,power
,DK,2025-08-15,2567800.0,power
,HR,2025-08-15,6516900.0,power
,AT,2025-08-15,0.0,power
,BE,2025-08-15,23597900.0,power
,CZ,2025-08-15,6114250.0,power
,CZ,2025-08-16,3626800.0,power
,HR,2025-08-16,5966700.0,power
,DK,2025-08-16,2389800.0,power
,BG,2025-08-16,2611300.0,power
,AT,2025-08-16,0.0,power
,BE,2025-08-16,10443900.0,power
,CZ,2025-08-17,2887850.0,power
,HR,2025-08-17,5829000.0,power
,AT,2025-08-17,0.0,power
,BG,2025-08-17,2399900.0,power
,DK,2025-08-17,2834500.0,power
,BE,2025-08-17,15343300.0,power
,AT,2025-08-18,2631300.0,power
,CZ,2025-08-18,2967700.0,power
,DK,2025-08-18,2887000.0,power
,BG,2025-08-18,2866600.0,power
,BE,2025-08-18,37056400.0,power
,HR,2025-08-18,5789900.0,power
,AT,2025-08-19,0.0,power
,HR,2025-08-19,5859800.0,power
,CZ,2025-08-19,2882450.0,power
,BE,2025-08-19,25554100.0,power
,DK,2025-08-19,2706500.0,power
,BG,2025-08-19,3060600.0,power
,AT,2025-08-20,0.0,power
,DK,2025-08-20,2866700.0,power
,BG,2025-08-20,2957900.0,power
,HR,2025-08-20,5849100.0,power
,BE,2025-08-20,22131800.0,power
,CZ,2025-08-20,2818550.0,power
,AT,2025-08-21,5700.0,power
,BE,2025-08-21,13887100.0,power
,DK,2025-08-21,2686400.0,power
,HR,2025-08-21,5848600.0,power
,BG,2025-08-21,2953600.0,power
,CZ,2025-08-21,3049275.0,power
,CZ,2025-08-22,3037975.0,power
,HR,2025-08-22,5688600.0,power
,AT,2025-08-22,70400.0,power
,BG,2025-08-22,3092200.0,power
,DK,2025-08-22,3144900.0,power
,BE,2025-08-22,17578200.0,power
,CZ,2025-08-23,2826350.0,power
,DK,2025-08-23,3086100.0,power
,BE,2025-08-23,14504000.0,power
,BG,2025-08-23,3349800.0,power
,HR,2025-08-23,4175300.0,power
,AT,2025-08-23,9600.000000000002,power
,AT,2025-08-24,9600.000000000002,power
,CZ,2025-08-24,2841275.0,power
,BE,2025-08-24,15376000.0,power
,DK,2025-08-24,2569200.0,power
,BG,2025-08-24,3159200.0,power
,HR,2025-08-24,3894200.000000001,power
,AT,2025-08-25,3000.0000000000005,power
,HR,2025-08-25,3900300.0,power
,DK,2025-08-25,3870300.0,power
,BG,2025-08-25,3486800.0,power
,BE,2025-08-25,25682200.0,power
,CZ,2025-08-25,3005174.9999999995,power
,AT,2025-08-26,0.0,power
,BE,2025-08-26,19578600.0,power
,CZ,2025-08-26,3046400.0,power
,DK,2025-08-26,3346400.0,power
,BG,2025-08-26,3615300.0,power
,HR,2025-08-26,3898300.0,power
,DK,2025-08-27,2870200.0,power
,AT,2025-08-27,0.0,power
,BG,2025-08-27,3709900.0,power
,HR,2025-08-27,3911300.0,power
,BE,2025-08-27,30414200.0,power
,CZ,2025-08-27,4659525.000000001,power
,BE,2025-08-28,27368000.0,power
,BG,2025-08-28,3796500.0,power
,CZ,2025-08-28,4388725.0,power
,DK,2025-08-28,2733300.0,power
,HR,2025-08-28,3829400.0,power
,AT,2025-08-28,0.0,power
,AT,2025-08-29,0.0,power
,CZ,2025-08-29,4529300.0,power
,HR,2025-08-29,3853200.0,power
,BE,2025-08-29,11488300.0,power
,BG,2025-08-29,3209799.9999999995,power
,DK,2025-08-29,3329600.0,power
,CZ,2025-08-30,2802725.0,power
,BG,2025-08-30,2924000.0,power
,AT,2025-08-30,0.0,power
,BE,2025-08-30,10745200.0,power
,HR,2025-08-30,3744300.0,power
,DK,2025-08-30,3100100.0,power
,AT,2025-08-31,0.0,power
,DK,2025-08-31,2594500.0,power
,BE,2025-08-31,10317300.0,power
,HR,2025-08-31,3828200.0,power
,BG,2025-08-31,2898600.0,power
,CZ,2025-08-31,2713750.0,power
3262.0,HU,2025-09-01,114.4,power
3255.0,EE,2025-09-01,8.429,power
3256.0,ES,2025-09-01,759.238,power
3257.0,EU27_2020,2025-09-01,5470.665,power
3258.0,FI,2025-09-01,6.0,power
,DK,2025-09-01,2750600.0,power
,HR,2025-09-01,3911400.0,power
,BG,2025-09-01,2730300.0,power
3259.0,FR,2025-09-01,25.796,power
3260.0,GR,2025-09-01,339.486,power
3264.0,IT,2025-09-01,1822.136,power
3263.0,IE,2025-09-01,202.527,power
3251.0,CY,2025-09-01,0.0,power
,AT,2025-09-01,0.0,power
,BE,2025-09-01,11059700.0,power
3266.0,LU,2025-09-01,1.775,power
3267.0,LV,2025-09-01,19.747,power
3268.0,MT,2025-09-01,33.141,power
3269.0,NL,2025-09-01,541.218,power
3270.0,PL,2025-09-01,252.993,power
3265.0,LT,2025-09-01,2.5,power
3271.0,PT,2025-09-01,155.314,power
3272.0,RO,2025-09-01,46.0,power
3273.0,SE,2025-09-01,8.372,power
3274.0,SI,2025-09-01,18.699,power
3275.0,SK,2025-09-01,54.267,power
,CZ,2025-09-01,4989950.0,power
3253.0,DE,2025-09-01,784.0,power
,HR,2025-09-02,3880100.0,power
,BG,2025-09-02,2489500.0,power
,DK,2025-09-02,2688800.0,power
,CZ,2025-09-02,4992550.0,power
,AT,2025-09-02,1300.0,power
,BE,2025-09-02,11254100.0,power
,BG,2025-09-03,2664300.0,power
,BE,2025-09-03,9735400.0,power
,AT,2025-09-03,5379000.0,power
,DK,2025-09-03,2139400.0,power
,HR,2025-09-03,3780900.0,power
,CZ,2025-09-03,4142975.000000001,power
,BG,2025-09-04,2967500.0,power
,CZ,2025-09-04,4799500.0,power
,AT,2025-09-04,100.0,power
,DK,2025-09-04,2328500.0,power
,BE,2025-09-04,16360500.0,power
,HR,2025-09-04,3852200.0,power
,DK,2025-09-05,2012800.0,power
,HR,2025-09-05,3916000.0,power
,BE,2025-09-05,19374100.0,power
,CZ,2025-09-05,3758425.0,power
,AT,2025-09-05,0.0,power
,BG,2025-09-05,2877400.0,power
,DK,2025-09-06,2530200.0,power
,BE,2025-09-06,12540300.0,power
,HR,2025-09-06,3923300.0,power
,AT,2025-09-06,0.0,power
,BG,2025-09-06,2787900.0,power
,CZ,2025-09-06,2234250.0,power
,BG,2025-09-07,2688000.0,power
,BE,2025-09-07,8787100.0,power
,CZ,2025-09-07,2219900.0,power
,HR,2025-09-07,3909900.0,power
,AT,2025-09-07,0.0,power
,DK,2025-09-07,2182000.0,power
,AT,2025-09-08,0.0,power
,BG,2025-09-08,2807900.0,power
,HR,2025-09-08,3918400.0,power
,DK,2025-09-08,2949200.0,power
,CZ,2025-09-08,5066849.999999999,power
,BE,2025-09-08,27508700.0,power
,BG,2025-09-09,2852500.0,power
,DK,2025-09-09,2715000.0,power
,BE,2025-09-09,50131400.0,power
,AT,2025-09-09,3936700.0,power
,CZ,2025-09-09,5646400.0,power
,HR,2025-09-09,3910800.0,power
,BG,2025-09-10,2797600.0,power
,HR,2025-09-10,3837900.0,power
,DK,2025-09-10,2362000.0,power
,CZ,2025-09-10,5645525.0,power
,AT,2025-09-10,6015800.0,power
,BE,2025-09-10,16927400.0,power
,CZ,2025-09-11,2257875.0,power
,DK,2025-09-11,2234400.0,power
,BG,2025-09-11,3209400.0,power
,HR,2025-09-11,3900200.000000001,power
,BE,2025-09-11,10265400.0,power
,AT,2025-09-11,0.0,power
,CZ,2025-09-12,2152625.0,power
,DK,2025-09-12,2383300.0,power
,BE,2025-09-12,9779700.0,power
,HR,2025-09-12,522600.0,power
,AT,2025-09-12,0.0,power
,BG,2025-09-12,3525200.0,power
,HR,2025-09-13,0.0,power
,AT,2025-09-13,0.0,power
,DK,2025-09-13,2606800.0,power
,CZ,2025-09-13,1167800.0,power
,BE,2025-09-13,9205100.0,power
,BG,2025-09-13,3512600.0,power
,BG,2025-09-14,3485800.0,power
,DK,2025-09-14,2598900.0,power
,BE,2025-09-14,9654000.0,power
,AT,2025-09-14,0.0,power
,CZ,2025-09-14,1159125.0,power
,HR,2025-09-14,0.0,power
,BG,2025-09-15,3633400.0,power
,BE,2025-09-15,8000400.0,power
,HR,2025-09-15,1542600.0,power
,DK,2025-09-15,1670000.0,power
,CZ,2025-09-15,1319450.0,power
,AT,2025-09-15,6206800.0,power
,CZ,2025-09-16,1362600.0,power
,BG,2025-09-16,3774600.0,power
,DK,2025-09-16,1713000.0,power
,AT,2025-09-16,8093800.0,power
,HR,2025-09-16,2967200.0,power
,BE,2025-09-16,9434600.0,power
,BE,2025-09-17,13037000.0,power
,BG,2025-09-17,3664300.0,power
,DK,2025-09-17,2153900.0,power
,CZ,2025-09-17,1272350.0,power
,AT,2025-09-17,7034099.999999999,power
,HR,2025-09-17,4334800.0,power
,BG,2025-09-18,3759400.0,power
,BE,2025-09-18,15266300.0,power
,DK,2025-09-18,2386600.0,power
,HR,2025-09-18,4266900.0,power
,AT,2025-09-18,12437400.0,power
,CZ,2025-09-18,1875400.0,power
,HR,2025-09-19,4374300.0,power
,DK,2025-09-19,2765900.0,power
,AT,2025-09-19,7300.000000000001,power
,CZ,2025-09-19,2602625.0,power
,BE,2025-09-19,20721800.0,power
,BG,2025-09-19,3728200.0,power
,CZ,2025-09-20,1143225.0,power
,BG,2025-09-20,3756400.0,power
,BE,2025-09-20,9593200.0,power
,AT,2025-09-20,9600.000000000002,power
,HR,2025-09-20,4261800.0,power
,DK,2025-09-20,2687400.0,power
,CZ,2025-09-21,1087875.0,power
,AT,2025-09-21,9400.0,power
,BG,2025-09-21,3663900.0,power
,DK,2025-09-21,1989200.0,power
,BE,2025-09-21,8514200.0,power
,HR,2025-09-21,4311400.0,power
,CZ,2025-09-22,3198025.0,power
,BE,2025-09-22,16683099.999999998,power
,AT,2025-09-22,97600.0,power
,DK,2025-09-22,3295900.0,power
,BG,2025-09-22,3718500.0,power
,HR,2025-09-22,4382000.0,power
,AT,2025-09-23,5003100.0,power
,HR,2025-09-23,5125000.0,power
,CZ,2025-09-23,3963825.0,power
,BG,2025-09-23,3545200.0,power
,BE,2025-09-23,18955400.0,power
,DK,2025-09-23,3009600.0,power
,BG,2025-09-24,3478100.0,power
,DK,2025-09-24,3042000.0,power
,HR,2025-09-24,5822700.0,power
,BE,2025-09-24,14772000.0,power
,AT,2025-09-24,3194600.0,power
,CZ,2025-09-24,1415125.0,power
,BG,2025-09-25,3555800.0,power
,DK,2025-09-25,2495500.0,power
,CZ,2025-09-25,1448825.0,power
,BE,2025-09-25,22785900.0,power
,HR,2025-09-25,6166700.0,power
,AT,2025-09-25,3919300.0,power
,CZ,2025-09-26,2349975.0,power
,DK,2025-09-26,2905700.0,power
,BG,2025-09-26,3578700.0,power
,BE,2025-09-26,30151100.0,power
,HR,2025-09-26,6138900.0,power
,AT,2025-09-26,247800.0,power
,BG,2025-09-27,3539900.0,power
,DK,2025-09-27,2969100.0,power
,CZ,2025-09-27,2227475.0,power
,AT,2025-09-27,195400.0,power
,BE,2025-09-27,18267700.0,power
,HR,2025-09-27,6065900.0,power
,BG,2025-09-28,3668000.0,power
,DK,2025-09-28,3180200.0,power
,HR,2025-09-28,5761300.0,power
,AT,2025-09-28,176200.0,power
,BE,2025-09-28,17446300.0,power
,CZ,2025-09-28,2183950.0,power
,DK,2025-09-29,3941700.0,power
,BG,2025-09-29,3730900.0,power
,CZ,2025-09-29,5177725.0,power
,BE,2025-09-29,42245600.0,power
,HR,2025-09-29,5397600.0,power
,AT,2025-09-29,19134700.0,power
,AT,2025-09-30,39057100.0,power
,HR,2025-09-30,4722200.0,power
,DK,2025-09-30,3540700.0,power
,BE,2025-09-30,50352300.0,power
,CZ,2025-09-30,5239625.0,power
,BG,2025-09-30,3784600.0,power
3296.0,MT,2025-10-01,29.841,power
3298.0,PL,2025-10-01,364.354,power
3299.0,PT,2025-10-01,162.29,power
3303.0,SK,2025-10-01,0.0,power
,CZ,2025-10-01,5762800.0,power
3290.0,HU,2025-10-01,232.9,power
,HR,2025-10-01,4682400.0,power
,AT,2025-10-01,26165900.0,power
3297.0,NL,2025-10-01,724.056,power
,DK,2025-10-01,4671400.0,power
,BG,2025-10-01,3845900.0,power
3302.0,SI,2025-10-01,29.25,power
3295.0,LV,2025-10-01,35.052,power
3294.0,LU,2025-10-01,2.311,power
3284.0,ES,2025-10-01,1015.153,power
3292.0,IT,2025-10-01,1995.333,power
3291.0,IE,2025-10-01,232.899,power
3288.0,GR,2025-10-01,363.343,power
,BE,2025-10-01,37814300.0,power
3287.0,FR,2025-10-01,124.393,power
3286.0,FI,2025-10-01,16.0,power
3301.0,SE,2025-10-01,10.345,power
3285.0,EU27_2020,2025-10-01,6625.537,power
3283.0,EE,2025-10-01,8.321,power
3281.0,DE,2025-10-01,769.0,power
3279.0,CY,2025-10-01,0.0,power
3300.0,RO,2025-10-01,,power
3293.0,LT,2025-10-01,10.1,power
,DK,2025-10-02,4496900.0,power
,HR,2025-10-02,5432600.0,power
,CZ,2025-10-02,6321400.0,power
,AT,2025-10-02,23464400.0,power
,BG,2025-10-02,4409200.0,power
,BE,2025-10-02,26338600.0,power
,BG,2025-10-03,4168800.0,power
,BE,2025-10-03,10783700.0,power
,HR,2025-10-03,6323900.0,power
,DK,2025-10-03,3312400.0,power
,CZ,2025-10-03,4640500.0,power
,AT,2025-10-03,16989900.0,power
,BG,2025-10-04,4089400.0,power
,CZ,2025-10-04,3712950.0,power
,HR,2025-10-04,6442600.0,power
,AT,2025-10-04,13166700.0,power
,BE,2025-10-04,7535200.0,power
,DK,2025-10-04,1462700.0,power
,AT,2025-10-05,6891300.0,power
,BE,2025-10-05,8144000.0,power
,DK,2025-10-05,1594800.0,power
,CZ,2025-10-05,3655200.0,power
,HR,2025-10-05,6424300.0,power
,BG,2025-10-05,4040900.0,power
,DK,2025-10-06,3776800.0,power
,AT,2025-10-06,22561800.0,power
,BG,2025-10-06,4532900.0,power
,CZ,2025-10-06,4225525.0,power
,BE,2025-10-06,37353400.0,power
,HR,2025-10-06,6450700.0,power
,CZ,2025-10-07,7365400.0,power
,BE,2025-10-07,67317300.0,power
,BG,2025-10-07,4826400.0,power
,AT,2025-10-07,36637500.0,power
,HR,2025-10-07,6434400.0,power
,DK,2025-10-07,4568500.0,power
,BG,2025-10-08,4832200.0,power
,BE,2025-10-08,76174200.0,power
,CZ,2025-10-08,6428025.0,power
,AT,2025-10-08,36416300.0,power
,HR,2025-10-08,6167200.0,power
,DK,2025-10-08,4826200.0,power
,BE,2025-10-09,55154900.0,power
,BG,2025-10-09,4805900.0,power
,HR,2025-10-09,6440900.0,power
,AT,2025-10-09,35534500.0,power
,DK,2025-10-09,4214100.0,power
,CZ,2025-10-09,5145200.0,power
,CZ,2025-10-10,4272050.0,power
,DK,2025-10-10,3465400.0,power
,BE,2025-10-10,37122900.0,power
,HR,2025-10-10,6426400.0,power
,BG,2025-10-10,4649300.0,power
,AT,2025-10-10,16156700.0,power
,AT,2025-10-11,7842500.0,power
,BE,2025-10-11,28741300.0,power
,DK,2025-10-11,3663900.0,power
,BG,2025-10-11,4233500.0,power
,CZ,2025-10-11,4167275.0,power
,HR,2025-10-11,6436000.0,power
,DK,2025-10-12,3844300.0,power
,AT,2025-10-12,7921800.0,power
,BG,2025-10-12,4262900.0,power
,HR,2025-10-12,6437100.0,power
,BE,2025-10-12,23102600.0,power
,CZ,2025-10-12,4207875.0,power
,AT,2025-10-13,26783500.0,power
,DK,2025-10-13,5720000.0,power
,CZ,2025-10-13,8048175.0,power
,BG,2025-10-13,4518099.999999999,power
,HR,2025-10-13,6210900.0,power
,BE,2025-10-13,77325200.0,power
,BG,2025-10-14,4645700.0,power
,BE,2025-10-14,81681600.0,power
,AT,2025-10-14,30502800.0,power
,HR,2025-10-14,6443500.0,power
,DK,2025-10-14,5129000.0,power
,CZ,2025-10-14,8634125.0,power
,BE,2025-10-15,81952500.0,power
,HR,2025-10-15,6592200.0,power
,CZ,2025-10-15,9243275.0,power
,AT,2025-10-15,37275700.0,power
,BG,2025-10-15,4917400.0,power
,DK,2025-10-15,4804000.0,power
,CZ,2025-10-16,7194500.0,power
,AT,2025-10-16,39564500.0,power
,DK,2025-10-16,4125900.0,power
,BE,2025-10-16,69240400.0,power
,BG,2025-10-16,4836800.0,power
,HR,2025-10-16,6858700.0,power
,CZ,2025-10-17,6126275.0,power
,BG,2025-10-17,4871700.0,power
,AT,2025-10-17,34460300.0,power
,BE,2025-10-17,72297000.0,power
,HR,2025-10-17,8152000.0,power
,DK,2025-10-17,5517400.0,power
,DK,2025-10-18,5057700.0,power
,BE,2025-10-18,25571300.0,power
,CZ,2025-10-18,5739025.0,power
,BG,2025-10-18,4640200.0,power
,HR,2025-10-18,6959599.999999999,power
,AT,2025-10-18,21316300.0,power
,DK,2025-10-19,4341100.0,power
,HR,2025-10-19,6449599.999999999,power
,AT,2025-10-19,13493000.0,power
,BE,2025-10-19,10433100.0,power
,CZ,2025-10-19,5511050.0,power
,BG,2025-10-19,4510300.0,power
,CZ,2025-10-20,6084833.333333333,power
,BG,2025-10-20,4726100.0,power
,AT,2025-10-20,14920900.0,power
,DK,2025-10-20,4541500.0,power
,BE,2025-10-20,15267500.0,power
,HR,2025-10-20,6991500.0,power
,DK,2025-10-21,3931000.0,power
,BG,2025-10-21,4922400.0,power
,BE,2025-10-21,20485300.0,power
,HR,2025-10-21,7370900.000000001,power
,AT,2025-10-21,37891600.0,power
,CZ,2025-10-21,6069325.0,power
,DK,2025-10-22,5358600.0,power
,CZ,2025-10-22,8207075.000000001,power
,AT,2025-10-22,36734300.0,power
,BE,2025-10-22,68551800.0,power
,BG,2025-10-22,4898300.0,power
,HR,2025-10-22,7453200.0,power
,AT,2025-10-23,19867500.0,power
,DK,2025-10-23,4161900.0,power
,HR,2025-10-23,7441700.0,power
,BE,2025-10-23,12764900.0,power
,BG,2025-10-23,4762300.0,power
,CZ,2025-10-23,5389125.0,power
,BG,2025-10-24,4551100.0,power
,CZ,2025-10-24,5955100.0,power
,DK,2025-10-24,3331500.0,power
,BE,2025-10-24,10951100.0,power
,AT,2025-10-24,9140700.0,power
,HR,2025-10-24,7202900.0,power
,AT,2025-10-25,9316200.0,power
,DK,2025-10-25,2390500.0,power
,HR,2025-10-25,7123700.0,power
,BE,2025-10-25,9238700.0,power
,CZ,2025-10-25,6591000.0,power
,BG,2025-10-25,4220000.0,power
,CZ,2025-10-26,6542650.0,power
,AT,2025-10-26,7680900.0,power
,DK,2025-10-26,2252500.0,power
,BE,2025-10-26,9555600.0,power
,BG,2025-10-26,4401200.0,power
,HR,2025-10-26,7369500.0,power
,CZ,2025-10-27,7228475.0,power
,BG,2025-10-27,4904800.0,power
,HR,2025-10-27,7049500.0,power
,AT,2025-10-27,18142000.0,power
,DK,2025-10-27,3240700.0,power
,BE,2025-10-27,11294300.0,power
,BE,2025-10-28,10270700.0,power
,HR,2025-10-28,7304100.0,power
,DK,2025-10-28,3249800.0,power
,AT,2025-10-28,25006600.0,power
,BG,2025-10-28,5133600.0,power
,CZ,2025-10-28,7071550.0,power
,AT,2025-10-29,23654000.0,power
,HR,2025-10-29,6934600.0,power
,CZ,2025-10-29,7561225.0,power
,BG,2025-10-29,5092300.0,power
,BE,2025-10-29,19605200.0,power
,DK,2025-10-29,3886100.0,power
,BG,2025-10-30,5272800.0,power
,HR,2025-10-30,6847500.0,power
,CZ,2025-10-30,7417925.0,power
,DK,2025-10-30,4602200.0,power
,BE,2025-10-30,16876600.0,power
,AT,2025-10-30,30754500.0,power
,BG,2025-10-31,5257400.0,power
,HR,2025-10-31,6990300.0,power
,BE,2025-10-31,15001100.0,power
,AT,2025-10-31,27930100.0,power
,CZ,2025-10-31,7513275.0,power
,DK,2025-10-31,5251300.0,power
3329.0,SE,2025-11-01,,power
3330.0,SI,2025-11-01,,power
3331.0,SK,2025-11-01,,power
,CZ,2025-11-01,5866175.0,power
3323.0,LV,2025-11-01,50.186,power
,BE,2025-11-01,8894700.0,power
3321.0,LT,2025-11-01,,power
,BG,2025-11-01,5141100.0,power
,HR,2025-11-01,7372700.0,power
3327.0,PT,2025-11-01,154.293,power
3324.0,MT,2025-11-01,30.697,power
3328.0,RO,2025-11-01,,power
,DK,2025-11-01,4105000.0,power
,AT,2025-11-01,9275400.0,power
3322.0,LU,2025-11-01,3.1,power
3314.0,FI,2025-11-01,16.0,power
3315.0,FR,2025-11-01,,power
3325.0,NL,2025-11-01,794.505,power
3316.0,GR,2025-11-01,,power
3318.0,HU,2025-11-01,,power
3319.0,IE,2025-11-01,258.208,power
3320.0,IT,2025-11-01,2131.06,power
3313.0,EU27_2020,2025-11-01,,power
3312.0,ES,2025-11-01,86.573,power
3311.0,EE,2025-11-01,,power
3309.0,DE,2025-11-01,,power
3307.0,CY,2025-11-01,0.0,power
3326.0,PL,2025-11-01,424.688,power
,AT,2025-11-02,11579700.0,power
,CZ,2025-11-02,5992175.0,power
,HR,2025-11-02,7398200.0,power
,BG,2025-11-02,5133700.0,power
,BE,2025-11-02,10579000.0,power
,DK,2025-11-02,5385500.0,power
,DK,2025-11-03,4834900.0,power
,AT,2025-11-03,16936900.0,power
,BE,2025-11-03,13819700.0,power
,BG,2025-11-03,5241700.0,power
,HR,2025-11-03,7214200.0,power
,CZ,2025-11-03,6546625.0,power
,HR,2025-11-04,8667300.0,power
,CZ,2025-11-04,6910475.0,power
,DK,2025-11-04,3852600.0,power
,BE,2025-11-04,12245300.0,power
,BG,2025-11-04,5633600.0,power
,AT,2025-11-04,17455000.0,power
,CZ,2025-11-05,7174775.0,power
,HR,2025-11-05,10937200.0,power
,AT,2025-11-05,14816000.0,power
,BG,2025-11-05,5822400.0,power
,DK,2025-11-05,4766100.0,power
,BE,2025-11-05,15564700.0,power
,BG,2025-11-06,6193000.0,power
,DK,2025-11-06,5824400.0,power
,BE,2025-11-06,33867000.0,power
,CZ,2025-11-06,7190575.0,power
,HR,2025-11-06,10965600.0,power
,AT,2025-11-06,23258900.0,power
,CZ,2025-11-07,8363375.0,power
,HR,2025-11-07,11361100.0,power
,DK,2025-11-07,6317700.0,power
,BE,2025-11-07,57173500.0,power
,BG,2025-11-07,6545700.0,power
,AT,2025-11-07,29794400.0,power
,HR,2025-11-08,10551700.0,power
,AT,2025-11-08,25635000.0,power
,BG,2025-11-08,6466800.0,power
,CZ,2025-11-08,8056400.0,power
,DK,2025-11-08,5521300.0,power
,BE,2025-11-08,51793200.00000001,power
,HR,2025-11-09,9780400.0,power
,AT,2025-11-09,26536300.0,power
,BE,2025-11-09,44313500.0,power
,DK,2025-11-09,5761300.0,power
,CZ,2025-11-09,7006100.0,power
,BG,2025-11-09,6527000.0,power
,CZ,2025-11-10,10455675.0,power
,BG,2025-11-10,6566000.0,power
,AT,2025-11-10,36466200.0,power
,BE,2025-11-10,17811100.000000004,power
,DK,2025-11-10,7178800.0,power
,HR,2025-11-10,10124100.0,power
,CZ,2025-11-11,8646675.0,power
,HR,2025-11-11,10106100.0,power
,AT,2025-11-11,36403100.0,power
,DK,2025-11-11,5986500.0,power
,BG,2025-11-11,6605600.0,power
,BE,2025-11-11,16522599.999999998,power
,CZ,2025-11-12,8538725.0,power
,BG,2025-11-12,6645400.000000001,power
,AT,2025-11-12,40281900.0,power
,DK,2025-11-12,4445100.0,power
,HR,2025-11-12,12233100.0,power
,BE,2025-11-12,15151500.0,power
,BG,2025-11-13,6633200.0,power
,DK,2025-11-13,5230600.0,power
,CZ,2025-11-13,7778675.0,power
,HR,2025-11-13,13168900.0,power
,BE,2025-11-13,21576800.0,power
,AT,2025-11-13,35887600.0,power
,BE,2025-11-14,30800400.0,power
,CZ,2025-11-14,7990625.0,power
,DK,2025-11-14,7662000.0,power
,HR,2025-11-14,9588000.0,power
,AT,2025-11-14,38267300.0,power
,BG,2025-11-14,6661800.0,power
,CZ,2025-11-15,7034925.0,power
,DK,2025-11-15,6856700.0,power
,BG,2025-11-15,6504600.0,power
,HR,2025-11-15,8022200.0,power
,AT,2025-11-15,29937200.0,power
,BE,2025-11-15,14376200.0,power
,BE,2025-11-16,18130800.0,power
,DK,2025-11-16,8245299.999999999,power
,BG,2025-11-16,6784600.0,power
,AT,2025-11-16,25792800.0,power
,CZ,2025-11-16,7127675.0,power
,HR,2025-11-16,7017400.0,power
,DK,2025-11-17,7787500.0,power
,BG,2025-11-17,6851400.0,power
,AT,2025-11-17,31467500.0,power
,HR,2025-11-17,7452500.0,power
,CZ,2025-11-17,7474825.0,power
,BE,2025-11-17,26622400.0,power
,CZ,2025-11-18,7737825.0,power
,AT,2025-11-18,29667900.0,power
,HR,2025-11-18,8555400.0,power
,BE,2025-11-18,52218500.0,power
,DK,2025-11-18,8910000.0,power
,BG,2025-11-18,6983600.0,power
,DK,2025-11-19,8782900.0,power
,BE,2025-11-19,57426000.0,power
,AT,2025-11-19,23821800.0,power
,HR,2025-11-19,8605900.0,power
,CZ,2025-11-19,9474475.0,power
,BG,2025-11-19,6945100.0,power
,DK,2025-11-20,9256200.0,power
,AT,2025-11-20,27621700.0,power
,BE,2025-11-20,86347400.0,power
,BG,2025-11-20,6890000.0,power
,CZ,2025-11-20,11338750.0,power
,HR,2025-11-20,7459100.0,power
,BG,2025-11-21,6557100.0,power
,DK,2025-11-21,9642000.0,power
,CZ,2025-11-21,11458300.0,power
,AT,2025-11-21,26417800.0,power
,HR,2025-11-21,7216700.0,power
,BE,2025-11-21,93193300.0,power
,CZ,2025-11-22,8667725.0,power
,BE,2025-11-22,50381300.0,power
,DK,2025-11-22,6805900.0,power
,BG,2025-11-22,5915900.0,power
,HR,2025-11-22,6484700.0,power
,AT,2025-11-22,13744900.0,power
,BE,2025-11-23,12167500.0,power
,CZ,2025-11-23,7583150.0,power
,HR,2025-11-23,7487000.0,power
,BG,2025-11-23,6248500.0,power
,AT,2025-11-23,13868700.0,power
,DK,2025-11-23,6915800.0,power
,BE,2025-11-24,68450200.0,power
,DK,2025-11-24,9146600.0,power
,HR,2025-11-24,6069600.0,power
,AT,2025-11-24,33324700.0,power
,CZ,2025-11-24,8464200.0,power
,BG,2025-11-24,7031200.0,power
,HR,2025-11-25,5435500.0,power
,BE,2025-11-25,69916400.0,power
,DK,2025-11-25,9608100.0,power
,BG,2025-11-25,7030200.0,power
,AT,2025-11-25,30061200.0,power
,CZ,2025-11-25,8426575.0,power
,AT,2025-11-26,30325200.0,power
,HR,2025-11-26,7084200.0,power
,BE,2025-11-26,94705300.0,power
,BG,2025-11-26,7010400.0,power
,CZ,2025-11-26,9816600.0,power
,DK,2025-11-26,10023300.0,power
,AT,2025-11-27,31287900.0,power
,BE,2025-11-27,56242600.0,power
,DK,2025-11-27,6795400.0,power
,BG,2025-11-27,6998800.0,power
,HR,2025-11-27,7269800.0,power
,CZ,2025-11-27,10595725.0,power
,BE,2025-11-28,38445200.0,power
,CZ,2025-11-28,10977825.0,power
,HR,2025-11-28,7076200.0,power
,BG,2025-11-28,7066800.0,power
,AT,2025-11-28,24009100.0,power
,DK,2025-11-28,4141500.0,power
,BG,2025-11-29,7062200.0,power
,HR,2025-11-29,7542700.0,power
,BE,2025-11-29,19818000.0,power
,CZ,2025-11-29,7955750.0,power
,DK,2025-11-29,6130900.0,power
,AT,2025-11-29,23959400.0,power
,CZ,2025-11-30,7792525.0,power
,BE,2025-11-30,20758700.0,power
,HR,2025-11-30,6935000.0,power
,AT,2025-11-30,25363900.0,power
,BG,2025-11-30,7050300.0,power
,DK,2025-11-30,5397000.0,power
,AT,2025-12-01,29446000.0,power
,HR,2025-12-01,7275600.0,power
,CZ,2025-12-01,12157275.0,power
,BG,2025-12-01,7090800.0,power
,DK,2025-12-01,4146900.000000001,power
,BE,2025-12-01,28862700.0,power
,AT,2025-12-02,30527600.0,power
,BG,2025-12-02,7264200.0,power
,DK,2025-12-02,7755600.0,power
,BE,2025-12-02,62088300.0,power
,CZ,2025-12-02,12482675.0,power
,HR,2025-12-02,6994400.0,power
,DK,2025-12-03,9471400.0,power
,AT,2025-12-03,23401800.0,power
,HR,2025-12-03,7131800.0,power
,CZ,2025-12-03,12527750.0,power
,BG,2025-12-03,7402600.0,power
,BE,2025-12-03,94502800.0,power
,BG,2025-12-04,7421000.0,power
,CZ,2025-12-04,12293600.0,power
,DK,2025-12-04,8606700.0,power
,HR,2025-12-04,7179900.0,power
,BE,2025-12-04,80241200.0,power
,AT,2025-12-04,22824600.0,power
,ES,2025-12-05,4935000.0,power
,SI,2025-12-05,175400.0,power
,SK,2025-12-05,307200.0,power
,RO,2025-12-05,1235500.0,power
,PL,2025-12-05,3190000.0,power
,EE,2025-12-05,0.0,power
,NL,2025-12-05,1859225.0,power
,FI,2025-12-05,45625.0,power
,LU,2025-12-05,1700.0,power
,FR,2025-12-05,1499800.0,power
,LT,2025-12-05,31175.0,power
,LV,2025-12-05,195000.0,power
,DE,2025-12-05,6727675.0,power
,IT,2025-12-05,10703000.0,power
,GR,2025-12-05,1546000.0,power
,IE,2025-12-05,454000.0,power
,SE,2025-12-05,700.0,power
,UK,2025-12-05,91500.0,power
,PT,2025-12-05,695900.0,power
,DK,2025-12-05,8979100.0,power
,HR,2025-12-05,7680700.0,power
,HU,2025-12-05,718275.0,power
,BE,2025-12-05,77272900.0,power
,CZ,2025-12-05,12249050.0,power
,AT,2025-12-05,32323700.0,power
,BG,2025-12-05,7267500.0,power
,LT,2025-12-06,939575.0,power
,FR,2025-12-06,35174925.0,power
,SE,2025-12-06,24400.000000000004,power
,AT,2025-12-06,32428700.0,power
,SI,2025-12-06,4355300.0,power
,FI,2025-12-06,599225.0,power
,HU,2025-12-06,21127625.0,power
,EE,2025-12-06,0.0,power
,PL,2025-12-06,75699850.0,power
,PT,2025-12-06,16892800.0,power
,DK,2025-12-06,5985800.0,power
,ES,2025-12-06,119757000.0,power
,RO,2025-12-06,28837583.333333332,power
,CZ,2025-12-06,8470725.0,power
,SK,2025-12-06,11394900.0,power
,BG,2025-12-06,7033100.0,power
,NL,2025-12-06,40096750.0,power
,LU,2025-12-06,281950.0,power
,HR,2025-12-06,8301799.999999999,power
,LV,2025-12-06,5620000.0,power
,IT,2025-12-06,257277000.0,power
,GR,2025-12-06,68032000.0,power
,IE,2025-12-06,14838900.0,power
,BE,2025-12-06,11755700.0,power
,UK,2025-12-06,2537150.0,power
,DE,2025-12-06,136975200.0,power
,HU,2025-12-07,21623175.0,power
,RO,2025-12-07,29731000.0,power
,SK,2025-12-07,8114400.0,power
,IE,2025-12-07,23590300.0,power
,HR,2025-12-07,8330299.999999999,power
,PT,2025-12-07,17775300.0,power
,DK,2025-12-07,6737300.0,power
,PL,2025-12-07,70064150.0,power
,GR,2025-12-07,68782000.0,power
,UK,2025-12-07,1850149.9999999998,power
,EE,2025-12-07,0.0,power
,SI,2025-12-07,4333200.0,power
,BG,2025-12-07,7050100.0,power
,CZ,2025-12-07,8375074.999999999,power
,ES,2025-12-07,126020000.0,power
,LV,2025-12-07,4807000.0,power
,NL,2025-12-07,71010200.0,power
,SE,2025-12-07,22700.0,power
,BE,2025-12-07,12921200.0,power
,FR,2025-12-07,34865625.0,power
,IT,2025-12-07,209823000.0,power
,LU,2025-12-07,248525.0,power
,LT,2025-12-07,877500.0,power
,DE,2025-12-07,139412350.0,power
,FI,2025-12-07,605025.0,power
,AT,2025-12-07,35720000.0,power
,SK,2025-12-08,11717900.0,power
,RO,2025-12-08,33238000.0,power
,HU,2025-12-08,32095350.0,power
,LV,2025-12-08,51000.0,power
,CZ,2025-12-08,10240275.0,power
,HR,2025-12-08,8783800.0,power
,FR,2025-12-08,35709750.0,power
,PT,2025-12-08,16950900.0,power
,NL,2025-12-08,67208825.0,power
,DE,2025-12-08,148836475.0,power
,IT,2025-12-08,275125000.0,power
,IE,2025-12-08,25020350.0,power
,DK,2025-12-08,5283000.0,power
,GR,2025-12-08,69164000.0,power
,LU,2025-12-08,242375.0,power
,FI,2025-12-08,840400.0,power
,AT,2025-12-08,46975700.00000001,power
,LT,2025-12-08,1085225.0,power
,EE,2025-12-08,0.0,power
,PL,2025-12-08,78530500.0,power
,BE,2025-12-08,19035399.999999996,power
,SI,2025-12-08,4412200.0,power
,SE,2025-12-08,21600.0,power
,BG,2025-12-08,7112000.0,power
,ES,2025-12-08,125105000.0,power
,UK,2025-12-08,1925250.0,power
,PT,2025-12-09,21515800.0,power
,IE,2025-12-09,11955100.0,power
,DK,2025-12-09,6408400.0,power
,PL,2025-12-09,86897250.0,power
,GR,2025-12-09,78544000.0,power
,UK,2025-12-09,1927750.0,power
,AT,2025-12-09,46157000.0,power
,BE,2025-12-09,23705900.0,power
,EE,2025-12-09,700.0,power
,NL,2025-12-09,100546425.0,power
,ES,2025-12-09,164583000.0,power
,FI,2025-12-09,4214675.0,power
,LU,2025-12-09,249075.0,power
,IT,2025-12-09,456527000.0,power
,LT,2025-12-09,1339025.0,power
,SE,2025-12-09,72600.0,power
,FR,2025-12-09,36379800.0,power
,LV,2025-12-09,58000.0,power
,DE,2025-12-09,196492350.0,power
,RO,2025-12-09,38370000.0,power
,CZ,2025-12-09,10054125.0,power
,BG,2025-12-09,7126800.0,power
,HR,2025-12-09,9640800.0,power
,SI,2025-12-09,4375200.0,power
,HU,2025-12-09,34642950.0,power
,SK,2025-12-09,11983700.0,power
,BG,2025-12-10,7150800.0,power
,FI,2025-12-10,807025.0,power
,UK,2025-12-10,2543900.0,power
,IT,2025-12-10,491518000.0,power
,HR,2025-12-10,9360200.0,power
,SE,2025-12-10,20600.0,power
,LU,2025-12-10,217375.0,power
,AT,2025-12-10,34636400.0,power
,PT,2025-12-10,30130300.0,power
,FR,2025-12-10,56239641.66666667,power
,EE,2025-12-10,2500.0,power
,IE,2025-12-10,14466150.0,power
,LT,2025-12-10,913150.0,power
,HU,2025-12-10,35646825.0,power
,DK,2025-12-10,4638800.0,power
,CZ,2025-12-10,13792025.0,power
,BE,2025-12-10,24707400.0,power
,ES,2025-12-10,279903000.0,power
,NL,2025-12-10,83880875.0,power
,DE,2025-12-10,195224925.0,power
,SK,2025-12-10,12286800.0,power
,LV,2025-12-10,70000.0,power
,GR,2025-12-10,80216000.0,power
,RO,2025-12-10,38176500.0,power
,PL,2025-12-10,90018950.0,power
,SI,2025-12-10,4370800.0,power
,GR,2025-12-11,72939000.0,power
,SE,2025-12-11,21300.0,power
,DK,2025-12-11,4989000.0,power
,IT,2025-12-11,495808000.0,power
,SK,2025-12-11,13670900.0,power
,AT,2025-12-11,35107700.0,power
,LT,2025-12-11,737375.0,power
,PL,2025-12-11,76868350.0,power
,HR,2025-12-11,9276600.0,power
,PT,2025-12-11,21109400.0,power
,EE,2025-12-11,0.0,power
,ES,2025-12-11,210119000.0,power
,BE,2025-12-11,60777900.0,power
,HU,2025-12-11,36624775.0,power
,CZ,2025-12-11,17284650.0,power
,LU,2025-12-11,240250.0,power
,LV,2025-12-11,684000.0,power
,RO,2025-12-11,38489000.0,power
,NL,2025-12-11,137602450.0,power
,SI,2025-12-11,4382900.0,power
,BG,2025-12-11,7200800.0,power
,UK,2025-12-11,2833750.0,power
,FI,2025-12-11,1390725.0,power
,IE,2025-12-11,27545250.0,power
,FR,2025-12-11,89353150.0,power
,DE,2025-12-11,259319650.0,power
,HU,2025-12-12,36570975.0,power
,ES,2025-12-12,230324000.0,power
,FI,2025-12-12,14609100.0,power
,LU,2025-12-12,244425.0,power
,EE,2025-12-12,0.0,power
,SK,2025-12-12,14091700.0,power
,NL,2025-12-12,189585675.0,power
,PL,2025-12-12,94044625.0,power
,RO,2025-12-12,39585500.0,power
,BE,2025-12-12,77388200.0,power
,CZ,2025-12-12,25334725.0,power
,LV,2025-12-12,6453000.0,power
,DE,2025-12-12,357328075.0,power
,AT,2025-12-12,36316800.0,power
,UK,2025-12-12,1846000.0,power
,BG,2025-12-12,7202200.0,power
,PT,2025-12-12,18819400.0,power
,FR,2025-12-12,108128775.0,power
,LT,2025-12-12,1175700.0,power
,SE,2025-12-12,23000.0,power
,DK,2025-12-12,8352400.0,power
,IT,2025-12-12,504038000.0,power
,IE,2025-12-12,29060000.0,power
,HR,2025-12-12,9584000.0,power
,SI,2025-12-12,4436400.0,power
,GR,2025-12-12,80709000.0,power
,SE,2025-12-13,25900.0,power
,IT,2025-12-13,354637000.0,power
,LT,2025-12-13,1005250.0,power
,HR,2025-12-13,9705100.0,power
,LV,2025-12-13,5603000.0,power
,DE,2025-12-13,297434725.0,power
,FR,2025-12-13,59623175.0,power
,FI,2025-12-13,6178200.0,power
,BE,2025-12-13,72606600.0,power
,LU,2025-12-13,213675.0,power
,ES,2025-12-13,164427000.0,power
,SK,2025-12-13,13195300.0,power
,UK,2025-12-13,2152100.0,power
,HU,2025-12-13,35236500.0,power
,PT,2025-12-13,16594000.0,power
,GR,2025-12-13,83728000.0,power
,CZ,2025-12-13,23658100.0,power
,EE,2025-12-13,0.0,power
,SI,2025-12-13,4366600.0,power
,BG,2025-12-13,7119100.0,power
,AT,2025-12-13,47044800.0,power
,RO,2025-12-13,40166500.0,power
,NL,2025-12-13,164343175.0,power
,DK,2025-12-13,7128100.0,power
,IE,2025-12-13,11374250.0,power
,PL,2025-12-13,86966975.0,power
,LV,2025-12-14,4830000.0,power
,GR,2025-12-14,67900000.0,power
,DK,2025-12-14,4185100.0000000005,power
,LT,2025-12-14,862725.0,power
,HU,2025-12-14,35242550.0,power
,IT,2025-12-14,307993000.0,power
,BG,2025-12-14,7183300.0,power
,PL,2025-12-14,73667500.0,power
,IE,2025-12-14,11828050.0,power
,HR,2025-12-14,8880300.0,power
,SK,2025-12-14,8626900.0,power
,LU,2025-12-14,208725.0,power
,RO,2025-12-14,39240500.0,power
,UK,2025-12-14,2167400.0,power
,ES,2025-12-14,163117000.0,power
,AT,2025-12-14,37982600.0,power
,NL,2025-12-14,77822650.0,power
,DE,2025-12-14,206006725.0,power
,SI,2025-12-14,4340300.0,power
,FI,2025-12-14,1102375.0,power
,BE,2025-12-14,16377100.0,power
,CZ,2025-12-14,16452500.0,power
,PT,2025-12-14,16738900.000000002,power
,EE,2025-12-14,0.0,power
,SE,2025-12-14,26600.0,power
,FR,2025-12-14,56961575.0,power
,BE,2025-12-15,40535900.0,power
,LU,2025-12-15,243175.0,power
,LV,2025-12-15,4793000.0,power
,HU,2025-12-15,29194100.0,power
,CZ,2025-12-15,23620650.0,power
,SI,2025-12-15,4625700.0,power
,PT,2025-12-15,19086400.0,power
,DE,2025-12-15,238932825.0,power
,RO,2025-12-15,38476000.0,power
,FR,2025-12-15,80732750.0,power
,SK,2025-12-15,12194100.0,power
,EE,2025-12-15,0.0,power
,FI,2025-12-15,1041425.0,power
,ES,2025-12-15,216908000.0,power
,IE,2025-12-15,28877400.0,power
,SE,2025-12-15,29100.0,power
,NL,2025-12-15,107741950.0,power
,LT,2025-12-15,897000.0,power
,GR,2025-12-15,76229000.0,power
,DK,2025-12-15,6264600.0,power
,UK,2025-12-15,4078900.0,power
,IT,2025-12-15,504669000.0,power
,BG,2025-12-15,7159000.0,power
,AT,2025-12-15,52897000.0,power
,PL,2025-12-15,89853075.0,power
,HR,2025-12-15,9791000.0,power
,SE,2025-12-16,27700.0,power
,DE,2025-12-16,337740550.0,power
,HU,2025-12-16,37326000.0,power
,IE,2025-12-16,27836600.0,power
,GR,2025-12-16,90525000.0,power
,UK,2025-12-16,2258950.0,power
,EE,2025-12-16,78000.0,power
,PL,2025-12-16,102499450.0,power
,LU,2025-12-16,267525.00000000006,power
,DK,2025-12-16,8852400.0,power
,FI,2025-12-16,982525.0,power
,BG,2025-12-16,7220200.0,power
,PT,2025-12-16,21716700.0,power
,ES,2025-12-16,214075000.0,power
,IT,2025-12-16,529722000.0,power
,AT,2025-12-16,47455700.0,power
,SI,2025-12-16,4604600.0,power
,NL,2025-12-16,178623375.0,power
,LT,2025-12-16,1052325.0,power
,CZ,2025-12-16,27858050.0,power
,RO,2025-12-16,39195500.0,power
,FR,2025-12-16,149928775.0,power
,HR,2025-12-16,8919800.0,power
,BE,2025-12-16,68501500.0,power
,SK,2025-12-16,14375500.0,power
,LV,2025-12-16,8611000.0,power
,NL,2025-12-17,177928450.0,power
,UK,2025-12-17,2291550.0,power
,PL,2025-12-17,100774150.0,power
,DK,2025-12-17,9030400.0,power
,GR,2025-12-17,83839000.0,power
,CZ,2025-12-17,30038475.0,power
,BG,2025-12-17,7205400.0,power
,RO,2025-12-17,40228250.0,power
,PT,2025-12-17,21350300.0,power
,SI,2025-12-17,4248900.0,power
,HR,2025-12-17,9332500.0,power
,HU,2025-12-17,36122875.0,power
,IT,2025-12-17,515852000.0,power
,SK,2025-12-17,13523900.0,power
,LT,2025-12-17,6215200.0,power
,AT,2025-12-17,51010800.0,power
,BE,2025-12-17,70562600.0,power
,DE,2025-12-17,365121525.0,power
,FI,2025-12-17,1115600.0,power
,SE,2025-12-17,27500.0,power
,ES,2025-12-17,265654000.0,power
,FR,2025-12-17,122905875.0,power
,LU,2025-12-17,263475.0,power
,LV,2025-12-17,8237000.0,power
,EE,2025-12-17,127800.0,power
,IE,2025-12-17,15406000.0,power
,RO,2025-12-18,40933250.0,power
,LV,2025-12-18,6636000.0,power
,IT,2025-12-18,537793000.0,power
,LT,2025-12-18,6313725.0,power
,NL,2025-12-18,38381475.0,power
,HU,2025-12-18,36692900.0,power
,PT,2025-12-18,17461000.0,power
,UK,2025-12-18,2084650.0,power
,IE,2025-12-18,13834100.0,power
,SK,2025-12-18,11875800.0,power
,PL,2025-12-18,90791475.0,power
,LU,2025-12-18,269450.0,power
,SE,2025-12-18,26600.0,power
,ES,2025-12-18,181967000.0,power
,SI,2025-12-18,4435600.0,power
,FI,2025-12-18,933975.0,power
,BE,2025-12-18,10996700.0,power
,FR,2025-12-18,43027075.0,power
,DK,2025-12-18,6009600.0,power
,GR,2025-12-18,93835000.0,power
,BG,2025-12-18,7106200.0,power
,CZ,2025-12-18,24692250.0,power
,HR,2025-12-18,10982800.0,power
,AT,2025-12-18,51637000.0,power
,DE,2025-12-18,176537700.0,power
,EE,2025-12-18,128000.0,power
,IE,2025-12-19,14491600.0,power
,IT,2025-12-19,520695000.0,power
,SI,2025-12-19,4182399.9999999995,power
,DE,2025-12-19,209502075.0,power
,GR,2025-12-19,87749000.0,power
,LV,2025-12-19,3843000.0,power
,DK,2025-12-19,5550300.0,power
,EE,2025-12-19,122500.0,power
,BE,2025-12-19,46778400.0,power
,NL,2025-12-19,103752800.0,power
,UK,2025-12-19,2654450.0,power
,SK,2025-12-19,10958200.0,power
,HR,2025-12-19,12194300.0,power
,LU,2025-12-19,270925.0,power
,BG,2025-12-19,7175800.0,power
,AT,2025-12-19,49501799.99999999,power
,HU,2025-12-19,40862350.0,power
,LT,2025-12-19,522600.0,power
,FI,2025-12-19,901350.0,power
,CZ,2025-12-19,22765975.0,power
,SE,2025-12-19,24800.0,power
,RO,2025-12-19,39051000.0,power
,PT,2025-12-19,21373400.0,power
,PL,2025-12-19,78748150.0,power
,FR,2025-12-19,108014675.0,power
,ES,2025-12-19,269735000.0,power
,SE,2025-12-20,23900.0,power
,LU,2025-12-20,247299.99999999997,power
,EE,2025-12-20,117400.0,power
,FI,2025-12-20,921800.0000000001,power
,CZ,2025-12-20,26377750.0,power
,DE,2025-12-20,329007975.0,power
,LT,2025-12-20,708200.0,power
,UK,2025-12-20,3556050.0,power
,HR,2025-12-20,11534600.0,power
,FR,2025-12-20,44397475.0,power
,PT,2025-12-20,17144700.0,power
,LV,2025-12-20,4883000.0,power
,RO,2025-12-20,41082000.0,power
,BE,2025-12-20,79972800.0,power
,AT,2025-12-20,39563600.0,power
,IT,2025-12-20,380858000.0,power
,NL,2025-12-20,170937050.0,power
,SK,2025-12-20,13705600.0,power
,ES,2025-12-20,137282000.0,power
,SI,2025-12-20,4026600.0,power
,HU,2025-12-20,37423500.0,power
,GR,2025-12-20,90696000.0,power
,BG,2025-12-20,7036200.0,power
,PL,2025-12-20,90562425.0,power
,DK,2025-12-20,7969300.0,power
,IE,2025-12-20,17186600.0,power
,IT,2025-12-21,299487000.0,power
,FR,2025-12-21,35814900.0,power
,AT,2025-12-21,36018100.0,power
,NL,2025-12-21,100117450.0,power
,EE,2025-12-21,117400.0,power
,SK,2025-12-21,8822100.0,power
,PL,2025-12-21,83650925.0,power
,SE,2025-12-21,22000.0,power
,BE,2025-12-21,39398700.0,power
,DK,2025-12-21,7579300.0,power
,RO,2025-12-21,39618250.0,power
,IE,2025-12-21,26828300.0,power
,BG,2025-12-21,6856600.0,power
,LU,2025-12-21,217475.0,power
,ES,2025-12-21,129182000.0,power
,FI,2025-12-21,946000.0,power
,GR,2025-12-21,90175000.0,power
,LV,2025-12-21,3835000.0,power
,SI,2025-12-21,3981900.0,power
,CZ,2025-12-21,20943125.0,power
,HR,2025-12-21,11540700.0,power
,LT,2025-12-21,690425.0,power
,DE,2025-12-21,224487175.0,power
,PT,2025-12-21,16249800.0,power
,HU,2025-12-21,34159875.0,power
,UK,2025-12-21,3759300.0,power
,NL,2025-12-22,108175425.0,power
,SI,2025-12-22,3749600.0,power
,LV,2025-12-22,6105000.0,power
,AT,2025-12-22,39566500.0,power
,SE,2025-12-22,23800.0,power
,RO,2025-12-22,40490500.0,power
,HU,2025-12-22,35992750.0,power
,LT,2025-12-22,7734150.0,power
,PT,2025-12-22,17415200.0,power
,DK,2025-12-22,7740900.0,power
,CZ,2025-12-22,24116300.0,power
,FI,2025-12-22,8448225.0,power
,ES,2025-12-22,171488000.0,power
,LU,2025-12-22,266700.0,power
,GR,2025-12-22,94102000.0,power
,FR,2025-12-22,55268400.0,power
,PL,2025-12-22,86003675.0,power
,IE,2025-12-22,27649250.0,power
,IT,2025-12-22,399607000.0,power
,BE,2025-12-22,38101500.0,power
,BG,2025-12-22,7048500.0,power
,SK,2025-12-22,12205300.0,power
,UK,2025-12-22,5858700.0,power
,HR,2025-12-22,12123900.0,power
,EE,2025-12-22,141300.0,power
,DE,2025-12-22,198931950.0,power
,DE,2025-12-23,183940900.0,power
,FR,2025-12-23,51422325.0,power
,LT,2025-12-23,1321225.0,power
,AT,2025-12-23,40314300.0,power
,FI,2025-12-23,583250.0,power
,HU,2025-12-23,34547200.0,power
,UK,2025-12-23,5891250.0,power
,CZ,2025-12-23,21129000.0,power
,RO,2025-12-23,42397750.0,power
,NL,2025-12-23,55315575.0,power
,DK,2025-12-23,7556100.0,power
,IT,2025-12-23,427374000.0,power
,IE,2025-12-23,35285050.0,power
,LU,2025-12-23,270350.0,power
,PT,2025-12-23,16733000.0,power
,EE,2025-12-23,145299.99999999997,power
,HR,2025-12-23,12124000.0,power
,LV,2025-12-23,6606000.0,power
,GR,2025-12-23,95511000.0,power
,SE,2025-12-23,23400.0,power
,SI,2025-12-23,4001900.0,power
,SK,2025-12-23,12556400.0,power
,ES,2025-12-23,168348000.0,power
,PL,2025-12-23,83589800.0,power
,BG,2025-12-23,7004600.0,power
,BE,2025-12-23,26762600.0,power
,ES,2025-12-24,89170000.0,power
,SE,2025-12-24,20200.0,power
,SK,2025-12-24,5130800.0,power
,LU,2025-12-24,279325.0,power
,NL,2025-12-24,29712200.0,power
,BE,2025-12-24,11895700.0,power
,AT,2025-12-24,33909200.0,power
,CZ,2025-12-24,8511875.0,power
,DK,2025-12-24,6586300.0,power
,PT,2025-12-24,15879900.0,power
,FI,2025-12-24,410500.0,power
,FR,2025-12-24,33287400.0,power
,RO,2025-12-24,39365500.0,power
,EE,2025-12-24,144500.0,power
,HR,2025-12-24,10408100.0,power
,SI,2025-12-24,4249200.0,power
,PL,2025-12-24,70154250.0,power
,IT,2025-12-24,310516000.0,power
,HU,2025-12-24,23104725.0,power
,LV,2025-12-24,8000.0,power
,UK,2025-12-24,5565100.0,power
,IE,2025-12-24,30636200.0,power
,GR,2025-12-24,84185000.0,power
,LT,2025-12-24,1052025.0,power
,DE,2025-12-24,168238050.0,power
,BG,2025-12-24,7124500.0,power
,SE,2025-12-25,23000.0,power
,NL,2025-12-25,76903650.0,power
,CZ,2025-12-25,8449450.0,power
,LU,2025-12-25,267500.0,power
,EE,2025-12-25,121300.0,power
,PL,2025-12-25,76939175.0,power
,LV,2025-12-25,11000.0,power
,SK,2025-12-25,5324500.0,power
,DK,2025-12-25,7604700.0,power
,HR,2025-12-25,10349000.0,power
,IT,2025-12-25,279221000.0,power
,IE,2025-12-25,20610600.0,power
,SI,2025-12-25,4081300.0,power
,UK,2025-12-25,5022500.0,power
,DE,2025-12-25,189244050.0,power
,BG,2025-12-25,7226400.0,power
,RO,2025-12-25,40108500.0,power
,FI,2025-12-25,410575.00000000006,power
,LT,2025-12-25,1002949.9999999999,power
,HU,2025-12-25,23509725.0,power
,GR,2025-12-25,64468000.0,power
,AT,2025-12-25,38687400.0,power
,PT,2025-12-25,18617700.0,power
,ES,2025-12-25,139772000.0,power
,BE,2025-12-25,18140700.0,power
,FR,2025-12-25,55186775.0,power
,BG,2025-12-26,7258100.0,power
,PT,2025-12-26,21716100.0,power
,NL,2025-12-26,159224500.0,power
,SE,2025-12-26,25700.0,power
,SK,2025-12-26,12096300.000000002,power
,SI,2025-12-26,4058300.0,power
,BE,2025-12-26,62157500.0,power
,HU,2025-12-26,25460325.0,power
,GR,2025-12-26,77624000.0,power
,IE,2025-12-26,27013900.0,power
,PL,2025-12-26,74554875.0,power
,UK,2025-12-26,5597000.0,power
,DK,2025-12-26,8699600.0,power
,DE,2025-12-26,233545200.0,power
,IT,2025-12-26,249006000.0,power
,FR,2025-12-26,98329875.0,power
,EE,2025-12-26,124100.00000000001,power
,LV,2025-12-26,12000.0,power
,HR,2025-12-26,11157200.0,power
,AT,2025-12-26,33001500.0,power
,LT,2025-12-26,1009350.0,power
,LU,2025-12-26,264450.0,power
,ES,2025-12-26,176271000.0,power
,CZ,2025-12-26,8681425.0,power
,FI,2025-12-26,410400.00000000006,power
,RO,2025-12-26,40253750.0,power
,PT,2025-12-27,16846100.0,power
,SK,2025-12-27,5192200.0,power
,SI,2025-12-27,4218100.0,power
,SE,2025-12-27,25100.0,power
,RO,2025-12-27,39450000.0,power
,HR,2025-12-27,11142200.0,power
,PL,2025-12-27,70603200.0,power
,BG,2025-12-27,7212500.0,power
,BE,2025-12-27,41515100.0,power
,CZ,2025-12-27,8563000.0,power
,ES,2025-12-27,136609000.0,power
,LU,2025-12-27,271050.0,power
,LV,2025-12-27,5000.0,power
,UK,2025-12-27,5199550.0,power
,NL,2025-12-27,133825600.0,power
,DK,2025-12-27,7525700.0,power
,IT,2025-12-27,221857000.0,power
,FR,2025-12-27,56595300.0,power
,DE,2025-12-27,223956500.0,power
,FI,2025-12-27,418975.0,power
,LT,2025-12-27,979525.0,power
,HU,2025-12-27,23389000.0,power
,GR,2025-12-27,65106000.0,power
,AT,2025-12-27,28137400.0,power
,EE,2025-12-27,124700.0,power
,IE,2025-12-27,20979800.0,power
,IT,2025-12-28,229313000.0,power
,DE,2025-12-28,231651850.0,power
,CZ,2025-12-28,8596225.0,power
,DK,2025-12-28,7687200.0,power
,LU,2025-12-28,249300.0,power
,LV,2025-12-28,11000.0,power
,HR,2025-12-28,11141700.0,power
,PT,2025-12-28,17231300.0,power
,RO,2025-12-28,39747250.0,power
,FI,2025-12-28,392125.0,power
,AT,2025-12-28,28402700.0,power
,FR,2025-12-28,74541050.0,power
,LT,2025-12-28,989175.0000000001,power
,UK,2025-12-28,6647900.0,power
,BE,2025-12-28,43873700.00000001,power
,EE,2025-12-28,122700.0,power
,BG,2025-12-28,7240800.0,power
,GR,2025-12-28,61727000.0,power
,IE,2025-12-28,27040650.0,power
,HU,2025-12-28,23856650.0,power
,SE,2025-12-28,25200.0,power
,ES,2025-12-28,150605000.0,power
,SK,2025-12-28,9021900.0,power
,PL,2025-12-28,64908925.0,power
,NL,2025-12-28,140310350.0,power
,SI,2025-12-28,4182399.9999999995,power
,BE,2025-12-29,65281000.0,power
,SK,2025-12-29,11952900.0,power
,GR,2025-12-29,79008000.0,power
,FI,2025-12-29,412400.00000000006,power
,RO,2025-12-29,40646500.0,power
,SI,2025-12-29,4170000.0,power
,HR,2025-12-29,12444500.0,power
,HU,2025-12-29,25516050.0,power
,UK,2025-12-29,6208200.0,power
,DE,2025-12-29,222691600.0,power
,FR,2025-12-29,140698550.0,power
,IT,2025-12-29,351039000.0,power
,IE,2025-12-29,36142000.0,power
,BG,2025-12-29,7215600.0,power
,ES,2025-12-29,222068000.0,power
,LT,2025-12-29,950550.0000000001,power
,LV,2025-12-29,10000.0,power
,CZ,2025-12-29,8778450.0,power
,EE,2025-12-29,135600.0,power
,PL,2025-12-29,71024400.0,power
,NL,2025-12-29,156691125.0,power
,PT,2025-12-29,21239300.0,power
,DK,2025-12-29,7343600.0,power
,AT,2025-12-29,25143700.0,power
,LU,2025-12-29,273200.0,power
,SE,2025-12-29,26500.0,power
,CZ,2025-12-30,8811625.0,power
,RO,2025-12-30,41875750.0,power
,LU,2025-12-30,281050.0,power
,ES,2025-12-30,175987000.0,power
,AT,2025-12-30,27517800.0,power
,LV,2025-12-30,40000.0,power
,HU,2025-12-30,25584025.0,power
,EE,2025-12-30,129299.99999999999,power
,SK,2025-12-30,11724500.0,power
,IT,2025-12-30,346368000.0,power
,SE,2025-12-30,30600.0,power
,BE,2025-12-30,45185700.0,power
,FI,2025-12-30,3339725.0,power
,PT,2025-12-30,20804800.0,power
,FR,2025-12-30,96414225.0,power
,HR,2025-12-30,12117300.0,power
,IE,2025-12-30,41150050.0,power
,DE,2025-12-30,205177850.0,power
,DK,2025-12-30,8021500.0,power
,GR,2025-12-30,69326000.0,power
,SI,2025-12-30,4120300.0,power
,BG,2025-12-30,7147800.0,power
,PL,2025-12-30,57560450.0,power
,LT,2025-12-30,737300.0,power
,UK,2025-12-30,6061100.0,power
,NL,2025-12-30,128832575.0,power
,UK,2025-12-31,5660850.0,power
,SK,2025-12-31,5343700.0,power
,IE,2025-12-31,37683100.0,power
,DE,2025-12-31,197323325.0,power
,BG,2025-12-31,7207500.0,power
,CZ,2025-12-31,9811900.0,power
,IT,2025-12-31,311402000.0,power
,LT,2025-12-31,1033650.0000000001,power
,PL,2025-12-31,72878225.0,power
,PT,2025-12-31,24510200.0,power
,FI,2025-12-31,12038250.0,power
,BE,2025-12-31,32091600.0,power
,DK,2025-12-31,7061500.0,power
,SI,2025-12-31,4114399.9999999995,power
,RO,2025-12-31,41200000.0,power
,GR,2025-12-31,74144000.0,power
,NL,2025-12-31,102873075.0,power
,AT,2025-12-31,29035100.0,power
,LV,2025-12-31,7356000.0,power
,EE,2025-12-31,108500.0,power
,SE,2025-12-31,29300.0,power
,LU,2025-12-31,286275.0,power
,HU,2025-12-31,25283250.0,power
,FR,2025-12-31,117755425.0,power
,ES,2025-12-31,184840000.0,power
,HR,2025-12-31,12237400.0,power
,GR,2026-01-01,36593000.0,power
,DK,2026-01-01,2680300.0,power
,SI,2026-01-01,3994800.0,power
,BE,2026-01-01,10532800.0,power
,UK,2026-01-01,4513400.0,power
,HU,2026-01-01,20550750.0,power
,ES,2026-01-01,156823000.0,power
,DE,2026-01-01,108946850.0,power
,NL,2026-01-01,25887600.0,power
,SE,2026-01-01,29500.0,power
,FR,2026-01-01,0.0,power
,EE,2026-01-01,123100.0,power
,LU,2026-01-01,223950.0,power
,PL,2026-01-01,66433024.99999999,power
,LV,2026-01-01,70000.0,power
,IT,2026-01-01,292363000.0,power
,CZ,2026-01-01,24337350.0,power
,FI,2026-01-01,4175500.0,power
,HR,2026-01-01,10515200.0,power
,PT,2026-01-01,16124600.0,power
,RO,2026-01-01,40270750.0,power
,SK,2026-01-01,5167800.0,power
,BG,2026-01-01,7192800.0,power
,LT,2026-01-01,720400.0,power
,IE,2026-01-01,16523450.0,power
,AT,2026-01-01,23687500.0,power
,GR,2026-01-02,0.0,power
,LT,2026-01-02,727775.0,power
,NL,2026-01-02,67730875.0,power
,BE,2026-01-02,31576000.0,power
,HR,2026-01-02,10469800.0,power
,AT,2026-01-02,30662000.0,power
,FI,2026-01-02,4208250.0,power
,EE,2026-01-02,116000.0,power
,DK,2026-01-02,6402200.0,power
,PT,2026-01-02,16440099.999999998,power
,LV,2026-01-02,4873000.0,power
,PL,2026-01-02,76361575.0,power
,FR,2026-01-02,75868550.0,power
,SE,2026-01-02,31700.0,power
,BG,2026-01-02,7113200.0,power
,DE,2026-01-02,170400750.0,power
,UK,2026-01-02,4524250.0,power
,RO,2026-01-02,41844500.0,power
,HU,2026-01-02,23782650.0,power
,SK,2026-01-02,8884000.0,power
,CZ,2026-01-02,26602200.0,power
,LU,2026-01-02,238950.0,power
,IT,2026-01-02,252627000.0,power
,SI,2026-01-02,4073100.0,power
,ES,2026-01-02,158203000.0,power
,IE,2026-01-02,24286600.0,power
,AT,2026-01-03,23644000.0,power
,SE,2026-01-03,30600.0,power
,ES,2026-01-03,161032000.0,power
,UK,2026-01-03,5337400.0,power
,GR,2026-01-03,10575000.0,power
,NL,2026-01-03,101083575.0,power
,LT,2026-01-03,730850.0,power
,FI,2026-01-03,8608450.0,power
,HR,2026-01-03,10470000.0,power
,EE,2026-01-03,116300.0,power
,DK,2026-01-03,8690200.0,power
,RO,2026-01-03,41025000.0,power
,LV,2026-01-03,6288000.0,power
,LU,2026-01-03,181975.0,power
,IT,2026-01-03,238053000.0,power
,CZ,2026-01-03,202825100.0,power
,FR,2026-01-03,120981725.0,power
,PL,2026-01-03,72512450.0,power
,IE,2026-01-03,26549950.0,power
,DE,2026-01-03,212847525.0,power
,BG,2026-01-03,7003400.0,power
,SI,2026-01-03,4147700.0,power
,BE,2026-01-03,52228700.0,power
,HU,2026-01-03,23882375.0,power
,SK,2026-01-03,8552700.0,power
,PT,2026-01-03,17741400.0,power
,LU,2026-01-04,297250.0,power
,SE,2026-01-04,28000.0,power
,EE,2026-01-04,112300.0,power
,BE,2026-01-04,72741300.0,power
,FI,2026-01-04,14709275.0,power
,LV,2026-01-04,8062000.0,power
,IT,2026-01-04,274678000.0,power
,FR,2026-01-04,133917000.0,power
,IE,2026-01-04,32714500.0,power
,DE,2026-01-04,265255550.0,power
,HU,2026-01-04,24883475.0,power
,LT,2026-01-04,1111850.0,power
,UK,2026-01-04,6363450.0,power
,DK,2026-01-04,8770100.0,power
,RO,2026-01-04,39336500.0,power
,NL,2026-01-04,142740425.0,power
,GR,2026-01-04,6002000.0,power
,AT,2026-01-04,24505800.0,power
,PL,2026-01-04,74727450.0,power
,SK,2026-01-04,8721000.0,power
,SI,2026-01-04,4127100.0000000005,power
,CZ,2026-01-04,172742275.0,power
,ES,2026-01-04,125118000.0,power
,BG,2026-01-04,7021600.0,power
,PT,2026-01-04,16472800.0,power
,HR,2026-01-04,10465400.0,power
,NL,2026-01-05,82924175.0,power
,FR,2026-01-05,62202025.0,power
,ES,2026-01-05,58102666.666666664,power
,SK,2026-01-05,3684700.0,power
,DE,2026-01-05,142633400.0,power
,HU,2026-01-05,16981308.333333336,power
,SI,2026-01-05,1020400.0,power
,BE,2026-01-05,26285100.0,power
,IE,2026-01-05,11971300.0,power
,BG,2026-01-05,850500.0,power
,AT,2026-01-05,13994700.0,power
,IT,2026-01-05,151215000.0,power
,LV,2026-01-05,3106000.0,power
,FI,2026-01-05,5761250.0,power
,HR,2026-01-05,4931500.0,power
,PT,2026-01-05,6318800.0,power
,LT,2026-01-05,1199508.3333333333,power
,EE,2026-01-05,35400.0,power
,CZ,2026-01-05,13604450.0,power
,PL,2026-01-05,29694725.0,power
,SE,2026-01-05,4400.0,power
,LU,2026-01-05,14325.0,power
,DK,2026-01-05,2685900.0,power
,RO,2026-01-05,10982250.0,power
,UK,2026-01-05,1835300.0000000002,power
