country,date,demand,type
AT,2018-12-31,1282800.0,power
AT,2019-01-01,12881100.0,power
AT,2019-01-02,40819600.0,power
AT,2019-01-03,50956100.0,power
AT,2019-01-04,53350100.0,power
AT,2019-01-05,26038300.0,power
AT,2019-01-06,27552700.0,power
AT,2019-01-07,57756200.0,power
AT,2019-01-08,51722100.0,power
AT,2019-01-09,54825900.0,power
AT,2019-01-10,56677200.0,power
AT,2019-01-11,62123100.0,power
AT,2019-01-12,39812100.0,power
AT,2019-01-13,25006200.0,power
AT,2019-01-14,37757600.0,power
AT,2019-01-15,45617800.0,power
AT,2019-01-16,66135399.99999999,power
AT,2019-01-17,62807200.0,power
AT,2019-01-18,46725800.0,power
AT,2019-01-19,52189500.0,power
AT,2019-01-20,54492400.0,power
AT,2019-01-21,58940900.0,power
AT,2019-01-22,61729700.0,power
AT,2019-01-23,61041400.0,power
AT,2019-01-24,59109600.0,power
AT,2019-01-25,58830299.99999999,power
AT,2019-01-26,59373100.0,power
AT,2019-01-27,47438500.0,power
AT,2019-01-28,60188000.0,power
AT,2019-01-29,54687600.0,power
AT,2019-01-30,71421000.0,power
AT,2019-01-31,55812500.0,power
AT,2019-02-01,67331500.0,power
AT,2019-02-02,51458800.0,power
AT,2019-02-03,47590300.0,power
AT,2019-02-04,60685400.0,power
AT,2019-02-05,66579300.0,power
AT,2019-02-06,56873000.0,power
AT,2019-02-07,45010400.0,power
AT,2019-02-08,53630200.0,power
AT,2019-02-09,29230300.0,power
AT,2019-02-10,27393100.0,power
AT,2019-02-11,38748400.0,power
AT,2019-02-12,48416600.0,power
AT,2019-02-13,54304100.0,power
AT,2019-02-14,54108700.0,power
AT,2019-02-15,51691100.0,power
AT,2019-02-16,36658600.0,power
AT,2019-02-17,35535100.0,power
AT,2019-02-18,44517000.0,power
AT,2019-02-19,48896100.0,power
AT,2019-02-20,32768300.000000004,power
AT,2019-02-21,37164400.0,power
AT,2019-02-22,39508500.0,power
AT,2019-02-23,39921500.0,power
AT,2019-02-24,39869300.0,power
AT,2019-02-25,42952700.0,power
AT,2019-02-26,33324300.000000004,power
AT,2019-02-27,32860199.999999996,power
AT,2019-02-28,27370700.0,power
AT,2019-03-01,26499400.0,power
AT,2019-03-02,20162900.0,power
AT,2019-03-03,10111100.0,power
AT,2019-03-04,15371000.0,power
AT,2019-03-05,20755600.0,power
AT,2019-03-06,25944600.000000004,power
AT,2019-03-07,14229300.0,power
AT,2019-03-08,16038200.0,power
AT,2019-03-09,8521900.0,power
AT,2019-03-10,9248400.0,power
AT,2019-03-11,21973100.0,power
AT,2019-03-12,30247600.0,power
AT,2019-03-13,22618800.0,power
AT,2019-03-14,18606600.0,power
AT,2019-03-15,17295900.0,power
AT,2019-03-16,13383900.0,power
AT,2019-03-17,3258900.0,power
AT,2019-03-18,26422900.0,power
AT,2019-03-19,32956600.0,power
AT,2019-03-20,32837900.0,power
AT,2019-03-21,32926199.999999996,power
AT,2019-03-22,32141600.0,power
AT,2019-03-23,15608800.0,power
AT,2019-03-24,10893800.0,power
AT,2019-03-25,16908200.0,power
AT,2019-03-26,29923900.0,power
AT,2019-03-27,32332500.0,power
AT,2019-03-28,33213300.000000004,power
AT,2019-03-29,30907300.0,power
AT,2019-03-30,27571400.0,power
AT,2019-03-31,16789900.0,power
AT,2019-04-01,21189100.0,power
AT,2019-04-02,19415000.0,power
AT,2019-04-03,20273200.0,power
AT,2019-04-04,20100400.0,power
AT,2019-04-05,19301400.0,power
AT,2019-04-06,12474000.0,power
AT,2019-04-07,7540700.0,power
AT,2019-04-08,17578100.0,power
AT,2019-04-09,31219100.0,power
AT,2019-04-10,19257600.0,power
AT,2019-04-11,19156100.0,power
AT,2019-04-12,21235900.0,power
AT,2019-04-13,20887100.0,power
AT,2019-04-14,18660100.0,power
AT,2019-04-15,38239000.0,power
AT,2019-04-16,37300100.0,power
AT,2019-04-17,31918000.0,power
AT,2019-04-18,33095300.000000004,power
AT,2019-04-19,29936900.0,power
AT,2019-04-20,18597200.0,power
AT,2019-04-21,299900.0,power
AT,2019-04-22,287500.0,power
AT,2019-04-23,4141200.0,power
AT,2019-04-24,7553800.0,power
AT,2019-04-25,7430700.0,power
AT,2019-04-26,8695200.0,power
AT,2019-04-27,394700.0,power
AT,2019-04-28,4597100.0,power
AT,2019-04-29,19274900.0,power
AT,2019-04-30,17460600.0,power
AT,2019-05-01,1487100.0,power
AT,2019-05-02,4990600.0,power
AT,2019-05-03,3186900.0,power
AT,2019-05-04,5659500.0,power
AT,2019-05-05,2731900.0,power
AT,2019-05-06,3130000.0,power
AT,2019-05-07,7240000.0,power
AT,2019-05-08,2701500.0,power
AT,2019-05-09,19385000.0,power
AT,2019-05-10,1401600.0,power
AT,2019-05-11,613100.0,power
AT,2019-05-12,998800.0,power
AT,2019-05-13,3544500.0,power
AT,2019-05-14,3897500.0,power
AT,2019-05-15,3499600.0,power
AT,2019-05-16,3229800.0,power
AT,2019-05-17,5077500.0,power
AT,2019-05-18,268200.0,power
AT,2019-05-19,281500.0,power
AT,2019-05-20,339700.0,power
AT,2019-05-21,1209000.0,power
AT,2019-05-22,799200.0,power
AT,2019-05-23,384700.0,power
AT,2019-05-24,312400.0,power
AT,2019-05-25,111399.99999999999,power
AT,2019-05-26,0.0,power
AT,2019-05-27,670500.0,power
AT,2019-05-28,374500.0,power
AT,2019-05-29,368500.0,power
AT,2019-05-30,363000.0,power
AT,2019-05-31,418000.0,power
AT,2019-06-01,21000.0,power
AT,2019-06-02,0.0,power
AT,2019-06-03,0.0,power
AT,2019-06-04,6327100.0,power
AT,2019-06-05,2900.0,power
AT,2019-06-06,700.0,power
AT,2019-06-07,4931800.0,power
AT,2019-06-08,21700.0,power
AT,2019-06-09,9400.0,power
AT,2019-06-10,8200.000000000002,power
AT,2019-06-11,5118500.0,power
AT,2019-06-12,6387700.0,power
AT,2019-06-13,11737400.0,power
AT,2019-06-14,6001400.0,power
AT,2019-06-15,0.0,power
AT,2019-06-16,0.0,power
AT,2019-06-17,0.0,power
AT,2019-06-18,18077600.0,power
AT,2019-06-19,17627400.0,power
AT,2019-06-20,2349200.0,power
AT,2019-06-21,11345800.0,power
AT,2019-06-22,8800.0,power
AT,2019-06-23,0.0,power
AT,2019-06-24,16977500.0,power
AT,2019-06-25,17668600.0,power
AT,2019-06-26,20844100.0,power
AT,2019-06-27,10520900.0,power
AT,2019-06-28,12034500.0,power
AT,2019-06-29,10821300.0,power
AT,2019-06-30,1074900.0,power
AT,2019-07-01,19111300.0,power
AT,2019-07-02,12883300.0,power
AT,2019-07-03,18486700.0,power
AT,2019-07-04,20654400.0,power
AT,2019-07-05,5896300.0,power
AT,2019-07-06,9643800.0,power
AT,2019-07-07,1012600.0,power
AT,2019-07-08,23439500.0,power
AT,2019-07-09,20961500.0,power
AT,2019-07-10,15117500.0,power
AT,2019-07-11,26530100.0,power
AT,2019-07-12,14595300.0,power
AT,2019-07-13,26299.999999999996,power
AT,2019-07-14,25800.0,power
AT,2019-07-15,20521600.0,power
AT,2019-07-16,19133900.0,power
AT,2019-07-17,21523300.0,power
AT,2019-07-18,28910000.0,power
AT,2019-07-19,26124200.0,power
AT,2019-07-20,13738100.0,power
AT,2019-07-21,22157200.0,power
AT,2019-07-22,22842400.0,power
AT,2019-07-23,21349000.0,power
AT,2019-07-24,22989600.0,power
AT,2019-07-25,18092700.0,power
AT,2019-07-26,22456200.0,power
AT,2019-07-27,18342000.0,power
AT,2019-07-28,1271700.0,power
AT,2019-07-29,0.0,power
AT,2019-07-30,5685500.0,power
AT,2019-07-31,17986500.0,power
AT,2019-08-01,13694000.0,power
AT,2019-08-02,13483000.0,power
AT,2019-08-03,0.0,power
AT,2019-08-04,0.0,power
AT,2019-08-05,18974000.0,power
AT,2019-08-06,18983800.0,power
AT,2019-08-07,14623400.0,power
AT,2019-08-08,22416700.0,power
AT,2019-08-09,14536400.0,power
AT,2019-08-10,8806699.999999998,power
AT,2019-08-11,11045600.0,power
AT,2019-08-12,24629000.0,power
AT,2019-08-13,26550600.0,power
AT,2019-08-14,17878200.0,power
AT,2019-08-15,2658300.0,power
AT,2019-08-16,18103700.0,power
AT,2019-08-17,9454700.0,power
AT,2019-08-18,9672000.0,power
AT,2019-08-19,38887400.0,power
AT,2019-08-20,31648200.0,power
AT,2019-08-21,27661300.0,power
AT,2019-08-22,36938900.0,power
AT,2019-08-23,30226600.000000004,power
AT,2019-08-24,30559000.0,power
AT,2019-08-25,19465900.0,power
AT,2019-08-26,48402700.0,power
AT,2019-08-27,49109800.0,power
AT,2019-08-28,46787000.0,power
AT,2019-08-29,40013200.0,power
AT,2019-08-30,36026500.0,power
AT,2019-08-31,22946800.0,power
AT,2019-09-01,25735900.0,power
AT,2019-09-02,33688700.0,power
AT,2019-09-03,22031200.0,power
AT,2019-09-04,38362300.0,power
AT,2019-09-05,37634200.0,power
AT,2019-09-06,27938900.0,power
AT,2019-09-07,34393100.0,power
AT,2019-09-08,20564500.0,power
AT,2019-09-09,25743900.0,power
AT,2019-09-10,29808300.0,power
AT,2019-09-11,23662200.0,power
AT,2019-09-12,25637400.0,power
AT,2019-09-13,31191300.0,power
AT,2019-09-14,18991000.0,power
AT,2019-09-15,15315400.0,power
AT,2019-09-16,33038300.000000004,power
AT,2019-09-17,39074200.0,power
AT,2019-09-18,27373300.0,power
AT,2019-09-19,40534600.0,power
AT,2019-09-20,44932700.0,power
AT,2019-09-21,30351200.0,power
AT,2019-09-22,14443100.0,power
AT,2019-09-23,38398500.0,power
AT,2019-09-24,49921100.0,power
AT,2019-09-25,42817100.0,power
AT,2019-09-26,40279700.0,power
AT,2019-09-27,31817700.0,power
AT,2019-09-28,23717200.0,power
AT,2019-09-29,29294400.0,power
AT,2019-09-30,30861399.999999996,power
AT,2019-10-01,36725900.0,power
AT,2019-10-02,45604900.0,power
AT,2019-10-03,41866000.0,power
AT,2019-10-04,41862400.0,power
AT,2019-10-05,27387700.0,power
AT,2019-10-06,22519400.0,power
AT,2019-10-07,36166400.0,power
AT,2019-10-08,30762800.0,power
AT,2019-10-09,42529100.0,power
AT,2019-10-10,34985800.0,power
AT,2019-10-11,20261200.0,power
AT,2019-10-12,23616200.0,power
AT,2019-10-13,23832900.0,power
AT,2019-10-14,35806400.0,power
AT,2019-10-15,39563300.0,power
AT,2019-10-16,45588800.0,power
AT,2019-10-17,40778400.0,power
AT,2019-10-18,49065700.0,power
AT,2019-10-19,36846800.0,power
AT,2019-10-20,38801100.0,power
AT,2019-10-21,45172400.0,power
AT,2019-10-22,50216300.0,power
AT,2019-10-23,46398000.0,power
AT,2019-10-24,43077800.0,power
AT,2019-10-25,53682100.0,power
AT,2019-10-26,29616300.0,power
AT,2019-10-27,43296700.0,power
AT,2019-10-28,46852299.99999999,power
AT,2019-10-29,57528900.0,power
AT,2019-10-30,54288600.0,power
AT,2019-10-31,50210600.0,power
AT,2019-11-01,34190400.0,power
AT,2019-11-02,33500300.000000004,power
AT,2019-11-03,28670000.0,power
AT,2019-11-04,49559700.0,power
AT,2019-11-05,47829299.99999999,power
AT,2019-11-06,49446900.0,power
AT,2019-11-07,50785300.0,power
AT,2019-11-08,52303700.0,power
AT,2019-11-09,33908200.0,power
AT,2019-11-10,32578500.0,power
AT,2019-11-11,38546500.0,power
AT,2019-11-12,43294800.0,power
AT,2019-11-13,58587300.0,power
AT,2019-11-14,59804300.0,power
AT,2019-11-15,44259000.0,power
AT,2019-11-16,32704400.0,power
AT,2019-11-17,29511600.000000004,power
AT,2019-11-18,45984000.0,power
AT,2019-11-19,53644100.0,power
AT,2019-11-20,54642300.0,power
AT,2019-11-21,54186700.0,power
AT,2019-11-22,41149600.0,power
AT,2019-11-23,27680200.0,power
AT,2019-11-24,29204800.0,power
AT,2019-11-25,49895600.0,power
AT,2019-11-26,51220400.0,power
AT,2019-11-27,32280900.0,power
AT,2019-11-28,28227000.0,power
AT,2019-11-29,39337600.0,power
AT,2019-11-30,42121200.0,power
AT,2019-12-01,44082500.0,power
AT,2019-12-02,45459100.0,power
AT,2019-12-03,60484700.0,power
AT,2019-12-04,58609900.0,power
AT,2019-12-05,54743100.0,power
AT,2019-12-06,52429900.0,power
AT,2019-12-07,36505800.0,power
AT,2019-12-08,30680200.0,power
AT,2019-12-09,54795300.0,power
AT,2019-12-10,45132200.0,power
AT,2019-12-11,46841900.0,power
AT,2019-12-12,50955700.0,power
AT,2019-12-13,49295100.0,power
AT,2019-12-14,39415500.0,power
AT,2019-12-15,31879500.0,power
AT,2019-12-16,47408000.0,power
AT,2019-12-17,40192700.0,power
AT,2019-12-18,41143700.0,power
AT,2019-12-19,35924000.0,power
AT,2019-12-20,29645900.0,power
AT,2019-12-21,29699200.0,power
AT,2019-12-22,27821300.0,power
AT,2019-12-23,27854100.0,power
AT,2019-12-24,27641700.0,power
AT,2019-12-25,18678800.0,power
AT,2019-12-26,34744900.0,power
AT,2019-12-27,43178700.0,power
AT,2019-12-28,41973200.0,power
AT,2019-12-29,37453900.0,power
AT,2019-12-30,43140400.0,power
AT,2019-12-31,40331800.0,power
AT,2020-01-01,39856500.0,power
AT,2020-01-02,45229400.0,power
AT,2020-01-03,56847700.00000001,power
AT,2020-01-04,35778700.0,power
AT,2020-01-05,44214800.0,power
AT,2020-01-06,63434200.0,power
AT,2020-01-07,62194100.0,power
AT,2020-01-08,54177299.99999999,power
AT,2020-01-09,70030900.0,power
AT,2020-01-10,64978400.0,power
AT,2020-01-11,45926100.0,power
AT,2020-01-12,51199400.0,power
AT,2020-01-13,62646200.0,power
AT,2020-01-14,62398000.0,power
AT,2020-01-15,65474100.0,power
AT,2020-01-16,74008000.0,power
AT,2020-01-17,61794800.0,power
AT,2020-01-18,56094600.0,power
AT,2020-01-19,47828400.0,power
AT,2020-01-20,60578200.0,power
AT,2020-01-21,67787300.0,power
AT,2020-01-22,61228600.0,power
AT,2020-01-23,62162900.0,power
AT,2020-01-24,58865300.0,power
AT,2020-01-25,50781000.0,power
AT,2020-01-26,61390900.0,power
AT,2020-01-27,71783600.0,power
AT,2020-01-28,75501800.0,power
AT,2020-01-29,65989700.0,power
AT,2020-01-30,73006200.0,power
AT,2020-01-31,50357500.0,power
AT,2020-02-01,33763000.0,power
AT,2020-02-02,24988400.0,power
AT,2020-02-03,57767100.0,power
AT,2020-02-04,61416800.0,power
AT,2020-02-05,44456600.0,power
AT,2020-02-06,47446500.0,power
AT,2020-02-07,53060800.0,power
AT,2020-02-08,44715300.0,power
AT,2020-02-09,24459400.0,power
AT,2020-02-10,26105800.0,power
AT,2020-02-11,25273100.000000004,power
AT,2020-02-12,23660900.0,power
AT,2020-02-13,36339400.0,power
AT,2020-02-14,34466500.0,power
AT,2020-02-15,28782900.0,power
AT,2020-02-16,18958000.0,power
AT,2020-02-17,30028700.0,power
AT,2020-02-18,30402600.0,power
AT,2020-02-19,29378100.0,power
AT,2020-02-20,32515000.0,power
AT,2020-02-21,21632100.0,power
AT,2020-02-22,18348700.0,power
AT,2020-02-23,15020800.0,power
AT,2020-02-24,34553300.0,power
AT,2020-02-25,31604600.0,power
AT,2020-02-26,43704400.0,power
AT,2020-02-27,47025700.0,power
AT,2020-02-28,45009800.0,power
AT,2020-02-29,29921200.0,power
AT,2020-03-01,27154900.0,power
AT,2020-03-02,31904400.0,power
AT,2020-03-03,34324500.0,power
AT,2020-03-04,39952700.0,power
AT,2020-03-05,32732200.0,power
AT,2020-03-06,30872900.0,power
AT,2020-03-07,34576700.0,power
AT,2020-03-08,26591400.0,power
AT,2020-03-09,33579100.0,power
AT,2020-03-10,28918500.0,power
AT,2020-03-11,29335900.0,power
AT,2020-03-12,33855400.0,power
AT,2020-03-13,29098700.0,power
AT,2020-03-14,34399800.0,power
AT,2020-03-15,15458900.0,power
AT,2020-03-16,31455000.0,power
AT,2020-03-17,35887300.0,power
AT,2020-03-18,34736500.0,power
AT,2020-03-19,33758800.0,power
AT,2020-03-20,30130000.0,power
AT,2020-03-21,13100200.0,power
AT,2020-03-22,16110199.999999998,power
AT,2020-03-23,27284400.0,power
AT,2020-03-24,34353200.0,power
AT,2020-03-25,38825500.0,power
AT,2020-03-26,40783600.0,power
AT,2020-03-27,37848700.0,power
AT,2020-03-28,26261600.0,power
AT,2020-03-29,9190600.0,power
AT,2020-03-30,32836100.0,power
AT,2020-03-31,40016400.0,power
AT,2020-04-01,26710700.0,power
AT,2020-04-02,21112200.0,power
AT,2020-04-03,11374700.0,power
AT,2020-04-04,7906200.0,power
AT,2020-04-05,26744400.0,power
AT,2020-04-06,19731100.0,power
AT,2020-04-07,16454099.999999998,power
AT,2020-04-08,16014000.0,power
AT,2020-04-09,28627800.0,power
AT,2020-04-10,19008700.0,power
AT,2020-04-11,11604900.0,power
AT,2020-04-12,6473500.0,power
AT,2020-04-13,206300.0,power
AT,2020-04-14,11587300.000000002,power
AT,2020-04-15,31311200.0,power
AT,2020-04-16,11248800.0,power
AT,2020-04-17,8761700.0,power
AT,2020-04-18,11768300.0,power
AT,2020-04-19,6009100.0,power
AT,2020-04-20,18823700.0,power
AT,2020-04-21,10446300.0,power
AT,2020-04-22,17564400.0,power
AT,2020-04-23,9606600.0,power
AT,2020-04-24,10141900.0,power
AT,2020-04-25,7153900.0,power
AT,2020-04-26,8968100.0,power
AT,2020-04-27,10189200.0,power
AT,2020-04-28,9492400.0,power
AT,2020-04-29,9278200.0,power
AT,2020-04-30,6936300.0,power
AT,2020-05-01,0.0,power
AT,2020-05-02,180299.99999999997,power
AT,2020-05-03,1838900.0,power
AT,2020-05-04,7273100.0,power
AT,2020-05-05,2526300.0,power
AT,2020-05-06,2631400.0,power
AT,2020-05-07,2384900.0,power
AT,2020-05-08,6851800.0,power
AT,2020-05-09,1796900.0,power
AT,2020-05-10,342000.0,power
AT,2020-05-11,378900.0,power
AT,2020-05-12,2447600.0,power
AT,2020-05-13,5793000.0,power
AT,2020-05-14,2489300.0,power
AT,2020-05-15,2642400.0,power
AT,2020-05-16,1892900.0,power
AT,2020-05-17,308700.0,power
AT,2020-05-18,9798500.0,power
AT,2020-05-19,14161000.0,power
AT,2020-05-20,1784199.9999999998,power
AT,2020-05-21,0.0,power
AT,2020-05-22,0.0,power
AT,2020-05-23,0.0,power
AT,2020-05-24,81000.0,power
AT,2020-05-25,1922400.0,power
AT,2020-05-26,4003400.0,power
AT,2020-05-27,2112000.0,power
AT,2020-05-28,5802500.0,power
AT,2020-05-29,2889300.0,power
AT,2020-05-30,351600.0,power
AT,2020-05-31,0.0,power
AT,2020-06-01,10088600.0,power
AT,2020-06-02,9143600.0,power
AT,2020-06-03,22591800.0,power
AT,2020-06-04,3036299.9999999995,power
AT,2020-06-05,8899400.0,power
AT,2020-06-06,0.0,power
AT,2020-06-07,0.0,power
AT,2020-06-08,129800.00000000001,power
AT,2020-06-09,5583000.0,power
AT,2020-06-10,3628600.0,power
AT,2020-06-11,0.0,power
AT,2020-06-12,0.0,power
AT,2020-06-13,0.0,power
AT,2020-06-14,0.0,power
AT,2020-06-15,1849000.0,power
AT,2020-06-16,125500.0,power
AT,2020-06-17,4793700.0,power
AT,2020-06-18,142700.0,power
AT,2020-06-19,133500.0,power
AT,2020-06-20,43400.0,power
AT,2020-06-21,31300.0,power
AT,2020-06-22,221700.0,power
AT,2020-06-23,141900.0,power
AT,2020-06-24,6722400.000000001,power
AT,2020-06-25,2732100.0,power
AT,2020-06-26,149600.0,power
AT,2020-06-27,33500.0,power
AT,2020-06-28,2831000.0,power
AT,2020-06-29,8225299.999999999,power
AT,2020-06-30,2230900.0,power
AT,2020-07-01,11593300.0,power
AT,2020-07-02,14247300.0,power
AT,2020-07-03,9755600.0,power
AT,2020-07-04,0.0,power
AT,2020-07-05,0.0,power
AT,2020-07-06,15677500.0,power
AT,2020-07-07,10561600.0,power
AT,2020-07-08,23014200.0,power
AT,2020-07-09,31772000.0,power
AT,2020-07-10,17660400.0,power
AT,2020-07-11,10835500.0,power
AT,2020-07-12,8878000.0,power
AT,2020-07-13,11838700.0,power
AT,2020-07-14,14648300.0,power
AT,2020-07-15,18449200.0,power
AT,2020-07-16,15717900.0,power
AT,2020-07-17,11089200.0,power
AT,2020-07-18,10720900.0,power
AT,2020-07-19,10766800.0,power
AT,2020-07-20,12920300.0,power
AT,2020-07-21,16475000.0,power
AT,2020-07-22,28944000.0,power
AT,2020-07-23,30069300.0,power
AT,2020-07-24,18235900.0,power
AT,2020-07-25,11286000.0,power
AT,2020-07-26,3323800.0,power
AT,2020-07-27,11223800.0,power
AT,2020-07-28,14537600.0,power
AT,2020-07-29,13654400.0,power
AT,2020-07-30,19231000.0,power
AT,2020-07-31,14809100.0,power
AT,2020-08-01,10779200.0,power
AT,2020-08-02,10335800.0,power
AT,2020-08-03,12312700.0,power
AT,2020-08-04,10250000.0,power
AT,2020-08-05,9786600.0,power
AT,2020-08-06,10248800.0,power
AT,2020-08-07,13927900.0,power
AT,2020-08-08,10677800.0,power
AT,2020-08-09,9435600.0,power
AT,2020-08-10,14503100.0,power
AT,2020-08-11,21094900.0,power
AT,2020-08-12,18163500.0,power
AT,2020-08-13,10269800.0,power
AT,2020-08-14,12353300.0,power
AT,2020-08-15,10870600.0,power
AT,2020-08-16,10847300.0,power
AT,2020-08-17,21009000.0,power
AT,2020-08-18,23497700.0,power
AT,2020-08-19,10308500.0,power
AT,2020-08-20,12943500.0,power
AT,2020-08-21,11695800.0,power
AT,2020-08-22,10804000.0,power
AT,2020-08-23,4606100.0,power
AT,2020-08-24,18565500.0,power
AT,2020-08-25,17791300.0,power
AT,2020-08-26,16822900.0,power
AT,2020-08-27,16924800.0,power
AT,2020-08-28,10054400.0,power
AT,2020-08-29,10840000.0,power
AT,2020-08-30,9973500.0,power
AT,2020-08-31,9851300.0,power
AT,2020-09-01,14882699.999999998,power
AT,2020-09-02,10485300.000000002,power
AT,2020-09-03,10776900.0,power
AT,2020-09-04,10599400.0,power
AT,2020-09-05,9256200.0,power
AT,2020-09-06,9374900.0,power
AT,2020-09-07,11281600.0,power
AT,2020-09-08,10646700.0,power
AT,2020-09-09,10853400.0,power
AT,2020-09-10,12459200.0,power
AT,2020-09-11,10624700.0,power
AT,2020-09-12,9746400.0,power
AT,2020-09-13,9535200.0,power
AT,2020-09-14,12272800.0,power
AT,2020-09-15,14466200.0,power
AT,2020-09-16,30746100.0,power
AT,2020-09-17,18173600.000000004,power
AT,2020-09-18,13288100.0,power
AT,2020-09-19,14412600.0,power
AT,2020-09-20,11802200.0,power
AT,2020-09-21,11274000.0,power
AT,2020-09-22,10887900.0,power
AT,2020-09-23,23336400.0,power
AT,2020-09-24,29241800.0,power
AT,2020-09-25,11376300.0,power
AT,2020-09-26,10786100.0,power
AT,2020-09-27,10676300.0,power
AT,2020-09-28,10821300.0,power
AT,2020-09-29,11020000.0,power
AT,2020-09-30,11049000.0,power
AT,2020-10-01,17838600.0,power
AT,2020-10-02,18227900.0,power
AT,2020-10-03,7525300.0,power
AT,2020-10-04,2719500.0,power
AT,2020-10-05,21877200.0,power
AT,2020-10-06,30214100.0,power
AT,2020-10-07,31371300.0,power
AT,2020-10-08,24433300.0,power
AT,2020-10-09,33614300.0,power
AT,2020-10-10,18259800.0,power
AT,2020-10-11,15314400.0,power
AT,2020-10-12,27963400.0,power
AT,2020-10-13,34474400.0,power
AT,2020-10-14,46484700.0,power
AT,2020-10-15,32660300.0,power
AT,2020-10-16,23915100.0,power
AT,2020-10-17,23566300.0,power
AT,2020-10-18,23288900.0,power
AT,2020-10-19,24941400.0,power
AT,2020-10-20,29235800.0,power
AT,2020-10-21,33979800.0,power
AT,2020-10-22,38721100.0,power
AT,2020-10-23,35125800.0,power
AT,2020-10-24,15582200.0,power
AT,2020-10-25,11831300.0,power
AT,2020-10-26,28391800.0,power
AT,2020-10-27,32626500.0,power
AT,2020-10-28,31900800.0,power
AT,2020-10-29,30452000.0,power
AT,2020-10-30,32602600.0,power
AT,2020-10-31,26752500.0,power
AT,2020-11-01,7587900.0,power
AT,2020-11-02,31433300.0,power
AT,2020-11-03,31020900.0,power
AT,2020-11-04,23381300.0,power
AT,2020-11-05,25408600.0,power
AT,2020-11-06,27300600.0,power
AT,2020-11-07,25903400.0,power
AT,2020-11-08,29367200.0,power
AT,2020-11-09,39384400.0,power
AT,2020-11-10,40978100.0,power
AT,2020-11-11,46310100.0,power
AT,2020-11-12,38225800.0,power
AT,2020-11-13,45155700.0,power
AT,2020-11-14,42405200.0,power
AT,2020-11-15,28373100.0,power
AT,2020-11-16,46874500.0,power
AT,2020-11-17,50076200.0,power
AT,2020-11-18,51455200.0,power
AT,2020-11-19,41071200.0,power
AT,2020-11-20,30162100.0,power
AT,2020-11-21,43767500.0,power
AT,2020-11-22,37934300.0,power
AT,2020-11-23,57261300.0,power
AT,2020-11-24,55869600.0,power
AT,2020-11-25,51837500.0,power
AT,2020-11-26,49629600.0,power
AT,2020-11-27,53244400.0,power
AT,2020-11-28,40228100.0,power
AT,2020-11-29,40703800.0,power
AT,2020-11-30,52516700.0,power
AT,2020-12-01,60102500.0,power
AT,2020-12-02,54816900.0,power
AT,2020-12-03,77615500.0,power
AT,2020-12-04,46125800.0,power
AT,2020-12-05,38843400.0,power
AT,2020-12-06,35573900.0,power
AT,2020-12-07,43507400.0,power
AT,2020-12-08,50337900.0,power
AT,2020-12-09,53400500.0,power
AT,2020-12-10,53109300.0,power
AT,2020-12-11,57420600.0,power
AT,2020-12-12,46397400.0,power
AT,2020-12-13,48774200.0,power
AT,2020-12-14,55801700.0,power
AT,2020-12-15,45240300.0,power
AT,2020-12-16,68375900.0,power
AT,2020-12-17,68476100.0,power
AT,2020-12-18,61551400.0,power
AT,2020-12-19,41728000.0,power
AT,2020-12-20,46177000.0,power
AT,2020-12-21,53818100.0,power
AT,2020-12-22,54003000.0,power
AT,2020-12-23,44343299.99999999,power
AT,2020-12-24,31187700.0,power
AT,2020-12-25,29666100.0,power
AT,2020-12-26,30030500.0,power
AT,2020-12-27,16903100.0,power
AT,2020-12-28,37601700.0,power
AT,2020-12-29,39088800.0,power
AT,2020-12-30,41042400.0,power
AT,2020-12-31,41785500.0,power
AT,2021-01-01,44876800.0,power
AT,2021-01-02,46977400.0,power
AT,2021-01-03,43013200.0,power
AT,2021-01-04,44176100.0,power
AT,2021-01-05,53367000.0,power
AT,2021-01-06,45620700.0,power
AT,2021-01-07,46405200.0,power
AT,2021-01-08,48468700.0,power
AT,2021-01-09,46120900.0,power
AT,2021-01-10,45490000.0,power
AT,2021-01-11,45444300.0,power
AT,2021-01-12,57519800.0,power
AT,2021-01-13,51233700.0,power
AT,2021-01-14,46539800.0,power
AT,2021-01-15,46641500.0,power
AT,2021-01-16,44292800.0,power
AT,2021-01-17,48461600.0,power
AT,2021-01-18,60136000.0,power
AT,2021-01-19,51457299.99999999,power
AT,2021-01-20,46986100.0,power
AT,2021-01-21,44447900.0,power
AT,2021-01-22,43678800.0,power
AT,2021-01-23,39419300.0,power
AT,2021-01-24,41240200.0,power
AT,2021-01-25,43841200.0,power
AT,2021-01-26,45132000.0,power
AT,2021-01-27,55088100.0,power
AT,2021-01-28,52879600.0,power
AT,2021-01-29,51089500.0,power
AT,2021-01-30,36444200.0,power
AT,2021-01-31,40301800.0,power
AT,2021-02-01,44032000.0,power
AT,2021-02-02,46132500.0,power
AT,2021-02-03,39637800.0,power
AT,2021-02-04,39915600.0,power
AT,2021-02-05,43122299.99999999,power
AT,2021-02-06,31042900.0,power
AT,2021-02-07,17688200.0,power
AT,2021-02-08,44266400.0,power
AT,2021-02-09,49133400.0,power
AT,2021-02-10,49140100.0,power
AT,2021-02-11,49055500.0,power
AT,2021-02-12,62213200.0,power
AT,2021-02-13,48988100.0,power
AT,2021-02-14,46406700.0,power
AT,2021-02-15,52520600.0,power
AT,2021-02-16,50676500.0,power
AT,2021-02-17,49648600.0,power
AT,2021-02-18,44047400.0,power
AT,2021-02-19,35870900.0,power
AT,2021-02-20,31717800.0,power
AT,2021-02-21,29661100.0,power
AT,2021-02-22,44660600.0,power
AT,2021-02-23,35137900.0,power
AT,2021-02-24,35922300.0,power
AT,2021-02-25,32380800.0,power
AT,2021-02-26,37824700.0,power
AT,2021-02-27,26069900.0,power
AT,2021-02-28,31631600.0,power
AT,2021-03-01,43785500.0,power
AT,2021-03-02,37088900.0,power
AT,2021-03-03,40965400.0,power
AT,2021-03-04,39166300.0,power
AT,2021-03-05,36035500.0,power
AT,2021-03-06,38547700.0,power
AT,2021-03-07,38758800.0,power
AT,2021-03-08,43398500.0,power
AT,2021-03-09,50540300.0,power
AT,2021-03-10,43741800.0,power
AT,2021-03-11,35729100.0,power
AT,2021-03-12,29968700.0,power
AT,2021-03-13,18211400.0,power
AT,2021-03-14,17961600.0,power
AT,2021-03-15,32505300.0,power
AT,2021-03-16,34155600.0,power
AT,2021-03-17,34104000.0,power
AT,2021-03-18,35632900.0,power
AT,2021-03-19,36272500.0,power
AT,2021-03-20,36785800.0,power
AT,2021-03-21,35840700.0,power
AT,2021-03-22,36896500.0,power
AT,2021-03-23,38445500.0,power
AT,2021-03-24,41336600.0,power
AT,2021-03-25,42799500.0,power
AT,2021-03-26,35073900.0,power
AT,2021-03-27,25607600.0,power
AT,2021-03-28,22561400.0,power
AT,2021-03-29,30897100.000000004,power
AT,2021-03-30,39211800.0,power
AT,2021-03-31,32609400.0,power
AT,2021-04-01,23039200.0,power
AT,2021-04-02,20043700.0,power
AT,2021-04-03,16398400.000000002,power
AT,2021-04-04,17076300.0,power
AT,2021-04-05,13168600.0,power
AT,2021-04-06,22205200.0,power
AT,2021-04-07,25266200.0,power
AT,2021-04-08,27066200.0,power
AT,2021-04-09,22972600.0,power
AT,2021-04-10,22170800.0,power
AT,2021-04-11,18627100.0,power
AT,2021-04-12,27912100.0,power
AT,2021-04-13,42380000.0,power
AT,2021-04-14,31078400.0,power
AT,2021-04-15,26043900.0,power
AT,2021-04-16,32095500.0,power
AT,2021-04-17,26820600.000000004,power
AT,2021-04-18,41579100.0,power
AT,2021-04-19,52367300.0,power
AT,2021-04-20,40582700.0,power
AT,2021-04-21,37302100.0,power
AT,2021-04-22,33812500.0,power
AT,2021-04-23,27998700.0,power
AT,2021-04-24,32228500.0,power
AT,2021-04-25,18966400.0,power
AT,2021-04-26,39165400.0,power
AT,2021-04-27,26282200.0,power
AT,2021-04-28,29008399.999999996,power
AT,2021-04-29,36248800.0,power
AT,2021-04-30,20920500.0,power
AT,2021-05-01,8762700.0,power
AT,2021-05-02,8732800.0,power
AT,2021-05-03,11033400.0,power
AT,2021-05-04,7730500.0,power
AT,2021-05-05,9255300.0,power
AT,2021-05-06,10964300.0,power
AT,2021-05-07,11146200.0,power
AT,2021-05-08,9688200.0,power
AT,2021-05-09,299400.0,power
AT,2021-05-10,7840000.0,power
AT,2021-05-11,9125200.0,power
AT,2021-05-12,9550300.0,power
AT,2021-05-13,9154000.0,power
AT,2021-05-14,10314100.0,power
AT,2021-05-15,9538900.0,power
AT,2021-05-16,7120099.999999999,power
AT,2021-05-17,10177900.0,power
AT,2021-05-18,12338100.0,power
AT,2021-05-19,11690800.0,power
AT,2021-05-20,11426100.0,power
AT,2021-05-21,8026599.999999999,power
AT,2021-05-22,0.0,power
AT,2021-05-23,0.0,power
AT,2021-05-24,116900.0,power
AT,2021-05-25,10146700.0,power
AT,2021-05-26,13634600.0,power
AT,2021-05-27,15561300.0,power
AT,2021-05-28,10741000.0,power
AT,2021-05-29,9172200.0,power
AT,2021-05-30,7410200.0,power
AT,2021-05-31,9459000.0,power
AT,2021-06-01,153000.0,power
AT,2021-06-02,0.0,power
AT,2021-06-03,0.0,power
AT,2021-06-04,0.0,power
AT,2021-06-05,0.0,power
AT,2021-06-06,0.0,power
AT,2021-06-07,0.0,power
AT,2021-06-08,0.0,power
AT,2021-06-09,2053900.0,power
AT,2021-06-10,0.0,power
AT,2021-06-11,0.0,power
AT,2021-06-12,0.0,power
AT,2021-06-13,0.0,power
AT,2021-06-14,1993500.0,power
AT,2021-06-15,106500.0,power
AT,2021-06-16,800.0,power
AT,2021-06-17,65000.0,power
AT,2021-06-18,552000.0,power
AT,2021-06-19,9600.000000000002,power
AT,2021-06-20,8800.0,power
AT,2021-06-21,3740100.0,power
AT,2021-06-22,3135900.0,power
AT,2021-06-23,5474700.0,power
AT,2021-06-24,13724700.0,power
AT,2021-06-25,3942900.0,power
AT,2021-06-26,1071700.0,power
AT,2021-06-27,1700400.0,power
AT,2021-06-28,20938100.0,power
AT,2021-06-29,11385500.0,power
AT,2021-06-30,6863100.0,power
AT,2021-07-01,47000.0,power
AT,2021-07-02,110000.0,power
AT,2021-07-03,9600.000000000002,power
AT,2021-07-04,8800.0,power
AT,2021-07-05,0.0,power
AT,2021-07-06,3426900.0,power
AT,2021-07-07,10995400.0,power
AT,2021-07-08,6280400.0,power
AT,2021-07-09,0.0,power
AT,2021-07-10,5586800.0,power
AT,2021-07-11,0.0,power
AT,2021-07-12,4423100.0,power
AT,2021-07-13,1522100.0,power
AT,2021-07-14,1718800.0,power
AT,2021-07-15,12594500.0,power
AT,2021-07-16,0.0,power
AT,2021-07-17,3983100.0,power
AT,2021-07-18,0.0,power
AT,2021-07-19,4960800.0,power
AT,2021-07-20,0.0,power
AT,2021-07-21,116699.99999999999,power
AT,2021-07-22,40700.0,power
AT,2021-07-23,1957000.0,power
AT,2021-07-24,9600.000000000002,power
AT,2021-07-25,54499.99999999999,power
AT,2021-07-26,9600.000000000002,power
AT,2021-07-27,9600.000000000002,power
AT,2021-07-28,9600.000000000002,power
AT,2021-07-29,6033900.0,power
AT,2021-07-30,13591300.0,power
AT,2021-07-31,9600.000000000002,power
AT,2021-08-01,9600.000000000002,power
AT,2021-08-02,9600.000000000002,power
AT,2021-08-03,9600.000000000002,power
AT,2021-08-04,9600.000000000002,power
AT,2021-08-05,9600.000000000002,power
AT,2021-08-06,9600.000000000002,power
AT,2021-08-07,9600.000000000002,power
AT,2021-08-08,9600.000000000002,power
AT,2021-08-09,9600.000000000002,power
AT,2021-08-10,9600.000000000002,power
AT,2021-08-11,9600.000000000002,power
AT,2021-08-12,9600.000000000002,power
AT,2021-08-13,9600.000000000002,power
AT,2021-08-14,9600.000000000002,power
AT,2021-08-15,9600.000000000002,power
AT,2021-08-16,3064800.0,power
AT,2021-08-17,9600.000000000002,power
AT,2021-08-18,9600.000000000002,power
AT,2021-08-19,8800.0,power
AT,2021-08-20,800.0,power
AT,2021-08-21,10770800.0,power
AT,2021-08-22,9600.000000000002,power
AT,2021-08-23,9600.000000000002,power
AT,2021-08-24,8458400.0,power
AT,2021-08-25,18394600.0,power
AT,2021-08-26,5478000.0,power
AT,2021-08-27,9668000.0,power
AT,2021-08-28,9600.000000000002,power
AT,2021-08-29,9600.000000000002,power
AT,2021-08-30,213400.0,power
AT,2021-08-31,439100.0,power
AT,2021-09-01,479500.0,power
AT,2021-09-02,277700.0,power
AT,2021-09-03,662100.0,power
AT,2021-09-04,10600.000000000002,power
AT,2021-09-05,43900.0,power
AT,2021-09-06,945200.0,power
AT,2021-09-07,1199000.0,power
AT,2021-09-08,1213800.0,power
AT,2021-09-09,1131400.0,power
AT,2021-09-10,956400.0,power
AT,2021-09-11,14500.000000000002,power
AT,2021-09-12,875500.0,power
AT,2021-09-13,6879500.0,power
AT,2021-09-14,8100000.0,power
AT,2021-09-15,5852800.0,power
AT,2021-09-16,12257700.0,power
AT,2021-09-17,8098500.0,power
AT,2021-09-18,8142400.0,power
AT,2021-09-19,1022100.0,power
AT,2021-09-20,14768000.0,power
AT,2021-09-21,9467600.0,power
AT,2021-09-22,9747700.0,power
AT,2021-09-23,8501500.0,power
AT,2021-09-24,24414600.0,power
AT,2021-09-25,2588900.0,power
AT,2021-09-26,331000.0,power
AT,2021-09-27,20426800.0,power
AT,2021-09-28,491400.0,power
AT,2021-09-29,29202700.0,power
AT,2021-09-30,8965100.0,power
AT,2021-10-01,7374200.0,power
AT,2021-10-02,2874200.0,power
AT,2021-10-03,451600.0,power
AT,2021-10-04,26146600.0,power
AT,2021-10-05,34304900.0,power
AT,2021-10-06,31545800.0,power
AT,2021-10-07,20874600.0,power
AT,2021-10-08,20131800.0,power
AT,2021-10-09,10257700.0,power
AT,2021-10-10,14974100.0,power
AT,2021-10-11,38600300.0,power
AT,2021-10-12,48355800.0,power
AT,2021-10-13,28353800.0,power
AT,2021-10-14,24153500.0,power
AT,2021-10-15,22010000.0,power
AT,2021-10-16,17864400.0,power
AT,2021-10-17,31461500.0,power
AT,2021-10-18,60717100.0,power
AT,2021-10-19,45611400.0,power
AT,2021-10-20,38553400.0,power
AT,2021-10-21,30657500.0,power
AT,2021-10-22,43522100.0,power
AT,2021-10-23,19785500.0,power
AT,2021-10-24,17221500.0,power
AT,2021-10-25,38530299.99999999,power
AT,2021-10-26,54858800.0,power
AT,2021-10-27,63871800.0,power
AT,2021-10-28,61571600.0,power
AT,2021-10-29,52330900.0,power
AT,2021-10-30,14727199.999999998,power
AT,2021-10-31,11143100.0,power
AT,2021-11-01,27443900.0,power
AT,2021-11-02,36376300.0,power
AT,2021-11-03,36546000.0,power
AT,2021-11-04,47972500.0,power
AT,2021-11-05,53277700.0,power
AT,2021-11-06,32876600.0,power
AT,2021-11-07,18766400.0,power
AT,2021-11-08,52337300.0,power
AT,2021-11-09,62439500.0,power
AT,2021-11-10,43654800.0,power
AT,2021-11-11,45768400.0,power
AT,2021-11-12,58890900.0,power
AT,2021-11-13,43056200.0,power
AT,2021-11-14,41697600.0,power
AT,2021-11-15,50157600.0,power
AT,2021-11-16,56316100.0,power
AT,2021-11-17,59194900.0,power
AT,2021-11-18,71055600.0,power
AT,2021-11-19,76308200.0,power
AT,2021-11-20,68119900.0,power
AT,2021-11-21,69427700.0,power
AT,2021-11-22,64501600.0,power
AT,2021-11-23,66801000.0,power
AT,2021-11-24,59779300.0,power
AT,2021-11-25,79455200.0,power
AT,2021-11-26,81490100.0,power
AT,2021-11-27,67821000.0,power
AT,2021-11-28,61193200.0,power
AT,2021-11-29,61942000.0,power
AT,2021-11-30,69237300.0,power
AT,2021-12-01,69538400.0,power
AT,2021-12-02,79632200.0,power
AT,2021-12-03,77910500.0,power
AT,2021-12-04,51299200.0,power
AT,2021-12-05,55204100.0,power
AT,2021-12-06,79939700.0,power
AT,2021-12-07,78188800.0,power
AT,2021-12-08,62141400.0,power
AT,2021-12-09,55533200.0,power
AT,2021-12-10,59129800.0,power
AT,2021-12-11,53066900.0,power
AT,2021-12-12,41372800.0,power
AT,2021-12-13,68688500.0,power
AT,2021-12-14,59520300.0,power
AT,2021-12-15,60839500.0,power
AT,2021-12-16,55563400.0,power
AT,2021-12-17,56628300.0,power
AT,2021-12-18,47069600.0,power
AT,2021-12-19,26494200.0,power
AT,2021-12-20,51563000.0,power
AT,2021-12-21,60587300.0,power
AT,2021-12-22,62635600.0,power
AT,2021-12-23,55712600.0,power
AT,2021-12-24,29387500.0,power
AT,2021-12-25,31681400.0,power
AT,2021-12-26,35829400.0,power
AT,2021-12-27,35704100.0,power
AT,2021-12-28,28432700.0,power
AT,2021-12-29,27893100.0,power
AT,2021-12-30,11138000.0,power
AT,2021-12-31,2324400.0,power
AT,2022-01-01,2218300.0,power
AT,2022-01-02,2201300.0,power
AT,2022-01-03,23028700.0,power
AT,2022-01-04,35843600.0,power
AT,2022-01-05,24031300.0,power
AT,2022-01-06,34674300.0,power
AT,2022-01-07,39560900.0,power
AT,2022-01-08,45009300.0,power
AT,2022-01-09,36306800.0,power
AT,2022-01-10,60418900.0,power
AT,2022-01-11,74507000.0,power
AT,2022-01-12,65927500.0,power
AT,2022-01-13,64324800.0,power
AT,2022-01-14,61508500.0,power
AT,2022-01-15,59594800.0,power
AT,2022-01-16,44786200.0,power
AT,2022-01-17,49238300.0,power
AT,2022-01-18,62324600.0,power
AT,2022-01-19,73600300.0,power
AT,2022-01-20,60361800.0,power
AT,2022-01-21,61599800.0,power
AT,2022-01-22,59373500.0,power
AT,2022-01-23,60707300.0,power
AT,2022-01-24,63478000.0,power
AT,2022-01-25,64390700.0,power
AT,2022-01-26,68731100.0,power
AT,2022-01-27,65375200.0,power
AT,2022-01-28,65937800.0,power
AT,2022-01-29,49519500.0,power
AT,2022-01-30,28404300.0,power
AT,2022-01-31,71930100.0,power
AT,2022-02-01,79294700.0,power
AT,2022-02-02,73233700.0,power
AT,2022-02-03,73359100.0,power
AT,2022-02-04,75856200.0,power
AT,2022-02-05,43109700.0,power
AT,2022-02-06,44422600.00000001,power
AT,2022-02-07,61582400.0,power
AT,2022-02-08,48556700.0,power
AT,2022-02-09,43340900.0,power
AT,2022-02-10,61720500.0,power
AT,2022-02-11,56867400.0,power
AT,2022-02-12,48267700.0,power
AT,2022-02-13,19993400.0,power
AT,2022-02-14,41034100.0,power
AT,2022-02-15,60099900.0,power
AT,2022-02-16,54506100.0,power
AT,2022-02-17,32683900.0,power
AT,2022-02-18,32594800.0,power
AT,2022-02-19,19977400.0,power
AT,2022-02-20,15733300.000000002,power
AT,2022-02-21,29080400.0,power
AT,2022-02-22,36016700.0,power
AT,2022-02-23,45522500.0,power
AT,2022-02-24,24177100.0,power
AT,2022-02-25,17062100.0,power
AT,2022-02-26,37182200.0,power
AT,2022-02-27,29356700.0,power
AT,2022-02-28,61436799.99999999,power
AT,2022-03-01,58747900.0,power
AT,2022-03-02,59956200.0,power
AT,2022-03-03,45528600.0,power
AT,2022-03-04,66912500.0,power
AT,2022-03-05,57610600.0,power
AT,2022-03-06,43674700.0,power
AT,2022-03-07,56577500.0,power
AT,2022-03-08,50432600.0,power
AT,2022-03-09,56497700.0,power
AT,2022-03-10,54000900.0,power
AT,2022-03-11,52318799.99999999,power
AT,2022-03-12,40155000.0,power
AT,2022-03-13,40950100.0,power
AT,2022-03-14,52938000.0,power
AT,2022-03-15,62559500.0,power
AT,2022-03-16,44987300.0,power
AT,2022-03-17,64496100.0,power
AT,2022-03-18,62251800.0,power
AT,2022-03-19,53310100.0,power
AT,2022-03-20,25301300.0,power
AT,2022-03-21,42555000.0,power
AT,2022-03-22,45681500.0,power
AT,2022-03-23,53391400.0,power
AT,2022-03-24,54792600.0,power
AT,2022-03-25,41624300.0,power
AT,2022-03-26,22971800.0,power
AT,2022-03-27,26127800.0,power
AT,2022-03-28,46276200.0,power
AT,2022-03-29,39461100.0,power
AT,2022-03-30,51169300.0,power
AT,2022-03-31,25299000.0,power
AT,2022-04-01,24972600.0,power
AT,2022-04-02,20283300.0,power
AT,2022-04-03,22597400.0,power
AT,2022-04-04,35800100.0,power
AT,2022-04-05,30144500.0,power
AT,2022-04-06,23630800.0,power
AT,2022-04-07,31292100.0,power
AT,2022-04-08,14351600.0,power
AT,2022-04-09,556100.0,power
AT,2022-04-10,6532900.0,power
AT,2022-04-11,28541000.0,power
AT,2022-04-12,37481900.0,power
AT,2022-04-13,31576400.0,power
AT,2022-04-14,15771800.000000002,power
AT,2022-04-15,9616800.0,power
AT,2022-04-16,13849000.0,power
AT,2022-04-17,13945200.0,power
AT,2022-04-18,21602500.0,power
AT,2022-04-19,45193400.0,power
AT,2022-04-20,43967300.0,power
AT,2022-04-21,34000500.0,power
AT,2022-04-22,27242000.0,power
AT,2022-04-23,31543900.0,power
AT,2022-04-24,4561700.0,power
AT,2022-04-25,29292100.0,power
AT,2022-04-26,34608100.0,power
AT,2022-04-27,32206400.0,power
AT,2022-04-28,27832100.0,power
AT,2022-04-29,29041300.0,power
AT,2022-04-30,11337400.0,power
AT,2022-05-01,10595900.0,power
AT,2022-05-02,30834800.0,power
AT,2022-05-03,32477000.0,power
AT,2022-05-04,35179200.0,power
AT,2022-05-05,32447000.0,power
AT,2022-05-06,29158100.0,power
AT,2022-05-07,9460300.0,power
AT,2022-05-08,7989700.0,power
AT,2022-05-09,26496400.0,power
AT,2022-05-10,13796100.0,power
AT,2022-05-11,12849600.0,power
AT,2022-05-12,23216000.0,power
AT,2022-05-13,30033400.0,power
AT,2022-05-14,3582900.0,power
AT,2022-05-15,542600.0,power
AT,2022-05-16,16720599.999999998,power
AT,2022-05-17,30004800.0,power
AT,2022-05-18,22941700.0,power
AT,2022-05-19,21677500.0,power
AT,2022-05-20,19024300.0,power
AT,2022-05-21,529900.0,power
AT,2022-05-22,7684100.0,power
AT,2022-05-23,25123000.0,power
AT,2022-05-24,24251400.0,power
AT,2022-05-25,19483300.0,power
AT,2022-05-26,8205200.000000001,power
AT,2022-05-27,8472300.0,power
AT,2022-05-28,16126000.0,power
AT,2022-05-29,2678800.0,power
AT,2022-05-30,21752000.0,power
AT,2022-05-31,20820800.0,power
AT,2022-06-01,5461900.0,power
AT,2022-06-02,12387100.0,power
AT,2022-06-03,2862000.0,power
AT,2022-06-04,8018300.0,power
AT,2022-06-05,9600.000000000002,power
AT,2022-06-06,9600.000000000002,power
AT,2022-06-07,4818600.0,power
AT,2022-06-08,3938700.0000000005,power
AT,2022-06-09,9600.000000000002,power
AT,2022-06-10,296600.0,power
AT,2022-06-11,9600.000000000002,power
AT,2022-06-12,9600.000000000002,power
AT,2022-06-13,9600.000000000002,power
AT,2022-06-14,9500.0,power
AT,2022-06-15,3480500.0,power
AT,2022-06-16,9600.000000000002,power
AT,2022-06-17,9600.000000000002,power
AT,2022-06-18,5370400.0,power
AT,2022-06-19,9600.000000000002,power
AT,2022-06-20,5456100.0,power
AT,2022-06-21,66600.0,power
AT,2022-06-22,8776400.0,power
AT,2022-06-23,17898300.0,power
AT,2022-06-24,374200.0,power
AT,2022-06-25,8800.0,power
AT,2022-06-26,800.0,power
AT,2022-06-27,5535599.999999999,power
AT,2022-06-28,9823500.0,power
AT,2022-06-29,11914200.0,power
AT,2022-06-30,20918500.0,power
AT,2022-07-01,1172400.0,power
AT,2022-07-02,9600.000000000002,power
AT,2022-07-03,9600.000000000002,power
AT,2022-07-04,8139500.0,power
AT,2022-07-05,4750900.0,power
AT,2022-07-06,13617700.0,power
AT,2022-07-07,19087800.0,power
AT,2022-07-08,10336700.0,power
AT,2022-07-09,0.0,power
AT,2022-07-10,0.0,power
AT,2022-07-11,0.0,power
AT,2022-07-12,0.0,power
AT,2022-07-13,0.0,power
AT,2022-07-14,5687400.0,power
AT,2022-07-15,3284300.0,power
AT,2022-07-16,0.0,power
AT,2022-07-17,0.0,power
AT,2022-07-18,0.0,power
AT,2022-07-19,8460500.0,power
AT,2022-07-20,10035900.0,power
AT,2022-07-21,11672700.0,power
AT,2022-07-22,13001500.0,power
AT,2022-07-23,2519300.0,power
AT,2022-07-24,4441300.0,power
AT,2022-07-25,8816600.0,power
AT,2022-07-26,25765400.0,power
AT,2022-07-27,19023900.0,power
AT,2022-07-28,14081300.0,power
AT,2022-07-29,14217900.0,power
AT,2022-07-30,1266800.0,power
AT,2022-07-31,9600.000000000002,power
AT,2022-08-01,9600.000000000002,power
AT,2022-08-02,10079100.0,power
AT,2022-08-03,9629300.0,power
AT,2022-08-04,12632100.0,power
AT,2022-08-05,1390700.0,power
AT,2022-08-06,9600.000000000002,power
AT,2022-08-07,9600.000000000002,power
AT,2022-08-08,6343200.0,power
AT,2022-08-09,11693200.0,power
AT,2022-08-10,10832700.0,power
AT,2022-08-11,4674900.0,power
AT,2022-08-12,5125700.0,power
AT,2022-08-13,9600.000000000002,power
AT,2022-08-14,6250300.0,power
AT,2022-08-15,9600.000000000002,power
AT,2022-08-16,13469300.0,power
AT,2022-08-17,8788300.0,power
AT,2022-08-18,9863000.0,power
AT,2022-08-19,15495000.0,power
AT,2022-08-20,0.0,power
AT,2022-08-21,0.0,power
AT,2022-08-22,0.0,power
AT,2022-08-23,7541900.000000001,power
AT,2022-08-24,14794600.0,power
AT,2022-08-25,9579400.0,power
AT,2022-08-26,10142700.0,power
AT,2022-08-27,187399.99999999997,power
AT,2022-08-28,9600.000000000002,power
AT,2022-08-29,9600.000000000002,power
AT,2022-08-30,9878900.0,power
AT,2022-08-31,11303500.0,power
AT,2022-09-01,20800600.0,power
AT,2022-09-02,20123400.0,power
AT,2022-09-03,10122900.0,power
AT,2022-09-04,8206299.999999999,power
AT,2022-09-05,26762300.0,power
AT,2022-09-06,26325500.0,power
AT,2022-09-07,33301199.999999996,power
AT,2022-09-08,27997200.0,power
AT,2022-09-09,28080500.0,power
AT,2022-09-10,8888200.0,power
AT,2022-09-11,10306300.000000002,power
AT,2022-09-12,32844699.999999996,power
AT,2022-09-13,37402000.0,power
AT,2022-09-14,31962800.0,power
AT,2022-09-15,37364200.0,power
AT,2022-09-16,5357800.0,power
AT,2022-09-17,2479900.0,power
AT,2022-09-18,2067100.0,power
AT,2022-09-19,21259900.0,power
AT,2022-09-20,34425600.0,power
AT,2022-09-21,34715200.0,power
AT,2022-09-22,31893900.0,power
AT,2022-09-23,34002800.0,power
AT,2022-09-24,32738700.0,power
AT,2022-09-25,7772700.0,power
AT,2022-09-26,27333500.0,power
AT,2022-09-27,33223100.0,power
AT,2022-09-28,29051700.0,power
AT,2022-09-29,43230800.0,power
AT,2022-09-30,24023200.0,power
AT,2022-10-01,1905000.0,power
AT,2022-10-02,1970300.0,power
AT,2022-10-03,8980100.0,power
AT,2022-10-04,19743700.0,power
AT,2022-10-05,8604800.0,power
AT,2022-10-06,18635000.0,power
AT,2022-10-07,24122300.0,power
AT,2022-10-08,1075100.0,power
AT,2022-10-09,4185399.9999999995,power
AT,2022-10-10,28119000.0,power
AT,2022-10-11,42154700.0,power
AT,2022-10-12,42670200.0,power
AT,2022-10-13,27746500.0,power
AT,2022-10-14,18797700.0,power
AT,2022-10-15,9193700.0,power
AT,2022-10-16,7295100.0,power
AT,2022-10-17,38501700.0,power
AT,2022-10-18,44072500.0,power
AT,2022-10-19,41774300.0,power
AT,2022-10-20,11252200.0,power
AT,2022-10-21,30719400.0,power
AT,2022-10-22,35073000.0,power
AT,2022-10-23,28570800.0,power
AT,2022-10-24,49135200.0,power
AT,2022-10-25,47822700.0,power
AT,2022-10-26,45532100.0,power
AT,2022-10-27,30487500.0,power
AT,2022-10-28,37512600.0,power
AT,2022-10-29,31334500.0,power
AT,2022-10-30,10212800.0,power
AT,2022-10-31,28713400.0,power
AT,2022-11-01,24690600.0,power
AT,2022-11-02,47894100.0,power
AT,2022-11-03,41711100.0,power
AT,2022-11-04,36794400.0,power
AT,2022-11-05,27280500.0,power
AT,2022-11-06,21040800.0,power
AT,2022-11-07,43331900.0,power
AT,2022-11-08,57980800.0,power
AT,2022-11-09,42228500.0,power
AT,2022-11-10,40883400.0,power
AT,2022-11-11,42783600.0,power
AT,2022-11-12,21620500.0,power
AT,2022-11-13,19626100.0,power
AT,2022-11-14,29975900.0,power
AT,2022-11-15,45379600.0,power
AT,2022-11-16,46717000.0,power
AT,2022-11-17,48630400.0,power
AT,2022-11-18,57860500.0,power
AT,2022-11-19,28378000.0,power
AT,2022-11-20,26380700.0,power
AT,2022-11-21,42368200.0,power
AT,2022-11-22,38628300.0,power
AT,2022-11-23,48995600.0,power
AT,2022-11-24,45037200.0,power
AT,2022-11-25,49196100.0,power
AT,2022-11-26,28505900.0,power
AT,2022-11-27,30051000.0,power
AT,2022-11-28,50164600.0,power
AT,2022-11-29,58705000.0,power
AT,2022-11-30,63433700.0,power
AT,2022-12-01,63632500.0,power
AT,2022-12-02,70925900.0,power
AT,2022-12-03,32420200.0,power
AT,2022-12-04,28623300.0,power
AT,2022-12-05,69286600.0,power
AT,2022-12-06,62600900.0,power
AT,2022-12-07,68892400.0,power
AT,2022-12-08,53768200.0,power
AT,2022-12-09,61286200.0,power
AT,2022-12-10,51965300.0,power
AT,2022-12-11,45206400.0,power
AT,2022-12-12,60953100.0,power
AT,2022-12-13,65425100.0,power
AT,2022-12-14,64240900.0,power
AT,2022-12-15,64910900.0,power
AT,2022-12-16,65089400.0,power
AT,2022-12-17,50318600.0,power
AT,2022-12-18,39208500.0,power
AT,2022-12-19,46041600.0,power
AT,2022-12-20,59490700.0,power
AT,2022-12-21,39917300.0,power
AT,2022-12-22,42239000.0,power
AT,2022-12-23,31182100.000000004,power
AT,2022-12-24,13345500.0,power
AT,2022-12-25,11590900.0,power
AT,2022-12-26,1038500.0,power
AT,2022-12-27,8212799.999999999,power
AT,2022-12-28,7256000.0,power
AT,2022-12-29,4251900.0,power
AT,2022-12-30,568900.0,power
AT,2022-12-31,372000.0,power
AT,2023-01-01,838600.0,power
AT,2023-01-02,13730100.0,power
AT,2023-01-03,19509300.0,power
AT,2023-01-04,27495600.0,power
AT,2023-01-05,16838600.0,power
AT,2023-01-06,17062100.0,power
AT,2023-01-07,14843900.0,power
AT,2023-01-08,13608000.0,power
AT,2023-01-09,25381100.0,power
AT,2023-01-10,24581500.0,power
AT,2023-01-11,29008100.0,power
AT,2023-01-12,37240100.0,power
AT,2023-01-13,47115300.0,power
AT,2023-01-14,17286200.0,power
AT,2023-01-15,12633800.000000002,power
AT,2023-01-16,28616700.0,power
AT,2023-01-17,54421600.0,power
AT,2023-01-18,50040100.0,power
AT,2023-01-19,44529700.0,power
AT,2023-01-20,48645700.0,power
AT,2023-01-21,34034000.0,power
AT,2023-01-22,31538100.0,power
AT,2023-01-23,47761200.0,power
AT,2023-01-24,51918200.00000001,power
AT,2023-01-25,54613300.0,power
AT,2023-01-26,64084600.0,power
AT,2023-01-27,48595900.0,power
AT,2023-01-28,40659300.0,power
AT,2023-01-29,41570100.0,power
AT,2023-01-30,38906500.0,power
AT,2023-01-31,44170700.0,power
AT,2023-02-01,40810300.0,power
AT,2023-02-02,37259000.0,power
AT,2023-02-03,36075500.0,power
AT,2023-02-04,34398800.0,power
AT,2023-02-05,25974400.0,power
AT,2023-02-06,50241400.0,power
AT,2023-02-07,53061200.0,power
AT,2023-02-08,50863900.0,power
AT,2023-02-09,51187700.0,power
AT,2023-02-10,54740900.0,power
AT,2023-02-11,34112600.0,power
AT,2023-02-12,32216900.0,power
AT,2023-02-13,50802600.0,power
AT,2023-02-14,53308400.0,power
AT,2023-02-15,49538900.0,power
AT,2023-02-16,44798400.0,power
AT,2023-02-17,54363700.00000001,power
AT,2023-02-18,12343200.0,power
AT,2023-02-19,15288400.0,power
AT,2023-02-20,28303300.0,power
AT,2023-02-21,36679500.0,power
AT,2023-02-22,43263000.0,power
AT,2023-02-23,41509400.0,power
AT,2023-02-24,29226600.000000004,power
AT,2023-02-25,15263100.0,power
AT,2023-02-26,22738800.0,power
AT,2023-02-27,42208500.0,power
AT,2023-02-28,44948300.0,power
AT,2023-03-01,44178100.0,power
AT,2023-03-02,52094500.0,power
AT,2023-03-03,53024200.0,power
AT,2023-03-04,30375200.0,power
AT,2023-03-05,31362100.0,power
AT,2023-03-06,55138100.0,power
AT,2023-03-07,56209500.0,power
AT,2023-03-08,44636500.0,power
AT,2023-03-09,42503600.0,power
AT,2023-03-10,30076200.0,power
AT,2023-03-11,10992600.0,power
AT,2023-03-12,12936800.0,power
AT,2023-03-13,11209700.0,power
AT,2023-03-14,16053900.0,power
AT,2023-03-15,33227199.999999996,power
AT,2023-03-16,29183800.0,power
AT,2023-03-17,24790200.0,power
AT,2023-03-18,11165400.0,power
AT,2023-03-19,16209800.0,power
AT,2023-03-20,39058600.0,power
AT,2023-03-21,32258000.0,power
AT,2023-03-22,17734800.0,power
AT,2023-03-23,11830300.0,power
AT,2023-03-24,1087300.0,power
AT,2023-03-25,402600.0,power
AT,2023-03-26,1269700.0,power
AT,2023-03-27,9885600.0,power
AT,2023-03-28,26666400.0,power
AT,2023-03-29,27628400.0,power
AT,2023-03-30,14116700.0,power
AT,2023-03-31,11484700.0,power
AT,2023-04-01,1365500.0,power
AT,2023-04-02,6946700.0,power
AT,2023-04-03,14141200.0,power
AT,2023-04-04,15527300.0,power
AT,2023-04-05,31949100.0,power
AT,2023-04-06,29168800.0,power
AT,2023-04-07,28083000.0,power
AT,2023-04-08,31568700.0,power
AT,2023-04-09,25312700.0,power
AT,2023-04-10,7755200.0,power
AT,2023-04-11,18385400.0,power
AT,2023-04-12,22431600.0,power
AT,2023-04-13,47374600.0,power
AT,2023-04-14,31632600.0,power
AT,2023-04-15,26852700.0,power
AT,2023-04-16,19823200.0,power
AT,2023-04-17,23391500.0,power
AT,2023-04-18,25536600.0,power
AT,2023-04-19,23807000.0,power
AT,2023-04-20,35109000.0,power
AT,2023-04-21,16571300.0,power
AT,2023-04-22,8334900.0,power
AT,2023-04-23,7062100.0,power
AT,2023-04-24,11051500.0,power
AT,2023-04-25,26831500.0,power
AT,2023-04-26,26997500.0,power
AT,2023-04-27,29529500.0,power
AT,2023-04-28,18676100.0,power
AT,2023-04-29,9785400.0,power
AT,2023-04-30,7751900.000000001,power
AT,2023-05-01,5848500.0,power
AT,2023-05-02,7982600.0,power
AT,2023-05-03,8930600.0,power
AT,2023-05-04,8771400.0,power
AT,2023-05-05,3248200.0,power
AT,2023-05-06,220600.0,power
AT,2023-05-07,171700.0,power
AT,2023-05-08,15031700.0,power
AT,2023-05-09,8351500.0,power
AT,2023-05-10,12826200.0,power
AT,2023-05-11,17919100.0,power
AT,2023-05-12,17759100.0,power
AT,2023-05-13,552400.0,power
AT,2023-05-14,8038100.0,power
AT,2023-05-15,19080400.0,power
AT,2023-05-16,25511500.0,power
AT,2023-05-17,13036700.0,power
AT,2023-05-18,10698800.0,power
AT,2023-05-19,14455900.0,power
AT,2023-05-20,245200.0,power
AT,2023-05-21,65600.0,power
AT,2023-05-22,12893700.0,power
AT,2023-05-23,571400.0,power
AT,2023-05-24,16160300.0,power
AT,2023-05-25,6543100.0,power
AT,2023-05-26,72200.0,power
AT,2023-05-27,0.0,power
AT,2023-05-28,0.0,power
AT,2023-05-29,0.0,power
AT,2023-05-30,5973100.0,power
AT,2023-05-31,9070600.0,power
AT,2023-06-01,6236400.0,power
AT,2023-06-02,8100.000000000002,power
AT,2023-06-03,9600.000000000002,power
AT,2023-06-04,8000.0,power
AT,2023-06-05,6500.000000000001,power
AT,2023-06-06,9100.000000000002,power
AT,2023-06-07,9600.000000000002,power
AT,2023-06-08,9200.000000000002,power
AT,2023-06-09,9600.000000000002,power
AT,2023-06-10,8500.0,power
AT,2023-06-11,9600.000000000002,power
AT,2023-06-12,9500.0,power
AT,2023-06-13,2241000.0,power
AT,2023-06-14,7800.000000000001,power
AT,2023-06-15,8100.0,power
AT,2023-06-16,255700.0,power
AT,2023-06-17,8700.000000000002,power
AT,2023-06-18,9500.0,power
AT,2023-06-19,9400.0,power
AT,2023-06-20,8900.0,power
AT,2023-06-21,7900.0,power
AT,2023-06-22,7400.0,power
AT,2023-06-23,6100.000000000001,power
AT,2023-06-24,6800.000000000001,power
AT,2023-06-25,9300.0,power
AT,2023-06-26,1889200.0,power
AT,2023-06-27,8771900.0,power
AT,2023-06-28,9704500.0,power
AT,2023-06-29,514100.0,power
AT,2023-06-30,0.0,power
AT,2023-07-01,0.0,power
AT,2023-07-02,0.0,power
AT,2023-07-03,0.0,power
AT,2023-07-04,10192200.0,power
AT,2023-07-05,3423900.0,power
AT,2023-07-06,3011700.0,power
AT,2023-07-07,6392100.0,power
AT,2023-07-08,0.0,power
AT,2023-07-09,0.0,power
AT,2023-07-10,8057800.0,power
AT,2023-07-11,10999200.0,power
AT,2023-07-12,8591800.0,power
AT,2023-07-13,11017600.0,power
AT,2023-07-14,6056500.0,power
AT,2023-07-15,800500.0,power
AT,2023-07-16,1273500.0,power
AT,2023-07-17,11847400.0,power
AT,2023-07-18,15229900.0,power
AT,2023-07-19,15615600.0,power
AT,2023-07-20,2945200.0,power
AT,2023-07-21,1578000.0,power
AT,2023-07-22,9600.000000000002,power
AT,2023-07-23,9600.000000000002,power
AT,2023-07-24,9600.000000000002,power
AT,2023-07-25,2630500.0,power
AT,2023-07-26,542000.0,power
AT,2023-07-27,9300.0,power
AT,2023-07-28,8300.0,power
AT,2023-07-29,9600.000000000002,power
AT,2023-07-30,9400.0,power
AT,2023-07-31,3343800.0,power
AT,2023-08-01,1829500.0,power
AT,2023-08-02,0.0,power
AT,2023-08-03,5300.000000000001,power
AT,2023-08-04,9600.000000000002,power
AT,2023-08-05,9600.000000000002,power
AT,2023-08-06,9600.000000000002,power
AT,2023-08-07,9600.000000000002,power
AT,2023-08-08,10300.0,power
AT,2023-08-09,7100.000000000001,power
AT,2023-08-10,9600.000000000002,power
AT,2023-08-11,9600.000000000002,power
AT,2023-08-12,9600.000000000002,power
AT,2023-08-13,2129300.0,power
AT,2023-08-14,2930600.0,power
AT,2023-08-15,9600.000000000002,power
AT,2023-08-16,9600.000000000002,power
AT,2023-08-17,9600.000000000002,power
AT,2023-08-18,9600.000000000002,power
AT,2023-08-19,9600.000000000002,power
AT,2023-08-20,9600.000000000002,power
AT,2023-08-21,4934200.0,power
AT,2023-08-22,12259100.0,power
AT,2023-08-23,682300.0,power
AT,2023-08-24,4965800.0,power
AT,2023-08-25,1266100.0,power
AT,2023-08-26,9200.000000000002,power
AT,2023-08-27,9200.000000000002,power
AT,2023-08-28,9600.000000000002,power
AT,2023-08-29,11000.0,power
AT,2023-08-30,523900.0,power
AT,2023-08-31,9600.000000000002,power
AT,2023-09-01,15028900.0,power
AT,2023-09-02,616600.0,power
AT,2023-09-03,10900.0,power
AT,2023-09-04,15341400.0,power
AT,2023-09-05,17659700.0,power
AT,2023-09-06,773900.0,power
AT,2023-09-07,8645100.0,power
AT,2023-09-08,7375300.0,power
AT,2023-09-09,6132700.0,power
AT,2023-09-10,3002800.0,power
AT,2023-09-11,16941300.0,power
AT,2023-09-12,19912600.0,power
AT,2023-09-13,10128800.0,power
AT,2023-09-14,8649500.0,power
AT,2023-09-15,10514700.0,power
AT,2023-09-16,7858400.0,power
AT,2023-09-17,493300.0,power
AT,2023-09-18,8244799.999999999,power
AT,2023-09-19,5545800.0,power
AT,2023-09-20,9887700.0,power
AT,2023-09-21,4490900.0,power
AT,2023-09-22,11198400.0,power
AT,2023-09-23,9600.000000000002,power
AT,2023-09-24,9600.000000000002,power
AT,2023-09-25,13385900.0,power
AT,2023-09-26,26412600.0,power
AT,2023-09-27,27291500.0,power
AT,2023-09-28,21605600.0,power
AT,2023-09-29,8584800.0,power
AT,2023-09-30,400800.0,power
AT,2023-10-01,9600.000000000002,power
AT,2023-10-02,7588400.0,power
AT,2023-10-03,2173100.0,power
AT,2023-10-04,14986800.0,power
AT,2023-10-05,18736800.0,power
AT,2023-10-06,14813500.0,power
AT,2023-10-07,7900.0,power
AT,2023-10-08,3568600.0,power
AT,2023-10-09,8453300.0,power
AT,2023-10-10,13711800.0,power
AT,2023-10-11,24135200.0,power
AT,2023-10-12,25838700.0,power
AT,2023-10-13,7580000.0,power
AT,2023-10-14,4560000.0,power
AT,2023-10-15,5465900.0,power
AT,2023-10-16,26756400.0,power
AT,2023-10-17,29252100.0,power
AT,2023-10-18,25281500.0,power
AT,2023-10-19,33374100.0,power
AT,2023-10-20,13051400.0,power
AT,2023-10-21,5476200.0,power
AT,2023-10-22,3409400.0,power
AT,2023-10-23,34046900.0,power
AT,2023-10-24,44943000.0,power
AT,2023-10-25,23644700.0,power
AT,2023-10-26,28166400.0,power
AT,2023-10-27,10686300.0,power
AT,2023-10-28,6612200.0,power
AT,2023-10-29,231500.0,power
AT,2023-10-30,10169900.0,power
AT,2023-10-31,10591700.0,power
AT,2023-11-01,5666300.0,power
AT,2023-11-02,411099.99999999994,power
AT,2023-11-03,8495400.0,power
AT,2023-11-04,534300.0,power
AT,2023-11-05,420400.0,power
AT,2023-11-06,6950100.0,power
AT,2023-11-07,22847400.0,power
AT,2023-11-08,24099600.0,power
AT,2023-11-09,26480900.0,power
AT,2023-11-10,26158400.0,power
AT,2023-11-11,25749500.0,power
AT,2023-11-12,23957500.0,power
AT,2023-11-13,28998000.0,power
AT,2023-11-14,16273800.0,power
AT,2023-11-15,26818800.0,power
AT,2023-11-16,37670900.0,power
AT,2023-11-17,25820900.0,power
AT,2023-11-18,14825700.0,power
AT,2023-11-19,1353300.0,power
AT,2023-11-20,32658900.0,power
AT,2023-11-21,39671700.0,power
AT,2023-11-22,40154700.0,power
AT,2023-11-23,19310400.0,power
AT,2023-11-24,16680599.999999998,power
AT,2023-11-25,22936000.0,power
AT,2023-11-26,23033200.0,power
AT,2023-11-27,49621000.0,power
AT,2023-11-28,60143700.0,power
AT,2023-11-29,65598600.00000001,power
AT,2023-11-30,70107300.0,power
AT,2023-12-01,69458700.0,power
AT,2023-12-02,56251800.0,power
AT,2023-12-03,41044800.0,power
AT,2023-12-04,58999000.0,power
AT,2023-12-05,59463500.0,power
AT,2023-12-06,70209900.0,power
AT,2023-12-07,67113700.0,power
AT,2023-12-08,57182400.0,power
AT,2023-12-09,28333000.0,power
AT,2023-12-10,24009500.0,power
AT,2023-12-11,45159200.0,power
AT,2023-12-12,54862100.0,power
AT,2023-12-13,48044200.0,power
AT,2023-12-14,55182000.0,power
AT,2023-12-15,46586800.0,power
AT,2023-12-16,20366800.0,power
AT,2023-12-17,15032100.0,power
AT,2023-12-18,42246100.0,power
AT,2023-12-19,36989000.0,power
AT,2023-12-20,26929800.0,power
AT,2023-12-21,12276000.0,power
AT,2023-12-22,1033599.9999999999,power
AT,2023-12-23,947300.0,power
AT,2023-12-24,758400.0,power
AT,2023-12-25,798900.0,power
AT,2023-12-26,772400.0,power
AT,2023-12-27,13500900.0,power
AT,2023-12-28,1021600.0,power
AT,2023-12-29,804900.0,power
AT,2023-12-30,844100.0,power
AT,2023-12-31,850700.0,power
AT,2024-01-01,787300.0,power
AT,2024-01-02,6574200.0,power
AT,2024-01-03,6489900.0,power
AT,2024-01-04,24860500.0,power
AT,2024-01-05,29946500.0,power
AT,2024-01-06,27779600.000000004,power
AT,2024-01-07,26827000.0,power
AT,2024-01-08,45060500.0,power
AT,2024-01-09,66650100.00000001,power
AT,2024-01-10,65862500.0,power
AT,2024-01-11,64725300.0,power
AT,2024-01-12,65664800.0,power
AT,2024-01-13,47784000.0,power
AT,2024-01-14,42527000.0,power
AT,2024-01-15,47813100.0,power
AT,2024-01-16,62341300.0,power
AT,2024-01-17,62342200.0,power
AT,2024-01-18,61078100.0,power
AT,2024-01-19,49531000.0,power
AT,2024-01-20,45196300.0,power
AT,2024-01-21,22127900.0,power
AT,2024-01-22,30082300.0,power
AT,2024-01-23,33538500.0,power
AT,2024-01-24,28170800.0,power
AT,2024-01-25,27848900.0,power
AT,2024-01-26,30629700.0,power
AT,2024-01-27,29389000.0,power
AT,2024-01-28,27800700.0,power
AT,2024-01-29,40112500.0,power
AT,2024-01-30,40751300.0,power
AT,2024-01-31,48422300.0,power
AT,2024-02-01,47670000.0,power
AT,2024-02-02,34916800.0,power
AT,2024-02-03,6662900.0,power
AT,2024-02-04,995500.0,power
AT,2024-02-05,9817500.0,power
AT,2024-02-06,12175400.0,power
AT,2024-02-07,22697400.0,power
AT,2024-02-08,26783600.0,power
AT,2024-02-09,16109700.0,power
AT,2024-02-10,8306700.000000001,power
AT,2024-02-11,11861700.0,power
AT,2024-02-12,33124900.0,power
AT,2024-02-13,34339200.0,power
AT,2024-02-14,34357300.0,power
AT,2024-02-15,34283800.0,power
AT,2024-02-16,15350700.0,power
AT,2024-02-17,15749600.0,power
AT,2024-02-18,13028800.0,power
AT,2024-02-19,17865100.0,power
AT,2024-02-20,17361100.0,power
AT,2024-02-21,22773200.0,power
AT,2024-02-22,15160200.0,power
AT,2024-02-23,21772600.0,power
AT,2024-02-24,16722500.0,power
AT,2024-02-25,17467200.0,power
AT,2024-02-26,31814000.0,power
AT,2024-02-27,37131500.0,power
AT,2024-02-28,36061900.0,power
AT,2024-02-29,29598400.0,power
AT,2024-03-01,28250200.0,power
AT,2024-03-02,7373200.0,power
AT,2024-03-03,6175200.0,power
AT,2024-03-04,31255400.0,power
AT,2024-03-05,31810700.0,power
AT,2024-03-06,30039100.000000004,power
AT,2024-03-07,21831500.0,power
AT,2024-03-08,25061800.0,power
AT,2024-03-09,6353800.0,power
AT,2024-03-10,5588700.0,power
AT,2024-03-11,18444200.0,power
AT,2024-03-12,30665700.0,power
AT,2024-03-13,30915600.0,power
AT,2024-03-14,23829000.0,power
AT,2024-03-15,10470000.0,power
AT,2024-03-16,6266400.0,power
AT,2024-03-17,7489400.0,power
AT,2024-03-18,30704500.0,power
AT,2024-03-19,29837300.0,power
AT,2024-03-20,29924600.0,power
AT,2024-03-21,21139900.0,power
AT,2024-03-22,9128300.0,power
AT,2024-03-23,2140800.0,power
AT,2024-03-24,316300.0,power
AT,2024-03-25,25352100.0,power
AT,2024-03-26,11036500.0,power
AT,2024-03-27,5542100.0,power
AT,2024-03-28,5266100.0,power
AT,2024-03-29,304300.0,power
AT,2024-03-30,228200.00000000003,power
AT,2024-03-31,215000.0,power
AT,2024-04-01,225000.0,power
AT,2024-04-02,2974900.0,power
AT,2024-04-03,10115500.0,power
AT,2024-04-04,6436100.0,power
AT,2024-04-05,5413800.0,power
AT,2024-04-06,5100.000000000001,power
AT,2024-04-07,2400.0000000000005,power
AT,2024-04-08,3700.0,power
AT,2024-04-09,160200.0,power
AT,2024-04-10,402000.0,power
AT,2024-04-11,3820100.0,power
AT,2024-04-12,2311200.0,power
AT,2024-04-13,3000.0,power
AT,2024-04-14,3300.0000000000005,power
AT,2024-04-15,158300.0,power
AT,2024-04-16,4342400.0,power
AT,2024-04-17,9841100.0,power
AT,2024-04-18,10810400.0,power
AT,2024-04-19,7092400.0,power
AT,2024-04-20,7291500.0,power
AT,2024-04-21,7087800.0,power
AT,2024-04-22,16660599.999999998,power
AT,2024-04-23,25909000.0,power
AT,2024-04-24,26895600.0,power
AT,2024-04-25,26402300.0,power
AT,2024-04-26,17331200.0,power
AT,2024-04-27,6470400.0,power
AT,2024-04-28,1329300.0,power
AT,2024-04-29,4143600.0000000005,power
AT,2024-04-30,2274600.0,power
AT,2024-05-01,100.0,power
AT,2024-05-02,0.0,power
AT,2024-05-03,0.0,power
AT,2024-05-04,0.0,power
AT,2024-05-05,0.0,power
AT,2024-05-06,0.0,power
AT,2024-05-07,139400.0,power
AT,2024-05-08,377700.0,power
AT,2024-05-09,143400.0,power
AT,2024-05-10,0.0,power
AT,2024-05-11,0.0,power
AT,2024-05-12,0.0,power
AT,2024-05-13,0.0,power
AT,2024-05-14,700.0000000000001,power
AT,2024-05-15,0.0,power
AT,2024-05-16,1400.0000000000002,power
AT,2024-05-17,221600.0,power
AT,2024-05-18,3900.0000000000005,power
AT,2024-05-19,4600.000000000001,power
AT,2024-05-20,3400.0000000000005,power
AT,2024-05-21,10177500.0,power
AT,2024-05-22,5800.000000000001,power
AT,2024-05-23,5200.0,power
AT,2024-05-24,5500.0,power
AT,2024-05-25,4700.0,power
AT,2024-05-26,4400.0,power
AT,2024-05-27,166500.0,power
AT,2024-05-28,279200.0,power
AT,2024-05-29,121700.0,power
AT,2024-05-30,4700.0,power
AT,2024-05-31,134700.0,power
AT,2024-06-01,6700.0,power
AT,2024-06-02,15600.000000000002,power
AT,2024-06-03,9531700.0,power
AT,2024-06-04,6230800.0,power
AT,2024-06-05,3635500.0,power
AT,2024-06-06,5127400.0,power
AT,2024-06-07,400.0,power
AT,2024-06-08,0.0,power
AT,2024-06-09,0.0,power
AT,2024-06-10,2900.0000000000005,power
AT,2024-06-11,5600.000000000001,power
AT,2024-06-12,2308700.0000000005,power
AT,2024-06-13,767500.0,power
AT,2024-06-14,21100.0,power
AT,2024-06-15,5900.0,power
AT,2024-06-16,4900.0,power
AT,2024-06-17,7400.0,power
AT,2024-06-18,7300.000000000001,power
AT,2024-06-19,6600.000000000001,power
AT,2024-06-20,5400.0,power
AT,2024-06-21,5300.000000000001,power
AT,2024-06-22,3200.0,power
AT,2024-06-23,6300.000000000001,power
AT,2024-06-24,3400.0000000000005,power
AT,2024-06-25,18900.000000000004,power
AT,2024-06-26,6139200.0,power
AT,2024-06-27,3014400.0,power
AT,2024-06-28,5500.0,power
AT,2024-06-29,7700.000000000001,power
AT,2024-06-30,3900.0000000000005,power
AT,2024-07-01,1300.0,power
AT,2024-07-02,0.0,power
AT,2024-07-03,0.0,power
AT,2024-07-04,0.0,power
AT,2024-07-05,0.0,power
AT,2024-07-06,0.0,power
AT,2024-07-07,0.0,power
AT,2024-07-08,0.0,power
AT,2024-07-09,1100.0,power
AT,2024-07-10,0.0,power
AT,2024-07-11,0.0,power
AT,2024-07-12,0.0,power
AT,2024-07-13,0.0,power
AT,2024-07-14,0.0,power
AT,2024-07-15,4011600.0,power
AT,2024-07-16,2863900.0,power
AT,2024-07-17,2044899.9999999998,power
AT,2024-07-18,4500.0,power
AT,2024-07-19,5400.0,power
AT,2024-07-20,7000.0,power
AT,2024-07-21,5100.000000000001,power
AT,2024-07-22,39000.0,power
AT,2024-07-23,359000.0,power
AT,2024-07-24,8900.0,power
AT,2024-07-25,7700.0,power
AT,2024-07-26,7200.0,power
AT,2024-07-27,6600.000000000001,power
AT,2024-07-28,5300.000000000001,power
AT,2024-07-29,1018400.0,power
AT,2024-07-30,2825500.0,power
AT,2024-07-31,3250200.0,power
AT,2024-08-01,4000.0,power
AT,2024-08-02,6500.0,power
AT,2024-08-03,5700.0,power
AT,2024-08-04,5500.0,power
AT,2024-08-05,2071300.0000000002,power
AT,2024-08-06,2192299.9999999995,power
AT,2024-08-07,6100.000000000001,power
AT,2024-08-08,6400.0,power
AT,2024-08-09,5600.000000000001,power
AT,2024-08-10,5100.000000000001,power
AT,2024-08-11,5000.0,power
AT,2024-08-12,6688800.0,power
AT,2024-08-13,4383500.0,power
AT,2024-08-14,367900.0,power
AT,2024-08-15,5600.000000000001,power
AT,2024-08-16,3700800.0,power
AT,2024-08-17,1362700.0,power
AT,2024-08-18,9000.0,power
AT,2024-08-19,9400.0,power
AT,2024-08-20,1501900.0,power
AT,2024-08-21,7265500.0,power
AT,2024-08-22,1875199.9999999998,power
AT,2024-08-23,6386200.0,power
AT,2024-08-24,8600.000000000002,power
AT,2024-08-25,8800.0,power
AT,2024-08-26,3864000.0,power
AT,2024-08-27,2510100.0,power
AT,2024-08-28,12500700.0,power
AT,2024-08-29,11025200.0,power
AT,2024-08-30,11360100.0,power
AT,2024-08-31,7300.000000000001,power
AT,2024-09-01,7400.0,power
AT,2024-09-02,3242600.0,power
AT,2024-09-03,9492500.0,power
AT,2024-09-04,10316100.0,power
AT,2024-09-05,10292600.0,power
AT,2024-09-06,6944600.0,power
AT,2024-09-07,7100.000000000001,power
AT,2024-09-08,5800.000000000001,power
AT,2024-09-09,6348700.0,power
AT,2024-09-10,9754600.0,power
AT,2024-09-11,6092000.0,power
AT,2024-09-12,150200.00000000003,power
AT,2024-09-13,481900.0,power
AT,2024-09-14,495200.0,power
AT,2024-09-15,469200.0,power
AT,2024-09-16,1800100.0,power
AT,2024-09-17,471500.0,power
AT,2024-09-18,380400.0,power
AT,2024-09-19,3830900.0,power
AT,2024-09-20,262800.0,power
AT,2024-09-21,185300.0,power
AT,2024-09-22,173900.0,power
AT,2024-09-23,5725600.0,power
AT,2024-09-24,212800.0,power
AT,2024-09-25,1866900.0,power
AT,2024-09-26,4327600.0,power
AT,2024-09-27,1460500.0,power
AT,2024-09-28,482800.0,power
AT,2024-09-29,771100.0,power
AT,2024-09-30,2788800.0,power
AT,2024-10-01,6175300.0,power
AT,2024-10-02,8761000.0,power
AT,2024-10-03,7973500.0,power
AT,2024-10-04,10274100.0,power
AT,2024-10-05,7747800.0,power
AT,2024-10-06,6387700.0,power
AT,2024-10-07,8520700.0,power
AT,2024-10-08,4626400.0,power
AT,2024-10-09,6527200.0,power
AT,2024-10-10,5355200.0,power
AT,2024-10-11,8693000.0,power
AT,2024-10-12,6149700.0,power
AT,2024-10-13,1718600.0,power
AT,2024-10-14,25109900.0,power
AT,2024-10-15,20121400.0,power
AT,2024-10-16,10321800.0,power
AT,2024-10-17,5089700.0,power
AT,2024-10-18,8339100.0,power
AT,2024-10-19,4582300.0,power
AT,2024-10-20,191800.0,power
AT,2024-10-21,12457100.0,power
AT,2024-10-22,17291400.0,power
AT,2024-10-23,28341200.0,power
AT,2024-10-24,20263400.0,power
AT,2024-10-25,19180900.0,power
AT,2024-10-26,7515800.0,power
AT,2024-10-27,6811000.0,power
AT,2024-10-28,17638200.0,power
AT,2024-10-29,47016800.0,power
AT,2024-10-30,46318800.0,power
AT,2024-10-31,17980700.0,power
AT,2024-11-01,8137599.999999999,power
AT,2024-11-02,19999500.0,power
AT,2024-11-03,18479200.0,power
AT,2024-11-04,50425100.0,power
AT,2024-11-05,61156800.0,power
AT,2024-11-06,65672000.0,power
AT,2024-11-07,65492200.0,power
AT,2024-11-08,52581300.0,power
AT,2024-11-09,41536500.0,power
AT,2024-11-10,35151800.0,power
AT,2024-11-11,53635600.0,power
AT,2024-11-12,66930800.0,power
AT,2024-11-13,67798800.0,power
AT,2024-11-14,70468900.0,power
AT,2024-11-15,68323100.0,power
AT,2024-11-16,49027400.0,power
AT,2024-11-17,31979300.0,power
AT,2024-11-18,57527300.0,power
AT,2024-11-19,50923700.0,power
AT,2024-11-20,44803900.0,power
AT,2024-11-21,50940000.0,power
AT,2024-11-22,50473100.0,power
AT,2024-11-23,35683500.0,power
AT,2024-11-24,29691900.0,power
AT,2024-11-25,47316300.0,power
AT,2024-11-26,56387700.0,power
AT,2024-11-27,65111900.0,power
AT,2024-11-28,66802399.99999999,power
AT,2024-11-29,62596400.0,power
AT,2024-11-30,40503400.0,power
AT,2024-12-01,40329400.0,power
AT,2024-12-02,59223500.0,power
AT,2024-12-03,74377800.0,power
AT,2024-12-04,73653800.0,power
AT,2024-12-05,71621300.0,power
AT,2024-12-06,59080500.0,power
AT,2024-12-07,40055700.0,power
AT,2024-12-08,37382100.0,power
AT,2024-12-09,60351700.0,power
AT,2024-12-10,70262900.0,power
AT,2024-12-11,73150300.0,power
AT,2024-12-12,77774900.0,power
AT,2024-12-13,70205900.0,power
AT,2024-12-14,50356200.00000001,power
AT,2024-12-15,33605800.0,power
AT,2024-12-16,34616100.0,power
AT,2024-12-17,52695600.0,power
AT,2024-12-18,62647400.0,power
AT,2024-12-19,47554500.0,power
AT,2024-12-20,28093600.0,power
AT,2024-12-21,15638000.0,power
AT,2024-12-22,14243900.0,power
AT,2024-12-23,30364700.0,power
AT,2024-12-24,28288500.0,power
AT,2024-12-25,26001900.0,power
AT,2024-12-26,30305200.0,power
AT,2024-12-27,48903900.0,power
AT,2024-12-28,42278300.0,power
AT,2024-12-29,41522400.0,power
AT,2024-12-30,44875700.0,power
AT,2024-12-31,38624000.0,power
AT,2025-01-01,21804900.0,power
AT,2025-01-02,34065200.0,power
AT,2025-01-03,47786700.0,power
AT,2025-01-04,41789200.0,power
AT,2025-01-05,40655500.0,power
AT,2025-01-06,44141400.0,power
AT,2025-01-07,59014900.0,power
AT,2025-01-08,55685700.0,power
AT,2025-01-09,54517300.0,power
AT,2025-01-10,30882000.0,power
AT,2025-01-11,28384200.0,power
AT,2025-01-12,43604100.0,power
AT,2025-01-13,55029100.0,power
AT,2025-01-14,63539400.0,power
AT,2025-01-15,70169900.0,power
AT,2025-01-16,70446800.0,power
AT,2025-01-17,70236900.0,power
AT,2025-01-18,66819200.0,power
AT,2025-01-19,56325100.0,power
AT,2025-01-20,70392500.0,power
AT,2025-01-21,78002000.0,power
AT,2025-01-22,70938000.0,power
AT,2025-01-23,67530000.0,power
AT,2025-01-24,57475300.0,power
AT,2025-01-25,37873900.0,power
AT,2025-01-26,40157800.0,power
AT,2025-01-27,47426200.0,power
AT,2025-01-28,46764000.0,power
AT,2025-01-29,35550500.0,power
AT,2025-01-30,52606900.0,power
AT,2025-01-31,54795500.0,power
AT,2025-02-01,36675400.0,power
AT,2025-02-02,35661500.0,power
AT,2025-02-03,50871900.0,power
AT,2025-02-04,53867600.0,power
AT,2025-02-05,52027000.0,power
AT,2025-02-06,55102500.0,power
AT,2025-02-07,34755400.0,power
AT,2025-02-08,18870500.0,power
AT,2025-02-09,21680800.0,power
AT,2025-02-10,47105900.0,power
AT,2025-02-11,42899600.0,power
AT,2025-02-12,62548400.0,power
AT,2025-02-13,69840100.0,power
AT,2025-02-14,64266799.99999999,power
AT,2025-02-15,52246600.0,power
AT,2025-02-16,55435200.0,power
AT,2025-02-17,67629800.0,power
AT,2025-02-18,66132100.00000001,power
AT,2025-02-19,63157900.0,power
AT,2025-02-20,56477200.00000001,power
AT,2025-02-21,42016500.0,power
AT,2025-02-22,24437800.0,power
AT,2025-02-23,39734400.0,power
AT,2025-02-24,58220500.0,power
AT,2025-02-25,60993300.0,power
AT,2025-02-26,67081700.0,power
AT,2025-02-27,54702600.0,power
AT,2025-02-28,52889800.0,power
AT,2025-03-01,38350300.0,power
AT,2025-03-02,23250700.0,power
AT,2025-03-03,33846600.0,power
AT,2025-03-04,34468700.0,power
AT,2025-03-05,16358800.0,power
AT,2025-03-06,17940200.0,power
AT,2025-03-07,33752700.0,power
AT,2025-03-08,23857700.0,power
AT,2025-03-09,16283500.0,power
AT,2025-03-10,36185700.0,power
AT,2025-03-11,43759700.0,power
AT,2025-03-12,41401500.0,power
AT,2025-03-13,44269600.0,power
AT,2025-03-14,42948100.0,power
AT,2025-03-15,20630700.0,power
AT,2025-03-16,21403000.0,power
AT,2025-03-17,28167500.0,power
AT,2025-03-18,30539700.0,power
AT,2025-03-19,35537299.99999999,power
AT,2025-03-20,35982800.0,power
AT,2025-03-21,38983100.0,power
AT,2025-03-22,13608000.0,power
AT,2025-03-23,10244800.0,power
AT,2025-03-24,32787600.0,power
AT,2025-03-25,36280700.0,power
AT,2025-03-26,39163300.0,power
AT,2025-03-27,26053100.0,power
AT,2025-03-28,22964500.0,power
AT,2025-03-29,19929300.0,power
AT,2025-03-30,1851500.0,power
AT,2025-03-31,24326300.0,power
AT,2025-04-01,21141700.0,power
AT,2025-04-02,19345899.999999996,power
AT,2025-04-03,21606400.0,power
AT,2025-04-04,16644500.0,power
AT,2025-04-05,2765600.0,power
AT,2025-04-06,8885600.0,power
AT,2025-04-07,30251600.0,power
AT,2025-04-08,32782000.0,power
AT,2025-04-09,34323500.0,power
AT,2025-04-10,22788200.0,power
AT,2025-04-11,16374500.0,power
AT,2025-04-12,15544500.0,power
AT,2025-04-13,9951400.0,power
AT,2025-04-14,21504200.0,power
AT,2025-04-15,7115700.0,power
AT,2025-04-16,4713600.0,power
AT,2025-04-17,6572300.0,power
AT,2025-04-18,6921100.0,power
AT,2025-04-19,6933200.0,power
AT,2025-04-20,4673400.0,power
AT,2025-04-21,3683500.0,power
AT,2025-04-22,18238700.0,power
AT,2025-04-23,32020100.0,power
AT,2025-04-24,26014700.0,power
AT,2025-04-25,15873100.0,power
AT,2025-04-26,6047700.0,power
AT,2025-04-27,11391400.0,power
AT,2025-04-28,20916700.0,power
AT,2025-04-29,15178800.0,power
AT,2025-04-30,8743500.0,power
AT,2025-05-01,8900.0,power
AT,2025-05-02,9300.0,power
AT,2025-05-03,8200.000000000002,power
AT,2025-05-04,57100.0,power
AT,2025-05-05,1574300.0,power
AT,2025-05-06,1865400.0,power
AT,2025-05-07,1803100.0,power
AT,2025-05-08,1873800.0,power
AT,2025-05-09,1809300.0,power
AT,2025-05-10,719800.0,power
AT,2025-05-11,224200.00000000003,power
AT,2025-05-12,402800.0,power
AT,2025-05-13,243700.00000000003,power
AT,2025-05-14,222800.0,power
AT,2025-05-15,289400.0,power
AT,2025-05-16,382200.0,power
AT,2025-05-17,289300.0,power
AT,2025-05-18,259200.0,power
AT,2025-05-19,3427500.0,power
AT,2025-05-20,2686200.0,power
AT,2025-05-21,176000.0,power
AT,2025-05-22,210500.0,power
AT,2025-05-23,3322400.0,power
AT,2025-05-24,330300.0,power
AT,2025-05-25,251000.0,power
AT,2025-05-26,2908500.0,power
AT,2025-05-27,214100.0,power
AT,2025-05-28,143500.0,power
AT,2025-05-29,183400.0,power
AT,2025-05-30,179000.0,power
AT,2025-05-31,175500.0,power
AT,2025-06-01,0.0,power
AT,2025-06-02,1822300.0,power
AT,2025-06-03,600.0,power
AT,2025-06-04,0.0,power
AT,2025-06-05,0.0,power
AT,2025-06-06,0.0,power
AT,2025-06-07,0.0,power
AT,2025-06-08,0.0,power
AT,2025-06-09,0.0,power
AT,2025-06-10,0.0,power
AT,2025-06-11,0.0,power
AT,2025-06-12,0.0,power
AT,2025-06-13,0.0,power
AT,2025-06-14,0.0,power
AT,2025-06-15,0.0,power
AT,2025-06-16,0.0,power
AT,2025-06-17,2416500.0,power
AT,2025-06-18,0.0,power
AT,2025-06-19,0.0,power
AT,2025-06-20,2470200.0,power
AT,2025-06-21,0.0,power
AT,2025-06-22,0.0,power
AT,2025-06-23,2143300.0,power
AT,2025-06-24,2678900.0,power
AT,2025-06-25,5129100.0,power
AT,2025-06-26,2454400.0,power
AT,2025-06-27,2326500.0,power
AT,2025-06-28,666500.0,power
AT,2025-06-29,0.0,power
AT,2025-06-30,9595200.0,power
AT,2025-07-01,13887000.0,power
AT,2025-07-02,9878500.0,power
AT,2025-07-03,4951800.0,power
AT,2025-07-04,2931800.0,power
AT,2025-07-05,0.0,power
AT,2025-07-06,3188200.0,power
AT,2025-07-07,6371200.0,power
AT,2025-07-08,10500.0,power
AT,2025-07-09,10000.0,power
AT,2025-07-10,10700.000000000002,power
AT,2025-07-11,13000.0,power
AT,2025-07-12,15200.000000000002,power
AT,2025-07-13,21000.0,power
AT,2025-07-14,16700.0,power
AT,2025-07-15,9600.000000000002,power
AT,2025-07-16,9600.000000000002,power
AT,2025-07-17,9600.000000000002,power
AT,2025-07-18,9600.000000000002,power
AT,2025-07-19,9600.000000000002,power
AT,2025-07-20,9600.000000000002,power
AT,2025-07-21,9600.000000000002,power
AT,2025-07-22,9500.0,power
AT,2025-07-23,5466200.0,power
AT,2025-07-24,2348100.0,power
AT,2025-07-25,9600.000000000002,power
AT,2025-07-26,9600.000000000002,power
AT,2025-07-27,9500.0,power
AT,2025-07-28,9600.000000000002,power
AT,2025-07-29,9600.000000000002,power
AT,2025-07-30,9600.000000000002,power
AT,2025-07-31,9600.000000000002,power
AT,2025-08-01,9600.000000000002,power
AT,2025-08-02,9600.000000000002,power
AT,2025-08-03,9600.000000000002,power
AT,2025-08-04,9500.0,power
AT,2025-08-05,9500.0,power
AT,2025-08-06,8400.0,power
AT,2025-08-07,8500.0,power
AT,2025-08-08,8400.0,power
AT,2025-08-09,2200.0,power
AT,2025-08-10,0.0,power
AT,2025-08-11,4100.000000000001,power
AT,2025-08-12,6400.0,power
AT,2025-08-13,2700.0,power
AT,2025-08-14,5406400.000000001,power
AT,2025-08-15,0.0,power
AT,2025-08-16,0.0,power
AT,2025-08-17,0.0,power
AT,2025-08-18,2631300.0,power
AT,2025-08-19,0.0,power
AT,2025-08-20,0.0,power
AT,2025-08-21,5700.0,power
AT,2025-08-22,70400.0,power
AT,2025-08-23,9600.000000000002,power
AT,2025-08-24,9600.000000000002,power
AT,2025-08-25,3000.0000000000005,power
AT,2025-08-26,0.0,power
AT,2025-08-27,0.0,power
AT,2025-08-28,0.0,power
AT,2025-08-29,0.0,power
AT,2025-08-30,0.0,power
AT,2025-08-31,0.0,power
AT,2025-09-01,0.0,power
AT,2025-09-02,1300.0,power
AT,2025-09-03,5379000.0,power
AT,2025-09-04,100.0,power
AT,2025-09-05,0.0,power
AT,2025-09-06,0.0,power
AT,2025-09-07,0.0,power
AT,2025-09-08,0.0,power
AT,2025-09-09,3936700.0,power
AT,2025-09-10,6015800.0,power
AT,2025-09-11,0.0,power
AT,2025-09-12,0.0,power
AT,2025-09-13,0.0,power
AT,2025-09-14,0.0,power
AT,2025-09-15,6206800.0,power
AT,2025-09-16,8093800.0,power
AT,2025-09-17,7034099.999999999,power
AT,2025-09-18,12437400.0,power
AT,2025-09-19,7300.000000000001,power
AT,2025-09-20,9600.000000000002,power
AT,2025-09-21,9400.0,power
AT,2025-09-22,97600.00000000001,power
AT,2025-09-23,5003100.0,power
AT,2025-09-24,3194600.0,power
AT,2025-09-25,3919300.0,power
AT,2025-09-26,247799.99999999997,power
AT,2025-09-27,195400.0,power
AT,2025-09-28,176200.0,power
AT,2025-09-29,19134700.0,power
AT,2025-09-30,39057100.0,power
AT,2025-10-01,26165900.0,power
AT,2025-10-02,23464400.0,power
AT,2025-10-03,16989900.0,power
AT,2025-10-04,13166700.0,power
AT,2025-10-05,6891300.0,power
AT,2025-10-06,22561800.0,power
AT,2025-10-07,36637500.0,power
AT,2025-10-08,36416300.0,power
AT,2025-10-09,35534500.0,power
AT,2025-10-10,16156700.0,power
AT,2025-10-11,7842500.0,power
AT,2025-10-12,7921800.0,power
AT,2025-10-13,26783500.0,power
AT,2025-10-14,30502800.0,power
AT,2025-10-15,37275700.0,power
AT,2025-10-16,39564500.0,power
AT,2025-10-17,34460300.0,power
AT,2025-10-18,21316300.0,power
AT,2025-10-19,13493000.0,power
AT,2025-10-20,14920900.0,power
AT,2025-10-21,37891600.0,power
AT,2025-10-22,36734300.0,power
AT,2025-10-23,19867500.0,power
AT,2025-10-24,9140700.0,power
AT,2025-10-25,9316200.0,power
AT,2025-10-26,7680900.0,power
AT,2025-10-27,18142000.0,power
AT,2025-10-28,25006600.0,power
AT,2025-10-29,23654000.0,power
AT,2025-10-30,30754500.0,power
AT,2025-10-31,27930100.0,power
AT,2025-11-01,9275400.0,power
AT,2025-11-02,11579700.0,power
AT,2025-11-03,16936900.0,power
AT,2025-11-04,17455000.0,power
AT,2025-11-05,14816000.0,power
AT,2025-11-06,23258900.0,power
AT,2025-11-07,29794400.0,power
AT,2025-11-08,25635000.0,power
AT,2025-11-09,26536300.0,power
AT,2025-11-10,36466200.0,power
AT,2025-11-11,36403100.0,power
AT,2025-11-12,40281900.0,power
AT,2025-11-13,35887600.0,power
AT,2025-11-14,38267300.0,power
AT,2025-11-15,29937200.0,power
AT,2025-11-16,25792800.0,power
AT,2025-11-17,31467500.0,power
AT,2025-11-18,29667900.0,power
AT,2025-11-19,23821800.0,power
AT,2025-11-20,27621700.0,power
AT,2025-11-21,26417800.0,power
AT,2025-11-22,13744900.0,power
AT,2025-11-23,13868700.0,power
AT,2025-11-24,33324699.999999996,power
AT,2025-11-25,30061200.0,power
AT,2025-11-26,30325200.0,power
AT,2025-11-27,31287900.0,power
AT,2025-11-28,24009100.0,power
AT,2025-11-29,23959399.999999996,power
AT,2025-11-30,25363900.0,power
AT,2025-12-01,29446000.0,power
AT,2025-12-02,30527600.0,power
AT,2025-12-03,23401800.0,power
AT,2025-12-04,22824600.0,power
AT,2025-12-05,32323700.0,power
AT,2025-12-06,32428700.0,power
AT,2025-12-07,35720000.0,power
AT,2025-12-08,46975700.00000001,power
AT,2025-12-09,46157000.0,power
AT,2025-12-10,34636400.0,power
AT,2025-12-11,35107700.0,power
AT,2025-12-12,36316800.0,power
AT,2025-12-13,47044800.0,power
AT,2025-12-14,37982600.0,power
AT,2025-12-15,52897000.0,power
AT,2025-12-16,47455700.0,power
AT,2025-12-17,51010800.0,power
AT,2025-12-18,51637000.0,power
AT,2025-12-19,49501799.99999999,power
AT,2025-12-20,39563600.0,power
AT,2025-12-21,36018100.0,power
AT,2025-12-22,39566500.0,power
AT,2025-12-23,40314300.0,power
AT,2025-12-24,33909200.0,power
AT,2025-12-25,38687400.0,power
AT,2025-12-26,33001500.0,power
AT,2025-12-27,28137400.0,power
AT,2025-12-28,28402700.0,power
AT,2025-12-29,25143700.0,power
AT,2025-12-30,27517800.0,power
AT,2025-12-31,29035100.0,power
AT,2026-01-01,23687500.0,power
AT,2026-01-02,30662000.0,power
AT,2026-01-03,23644000.0,power
AT,2026-01-04,24505800.0,power
AT,2026-01-05,17086800.0,power
BE,2018-12-31,1920300.0,power
BE,2019-01-01,44956900.0,power
BE,2019-01-02,101982600.0,power
BE,2019-01-03,100043500.0,power
BE,2019-01-04,108927400.0,power
BE,2019-01-05,71387100.0,power
BE,2019-01-06,61849000.0,power
BE,2019-01-07,80751800.0,power
BE,2019-01-08,76479000.0,power
BE,2019-01-09,85557300.0,power
BE,2019-01-10,102732800.0,power
BE,2019-01-11,96606700.0,power
BE,2019-01-12,60953400.0,power
BE,2019-01-13,44170300.0,power
BE,2019-01-14,86867700.0,power
BE,2019-01-15,87822500.0,power
BE,2019-01-16,85950400.0,power
BE,2019-01-17,90499400.0,power
BE,2019-01-18,99652600.0,power
BE,2019-01-19,84533100.0,power
BE,2019-01-20,74034200.0,power
BE,2019-01-21,106288300.0,power
BE,2019-01-22,110501500.0,power
BE,2019-01-23,114011100.0,power
BE,2019-01-24,117586800.0,power
BE,2019-01-25,106987800.0,power
BE,2019-01-26,50041700.0,power
BE,2019-01-27,38020700.0,power
BE,2019-01-28,77520400.0,power
BE,2019-01-29,102789100.0,power
BE,2019-01-30,104090400.0,power
BE,2019-01-31,109693700.0,power
BE,2019-02-01,97096700.0,power
BE,2019-02-02,57590600.0,power
BE,2019-02-03,55897600.0,power
BE,2019-02-04,96645200.0,power
BE,2019-02-05,102412700.0,power
BE,2019-02-06,101737100.0,power
BE,2019-02-07,61750000.0,power
BE,2019-02-08,47119100.0,power
BE,2019-02-09,35362500.0,power
BE,2019-02-10,34520900.0,power
BE,2019-02-11,97390200.0,power
BE,2019-02-12,97915100.0,power
BE,2019-02-13,79249400.0,power
BE,2019-02-14,83683800.0,power
BE,2019-02-15,70502300.0,power
BE,2019-02-16,48175100.0,power
BE,2019-02-17,40573200.0,power
BE,2019-02-18,66230399.99999999,power
BE,2019-02-19,63564900.0,power
BE,2019-02-20,67432600.0,power
BE,2019-02-21,80478800.0,power
BE,2019-02-22,65918100.00000001,power
BE,2019-02-23,55187600.0,power
BE,2019-02-24,57363500.0,power
BE,2019-02-25,76584200.0,power
BE,2019-02-26,76270300.0,power
BE,2019-02-27,63699500.0,power
BE,2019-02-28,56218900.0,power
BE,2019-03-01,62877700.0,power
BE,2019-03-02,35275700.0,power
BE,2019-03-03,31011800.0,power
BE,2019-03-04,37601200.0,power
BE,2019-03-05,51483700.0,power
BE,2019-03-06,33141300.000000004,power
BE,2019-03-07,31514200.0,power
BE,2019-03-08,38701300.0,power
BE,2019-03-09,30807500.0,power
BE,2019-03-10,35926000.0,power
BE,2019-03-11,46146100.0,power
BE,2019-03-12,41061100.0,power
BE,2019-03-13,39957400.0,power
BE,2019-03-14,44832100.0,power
BE,2019-03-15,38949200.0,power
BE,2019-03-16,38170000.0,power
BE,2019-03-17,36353100.0,power
BE,2019-03-18,72857500.0,power
BE,2019-03-19,89672800.0,power
BE,2019-03-20,75708100.0,power
BE,2019-03-21,72768700.0,power
BE,2019-03-22,67218300.0,power
BE,2019-03-23,51252700.0,power
BE,2019-03-24,39544300.0,power
BE,2019-03-25,38065600.0,power
BE,2019-03-26,63516800.0,power
BE,2019-03-27,74255300.0,power
BE,2019-03-28,78039600.0,power
BE,2019-03-29,65553000.0,power
BE,2019-03-30,43680100.0,power
BE,2019-03-31,34965300.0,power
BE,2019-04-01,54118000.0,power
BE,2019-04-02,57140100.0,power
BE,2019-04-03,78794200.0,power
BE,2019-04-04,82958600.0,power
BE,2019-04-05,77469500.0,power
BE,2019-04-06,49945200.0,power
BE,2019-04-07,38573600.0,power
BE,2019-04-08,59041900.0,power
BE,2019-04-09,50373300.0,power
BE,2019-04-10,49235500.0,power
BE,2019-04-11,61630100.0,power
BE,2019-04-12,79509500.0,power
BE,2019-04-13,54187500.0,power
BE,2019-04-14,41780500.0,power
BE,2019-04-15,61426900.0,power
BE,2019-04-16,75328200.0,power
BE,2019-04-17,66994800.0,power
BE,2019-04-18,44425900.0,power
BE,2019-04-19,38874200.0,power
BE,2019-04-20,37659200.0,power
BE,2019-04-21,37392900.0,power
BE,2019-04-22,35113000.0,power
BE,2019-04-23,38887600.0,power
BE,2019-04-24,32540300.0,power
BE,2019-04-25,37093400.0,power
BE,2019-04-26,50652800.0,power
BE,2019-04-27,44216100.0,power
BE,2019-04-28,48648700.0,power
BE,2019-04-29,60873800.0,power
BE,2019-04-30,61397400.0,power
BE,2019-05-01,43611600.0,power
BE,2019-05-02,45207200.0,power
BE,2019-05-03,50154900.0,power
BE,2019-05-04,37748400.0,power
BE,2019-05-05,37934400.0,power
BE,2019-05-06,54636300.0,power
BE,2019-05-07,52041600.0,power
BE,2019-05-08,39500900.0,power
BE,2019-05-09,47635200.0,power
BE,2019-05-10,52600800.0,power
BE,2019-05-11,36502300.0,power
BE,2019-05-12,34545100.0,power
BE,2019-05-13,42081300.0,power
BE,2019-05-14,43110200.0,power
BE,2019-05-15,52190600.0,power
BE,2019-05-16,52604800.0,power
BE,2019-05-17,57093600.0,power
BE,2019-05-18,48039100.0,power
BE,2019-05-19,47192900.0,power
BE,2019-05-20,53290600.0,power
BE,2019-05-21,50641600.0,power
BE,2019-05-22,49014400.0,power
BE,2019-05-23,48222300.0,power
BE,2019-05-24,50761799.99999999,power
BE,2019-05-25,38593300.0,power
BE,2019-05-26,29875800.0,power
BE,2019-05-27,57510200.0,power
BE,2019-05-28,62511900.0,power
BE,2019-05-29,58858900.0,power
BE,2019-05-30,36913600.0,power
BE,2019-05-31,47224100.0,power
BE,2019-06-01,45493300.0,power
BE,2019-06-02,34516700.0,power
BE,2019-06-03,51695700.0,power
BE,2019-06-04,51946900.0,power
BE,2019-06-05,58832600.0,power
BE,2019-06-06,58651500.0,power
BE,2019-06-07,46329300.0,power
BE,2019-06-08,32734500.0,power
BE,2019-06-09,44417500.0,power
BE,2019-06-10,50152200.0,power
BE,2019-06-11,72438500.0,power
BE,2019-06-12,78006600.0,power
BE,2019-06-13,62751100.0,power
BE,2019-06-14,71642700.0,power
BE,2019-06-15,47269400.0,power
BE,2019-06-16,41572800.0,power
BE,2019-06-17,71782600.0,power
BE,2019-06-18,73325900.0,power
BE,2019-06-19,72328200.0,power
BE,2019-06-20,65359900.0,power
BE,2019-06-21,71771900.0,power
BE,2019-06-22,42648600.0,power
BE,2019-06-23,43592400.0,power
BE,2019-06-24,66435399.99999999,power
BE,2019-06-25,74350800.0,power
BE,2019-06-26,74741300.0,power
BE,2019-06-27,66644000.0,power
BE,2019-06-28,67683700.0,power
BE,2019-06-29,62783100.0,power
BE,2019-06-30,48603000.0,power
BE,2019-07-01,70326600.0,power
BE,2019-07-02,68870200.0,power
BE,2019-07-03,59436800.0,power
BE,2019-07-04,58360200.0,power
BE,2019-07-05,71796600.0,power
BE,2019-07-06,44598400.0,power
BE,2019-07-07,43655200.0,power
BE,2019-07-08,60531000.0,power
BE,2019-07-09,63404600.0,power
BE,2019-07-10,63660600.0,power
BE,2019-07-11,68876100.0,power
BE,2019-07-12,73164100.0,power
BE,2019-07-13,46866100.0,power
BE,2019-07-14,47049800.0,power
BE,2019-07-15,69459800.0,power
BE,2019-07-16,69735900.0,power
BE,2019-07-17,79245300.0,power
BE,2019-07-18,73575200.0,power
BE,2019-07-19,78983200.0,power
BE,2019-07-20,49391900.0,power
BE,2019-07-21,47335100.0,power
BE,2019-07-22,66191500.0,power
BE,2019-07-23,78755300.0,power
BE,2019-07-24,76579300.0,power
BE,2019-07-25,72089500.0,power
BE,2019-07-26,72229200.0,power
BE,2019-07-27,56746900.0,power
BE,2019-07-28,49560300.0,power
BE,2019-07-29,66779899.99999999,power
BE,2019-07-30,47624400.0,power
BE,2019-07-31,61764500.0,power
BE,2019-08-01,74851800.0,power
BE,2019-08-02,75778400.0,power
BE,2019-08-03,59448700.0,power
BE,2019-08-04,49604700.0,power
BE,2019-08-05,64815800.0,power
BE,2019-08-06,69322900.0,power
BE,2019-08-07,70447200.0,power
BE,2019-08-08,58814200.0,power
BE,2019-08-09,56135300.0,power
BE,2019-08-10,28474400.0,power
BE,2019-08-11,34111900.0,power
BE,2019-08-12,60871400.0,power
BE,2019-08-13,58123800.0,power
BE,2019-08-14,57204600.0,power
BE,2019-08-15,30174000.0,power
BE,2019-08-16,43311500.0,power
BE,2019-08-17,30638100.0,power
BE,2019-08-18,32125700.0,power
BE,2019-08-19,48513400.0,power
BE,2019-08-20,74843100.0,power
BE,2019-08-21,77186000.0,power
BE,2019-08-22,65364400.0,power
BE,2019-08-23,63556900.0,power
BE,2019-08-24,49912300.0,power
BE,2019-08-25,45802700.0,power
BE,2019-08-26,75670700.0,power
BE,2019-08-27,74685000.0,power
BE,2019-08-28,71120500.0,power
BE,2019-08-29,74544900.0,power
BE,2019-08-30,69034100.0,power
BE,2019-08-31,53083700.0,power
BE,2019-09-01,46936800.0,power
BE,2019-09-02,67441300.0,power
BE,2019-09-03,73492500.0,power
BE,2019-09-04,68922700.0,power
BE,2019-09-05,67242500.0,power
BE,2019-09-06,65803000.0,power
BE,2019-09-07,50738800.0,power
BE,2019-09-08,42991700.0,power
BE,2019-09-09,68582700.0,power
BE,2019-09-10,67983000.0,power
BE,2019-09-11,66678700.0,power
BE,2019-09-12,65597600.00000001,power
BE,2019-09-13,70022500.0,power
BE,2019-09-14,49369000.0,power
BE,2019-09-15,41008600.0,power
BE,2019-09-16,73822900.0,power
BE,2019-09-17,69121900.0,power
BE,2019-09-18,69839200.0,power
BE,2019-09-19,83509400.0,power
BE,2019-09-20,81619300.0,power
BE,2019-09-21,50932800.0,power
BE,2019-09-22,46475200.0,power
BE,2019-09-23,84040400.0,power
BE,2019-09-24,85041100.0,power
BE,2019-09-25,77788400.0,power
BE,2019-09-26,72096100.0,power
BE,2019-09-27,77597300.0,power
BE,2019-09-28,33757300.0,power
BE,2019-09-29,36871000.0,power
BE,2019-09-30,63837200.0,power
BE,2019-10-01,73672100.0,power
BE,2019-10-02,72994500.0,power
BE,2019-10-03,78543500.0,power
BE,2019-10-04,77642700.0,power
BE,2019-10-05,64052500.0,power
BE,2019-10-06,53299400.0,power
BE,2019-10-07,83332600.0,power
BE,2019-10-08,79804900.0,power
BE,2019-10-09,78884800.0,power
BE,2019-10-10,74688500.0,power
BE,2019-10-11,69469000.0,power
BE,2019-10-12,71844600.0,power
BE,2019-10-13,50618900.0,power
BE,2019-10-14,88204100.0,power
BE,2019-10-15,94670900.0,power
BE,2019-10-16,92562600.0,power
BE,2019-10-17,91039100.0,power
BE,2019-10-18,78318700.0,power
BE,2019-10-19,77962500.0,power
BE,2019-10-20,77184400.0,power
BE,2019-10-21,92026000.0,power
BE,2019-10-22,102651800.0,power
BE,2019-10-23,100804000.0,power
BE,2019-10-24,89842900.0,power
BE,2019-10-25,78400800.0,power
BE,2019-10-26,41735700.0,power
BE,2019-10-27,72184000.0,power
BE,2019-10-28,99543000.0,power
BE,2019-10-29,106309100.0,power
BE,2019-10-30,105192700.0,power
BE,2019-10-31,108739000.0,power
BE,2019-11-01,73676700.0,power
BE,2019-11-02,44307100.0,power
BE,2019-11-03,52017500.0,power
BE,2019-11-04,88716500.0,power
BE,2019-11-05,101710400.0,power
BE,2019-11-06,111997000.0,power
BE,2019-11-07,101986700.0,power
BE,2019-11-08,102501200.0,power
BE,2019-11-09,87344400.0,power
BE,2019-11-10,69256400.0,power
BE,2019-11-11,77636400.0,power
BE,2019-11-12,84401900.0,power
BE,2019-11-13,101101400.0,power
BE,2019-11-14,104700900.0,power
BE,2019-11-15,108765000.0,power
BE,2019-11-16,99150000.0,power
BE,2019-11-17,75495700.0,power
BE,2019-11-18,91011000.0,power
BE,2019-11-19,99135600.0,power
BE,2019-11-20,106444200.0,power
BE,2019-11-21,102400100.0,power
BE,2019-11-22,78482000.0,power
BE,2019-11-23,68235800.0,power
BE,2019-11-24,63363800.0,power
BE,2019-11-25,83683000.0,power
BE,2019-11-26,79734200.0,power
BE,2019-11-27,57486700.0,power
BE,2019-11-28,60130500.0,power
BE,2019-11-29,83733700.0,power
BE,2019-11-30,60882300.0,power
BE,2019-12-01,66173899.99999999,power
BE,2019-12-02,97158600.0,power
BE,2019-12-03,95166700.0,power
BE,2019-12-04,100167700.0,power
BE,2019-12-05,96958800.0,power
BE,2019-12-06,71979800.0,power
BE,2019-12-07,53588900.0,power
BE,2019-12-08,43361900.0,power
BE,2019-12-09,64372900.0,power
BE,2019-12-10,79980000.0,power
BE,2019-12-11,87200100.0,power
BE,2019-12-12,79610500.0,power
BE,2019-12-13,67538400.0,power
BE,2019-12-14,31491200.0,power
BE,2019-12-15,37078200.0,power
BE,2019-12-16,79030500.0,power
BE,2019-12-17,76226900.0,power
BE,2019-12-18,74615100.0,power
BE,2019-12-19,38154700.0,power
BE,2019-12-20,36629600.0,power
BE,2019-12-21,34868700.0,power
BE,2019-12-22,27425900.0,power
BE,2019-12-23,29254800.0,power
BE,2019-12-24,28292900.0,power
BE,2019-12-25,32267300.0,power
BE,2019-12-26,37042400.0,power
BE,2019-12-27,44719800.0,power
BE,2019-12-28,40464600.0,power
BE,2019-12-29,38704700.0,power
BE,2019-12-30,38813700.0,power
BE,2019-12-31,48011600.0,power
BE,2020-01-01,45131800.0,power
BE,2020-01-02,58151100.0,power
BE,2020-01-03,67270600.0,power
BE,2020-01-04,65690600.00000001,power
BE,2020-01-05,63638700.0,power
BE,2020-01-06,79607400.0,power
BE,2020-01-07,85596400.0,power
BE,2020-01-08,88054100.0,power
BE,2020-01-09,83697900.0,power
BE,2020-01-10,82508300.0,power
BE,2020-01-11,59696100.0,power
BE,2020-01-12,51236300.0,power
BE,2020-01-13,79785000.0,power
BE,2020-01-14,46240900.0,power
BE,2020-01-15,64315400.0,power
BE,2020-01-16,78501800.0,power
BE,2020-01-17,70528900.0,power
BE,2020-01-18,67236100.0,power
BE,2020-01-19,64550800.0,power
BE,2020-01-20,97457700.0,power
BE,2020-01-21,104060300.0,power
BE,2020-01-22,104084400.0,power
BE,2020-01-23,91533800.0,power
BE,2020-01-24,92064000.0,power
BE,2020-01-25,97862400.00000001,power
BE,2020-01-26,80279900.0,power
BE,2020-01-27,80759100.0,power
BE,2020-01-28,63415300.0,power
BE,2020-01-29,76635200.0,power
BE,2020-01-30,62404500.0,power
BE,2020-01-31,58631900.0,power
BE,2020-02-01,31443600.0,power
BE,2020-02-02,31915200.0,power
BE,2020-02-03,55825200.0,power
BE,2020-02-04,67120500.0,power
BE,2020-02-05,86853300.0,power
BE,2020-02-06,96406500.0,power
BE,2020-02-07,95994400.0,power
BE,2020-02-08,50065100.0,power
BE,2020-02-09,29734400.0,power
BE,2020-02-10,34180500.0,power
BE,2020-02-11,46394500.0,power
BE,2020-02-12,73582000.0,power
BE,2020-02-13,78329400.0,power
BE,2020-02-14,88389000.0,power
BE,2020-02-15,30781300.0,power
BE,2020-02-16,30336500.0,power
BE,2020-02-17,56043100.0,power
BE,2020-02-18,60032700.0,power
BE,2020-02-19,79300400.0,power
BE,2020-02-20,67411500.0,power
BE,2020-02-21,57925200.0,power
BE,2020-02-22,48851700.0,power
BE,2020-02-23,37952600.0,power
BE,2020-02-24,74047900.0,power
BE,2020-02-25,52060500.0,power
BE,2020-02-26,98201300.0,power
BE,2020-02-27,108856900.0,power
BE,2020-02-28,85569400.0,power
BE,2020-02-29,29732300.0,power
BE,2020-03-01,32881199.999999996,power
BE,2020-03-02,90039200.0,power
BE,2020-03-03,99595800.0,power
BE,2020-03-04,100885100.0,power
BE,2020-03-05,99604800.0,power
BE,2020-03-06,88241900.0,power
BE,2020-03-07,54279799.99999999,power
BE,2020-03-08,41254900.0,power
BE,2020-03-09,94133900.0,power
BE,2020-03-10,59375000.0,power
BE,2020-03-11,61580200.0,power
BE,2020-03-12,38168300.0,power
BE,2020-03-13,73218400.0,power
BE,2020-03-14,63117500.0,power
BE,2020-03-15,36809000.0,power
BE,2020-03-16,80653700.0,power
BE,2020-03-17,80539300.0,power
BE,2020-03-18,63220900.0,power
BE,2020-03-19,83110600.0,power
BE,2020-03-20,38508000.0,power
BE,2020-03-21,39769400.0,power
BE,2020-03-22,34166700.0,power
BE,2020-03-23,32532500.0,power
BE,2020-03-24,31474100.0,power
BE,2020-03-25,38613900.0,power
BE,2020-03-26,37572200.0,power
BE,2020-03-27,38175200.0,power
BE,2020-03-28,30356700.0,power
BE,2020-03-29,31307100.0,power
BE,2020-03-30,42984100.0,power
BE,2020-03-31,68549100.0,power
BE,2020-04-01,71337200.0,power
BE,2020-04-02,47243900.0,power
BE,2020-04-03,55995700.0,power
BE,2020-04-04,28986400.0,power
BE,2020-04-05,28966000.0,power
BE,2020-04-06,34849400.0,power
BE,2020-04-07,40025700.0,power
BE,2020-04-08,37127900.0,power
BE,2020-04-09,36275400.0,power
BE,2020-04-10,35827600.0,power
BE,2020-04-11,36635300.0,power
BE,2020-04-12,35795000.0,power
BE,2020-04-13,29136200.0,power
BE,2020-04-14,31401700.0,power
BE,2020-04-15,28500700.0,power
BE,2020-04-16,35371200.0,power
BE,2020-04-17,36436600.0,power
BE,2020-04-18,29826200.0,power
BE,2020-04-19,31868300.0,power
BE,2020-04-20,31463000.0,power
BE,2020-04-21,30413100.0,power
BE,2020-04-22,34697300.0,power
BE,2020-04-23,64258900.0,power
BE,2020-04-24,42902700.0,power
BE,2020-04-25,40887200.0,power
BE,2020-04-26,39013600.0,power
BE,2020-04-27,57817400.0,power
BE,2020-04-28,60975600.0,power
BE,2020-04-29,36762600.0,power
BE,2020-04-30,28990400.0,power
BE,2020-05-01,28045300.0,power
BE,2020-05-02,31234500.0,power
BE,2020-05-03,34304600.0,power
BE,2020-05-04,47627700.0,power
BE,2020-05-05,38998500.0,power
BE,2020-05-06,51916600.0,power
BE,2020-05-07,66752899.99999999,power
BE,2020-05-08,46101500.0,power
BE,2020-05-09,37735800.0,power
BE,2020-05-10,33185100.0,power
BE,2020-05-11,34556300.0,power
BE,2020-05-12,63120600.0,power
BE,2020-05-13,70537200.0,power
BE,2020-05-14,57212600.0,power
BE,2020-05-15,60372500.0,power
BE,2020-05-16,40140900.0,power
BE,2020-05-17,38425000.0,power
BE,2020-05-18,51373100.0,power
BE,2020-05-19,71874900.0,power
BE,2020-05-20,73214000.0,power
BE,2020-05-21,53306000.0,power
BE,2020-05-22,37540300.0,power
BE,2020-05-23,35029700.0,power
BE,2020-05-24,39043300.0,power
BE,2020-05-25,63885300.0,power
BE,2020-05-26,74897600.0,power
BE,2020-05-27,74235600.0,power
BE,2020-05-28,59442300.0,power
BE,2020-05-29,60101000.0,power
BE,2020-05-30,32828199.999999996,power
BE,2020-05-31,30497000.0,power
BE,2020-06-01,38714700.0,power
BE,2020-06-02,74431400.0,power
BE,2020-06-03,72032300.0,power
BE,2020-06-04,65830100.00000001,power
BE,2020-06-05,61839300.0,power
BE,2020-06-06,31100100.000000004,power
BE,2020-06-07,44027600.0,power
BE,2020-06-08,78857900.0,power
BE,2020-06-09,78448100.0,power
BE,2020-06-10,76053000.0,power
BE,2020-06-11,74600100.0,power
BE,2020-06-12,71161200.0,power
BE,2020-06-13,59388800.0,power
BE,2020-06-14,52583800.0,power
BE,2020-06-15,71558800.0,power
BE,2020-06-16,82718000.0,power
BE,2020-06-17,87065700.0,power
BE,2020-06-18,84361200.0,power
BE,2020-06-19,85095100.0,power
BE,2020-06-20,73043700.0,power
BE,2020-06-21,46067300.0,power
BE,2020-06-22,85290300.0,power
BE,2020-06-23,88242200.0,power
BE,2020-06-24,84044200.0,power
BE,2020-06-25,82392500.0,power
BE,2020-06-26,82618100.0,power
BE,2020-06-27,74527000.0,power
BE,2020-06-28,47900600.0,power
BE,2020-06-29,81646500.0,power
BE,2020-06-30,83274100.0,power
BE,2020-07-01,92844200.0,power
BE,2020-07-02,98247100.0,power
BE,2020-07-03,87752200.0,power
BE,2020-07-04,48360800.0,power
BE,2020-07-05,26495200.0,power
BE,2020-07-06,56476100.0,power
BE,2020-07-07,90139300.0,power
BE,2020-07-08,95548700.0,power
BE,2020-07-09,92495200.0,power
BE,2020-07-10,98986200.0,power
BE,2020-07-11,87844100.0,power
BE,2020-07-12,72772300.0,power
BE,2020-07-13,89543500.0,power
BE,2020-07-14,103604100.0,power
BE,2020-07-15,104208400.0,power
BE,2020-07-16,107946500.0,power
BE,2020-07-17,105701300.0,power
BE,2020-07-18,99565000.0,power
BE,2020-07-19,90652100.0,power
BE,2020-07-20,94634600.0,power
BE,2020-07-21,98812500.0,power
BE,2020-07-22,105459400.0,power
BE,2020-07-23,102489300.0,power
BE,2020-07-24,101658300.0,power
BE,2020-07-25,77765100.0,power
BE,2020-07-26,53331100.0,power
BE,2020-07-27,91419600.0,power
BE,2020-07-28,72189600.0,power
BE,2020-07-29,91655100.0,power
BE,2020-07-30,92401400.00000001,power
BE,2020-07-31,86318000.0,power
BE,2020-08-01,78185100.0,power
BE,2020-08-02,77833900.0,power
BE,2020-08-03,81476000.0,power
BE,2020-08-04,83597800.0,power
BE,2020-08-05,70612000.0,power
BE,2020-08-06,79530400.0,power
BE,2020-08-07,77342500.0,power
BE,2020-08-08,64510000.0,power
BE,2020-08-09,57280100.0,power
BE,2020-08-10,75287000.0,power
BE,2020-08-11,78415700.0,power
BE,2020-08-12,79858000.0,power
BE,2020-08-13,84930900.0,power
BE,2020-08-14,85536500.0,power
BE,2020-08-15,77744200.0,power
BE,2020-08-16,77544800.0,power
BE,2020-08-17,82623600.0,power
BE,2020-08-18,74984300.0,power
BE,2020-08-19,67733500.0,power
BE,2020-08-20,76208900.0,power
BE,2020-08-21,70944300.0,power
BE,2020-08-22,54099900.0,power
BE,2020-08-23,55599500.0,power
BE,2020-08-24,76163300.0,power
BE,2020-08-25,74362000.0,power
BE,2020-08-26,80131400.0,power
BE,2020-08-27,91715100.0,power
BE,2020-08-28,83278400.00000001,power
BE,2020-08-29,80810800.0,power
BE,2020-08-30,66734899.99999999,power
BE,2020-08-31,81277900.0,power
BE,2020-09-01,81858400.0,power
BE,2020-09-02,83043100.0,power
BE,2020-09-03,73910300.0,power
BE,2020-09-04,76721300.0,power
BE,2020-09-05,53526500.0,power
BE,2020-09-06,57796800.0,power
BE,2020-09-07,71189700.0,power
BE,2020-09-08,78494100.0,power
BE,2020-09-09,75616100.0,power
BE,2020-09-10,74646300.0,power
BE,2020-09-11,76176400.0,power
BE,2020-09-12,60722300.0,power
BE,2020-09-13,44821200.0,power
BE,2020-09-14,80238900.0,power
BE,2020-09-15,80266100.0,power
BE,2020-09-16,75587300.0,power
BE,2020-09-17,71846700.0,power
BE,2020-09-18,67629600.0,power
BE,2020-09-19,62156100.0,power
BE,2020-09-20,56880800.0,power
BE,2020-09-21,63471800.0,power
BE,2020-09-22,69502500.0,power
BE,2020-09-23,63569000.0,power
BE,2020-09-24,52167100.0,power
BE,2020-09-25,59596900.0,power
BE,2020-09-26,39058600.0,power
BE,2020-09-27,44128400.0,power
BE,2020-09-28,69594200.0,power
BE,2020-09-29,71746000.0,power
BE,2020-09-30,66486300.0,power
BE,2020-10-01,72069600.0,power
BE,2020-10-02,68271600.0,power
BE,2020-10-03,60151500.0,power
BE,2020-10-04,26274100.0,power
BE,2020-10-05,49219900.0,power
BE,2020-10-06,54134900.0,power
BE,2020-10-07,61248800.0,power
BE,2020-10-08,62662500.0,power
BE,2020-10-09,72394500.0,power
BE,2020-10-10,32528700.0,power
BE,2020-10-11,33045400.0,power
BE,2020-10-12,67341100.0,power
BE,2020-10-13,80479300.0,power
BE,2020-10-14,83177000.0,power
BE,2020-10-15,82487300.0,power
BE,2020-10-16,89175000.0,power
BE,2020-10-17,75864200.0,power
BE,2020-10-18,61040000.0,power
BE,2020-10-19,65976600.00000001,power
BE,2020-10-20,51135600.0,power
BE,2020-10-21,44283100.0,power
BE,2020-10-22,76381000.0,power
BE,2020-10-23,77506600.0,power
BE,2020-10-24,26442600.0,power
BE,2020-10-25,31553700.0,power
BE,2020-10-26,47726900.0,power
BE,2020-10-27,37152400.0,power
BE,2020-10-28,32977600.0,power
BE,2020-10-29,59999900.0,power
BE,2020-10-30,40939100.0,power
BE,2020-10-31,30794700.0,power
BE,2020-11-01,28079700.0,power
BE,2020-11-02,31553500.0,power
BE,2020-11-03,56219000.0,power
BE,2020-11-04,77245300.0,power
BE,2020-11-05,71768900.0,power
BE,2020-11-06,65821500.0,power
BE,2020-11-07,38923200.0,power
BE,2020-11-08,32126500.0,power
BE,2020-11-09,73274700.0,power
BE,2020-11-10,76247300.0,power
BE,2020-11-11,60892700.0,power
BE,2020-11-12,57901200.0,power
BE,2020-11-13,62640700.0,power
BE,2020-11-14,29970700.0,power
BE,2020-11-15,27527600.0,power
BE,2020-11-16,50548100.0,power
BE,2020-11-17,68862700.0,power
BE,2020-11-18,44823600.0,power
BE,2020-11-19,55393200.0,power
BE,2020-11-20,80271000.0,power
BE,2020-11-21,41254700.0,power
BE,2020-11-22,65593800.0,power
BE,2020-11-23,96326600.0,power
BE,2020-11-24,87634000.0,power
BE,2020-11-25,97369800.0,power
BE,2020-11-26,109572200.0,power
BE,2020-11-27,111679300.0,power
BE,2020-11-28,103129800.0,power
BE,2020-11-29,95137700.0,power
BE,2020-11-30,95224200.0,power
BE,2020-12-01,93451600.0,power
BE,2020-12-02,106392800.0,power
BE,2020-12-03,99232800.0,power
BE,2020-12-04,79308300.0,power
BE,2020-12-05,97440500.0,power
BE,2020-12-06,86420700.0,power
BE,2020-12-07,111371000.0,power
BE,2020-12-08,108888500.0,power
BE,2020-12-09,110487300.0,power
BE,2020-12-10,107912200.0,power
BE,2020-12-11,90480400.0,power
BE,2020-12-12,90069500.0,power
BE,2020-12-13,59883100.0,power
BE,2020-12-14,62636300.0,power
BE,2020-12-15,97551400.0,power
BE,2020-12-16,80710100.0,power
BE,2020-12-17,81081700.0,power
BE,2020-12-18,57014200.0,power
BE,2020-12-19,35250300.0,power
BE,2020-12-20,45482300.0,power
BE,2020-12-21,43078200.0,power
BE,2020-12-22,60597000.0,power
BE,2020-12-23,44910400.0,power
BE,2020-12-24,42399500.0,power
BE,2020-12-25,45065100.0,power
BE,2020-12-26,37338400.0,power
BE,2020-12-27,37999100.0,power
BE,2020-12-28,48114300.0,power
BE,2020-12-29,50062400.0,power
BE,2020-12-30,66910100.00000001,power
BE,2020-12-31,50159100.0,power
BE,2021-01-01,41598900.0,power
BE,2021-01-02,62222800.0,power
BE,2021-01-03,48689700.0,power
BE,2021-01-04,74276000.0,power
BE,2021-01-05,100986200.0,power
BE,2021-01-06,109230000.0,power
BE,2021-01-07,104890700.0,power
BE,2021-01-08,109639000.0,power
BE,2021-01-09,95060000.0,power
BE,2021-01-10,83266300.0,power
BE,2021-01-11,73165800.0,power
BE,2021-01-12,89089700.0,power
BE,2021-01-13,93196100.0,power
BE,2021-01-14,90871300.0,power
BE,2021-01-15,97911300.0,power
BE,2021-01-16,61233500.0,power
BE,2021-01-17,67043100.00000001,power
BE,2021-01-18,82282000.0,power
BE,2021-01-19,58770300.0,power
BE,2021-01-20,47866400.0,power
BE,2021-01-21,52299000.0,power
BE,2021-01-22,74292000.0,power
BE,2021-01-23,38526000.0,power
BE,2021-01-24,35429200.0,power
BE,2021-01-25,74925500.0,power
BE,2021-01-26,77424000.0,power
BE,2021-01-27,89814900.0,power
BE,2021-01-28,75894600.0,power
BE,2021-01-29,44004800.0,power
BE,2021-01-30,47903500.0,power
BE,2021-01-31,48511700.0,power
BE,2021-02-01,85583300.0,power
BE,2021-02-02,56902100.0,power
BE,2021-02-03,59214500.0,power
BE,2021-02-04,87027200.0,power
BE,2021-02-05,61849900.0,power
BE,2021-02-06,42171200.0,power
BE,2021-02-07,42056900.0,power
BE,2021-02-08,66613399.99999999,power
BE,2021-02-09,87729500.0,power
BE,2021-02-10,99926200.0,power
BE,2021-02-11,107270000.0,power
BE,2021-02-12,90603200.0,power
BE,2021-02-13,62540600.0,power
BE,2021-02-14,45606600.0,power
BE,2021-02-15,62596800.0,power
BE,2021-02-16,66125899.99999999,power
BE,2021-02-17,56337200.0,power
BE,2021-02-18,40392900.0,power
BE,2021-02-19,46842700.0,power
BE,2021-02-20,31715100.0,power
BE,2021-02-21,36445700.0,power
BE,2021-02-22,52574000.0,power
BE,2021-02-23,46749400.0,power
BE,2021-02-24,42012600.0,power
BE,2021-02-25,57889700.00000001,power
BE,2021-02-26,52831700.0,power
BE,2021-02-27,41139100.0,power
BE,2021-02-28,36597500.0,power
BE,2021-03-01,74653700.0,power
BE,2021-03-02,89707200.0,power
BE,2021-03-03,100027500.0,power
BE,2021-03-04,102360100.0,power
BE,2021-03-05,82724500.0,power
BE,2021-03-06,40558700.0,power
BE,2021-03-07,43597300.0,power
BE,2021-03-08,92399000.0,power
BE,2021-03-09,107582300.0,power
BE,2021-03-10,62767700.00000001,power
BE,2021-03-11,32183400.0,power
BE,2021-03-12,33402699.999999996,power
BE,2021-03-13,27101000.0,power
BE,2021-03-14,29298300.0,power
BE,2021-03-15,45378800.0,power
BE,2021-03-16,79553099.99999999,power
BE,2021-03-17,86939600.0,power
BE,2021-03-18,105443000.0,power
BE,2021-03-19,60263000.0,power
BE,2021-03-20,49125000.0,power
BE,2021-03-21,36373700.0,power
BE,2021-03-22,98078000.0,power
BE,2021-03-23,96193800.0,power
BE,2021-03-24,84185200.0,power
BE,2021-03-25,83720100.0,power
BE,2021-03-26,44208200.0,power
BE,2021-03-27,39269300.0,power
BE,2021-03-28,31330700.0,power
BE,2021-03-29,36236100.0,power
BE,2021-03-30,57613200.0,power
BE,2021-03-31,65214000.0,power
BE,2021-04-01,51014100.0,power
BE,2021-04-02,35871700.0,power
BE,2021-04-03,29012300.0,power
BE,2021-04-04,28860900.0,power
BE,2021-04-05,31115900.0,power
BE,2021-04-06,47575700.0,power
BE,2021-04-07,80144200.0,power
BE,2021-04-08,88543900.0,power
BE,2021-04-09,73071200.0,power
BE,2021-04-10,61362600.0,power
BE,2021-04-11,57177200.00000001,power
BE,2021-04-12,102848700.0,power
BE,2021-04-13,103902000.0,power
BE,2021-04-14,100246300.0,power
BE,2021-04-15,98647900.0,power
BE,2021-04-16,81164800.0,power
BE,2021-04-17,53708400.0,power
BE,2021-04-18,65523800.0,power
BE,2021-04-19,94054700.0,power
BE,2021-04-20,89406000.0,power
BE,2021-04-21,69911900.0,power
BE,2021-04-22,72718600.0,power
BE,2021-04-23,77988700.0,power
BE,2021-04-24,37304200.0,power
BE,2021-04-25,36083700.0,power
BE,2021-04-26,67294800.0,power
BE,2021-04-27,69338000.0,power
BE,2021-04-28,73730100.0,power
BE,2021-04-29,79933800.0,power
BE,2021-04-30,85588500.0,power
BE,2021-05-01,35504400.0,power
BE,2021-05-02,35475200.0,power
BE,2021-05-03,40154200.0,power
BE,2021-05-04,28670500.0,power
BE,2021-05-05,32478200.0,power
BE,2021-05-06,68368900.0,power
BE,2021-05-07,68750100.0,power
BE,2021-05-08,32908699.999999996,power
BE,2021-05-09,31329300.0,power
BE,2021-05-10,46091600.0,power
BE,2021-05-11,58154600.0,power
BE,2021-05-12,51709700.0,power
BE,2021-05-13,30275900.0,power
BE,2021-05-14,31519800.0,power
BE,2021-05-15,34860800.0,power
BE,2021-05-16,27303400.0,power
BE,2021-05-17,35772800.0,power
BE,2021-05-18,50410200.0,power
BE,2021-05-19,54333800.0,power
BE,2021-05-20,52615000.0,power
BE,2021-05-21,28076300.0,power
BE,2021-05-22,29600900.0,power
BE,2021-05-23,26766300.0,power
BE,2021-05-24,33703800.0,power
BE,2021-05-25,37244600.0,power
BE,2021-05-26,57891600.0,power
BE,2021-05-27,62661100.0,power
BE,2021-05-28,61969299.99999999,power
BE,2021-05-29,34480600.0,power
BE,2021-05-30,31756500.0,power
BE,2021-05-31,47993400.0,power
BE,2021-06-01,44444500.0,power
BE,2021-06-02,41370900.0,power
BE,2021-06-03,33119100.0,power
BE,2021-06-04,53733400.0,power
BE,2021-06-05,39428000.0,power
BE,2021-06-06,34422700.0,power
BE,2021-06-07,58901400.0,power
BE,2021-06-08,55279400.0,power
BE,2021-06-09,62885400.0,power
BE,2021-06-10,61647500.0,power
BE,2021-06-11,55603100.0,power
BE,2021-06-12,32315600.0,power
BE,2021-06-13,33594500.0,power
BE,2021-06-14,52109799.99999999,power
BE,2021-06-15,56971900.0,power
BE,2021-06-16,60243900.0,power
BE,2021-06-17,61033800.0,power
BE,2021-06-18,57094300.0,power
BE,2021-06-19,53205800.0,power
BE,2021-06-20,33863200.0,power
BE,2021-06-21,49140200.0,power
BE,2021-06-22,54955900.0,power
BE,2021-06-23,67418200.0,power
BE,2021-06-24,60837600.0,power
BE,2021-06-25,49881900.0,power
BE,2021-06-26,39812900.0,power
BE,2021-06-27,37360000.0,power
BE,2021-06-28,55334200.0,power
BE,2021-06-29,61873800.0,power
BE,2021-06-30,55925000.0,power
BE,2021-07-01,49746700.0,power
BE,2021-07-02,42572200.0,power
BE,2021-07-03,33818700.0,power
BE,2021-07-04,32162700.0,power
BE,2021-07-05,39225600.0,power
BE,2021-07-06,32684400.0,power
BE,2021-07-07,42378300.0,power
BE,2021-07-08,50441700.0,power
BE,2021-07-09,57667500.0,power
BE,2021-07-10,34219700.0,power
BE,2021-07-11,33056100.0,power
BE,2021-07-12,46249000.0,power
BE,2021-07-13,53836300.0,power
BE,2021-07-14,40232500.0,power
BE,2021-07-15,49475600.0,power
BE,2021-07-16,44057200.0,power
BE,2021-07-17,36990400.0,power
BE,2021-07-18,33459199.999999996,power
BE,2021-07-19,35343800.0,power
BE,2021-07-20,35516200.0,power
BE,2021-07-21,45993300.0,power
BE,2021-07-22,44807800.0,power
BE,2021-07-23,45494900.0,power
BE,2021-07-24,31109600.0,power
BE,2021-07-25,28656500.0,power
BE,2021-07-26,32686400.0,power
BE,2021-07-27,37634200.0,power
BE,2021-07-28,35637100.0,power
BE,2021-07-29,31530300.0,power
BE,2021-07-30,29078700.0,power
BE,2021-07-31,29415400.0,power
BE,2021-08-01,32776800.000000004,power
BE,2021-08-02,33520800.000000004,power
BE,2021-08-03,42516900.0,power
BE,2021-08-04,40642700.0,power
BE,2021-08-05,32620900.0,power
BE,2021-08-06,32901000.0,power
BE,2021-08-07,34664500.0,power
BE,2021-08-08,27179300.0,power
BE,2021-08-09,29896500.0,power
BE,2021-08-10,33290300.000000004,power
BE,2021-08-11,37275500.0,power
BE,2021-08-12,36229300.0,power
BE,2021-08-13,30739700.0,power
BE,2021-08-14,32823900.0,power
BE,2021-08-15,28104400.0,power
BE,2021-08-16,29489900.0,power
BE,2021-08-17,30312200.0,power
BE,2021-08-18,32657900.0,power
BE,2021-08-19,34914100.0,power
BE,2021-08-20,42429100.0,power
BE,2021-08-21,30469600.0,power
BE,2021-08-22,29940900.0,power
BE,2021-08-23,31551500.0,power
BE,2021-08-24,32573600.0,power
BE,2021-08-25,36785800.0,power
BE,2021-08-26,32364600.0,power
BE,2021-08-27,31771600.0,power
BE,2021-08-28,30375100.0,power
BE,2021-08-29,30388400.0,power
BE,2021-08-30,30949000.0,power
BE,2021-08-31,32962100.0,power
BE,2021-09-01,44152200.0,power
BE,2021-09-02,33235900.0,power
BE,2021-09-03,24772899.999999996,power
BE,2021-09-04,22802200.0,power
BE,2021-09-05,21853300.0,power
BE,2021-09-06,42052900.0,power
BE,2021-09-07,40536600.0,power
BE,2021-09-08,30886700.0,power
BE,2021-09-09,41813400.0,power
BE,2021-09-10,41217800.0,power
BE,2021-09-11,24443700.0,power
BE,2021-09-12,25659900.0,power
BE,2021-09-13,42137500.0,power
BE,2021-09-14,43726900.0,power
BE,2021-09-15,52621100.0,power
BE,2021-09-16,38655600.0,power
BE,2021-09-17,33580300.0,power
BE,2021-09-18,22908300.0,power
BE,2021-09-19,23902600.0,power
BE,2021-09-20,36510300.0,power
BE,2021-09-21,25665600.0,power
BE,2021-09-22,24966900.0,power
BE,2021-09-23,24240700.0,power
BE,2021-09-24,25430500.0,power
BE,2021-09-25,24104700.0,power
BE,2021-09-26,28344300.0,power
BE,2021-09-27,32359300.0,power
BE,2021-09-28,29971000.0,power
BE,2021-09-29,25597800.0,power
BE,2021-09-30,26144600.0,power
BE,2021-10-01,25033400.0,power
BE,2021-10-02,18686900.0,power
BE,2021-10-03,21659000.0,power
BE,2021-10-04,33162100.0,power
BE,2021-10-05,28182000.0,power
BE,2021-10-06,38260500.0,power
BE,2021-10-07,40247800.0,power
BE,2021-10-08,31195200.0,power
BE,2021-10-09,27619000.0,power
BE,2021-10-10,24564600.0,power
BE,2021-10-11,31144600.0,power
BE,2021-10-12,39940300.0,power
BE,2021-10-13,43470200.0,power
BE,2021-10-14,31575100.0,power
BE,2021-10-15,40540800.0,power
BE,2021-10-16,23484200.0,power
BE,2021-10-17,22420600.0,power
BE,2021-10-18,37957500.0,power
BE,2021-10-19,25015899.999999996,power
BE,2021-10-20,21736900.0,power
BE,2021-10-21,27051300.0,power
BE,2021-10-22,33751500.0,power
BE,2021-10-23,35795400.0,power
BE,2021-10-24,21135500.0,power
BE,2021-10-25,58518000.0,power
BE,2021-10-26,52553700.0,power
BE,2021-10-27,38244300.0,power
BE,2021-10-28,36809900.0,power
BE,2021-10-29,28759800.0,power
BE,2021-10-30,23847200.0,power
BE,2021-10-31,18929700.0,power
BE,2021-11-01,21098800.0,power
BE,2021-11-02,89236500.0,power
BE,2021-11-03,90905800.0,power
BE,2021-11-04,75425200.0,power
BE,2021-11-05,84579300.0,power
BE,2021-11-06,31124200.0,power
BE,2021-11-07,42493600.0,power
BE,2021-11-08,98219100.0,power
BE,2021-11-09,85094500.0,power
BE,2021-11-10,102801800.0,power
BE,2021-11-11,107127400.0,power
BE,2021-11-12,66852200.0,power
BE,2021-11-13,54327100.0,power
BE,2021-11-14,46313000.0,power
BE,2021-11-15,99896200.0,power
BE,2021-11-16,107424900.0,power
BE,2021-11-17,83516400.0,power
BE,2021-11-18,59169800.0,power
BE,2021-11-19,61700100.0,power
BE,2021-11-20,48947100.0,power
BE,2021-11-21,44667600.0,power
BE,2021-11-22,94083700.0,power
BE,2021-11-23,102234900.0,power
BE,2021-11-24,102809100.0,power
BE,2021-11-25,101201200.0,power
BE,2021-11-26,74829700.0,power
BE,2021-11-27,59629600.0,power
BE,2021-11-28,60470900.0,power
BE,2021-11-29,92823500.0,power
BE,2021-11-30,55254800.0,power
BE,2021-12-01,49980100.0,power
BE,2021-12-02,85912100.0,power
BE,2021-12-03,83217600.0,power
BE,2021-12-04,41851700.0,power
BE,2021-12-05,59243000.0,power
BE,2021-12-06,85134300.0,power
BE,2021-12-07,75022400.0,power
BE,2021-12-08,65449400.0,power
BE,2021-12-09,82078800.0,power
BE,2021-12-10,83823100.0,power
BE,2021-12-11,73937700.0,power
BE,2021-12-12,33799100.0,power
BE,2021-12-13,83500500.0,power
BE,2021-12-14,89133100.0,power
BE,2021-12-15,91684200.0,power
BE,2021-12-16,98083900.0,power
BE,2021-12-17,93278300.0,power
BE,2021-12-18,57618700.0,power
BE,2021-12-19,53818100.0,power
BE,2021-12-20,98871800.0,power
BE,2021-12-21,99333900.0,power
BE,2021-12-22,92995100.0,power
BE,2021-12-23,37374600.0,power
BE,2021-12-24,41644300.0,power
BE,2021-12-25,28645200.0,power
BE,2021-12-26,30067000.0,power
BE,2021-12-27,30194100.0,power
BE,2021-12-28,28454800.0,power
BE,2021-12-29,28503200.0,power
BE,2021-12-30,25224300.0,power
BE,2021-12-31,24717500.0,power
BE,2022-01-01,25478700.0,power
BE,2022-01-02,25863300.0,power
BE,2022-01-03,31163500.0,power
BE,2022-01-04,38818500.0,power
BE,2022-01-05,37517900.0,power
BE,2022-01-06,49014400.0,power
BE,2022-01-07,36738500.0,power
BE,2022-01-08,31987000.0,power
BE,2022-01-09,36906400.0,power
BE,2022-01-10,106466800.0,power
BE,2022-01-11,109973100.0,power
BE,2022-01-12,110244800.0,power
BE,2022-01-13,105813700.0,power
BE,2022-01-14,107428400.0,power
BE,2022-01-15,87410400.0,power
BE,2022-01-16,51556400.0,power
BE,2022-01-17,89303500.0,power
BE,2022-01-18,109620500.0,power
BE,2022-01-19,87973400.0,power
BE,2022-01-20,71681700.0,power
BE,2022-01-21,89136300.0,power
BE,2022-01-22,78463300.0,power
BE,2022-01-23,81849500.0,power
BE,2022-01-24,116242800.0,power
BE,2022-01-25,119010300.0,power
BE,2022-01-26,99610900.0,power
BE,2022-01-27,52857100.0,power
BE,2022-01-28,71571100.0,power
BE,2022-01-29,27277500.0,power
BE,2022-01-30,30443900.0,power
BE,2022-01-31,44464500.0,power
BE,2022-02-01,46039200.0,power
BE,2022-02-02,70839600.0,power
BE,2022-02-03,70411900.0,power
BE,2022-02-04,34849500.0,power
BE,2022-02-05,26641700.0,power
BE,2022-02-06,28353900.0,power
BE,2022-02-07,41096900.0,power
BE,2022-02-08,36206800.0,power
BE,2022-02-09,48149300.0,power
BE,2022-02-10,68765100.0,power
BE,2022-02-11,77038600.0,power
BE,2022-02-12,32399899.999999996,power
BE,2022-02-13,25929700.0,power
BE,2022-02-14,41669500.0,power
BE,2022-02-15,43897400.0,power
BE,2022-02-16,35663800.0,power
BE,2022-02-17,38186700.0,power
BE,2022-02-18,32072000.0,power
BE,2022-02-19,31633400.0,power
BE,2022-02-20,26946600.000000004,power
BE,2022-02-21,47624900.0,power
BE,2022-02-22,37344900.0,power
BE,2022-02-23,39721000.0,power
BE,2022-02-24,33111600.0,power
BE,2022-02-25,45333700.0,power
BE,2022-02-26,34483100.0,power
BE,2022-02-27,28732600.0,power
BE,2022-02-28,32010300.0,power
BE,2022-03-01,78370100.0,power
BE,2022-03-02,96793400.0,power
BE,2022-03-03,61905200.0,power
BE,2022-03-04,43967800.0,power
BE,2022-03-05,31947700.0,power
BE,2022-03-06,29045500.0,power
BE,2022-03-07,47992600.0,power
BE,2022-03-08,38333200.0,power
BE,2022-03-09,39406700.0,power
BE,2022-03-10,39913799.99999999,power
BE,2022-03-11,26278100.0,power
BE,2022-03-12,26210000.0,power
BE,2022-03-13,34606300.0,power
BE,2022-03-14,81103100.0,power
BE,2022-03-15,88195700.0,power
BE,2022-03-16,58619400.0,power
BE,2022-03-17,57216500.0,power
BE,2022-03-18,31168400.0,power
BE,2022-03-19,25541700.0,power
BE,2022-03-20,32142500.0,power
BE,2022-03-21,41647000.0,power
BE,2022-03-22,55609400.0,power
BE,2022-03-23,75112000.0,power
BE,2022-03-24,64819500.0,power
BE,2022-03-25,45310400.0,power
BE,2022-03-26,29191600.0,power
BE,2022-03-27,37170200.0,power
BE,2022-03-28,63352400.0,power
BE,2022-03-29,69900800.0,power
BE,2022-03-30,73160500.0,power
BE,2022-03-31,39163200.0,power
BE,2022-04-01,38151200.0,power
BE,2022-04-02,35720800.0,power
BE,2022-04-03,40701900.0,power
BE,2022-04-04,29482800.0,power
BE,2022-04-05,36765000.0,power
BE,2022-04-06,27100600.0,power
BE,2022-04-07,23327500.0,power
BE,2022-04-08,42409799.99999999,power
BE,2022-04-09,27720100.000000004,power
BE,2022-04-10,28635100.0,power
BE,2022-04-11,38324900.0,power
BE,2022-04-12,29857500.0,power
BE,2022-04-13,45556500.0,power
BE,2022-04-14,51230400.0,power
BE,2022-04-15,30122900.0,power
BE,2022-04-16,26898800.0,power
BE,2022-04-17,25865800.0,power
BE,2022-04-18,26122100.0,power
BE,2022-04-19,56584500.0,power
BE,2022-04-20,46423600.0,power
BE,2022-04-21,43900600.0,power
BE,2022-04-22,26255600.0,power
BE,2022-04-23,24935200.0,power
BE,2022-04-24,22827300.0,power
BE,2022-04-25,55851100.0,power
BE,2022-04-26,54621500.0,power
BE,2022-04-27,58295000.0,power
BE,2022-04-28,36416900.0,power
BE,2022-04-29,43494100.0,power
BE,2022-04-30,31777300.0,power
BE,2022-05-01,28028500.0,power
BE,2022-05-02,42558200.0,power
BE,2022-05-03,46270900.0,power
BE,2022-05-04,58707100.0,power
BE,2022-05-05,53038100.0,power
BE,2022-05-06,38979900.0,power
BE,2022-05-07,26804200.0,power
BE,2022-05-08,30286399.999999996,power
BE,2022-05-09,42103500.0,power
BE,2022-05-10,30814600.0,power
BE,2022-05-11,34697800.0,power
BE,2022-05-12,42326500.0,power
BE,2022-05-13,31651000.0,power
BE,2022-05-14,33613700.0,power
BE,2022-05-15,28468300.0,power
BE,2022-05-16,45879800.0,power
BE,2022-05-17,69048600.0,power
BE,2022-05-18,67963300.0,power
BE,2022-05-19,61993700.00000001,power
BE,2022-05-20,54882200.0,power
BE,2022-05-21,31364300.0,power
BE,2022-05-22,37027600.0,power
BE,2022-05-23,53415200.0,power
BE,2022-05-24,46719300.0,power
BE,2022-05-25,39572700.0,power
BE,2022-05-26,23835600.0,power
BE,2022-05-27,23707200.0,power
BE,2022-05-28,24538100.0,power
BE,2022-05-29,28530600.000000004,power
BE,2022-05-30,54319600.0,power
BE,2022-05-31,58217799.99999999,power
BE,2022-06-01,54665100.0,power
BE,2022-06-02,44538100.0,power
BE,2022-06-03,46211700.0,power
BE,2022-06-04,30890600.0,power
BE,2022-06-05,30206400.0,power
BE,2022-06-06,30017500.0,power
BE,2022-06-07,54347100.0,power
BE,2022-06-08,57851000.0,power
BE,2022-06-09,50419500.0,power
BE,2022-06-10,39692300.0,power
BE,2022-06-11,27182300.0,power
BE,2022-06-12,29471400.0,power
BE,2022-06-13,33466900.0,power
BE,2022-06-14,48717900.0,power
BE,2022-06-15,54198300.0,power
BE,2022-06-16,47116299.99999999,power
BE,2022-06-17,35869900.0,power
BE,2022-06-18,34917200.0,power
BE,2022-06-19,30876400.0,power
BE,2022-06-20,52734800.0,power
BE,2022-06-21,62503900.0,power
BE,2022-06-22,59799100.0,power
BE,2022-06-23,63447800.0,power
BE,2022-06-24,51771200.0,power
BE,2022-06-25,40034200.0,power
BE,2022-06-26,42988000.0,power
BE,2022-06-27,57642000.0,power
BE,2022-06-28,63583200.0,power
BE,2022-06-29,70558600.0,power
BE,2022-06-30,73551100.0,power
BE,2022-07-01,44334700.0,power
BE,2022-07-02,28327300.0,power
BE,2022-07-03,31000700.0,power
BE,2022-07-04,47138400.0,power
BE,2022-07-05,57574900.0,power
BE,2022-07-06,53092200.0,power
BE,2022-07-07,30589700.0,power
BE,2022-07-08,43461700.0,power
BE,2022-07-09,28149300.0,power
BE,2022-07-10,29605400.0,power
BE,2022-07-11,76723100.0,power
BE,2022-07-12,80717100.0,power
BE,2022-07-13,73937100.0,power
BE,2022-07-14,44600300.0,power
BE,2022-07-15,47199300.0,power
BE,2022-07-16,41050800.0,power
BE,2022-07-17,51677000.0,power
BE,2022-07-18,88800600.0,power
BE,2022-07-19,83485400.0,power
BE,2022-07-20,92128300.0,power
BE,2022-07-21,91936800.0,power
BE,2022-07-22,88631500.0,power
BE,2022-07-23,63568200.0,power
BE,2022-07-24,45966400.0,power
BE,2022-07-25,46411400.0,power
BE,2022-07-26,77821000.0,power
BE,2022-07-27,89559100.0,power
BE,2022-07-28,83094700.0,power
BE,2022-07-29,86717000.0,power
BE,2022-07-30,68152000.0,power
BE,2022-07-31,55094600.0,power
BE,2022-08-01,84636700.0,power
BE,2022-08-02,56168100.0,power
BE,2022-08-03,70251100.0,power
BE,2022-08-04,90675100.0,power
BE,2022-08-05,91764700.0,power
BE,2022-08-06,33635300.0,power
BE,2022-08-07,45015200.0,power
BE,2022-08-08,79153500.0,power
BE,2022-08-09,66868300.0,power
BE,2022-08-10,74883300.0,power
BE,2022-08-11,48327300.0,power
BE,2022-08-12,68492400.0,power
BE,2022-08-13,60374800.0,power
BE,2022-08-14,53136700.0,power
BE,2022-08-15,81571800.0,power
BE,2022-08-16,84014700.0,power
BE,2022-08-17,93046000.0,power
BE,2022-08-18,87963000.0,power
BE,2022-08-19,87953900.0,power
BE,2022-08-20,65791899.99999999,power
BE,2022-08-21,49678000.0,power
BE,2022-08-22,77848600.0,power
BE,2022-08-23,76410600.0,power
BE,2022-08-24,78918100.0,power
BE,2022-08-25,78327100.0,power
BE,2022-08-26,79644800.0,power
BE,2022-08-27,72761400.0,power
BE,2022-08-28,43957700.0,power
BE,2022-08-29,80442900.0,power
BE,2022-08-30,75329800.0,power
BE,2022-08-31,65224400.0,power
BE,2022-09-01,81687600.0,power
BE,2022-09-02,79176900.0,power
BE,2022-09-03,60500100.0,power
BE,2022-09-04,47108300.0,power
BE,2022-09-05,65216300.0,power
BE,2022-09-06,76234100.0,power
BE,2022-09-07,83039400.0,power
BE,2022-09-08,83432000.0,power
BE,2022-09-09,53967100.0,power
BE,2022-09-10,46551200.0,power
BE,2022-09-11,37407800.0,power
BE,2022-09-12,46305100.0,power
BE,2022-09-13,59922200.0,power
BE,2022-09-14,64196300.0,power
BE,2022-09-15,30825100.0,power
BE,2022-09-16,21333500.0,power
BE,2022-09-17,23636500.0,power
BE,2022-09-18,24046800.0,power
BE,2022-09-19,56007700.0,power
BE,2022-09-20,74858500.0,power
BE,2022-09-21,81407600.0,power
BE,2022-09-22,76926000.0,power
BE,2022-09-23,82757600.0,power
BE,2022-09-24,74376900.0,power
BE,2022-09-25,65320900.0,power
BE,2022-09-26,60047200.0,power
BE,2022-09-27,74647400.0,power
BE,2022-09-28,81388000.0,power
BE,2022-09-29,83674200.0,power
BE,2022-09-30,57777900.0,power
BE,2022-10-01,27806100.0,power
BE,2022-10-02,42061500.0,power
BE,2022-10-03,81222700.0,power
BE,2022-10-04,72413400.0,power
BE,2022-10-05,38201500.0,power
BE,2022-10-06,47191700.0,power
BE,2022-10-07,40967300.0,power
BE,2022-10-08,42608800.0,power
BE,2022-10-09,41259400.0,power
BE,2022-10-10,70933700.0,power
BE,2022-10-11,85552800.0,power
BE,2022-10-12,88710500.0,power
BE,2022-10-13,93023300.0,power
BE,2022-10-14,86567900.0,power
BE,2022-10-15,57473600.0,power
BE,2022-10-16,39911100.0,power
BE,2022-10-17,72698700.0,power
BE,2022-10-18,87014900.0,power
BE,2022-10-19,79891400.0,power
BE,2022-10-20,82376000.0,power
BE,2022-10-21,80679300.0,power
BE,2022-10-22,60137800.0,power
BE,2022-10-23,48295900.0,power
BE,2022-10-24,57603500.0,power
BE,2022-10-25,81192000.0,power
BE,2022-10-26,70481400.0,power
BE,2022-10-27,57507600.0,power
BE,2022-10-28,59885000.0,power
BE,2022-10-29,58581900.0,power
BE,2022-10-30,61510900.0,power
BE,2022-10-31,69347800.0,power
BE,2022-11-01,26615200.0,power
BE,2022-11-02,40722400.0,power
BE,2022-11-03,54846600.0,power
BE,2022-11-04,72650600.0,power
BE,2022-11-05,30030300.0,power
BE,2022-11-06,13647200.0,power
BE,2022-11-07,23476000.0,power
BE,2022-11-08,20461100.0,power
BE,2022-11-09,36054400.0,power
BE,2022-11-10,58072100.0,power
BE,2022-11-11,43058000.0,power
BE,2022-11-12,78120400.0,power
BE,2022-11-13,46206500.0,power
BE,2022-11-14,50254900.0,power
BE,2022-11-15,23334300.0,power
BE,2022-11-16,25004700.0,power
BE,2022-11-17,23421600.0,power
BE,2022-11-18,43172200.0,power
BE,2022-11-19,29185400.0,power
BE,2022-11-20,25360000.0,power
BE,2022-11-21,63370300.0,power
BE,2022-11-22,32946300.000000004,power
BE,2022-11-23,23787800.0,power
BE,2022-11-24,28566600.0,power
BE,2022-11-25,46466100.0,power
BE,2022-11-26,25071500.0,power
BE,2022-11-27,24981100.0,power
BE,2022-11-28,91344900.0,power
BE,2022-11-29,100404000.0,power
BE,2022-11-30,109767900.00000001,power
BE,2022-12-01,107842800.0,power
BE,2022-12-02,96103100.0,power
BE,2022-12-03,65998300.0,power
BE,2022-12-04,71022800.0,power
BE,2022-12-05,91274200.0,power
BE,2022-12-06,99290000.0,power
BE,2022-12-07,110274200.0,power
BE,2022-12-08,110661300.0,power
BE,2022-12-09,109242500.0,power
BE,2022-12-10,107033700.0,power
BE,2022-12-11,90364900.0,power
BE,2022-12-12,117934100.0,power
BE,2022-12-13,120204000.0,power
BE,2022-12-14,117394400.0,power
BE,2022-12-15,110303700.0,power
BE,2022-12-16,105753300.0,power
BE,2022-12-17,68586400.0,power
BE,2022-12-18,44920600.0,power
BE,2022-12-19,28212500.0,power
BE,2022-12-20,39303600.0,power
BE,2022-12-21,42580900.0,power
BE,2022-12-22,46067000.0,power
BE,2022-12-23,33528500.0,power
BE,2022-12-24,24519500.0,power
BE,2022-12-25,23497200.0,power
BE,2022-12-26,23228700.0,power
BE,2022-12-27,24970900.0,power
BE,2022-12-28,19356700.0,power
BE,2022-12-29,20881800.0,power
BE,2022-12-30,20603200.0,power
BE,2022-12-31,19207800.0,power
BE,2023-01-01,20782500.0,power
BE,2023-01-02,31298600.0,power
BE,2023-01-03,36150800.0,power
BE,2023-01-04,24597800.0,power
BE,2023-01-05,42465900.0,power
BE,2023-01-06,28591800.0,power
BE,2023-01-07,21836500.0,power
BE,2023-01-08,20707300.0,power
BE,2023-01-09,23390800.0,power
BE,2023-01-10,27625600.0,power
BE,2023-01-11,22089200.0,power
BE,2023-01-12,21462700.0,power
BE,2023-01-13,23447100.0,power
BE,2023-01-14,20895900.0,power
BE,2023-01-15,18314100.0,power
BE,2023-01-16,22622200.0,power
BE,2023-01-17,79884700.0,power
BE,2023-01-18,86925700.0,power
BE,2023-01-19,93614000.0,power
BE,2023-01-20,98765500.0,power
BE,2023-01-21,64309600.0,power
BE,2023-01-22,64393700.0,power
BE,2023-01-23,109971000.0,power
BE,2023-01-24,118769800.0,power
BE,2023-01-25,120890100.0,power
BE,2023-01-26,111290100.0,power
BE,2023-01-27,103914500.0,power
BE,2023-01-28,99625500.0,power
BE,2023-01-29,67748500.0,power
BE,2023-01-30,64232400.0,power
BE,2023-01-31,61563600.0,power
BE,2023-02-01,39639900.0,power
BE,2023-02-02,54168200.0,power
BE,2023-02-03,46839700.0,power
BE,2023-02-04,57068200.0,power
BE,2023-02-05,32506899.999999996,power
BE,2023-02-06,74505400.0,power
BE,2023-02-07,107806700.0,power
BE,2023-02-08,93811300.0,power
BE,2023-02-09,95260100.0,power
BE,2023-02-10,80211100.0,power
BE,2023-02-11,70765300.0,power
BE,2023-02-12,59220500.0,power
BE,2023-02-13,109107400.0,power
BE,2023-02-14,107117500.0,power
BE,2023-02-15,80763500.0,power
BE,2023-02-16,57561600.0,power
BE,2023-02-17,34125100.0,power
BE,2023-02-18,36943700.0,power
BE,2023-02-19,39965900.0,power
BE,2023-02-20,41267000.0,power
BE,2023-02-21,82077099.99999999,power
BE,2023-02-22,99531200.0,power
BE,2023-02-23,105784500.0,power
BE,2023-02-24,73060400.0,power
BE,2023-02-25,39759300.0,power
BE,2023-02-26,38503700.0,power
BE,2023-02-27,78363100.0,power
BE,2023-02-28,93013500.0,power
BE,2023-03-01,88252300.0,power
BE,2023-03-02,86380400.0,power
BE,2023-03-03,106711300.0,power
BE,2023-03-04,81869700.0,power
BE,2023-03-05,70539900.0,power
BE,2023-03-06,92923600.0,power
BE,2023-03-07,96397300.0,power
BE,2023-03-08,98109200.0,power
BE,2023-03-09,59301000.0,power
BE,2023-03-10,52164500.0,power
BE,2023-03-11,36898100.0,power
BE,2023-03-12,27991900.0,power
BE,2023-03-13,24522000.0,power
BE,2023-03-14,41982100.0,power
BE,2023-03-15,78576600.0,power
BE,2023-03-16,33999100.0,power
BE,2023-03-17,42002200.0,power
BE,2023-03-18,36988100.0,power
BE,2023-03-19,41822100.0,power
BE,2023-03-20,75917200.0,power
BE,2023-03-21,65035900.0,power
BE,2023-03-22,22168300.0,power
BE,2023-03-23,20746900.0,power
BE,2023-03-24,18503900.0,power
BE,2023-03-25,21408100.0,power
BE,2023-03-26,28701500.0,power
BE,2023-03-27,72937200.0,power
BE,2023-03-28,67218700.0,power
BE,2023-03-29,57245000.0,power
BE,2023-03-30,21172900.0,power
BE,2023-03-31,24724200.0,power
BE,2023-04-01,20538300.0,power
BE,2023-04-02,25603400.0,power
BE,2023-04-03,43255800.0,power
BE,2023-04-04,54773700.0,power
BE,2023-04-05,69036300.0,power
BE,2023-04-06,60760000.0,power
BE,2023-04-07,53908800.0,power
BE,2023-04-08,36298800.0,power
BE,2023-04-09,29147500.0,power
BE,2023-04-10,21582600.0,power
BE,2023-04-11,28939700.0,power
BE,2023-04-12,32707100.0,power
BE,2023-04-13,43347000.0,power
BE,2023-04-14,59703700.0,power
BE,2023-04-15,30416500.0,power
BE,2023-04-16,35755700.0,power
BE,2023-04-17,57717900.0,power
BE,2023-04-18,32378000.0,power
BE,2023-04-19,31243400.0,power
BE,2023-04-20,38465200.0,power
BE,2023-04-21,48872500.0,power
BE,2023-04-22,31844000.0,power
BE,2023-04-23,30915200.0,power
BE,2023-04-24,39760100.0,power
BE,2023-04-25,60852300.0,power
BE,2023-04-26,64754500.0,power
BE,2023-04-27,52548700.0,power
BE,2023-04-28,65571600.00000001,power
BE,2023-04-29,35851900.0,power
BE,2023-04-30,26408500.0,power
BE,2023-05-01,28685100.0,power
BE,2023-05-02,49801900.0,power
BE,2023-05-03,28935300.0,power
BE,2023-05-04,31089900.0,power
BE,2023-05-05,41354800.0,power
BE,2023-05-06,29366400.0,power
BE,2023-05-07,29218100.0,power
BE,2023-05-08,35481500.0,power
BE,2023-05-09,54744900.0,power
BE,2023-05-10,41794900.0,power
BE,2023-05-11,66104899.99999999,power
BE,2023-05-12,41693100.0,power
BE,2023-05-13,26683600.0,power
BE,2023-05-14,28062800.0,power
BE,2023-05-15,32173700.0,power
BE,2023-05-16,27927600.0,power
BE,2023-05-17,32667300.0,power
BE,2023-05-18,28574900.0,power
BE,2023-05-19,26757800.0,power
BE,2023-05-20,23900700.0,power
BE,2023-05-21,23892200.0,power
BE,2023-05-22,34891500.0,power
BE,2023-05-23,27067400.0,power
BE,2023-05-24,46871200.0,power
BE,2023-05-25,28407000.0,power
BE,2023-05-26,26554000.0,power
BE,2023-05-27,31288900.0,power
BE,2023-05-28,23490500.0,power
BE,2023-05-29,21623400.0,power
BE,2023-05-30,29368200.0,power
BE,2023-05-31,30630600.0,power
BE,2023-06-01,37959300.0,power
BE,2023-06-02,48055900.0,power
BE,2023-06-03,27846600.0,power
BE,2023-06-04,33778200.0,power
BE,2023-06-05,67189800.0,power
BE,2023-06-06,64443900.0,power
BE,2023-06-07,72243600.0,power
BE,2023-06-08,61673100.0,power
BE,2023-06-09,47604900.0,power
BE,2023-06-10,24495000.0,power
BE,2023-06-11,27661100.0,power
BE,2023-06-12,53487200.0,power
BE,2023-06-13,47190799.99999999,power
BE,2023-06-14,59182200.0,power
BE,2023-06-15,57972700.0,power
BE,2023-06-16,51711200.0,power
BE,2023-06-17,42523800.0,power
BE,2023-06-18,35540900.0,power
BE,2023-06-19,53094000.0,power
BE,2023-06-20,65336900.0,power
BE,2023-06-21,47561700.0,power
BE,2023-06-22,64082400.0,power
BE,2023-06-23,48985600.0,power
BE,2023-06-24,31919000.0,power
BE,2023-06-25,28943600.0,power
BE,2023-06-26,29187500.0,power
BE,2023-06-27,46516200.0,power
BE,2023-06-28,64715600.0,power
BE,2023-06-29,68005900.0,power
BE,2023-06-30,46222500.0,power
BE,2023-07-01,17672000.0,power
BE,2023-07-02,16764900.000000002,power
BE,2023-07-03,24100200.0,power
BE,2023-07-04,35039100.0,power
BE,2023-07-05,25354800.0,power
BE,2023-07-06,58629200.0,power
BE,2023-07-07,35578400.0,power
BE,2023-07-08,35899600.0,power
BE,2023-07-09,41256100.0,power
BE,2023-07-10,70208600.0,power
BE,2023-07-11,45598200.0,power
BE,2023-07-12,35427300.0,power
BE,2023-07-13,45695400.0,power
BE,2023-07-14,37982500.0,power
BE,2023-07-15,18595700.0,power
BE,2023-07-16,23081200.0,power
BE,2023-07-17,35393000.0,power
BE,2023-07-18,63601200.0,power
BE,2023-07-19,63956300.0,power
BE,2023-07-20,69926600.0,power
BE,2023-07-21,57101200.0,power
BE,2023-07-22,26078300.0,power
BE,2023-07-23,17642600.0,power
BE,2023-07-24,34447700.0,power
BE,2023-07-25,43013700.0,power
BE,2023-07-26,36105400.0,power
BE,2023-07-27,27984600.0,power
BE,2023-07-28,35785400.0,power
BE,2023-07-29,27679000.0,power
BE,2023-07-30,18630400.0,power
BE,2023-07-31,21999300.0,power
BE,2023-08-01,27426800.0,power
BE,2023-08-02,25134200.0,power
BE,2023-08-03,27437200.0,power
BE,2023-08-04,48038900.0,power
BE,2023-08-05,27142200.0,power
BE,2023-08-06,19460900.0,power
BE,2023-08-07,28767800.0,power
BE,2023-08-08,29700700.0,power
BE,2023-08-09,42936900.0,power
BE,2023-08-10,42976300.0,power
BE,2023-08-11,33904100.0,power
BE,2023-08-12,24434700.0,power
BE,2023-08-13,24992200.0,power
BE,2023-08-14,27743000.0,power
BE,2023-08-15,33741900.0,power
BE,2023-08-16,55821400.0,power
BE,2023-08-17,33492100.0,power
BE,2023-08-18,31449400.0,power
BE,2023-08-19,32066000.0,power
BE,2023-08-20,37482700.0,power
BE,2023-08-21,56343500.0,power
BE,2023-08-22,69790300.0,power
BE,2023-08-23,75017800.0,power
BE,2023-08-24,72206500.0,power
BE,2023-08-25,79457300.0,power
BE,2023-08-26,40270600.0,power
BE,2023-08-27,30465300.0,power
BE,2023-08-28,53783900.0,power
BE,2023-08-29,55033200.0,power
BE,2023-08-30,42201300.0,power
BE,2023-08-31,44674800.0,power
BE,2023-09-01,48004600.0,power
BE,2023-09-02,34262600.0,power
BE,2023-09-03,28828600.0,power
BE,2023-09-04,38305200.0,power
BE,2023-09-05,45599700.0,power
BE,2023-09-06,55712600.0,power
BE,2023-09-07,55781100.0,power
BE,2023-09-08,61477500.0,power
BE,2023-09-09,39313700.0,power
BE,2023-09-10,29885600.0,power
BE,2023-09-11,57450000.0,power
BE,2023-09-12,66759700.0,power
BE,2023-09-13,51181900.0,power
BE,2023-09-14,57218500.0,power
BE,2023-09-15,33939800.0,power
BE,2023-09-16,25269200.0,power
BE,2023-09-17,23985300.0,power
BE,2023-09-18,19323700.0,power
BE,2023-09-19,17407300.0,power
BE,2023-09-20,14824700.0,power
BE,2023-09-21,41467100.0,power
BE,2023-09-22,32138800.0,power
BE,2023-09-23,17984200.0,power
BE,2023-09-24,14422600.0,power
BE,2023-09-25,37374700.0,power
BE,2023-09-26,40063800.0,power
BE,2023-09-27,40864300.0,power
BE,2023-09-28,32377100.0,power
BE,2023-09-29,21283400.0,power
BE,2023-09-30,23484700.0,power
BE,2023-10-01,20384600.0,power
BE,2023-10-02,42848500.0,power
BE,2023-10-03,15593800.0,power
BE,2023-10-04,29998000.0,power
BE,2023-10-05,43265500.0,power
BE,2023-10-06,15626000.0,power
BE,2023-10-07,11448000.0,power
BE,2023-10-08,30718100.000000004,power
BE,2023-10-09,55810700.0,power
BE,2023-10-10,30348900.0,power
BE,2023-10-11,19367800.0,power
BE,2023-10-12,49572900.0,power
BE,2023-10-13,14034900.0,power
BE,2023-10-14,16212700.0,power
BE,2023-10-15,13756100.0,power
BE,2023-10-16,35111600.0,power
BE,2023-10-17,16964000.0,power
BE,2023-10-18,14215700.0,power
BE,2023-10-19,26041400.0,power
BE,2023-10-20,21410400.0,power
BE,2023-10-21,14118100.0,power
BE,2023-10-22,19909400.0,power
BE,2023-10-23,34785600.0,power
BE,2023-10-24,34158700.0,power
BE,2023-10-25,31953900.0,power
BE,2023-10-26,34437900.0,power
BE,2023-10-27,27165800.0,power
BE,2023-10-28,14369100.0,power
BE,2023-10-29,13362200.0,power
BE,2023-10-30,23049600.0,power
BE,2023-10-31,23620400.0,power
BE,2023-11-01,14087600.0,power
BE,2023-11-02,16005600.0,power
BE,2023-11-03,15799700.0,power
BE,2023-11-04,13054700.0,power
BE,2023-11-05,13664900.0,power
BE,2023-11-06,19195500.0,power
BE,2023-11-07,24619800.0,power
BE,2023-11-08,23329400.0,power
BE,2023-11-09,24463300.0,power
BE,2023-11-10,25380500.0,power
BE,2023-11-11,22876100.0,power
BE,2023-11-12,22115100.0,power
BE,2023-11-13,19889200.0,power
BE,2023-11-14,17862300.0,power
BE,2023-11-15,18548500.0,power
BE,2023-11-16,37016600.0,power
BE,2023-11-17,37649600.0,power
BE,2023-11-18,17014400.0,power
BE,2023-11-19,10882400.0,power
BE,2023-11-20,26088700.0,power
BE,2023-11-21,40755300.0,power
BE,2023-11-22,28901200.0,power
BE,2023-11-23,18562500.0,power
BE,2023-11-24,13541800.0,power
BE,2023-11-25,18674500.0,power
BE,2023-11-26,25148200.0,power
BE,2023-11-27,31724500.0,power
BE,2023-11-28,65875000.0,power
BE,2023-11-29,82176800.0,power
BE,2023-11-30,94289300.0,power
BE,2023-12-01,89719900.0,power
BE,2023-12-02,72262200.0,power
BE,2023-12-03,26751100.0,power
BE,2023-12-04,47840600.0,power
BE,2023-12-05,68864300.0,power
BE,2023-12-06,85904800.0,power
BE,2023-12-07,62255000.0,power
BE,2023-12-08,37776200.0,power
BE,2023-12-09,17163800.0,power
BE,2023-12-10,17201500.0,power
BE,2023-12-11,32482500.0,power
BE,2023-12-12,37426500.0,power
BE,2023-12-13,37827100.0,power
BE,2023-12-14,63140400.0,power
BE,2023-12-15,37505800.0,power
BE,2023-12-16,22138800.0,power
BE,2023-12-17,16676200.0,power
BE,2023-12-18,25898400.0,power
BE,2023-12-19,23116300.0,power
BE,2023-12-20,17077300.0,power
BE,2023-12-21,14635200.0,power
BE,2023-12-22,14680300.0,power
BE,2023-12-23,13698600.0,power
BE,2023-12-24,13525000.0,power
BE,2023-12-25,13795000.0,power
BE,2023-12-26,20118500.0,power
BE,2023-12-27,14568000.0,power
BE,2023-12-28,14641100.0,power
BE,2023-12-29,15153800.0,power
BE,2023-12-30,13740900.0,power
BE,2023-12-31,14173800.0,power
BE,2024-01-01,15595600.0,power
BE,2024-01-02,16228400.0,power
BE,2024-01-03,17582600.0,power
BE,2024-01-04,37992700.0,power
BE,2024-01-05,27391500.0,power
BE,2024-01-06,34009300.0,power
BE,2024-01-07,22236600.0,power
BE,2024-01-08,65685399.99999999,power
BE,2024-01-09,83372500.0,power
BE,2024-01-10,96722200.0,power
BE,2024-01-11,101092600.0,power
BE,2024-01-12,99124800.0,power
BE,2024-01-13,59213500.0,power
BE,2024-01-14,47018800.0,power
BE,2024-01-15,65368600.0,power
BE,2024-01-16,90086000.0,power
BE,2024-01-17,83494400.0,power
BE,2024-01-18,83422400.0,power
BE,2024-01-19,75510400.0,power
BE,2024-01-20,42756900.0,power
BE,2024-01-21,18559600.0,power
BE,2024-01-22,22210700.0,power
BE,2024-01-23,24544100.0,power
BE,2024-01-24,25863500.0,power
BE,2024-01-25,45088400.0,power
BE,2024-01-26,20505000.0,power
BE,2024-01-27,30993100.000000004,power
BE,2024-01-28,21425500.0,power
BE,2024-01-29,34138200.0,power
BE,2024-01-30,30680400.0,power
BE,2024-01-31,33566200.0,power
BE,2024-02-01,26746200.0,power
BE,2024-02-02,27563800.0,power
BE,2024-02-03,19993300.0,power
BE,2024-02-04,19245500.0,power
BE,2024-02-05,21125800.0,power
BE,2024-02-06,25861900.0,power
BE,2024-02-07,40659600.0,power
BE,2024-02-08,30876100.0,power
BE,2024-02-09,21656800.0,power
BE,2024-02-10,29857900.0,power
BE,2024-02-11,27845600.0,power
BE,2024-02-12,37238100.0,power
BE,2024-02-13,33874200.0,power
BE,2024-02-14,38605700.0,power
BE,2024-02-15,32522600.0,power
BE,2024-02-16,22528400.0,power
BE,2024-02-17,29351100.0,power
BE,2024-02-18,25288500.0,power
BE,2024-02-19,25763700.0,power
BE,2024-02-20,26676600.0,power
BE,2024-02-21,21053600.0,power
BE,2024-02-22,25702600.0,power
BE,2024-02-23,23783600.0,power
BE,2024-02-24,23672600.0,power
BE,2024-02-25,31233500.0,power
BE,2024-02-26,39051600.0,power
BE,2024-02-27,64735600.0,power
BE,2024-02-28,58698000.0,power
BE,2024-02-29,27515600.0,power
BE,2024-03-01,31079000.0,power
BE,2024-03-02,28946900.0,power
BE,2024-03-03,30532400.0,power
BE,2024-03-04,66258100.00000001,power
BE,2024-03-05,82400100.0,power
BE,2024-03-06,78896800.0,power
BE,2024-03-07,34072300.0,power
BE,2024-03-08,16017600.0,power
BE,2024-03-09,18708200.0,power
BE,2024-03-10,29815300.0,power
BE,2024-03-11,47016400.0,power
BE,2024-03-12,51818700.0,power
BE,2024-03-13,29426600.0,power
BE,2024-03-14,26355600.000000004,power
BE,2024-03-15,18883800.0,power
BE,2024-03-16,30179700.0,power
BE,2024-03-17,25350500.0,power
BE,2024-03-18,33468600.0,power
BE,2024-03-19,42138600.0,power
BE,2024-03-20,45940600.0,power
BE,2024-03-21,29284700.0,power
BE,2024-03-22,20568000.0,power
BE,2024-03-23,20763100.0,power
BE,2024-03-24,18237400.0,power
BE,2024-03-25,30854600.000000004,power
BE,2024-03-26,29821600.0,power
BE,2024-03-27,20155900.0,power
BE,2024-03-28,17912400.0,power
BE,2024-03-29,19147500.0,power
BE,2024-03-30,26308800.0,power
BE,2024-03-31,21712100.0,power
BE,2024-04-01,18768400.0,power
BE,2024-04-02,18956300.0,power
BE,2024-04-03,19340000.0,power
BE,2024-04-04,17651600.0,power
BE,2024-04-05,16763500.0,power
BE,2024-04-06,16590200.0,power
BE,2024-04-07,18781100.0,power
BE,2024-04-08,42062800.0,power
BE,2024-04-09,22964200.0,power
BE,2024-04-10,21210300.0,power
BE,2024-04-11,28335600.0,power
BE,2024-04-12,22665000.0,power
BE,2024-04-13,15904400.0,power
BE,2024-04-14,17291500.0,power
BE,2024-04-15,20368700.0,power
BE,2024-04-16,28338500.0,power
BE,2024-04-17,47027100.0,power
BE,2024-04-18,39630800.0,power
BE,2024-04-19,21759900.0,power
BE,2024-04-20,19575000.0,power
BE,2024-04-21,18005300.0,power
BE,2024-04-22,30637000.0,power
BE,2024-04-23,40885400.0,power
BE,2024-04-24,24765600.0,power
BE,2024-04-25,36825100.0,power
BE,2024-04-26,35306000.0,power
BE,2024-04-27,19080300.0,power
BE,2024-04-28,19077400.0,power
BE,2024-04-29,31996600.0,power
BE,2024-04-30,26920200.0,power
BE,2024-05-01,18463800.0,power
BE,2024-05-02,19902100.0,power
BE,2024-05-03,25088600.0,power
BE,2024-05-04,28428500.0,power
BE,2024-05-05,25599100.0,power
BE,2024-05-06,37621700.0,power
BE,2024-05-07,26594300.0,power
BE,2024-05-08,30881200.0,power
BE,2024-05-09,16804600.0,power
BE,2024-05-10,15652000.0,power
BE,2024-05-11,15759600.0,power
BE,2024-05-12,17194700.0,power
BE,2024-05-13,18798900.0,power
BE,2024-05-14,18569700.0,power
BE,2024-05-15,22490700.0,power
BE,2024-05-16,24632800.0,power
BE,2024-05-17,28260100.0,power
BE,2024-05-18,19780300.0,power
BE,2024-05-19,20893400.0,power
BE,2024-05-20,20580000.0,power
BE,2024-05-21,27295000.0,power
BE,2024-05-22,22722900.0,power
BE,2024-05-23,27069200.0,power
BE,2024-05-24,34097800.0,power
BE,2024-05-25,21069300.0,power
BE,2024-05-26,21826900.0,power
BE,2024-05-27,25389600.0,power
BE,2024-05-28,23387000.0,power
BE,2024-05-29,19913900.0,power
BE,2024-05-30,23231000.0,power
BE,2024-05-31,24354900.0,power
BE,2024-06-01,19058100.0,power
BE,2024-06-02,20901700.0,power
BE,2024-06-03,47847800.0,power
BE,2024-06-04,40561700.0,power
BE,2024-06-05,30387100.0,power
BE,2024-06-06,36310800.0,power
BE,2024-06-07,30381000.0,power
BE,2024-06-08,23465900.0,power
BE,2024-06-09,19330500.0,power
BE,2024-06-10,24754100.0,power
BE,2024-06-11,26068300.0,power
BE,2024-06-12,30629600.0,power
BE,2024-06-13,23480700.0,power
BE,2024-06-14,23629600.0,power
BE,2024-06-15,16152600.0,power
BE,2024-06-16,15417000.0,power
BE,2024-06-17,20947800.0,power
BE,2024-06-18,30797000.0,power
BE,2024-06-19,17862600.0,power
BE,2024-06-20,30047800.0,power
BE,2024-06-21,27992300.0,power
BE,2024-06-22,17682200.0,power
BE,2024-06-23,21948200.0,power
BE,2024-06-24,25450000.0,power
BE,2024-06-25,27903900.0,power
BE,2024-06-26,40888000.0,power
BE,2024-06-27,27489100.0,power
BE,2024-06-28,24217800.0,power
BE,2024-06-29,22197800.0,power
BE,2024-06-30,21755900.0,power
BE,2024-07-01,27313000.0,power
BE,2024-07-02,22989000.0,power
BE,2024-07-03,23302600.0,power
BE,2024-07-04,17531100.0,power
BE,2024-07-05,17191100.0,power
BE,2024-07-06,16870600.0,power
BE,2024-07-07,18499500.0,power
BE,2024-07-08,32005800.0,power
BE,2024-07-09,25711600.0,power
BE,2024-07-10,23856800.0,power
BE,2024-07-11,36973600.0,power
BE,2024-07-12,21952300.0,power
BE,2024-07-13,21112200.0,power
BE,2024-07-14,23610800.0,power
BE,2024-07-15,28470300.0,power
BE,2024-07-16,25302600.0,power
BE,2024-07-17,27004600.0,power
BE,2024-07-18,34107400.0,power
BE,2024-07-19,30050500.0,power
BE,2024-07-20,18178700.0,power
BE,2024-07-21,18321500.0,power
BE,2024-07-22,17354500.0,power
BE,2024-07-23,20228500.0,power
BE,2024-07-24,25729100.0,power
BE,2024-07-25,24897400.0,power
BE,2024-07-26,25978400.0,power
BE,2024-07-27,23179700.0,power
BE,2024-07-28,16341200.0,power
BE,2024-07-29,21944200.0,power
BE,2024-07-30,28031399.999999996,power
BE,2024-07-31,29144800.0,power
BE,2024-08-01,30353800.0,power
BE,2024-08-02,24824300.0,power
BE,2024-08-03,17702200.0,power
BE,2024-08-04,17303200.0,power
BE,2024-08-05,24239800.0,power
BE,2024-08-06,26951000.0,power
BE,2024-08-07,24413600.0,power
BE,2024-08-08,18005800.0,power
BE,2024-08-09,17300500.0,power
BE,2024-08-10,17825100.0,power
BE,2024-08-11,18315000.0,power
BE,2024-08-12,23283800.0,power
BE,2024-08-13,28970400.0,power
BE,2024-08-14,29838200.0,power
BE,2024-08-15,18218400.0,power
BE,2024-08-16,24184600.0,power
BE,2024-08-17,23718300.0,power
BE,2024-08-18,18486300.0,power
BE,2024-08-19,21517400.0,power
BE,2024-08-20,19905800.0,power
BE,2024-08-21,17391000.0,power
BE,2024-08-22,19272500.0,power
BE,2024-08-23,18620200.0,power
BE,2024-08-24,22344300.0,power
BE,2024-08-25,18031000.0,power
BE,2024-08-26,26891800.0,power
BE,2024-08-27,27377900.0,power
BE,2024-08-28,28031800.0,power
BE,2024-08-29,43502400.0,power
BE,2024-08-30,31843400.0,power
BE,2024-08-31,19526700.0,power
BE,2024-09-01,21553400.0,power
BE,2024-09-02,43787600.0,power
BE,2024-09-03,61070200.0,power
BE,2024-09-04,59463300.0,power
BE,2024-09-05,21162100.0,power
BE,2024-09-06,28924500.0,power
BE,2024-09-07,18586900.0,power
BE,2024-09-08,13601900.0,power
BE,2024-09-09,21597800.0,power
BE,2024-09-10,17433800.0,power
BE,2024-09-11,18382200.0,power
BE,2024-09-12,21332900.0,power
BE,2024-09-13,22916900.0,power
BE,2024-09-14,24278800.0,power
BE,2024-09-15,19190900.0,power
BE,2024-09-16,18581300.0,power
BE,2024-09-17,19477700.0,power
BE,2024-09-18,22096400.0,power
BE,2024-09-19,24015700.0,power
BE,2024-09-20,24310300.0,power
BE,2024-09-21,19110900.0,power
BE,2024-09-22,18509500.0,power
BE,2024-09-23,26268200.0,power
BE,2024-09-24,22750300.0,power
BE,2024-09-25,15199000.0,power
BE,2024-09-26,17309200.0,power
BE,2024-09-27,16134500.0,power
BE,2024-09-28,17563500.0,power
BE,2024-09-29,17479800.0,power
BE,2024-09-30,15672700.0,power
BE,2024-10-01,24510500.0,power
BE,2024-10-02,27672300.0,power
BE,2024-10-03,23537500.0,power
BE,2024-10-04,26926800.0,power
BE,2024-10-05,22850200.0,power
BE,2024-10-06,18038800.0,power
BE,2024-10-07,20141200.0,power
BE,2024-10-08,18410100.0,power
BE,2024-10-09,19215200.0,power
BE,2024-10-10,22404900.0,power
BE,2024-10-11,28642700.0,power
BE,2024-10-12,18949800.0,power
BE,2024-10-13,18927100.0,power
BE,2024-10-14,50610500.0,power
BE,2024-10-15,27396300.0,power
BE,2024-10-16,22770000.0,power
BE,2024-10-17,24509000.0,power
BE,2024-10-18,24701700.0,power
BE,2024-10-19,17976100.0,power
BE,2024-10-20,17473100.0,power
BE,2024-10-21,30586399.999999996,power
BE,2024-10-22,29209300.0,power
BE,2024-10-23,28863800.0,power
BE,2024-10-24,26939900.0,power
BE,2024-10-25,26520300.0,power
BE,2024-10-26,18915500.0,power
BE,2024-10-27,19173300.0,power
BE,2024-10-28,22518000.0,power
BE,2024-10-29,49549500.0,power
BE,2024-10-30,54331000.0,power
BE,2024-10-31,42662300.0,power
BE,2024-11-01,24056000.0,power
BE,2024-11-02,36556300.0,power
BE,2024-11-03,35727000.0,power
BE,2024-11-04,73296200.0,power
BE,2024-11-05,80934900.0,power
BE,2024-11-06,91727200.0,power
BE,2024-11-07,91860000.0,power
BE,2024-11-08,89865000.0,power
BE,2024-11-09,77770300.0,power
BE,2024-11-10,70574100.0,power
BE,2024-11-11,54555300.0,power
BE,2024-11-12,72670600.0,power
BE,2024-11-13,85517200.0,power
BE,2024-11-14,78280300.0,power
BE,2024-11-15,79513600.0,power
BE,2024-11-16,28081600.0,power
BE,2024-11-17,21160300.0,power
BE,2024-11-18,55034900.0,power
BE,2024-11-19,57221200.0,power
BE,2024-11-20,41547500.0,power
BE,2024-11-21,74433100.0,power
BE,2024-11-22,32349200.0,power
BE,2024-11-23,21067000.0,power
BE,2024-11-24,16294000.0,power
BE,2024-11-25,25332600.0,power
BE,2024-11-26,50986400.0,power
BE,2024-11-27,35175500.0,power
BE,2024-11-28,59845700.0,power
BE,2024-11-29,63609900.0,power
BE,2024-11-30,35777000.0,power
BE,2024-12-01,25677000.0,power
BE,2024-12-02,48156800.0,power
BE,2024-12-03,81304200.0,power
BE,2024-12-04,87137200.0,power
BE,2024-12-05,24433400.0,power
BE,2024-12-06,30424200.0,power
BE,2024-12-07,17681700.0,power
BE,2024-12-08,14001100.0,power
BE,2024-12-09,27642100.0,power
BE,2024-12-10,75684400.0,power
BE,2024-12-11,98536000.0,power
BE,2024-12-12,108703800.0,power
BE,2024-12-13,102454100.0,power
BE,2024-12-14,53141400.0,power
BE,2024-12-15,19745600.0,power
BE,2024-12-16,43312100.0,power
BE,2024-12-17,44308900.0,power
BE,2024-12-18,18706500.0,power
BE,2024-12-19,19479800.0,power
BE,2024-12-20,26373000.0,power
BE,2024-12-21,19092000.0,power
BE,2024-12-22,18667400.0,power
BE,2024-12-23,18500800.0,power
BE,2024-12-24,19801200.0,power
BE,2024-12-25,19784900.0,power
BE,2024-12-26,28298600.0,power
BE,2024-12-27,54548200.0,power
BE,2024-12-28,49957100.0,power
BE,2024-12-29,19851700.0,power
BE,2024-12-30,19519800.0,power
BE,2024-12-31,18789400.0,power
BE,2025-01-01,18014700.0,power
BE,2025-01-02,32240100.0,power
BE,2025-01-03,33293600.0,power
BE,2025-01-04,39489600.0,power
BE,2025-01-05,23019800.0,power
BE,2025-01-06,17843600.0,power
BE,2025-01-07,20006500.0,power
BE,2025-01-08,31894100.0,power
BE,2025-01-09,30489300.0,power
BE,2025-01-10,50958800.0,power
BE,2025-01-11,32252600.0,power
BE,2025-01-12,34419400.0,power
BE,2025-01-13,83261600.0,power
BE,2025-01-14,95623900.0,power
BE,2025-01-15,97337000.0,power
BE,2025-01-16,95652700.0,power
BE,2025-01-17,100817500.0,power
BE,2025-01-18,91861500.0,power
BE,2025-01-19,81723900.0,power
BE,2025-01-20,104674400.0,power
BE,2025-01-21,91568300.0,power
BE,2025-01-22,75741000.0,power
BE,2025-01-23,24298100.0,power
BE,2025-01-24,19982800.0,power
BE,2025-01-25,19376900.0,power
BE,2025-01-26,19601700.0,power
BE,2025-01-27,18804600.0,power
BE,2025-01-28,20004600.0,power
BE,2025-01-29,22324200.0,power
BE,2025-01-30,47106400.0,power
BE,2025-01-31,60285600.0,power
BE,2025-02-01,45535000.0,power
BE,2025-02-02,44826800.0,power
BE,2025-02-03,77839500.0,power
BE,2025-02-04,80286100.0,power
BE,2025-02-05,91046600.0,power
BE,2025-02-06,79083000.0,power
BE,2025-02-07,32497200.0,power
BE,2025-02-08,27528500.0,power
BE,2025-02-09,27306500.0,power
BE,2025-02-10,56377000.0,power
BE,2025-02-11,80505000.0,power
BE,2025-02-12,86922700.0,power
BE,2025-02-13,91664600.0,power
BE,2025-02-14,89650300.0,power
BE,2025-02-15,66016000.0,power
BE,2025-02-16,51028800.0,power
BE,2025-02-17,81134200.0,power
BE,2025-02-18,56295300.0,power
BE,2025-02-19,34244200.0,power
BE,2025-02-20,25925100.0,power
BE,2025-02-21,23556600.0,power
BE,2025-02-22,20887500.0,power
BE,2025-02-23,19423700.0,power
BE,2025-02-24,22427700.0,power
BE,2025-02-25,74098100.0,power
BE,2025-02-26,68082100.0,power
BE,2025-02-27,75042900.0,power
BE,2025-02-28,79523000.0,power
BE,2025-03-01,50319200.0,power
BE,2025-03-02,27219400.0,power
BE,2025-03-03,46585800.0,power
BE,2025-03-04,43894600.0,power
BE,2025-03-05,24950400.0,power
BE,2025-03-06,23672500.0,power
BE,2025-03-07,26689300.0,power
BE,2025-03-08,20741400.0,power
BE,2025-03-09,21919500.0,power
BE,2025-03-10,46435100.0,power
BE,2025-03-11,63624800.0,power
BE,2025-03-12,70833200.0,power
BE,2025-03-13,76582000.0,power
BE,2025-03-14,74335400.0,power
BE,2025-03-15,20605500.0,power
BE,2025-03-16,20965400.0,power
BE,2025-03-17,49005400.0,power
BE,2025-03-18,34261900.0,power
BE,2025-03-19,45458200.0,power
BE,2025-03-20,37272600.0,power
BE,2025-03-21,20746500.0,power
BE,2025-03-22,18968900.0,power
BE,2025-03-23,24961700.0,power
BE,2025-03-24,78602300.0,power
BE,2025-03-25,70028200.0,power
BE,2025-03-26,82346000.0,power
BE,2025-03-27,47061800.0,power
BE,2025-03-28,26833800.0,power
BE,2025-03-29,19912100.0,power
BE,2025-03-30,18406800.0,power
BE,2025-03-31,29895100.0,power
BE,2025-04-01,26736500.0,power
BE,2025-04-02,18225900.0,power
BE,2025-04-03,24234200.0,power
BE,2025-04-04,26631000.0,power
BE,2025-04-05,19073800.0,power
BE,2025-04-06,23551500.0,power
BE,2025-04-07,51042700.0,power
BE,2025-04-08,61409200.0,power
BE,2025-04-09,42288600.0,power
BE,2025-04-10,33923200.00000001,power
BE,2025-04-11,37516000.0,power
BE,2025-04-12,21814500.0,power
BE,2025-04-13,19776300.0,power
BE,2025-04-14,26961200.0,power
BE,2025-04-15,25524300.0,power
BE,2025-04-16,45231900.0,power
BE,2025-04-17,58436100.0,power
BE,2025-04-18,40984100.0,power
BE,2025-04-19,23264700.0,power
BE,2025-04-20,37715900.0,power
BE,2025-04-21,43221000.0,power
BE,2025-04-22,65436700.0,power
BE,2025-04-23,69685500.0,power
BE,2025-04-24,60490200.0,power
BE,2025-04-25,50756100.0,power
BE,2025-04-26,19908300.0,power
BE,2025-04-27,22102400.0,power
BE,2025-04-28,38859500.0,power
BE,2025-04-29,36892900.0,power
BE,2025-04-30,37170100.0,power
BE,2025-05-01,33511300.000000004,power
BE,2025-05-02,29265500.0,power
BE,2025-05-03,19760200.0,power
BE,2025-05-04,17501500.0,power
BE,2025-05-05,20539000.0,power
BE,2025-05-06,23223800.0,power
BE,2025-05-07,30264600.0,power
BE,2025-05-08,35337300.0,power
BE,2025-05-09,25274900.0,power
BE,2025-05-10,21256000.0,power
BE,2025-05-11,16989300.0,power
BE,2025-05-12,25612000.0,power
BE,2025-05-13,36012800.0,power
BE,2025-05-14,29735400.0,power
BE,2025-05-15,19701200.0,power
BE,2025-05-16,19087300.0,power
BE,2025-05-17,16672599.999999998,power
BE,2025-05-18,19912400.0,power
BE,2025-05-19,19306200.0,power
BE,2025-05-20,21771900.0,power
BE,2025-05-21,21271600.0,power
BE,2025-05-22,17708300.0,power
BE,2025-05-23,15675800.0,power
BE,2025-05-24,9913100.0,power
BE,2025-05-25,16175400.0,power
BE,2025-05-26,16691800.0,power
BE,2025-05-27,16823000.0,power
BE,2025-05-28,22689300.0,power
BE,2025-05-29,18737100.0,power
BE,2025-05-30,19134800.0,power
BE,2025-05-31,19140300.0,power
BE,2025-06-01,16486000.0,power
BE,2025-06-02,24029200.0,power
BE,2025-06-03,18381000.0,power
BE,2025-06-04,17771800.0,power
BE,2025-06-05,20539100.0,power
BE,2025-06-06,19421800.0,power
BE,2025-06-07,20763200.0,power
BE,2025-06-08,16681000.0,power
BE,2025-06-09,17303800.0,power
BE,2025-06-10,27162600.0,power
BE,2025-06-11,27281800.0,power
BE,2025-06-12,11438900.0,power
BE,2025-06-13,16729800.0,power
BE,2025-06-14,15896100.0,power
BE,2025-06-15,24223500.0,power
BE,2025-06-16,34676200.0,power
BE,2025-06-17,37123400.0,power
BE,2025-06-18,32781500.0,power
BE,2025-06-19,38340800.0,power
BE,2025-06-20,42095200.0,power
BE,2025-06-21,29867000.0,power
BE,2025-06-22,16721900.000000002,power
BE,2025-06-23,16340100.0,power
BE,2025-06-24,16440500.0,power
BE,2025-06-25,38789400.0,power
BE,2025-06-26,32523200.0,power
BE,2025-06-27,22703600.0,power
BE,2025-06-28,18449800.0,power
BE,2025-06-29,20494100.0,power
BE,2025-06-30,47503300.0,power
BE,2025-07-01,62457600.0,power
BE,2025-07-02,60528000.0,power
BE,2025-07-03,40762400.0,power
BE,2025-07-04,34408100.0,power
BE,2025-07-05,18068300.0,power
BE,2025-07-06,29509200.0,power
BE,2025-07-07,30110100.0,power
BE,2025-07-08,32392300.0,power
BE,2025-07-09,46355800.0,power
BE,2025-07-10,53391300.0,power
BE,2025-07-11,49065500.0,power
BE,2025-07-12,28168400.0,power
BE,2025-07-13,28259900.0,power
BE,2025-07-14,24539700.0,power
BE,2025-07-15,17005100.0,power
BE,2025-07-16,30421500.0,power
BE,2025-07-17,42888300.0,power
BE,2025-07-18,48007400.0,power
BE,2025-07-19,19467300.0,power
BE,2025-07-20,22650500.0,power
BE,2025-07-21,18366000.0,power
BE,2025-07-22,23116800.0,power
BE,2025-07-23,26833700.0,power
BE,2025-07-24,37566000.0,power
BE,2025-07-25,35157600.0,power
BE,2025-07-26,24433000.0,power
BE,2025-07-27,20042300.0,power
BE,2025-07-28,25440900.0,power
BE,2025-07-29,30063400.0,power
BE,2025-07-30,23110100.0,power
BE,2025-07-31,28677200.0,power
BE,2025-08-01,19179200.0,power
BE,2025-08-02,11957900.0,power
BE,2025-08-03,11494600.0,power
BE,2025-08-04,13519800.0,power
BE,2025-08-05,10378900.0,power
BE,2025-08-06,18186700.0,power
BE,2025-08-07,13546400.0,power
BE,2025-08-08,20351000.0,power
BE,2025-08-09,12183600.0,power
BE,2025-08-10,15548400.0,power
BE,2025-08-11,25068700.0,power
BE,2025-08-12,33526800.000000004,power
BE,2025-08-13,50083200.0,power
BE,2025-08-14,49365700.0,power
BE,2025-08-15,23597900.0,power
BE,2025-08-16,10443900.0,power
BE,2025-08-17,15343300.0,power
BE,2025-08-18,37056400.0,power
BE,2025-08-19,25554100.0,power
BE,2025-08-20,22131800.0,power
BE,2025-08-21,13887100.0,power
BE,2025-08-22,17578200.0,power
BE,2025-08-23,14504000.0,power
BE,2025-08-24,15376000.0,power
BE,2025-08-25,25682200.0,power
BE,2025-08-26,19578600.0,power
BE,2025-08-27,30414200.0,power
BE,2025-08-28,27368000.0,power
BE,2025-08-29,11488300.0,power
BE,2025-08-30,10745200.0,power
BE,2025-08-31,10317300.0,power
BE,2025-09-01,11059700.0,power
BE,2025-09-02,11254100.0,power
BE,2025-09-03,9735400.0,power
BE,2025-09-04,16360500.0,power
BE,2025-09-05,19374100.0,power
BE,2025-09-06,12540300.0,power
BE,2025-09-07,8787100.0,power
BE,2025-09-08,27508700.0,power
BE,2025-09-09,50131400.0,power
BE,2025-09-10,16927400.0,power
BE,2025-09-11,10265400.0,power
BE,2025-09-12,9779700.0,power
BE,2025-09-13,9205100.0,power
BE,2025-09-14,9654000.0,power
BE,2025-09-15,8000400.0,power
BE,2025-09-16,9434600.0,power
BE,2025-09-17,13037000.0,power
BE,2025-09-18,15266300.0,power
BE,2025-09-19,20721800.0,power
BE,2025-09-20,9593200.0,power
BE,2025-09-21,8514200.0,power
BE,2025-09-22,16683099.999999998,power
BE,2025-09-23,18955400.0,power
BE,2025-09-24,14772000.0,power
BE,2025-09-25,22785900.0,power
BE,2025-09-26,30151100.0,power
BE,2025-09-27,18267700.0,power
BE,2025-09-28,17446300.0,power
BE,2025-09-29,42245600.0,power
BE,2025-09-30,50352300.0,power
BE,2025-10-01,37814300.0,power
BE,2025-10-02,26338600.0,power
BE,2025-10-03,10783700.0,power
BE,2025-10-04,7535200.0,power
BE,2025-10-05,8144000.0,power
BE,2025-10-06,37353400.0,power
BE,2025-10-07,67317300.0,power
BE,2025-10-08,76174200.0,power
BE,2025-10-09,55154900.0,power
BE,2025-10-10,37122900.0,power
BE,2025-10-11,28741300.0,power
BE,2025-10-12,23102600.0,power
BE,2025-10-13,77325200.0,power
BE,2025-10-14,81681600.0,power
BE,2025-10-15,81952500.0,power
BE,2025-10-16,69240400.0,power
BE,2025-10-17,72297000.0,power
BE,2025-10-18,25571300.0,power
BE,2025-10-19,10433100.0,power
BE,2025-10-20,15267500.0,power
BE,2025-10-21,20485300.0,power
BE,2025-10-22,68551800.0,power
BE,2025-10-23,12764900.0,power
BE,2025-10-24,10951100.0,power
BE,2025-10-25,9238700.0,power
BE,2025-10-26,9555600.0,power
BE,2025-10-27,11294300.0,power
BE,2025-10-28,10270700.0,power
BE,2025-10-29,19605200.0,power
BE,2025-10-30,16876600.0,power
BE,2025-10-31,15001100.0,power
BE,2025-11-01,8894700.0,power
BE,2025-11-02,10579000.0,power
BE,2025-11-03,13819700.0,power
BE,2025-11-04,12245300.0,power
BE,2025-11-05,15564700.0,power
BE,2025-11-06,33867000.0,power
BE,2025-11-07,57173500.0,power
BE,2025-11-08,51793200.00000001,power
BE,2025-11-09,44313500.0,power
BE,2025-11-10,17811100.000000004,power
BE,2025-11-11,16522599.999999998,power
BE,2025-11-12,15151500.0,power
BE,2025-11-13,21576800.0,power
BE,2025-11-14,30800400.0,power
BE,2025-11-15,14376200.0,power
BE,2025-11-16,18130800.0,power
BE,2025-11-17,26622400.0,power
BE,2025-11-18,52218500.0,power
BE,2025-11-19,57426000.0,power
BE,2025-11-20,86347400.0,power
BE,2025-11-21,93193300.0,power
BE,2025-11-22,50381300.0,power
BE,2025-11-23,12167500.0,power
BE,2025-11-24,68450200.0,power
BE,2025-11-25,69916400.0,power
BE,2025-11-26,94705300.0,power
BE,2025-11-27,56242600.0,power
BE,2025-11-28,38445200.0,power
BE,2025-11-29,19818000.0,power
BE,2025-11-30,20758700.0,power
BE,2025-12-01,28862700.0,power
BE,2025-12-02,62088300.0,power
BE,2025-12-03,94502800.0,power
BE,2025-12-04,80241200.0,power
BE,2025-12-05,77272900.0,power
BE,2025-12-06,11755700.0,power
BE,2025-12-07,12921200.0,power
BE,2025-12-08,19035399.999999996,power
BE,2025-12-09,23705900.0,power
BE,2025-12-10,24707400.0,power
BE,2025-12-11,60777900.0,power
BE,2025-12-12,77388200.0,power
BE,2025-12-13,72606600.0,power
BE,2025-12-14,16377100.0,power
BE,2025-12-15,40535900.0,power
BE,2025-12-16,68501500.0,power
BE,2025-12-17,70562600.0,power
BE,2025-12-18,10996700.0,power
BE,2025-12-19,46778400.0,power
BE,2025-12-20,79972800.0,power
BE,2025-12-21,39398700.0,power
BE,2025-12-22,38101500.0,power
BE,2025-12-23,26762600.0,power
BE,2025-12-24,11895700.0,power
BE,2025-12-25,18140700.0,power
BE,2025-12-26,62157500.0,power
BE,2025-12-27,41524200.0,power
BE,2025-12-28,44023000.0,power
BE,2025-12-29,65281000.0,power
BE,2025-12-30,45185700.0,power
BE,2025-12-31,32091600.0,power
BE,2026-01-01,10532800.0,power
BE,2026-01-02,31576000.0,power
BE,2026-01-03,52228700.0,power
BE,2026-01-04,72741300.0,power
BE,2026-01-05,57457900.0,power
BG,2018-12-31,295000.0,power
BG,2019-01-01,7078000.0,power
BG,2019-01-02,7357000.0,power
BG,2019-01-03,7886000.0,power
BG,2019-01-04,8168000.0,power
BG,2019-01-05,8182000.0,power
BG,2019-01-06,8232000.0,power
BG,2019-01-07,8248000.0,power
BG,2019-01-08,8380000.0,power
BG,2019-01-09,8644000.0,power
BG,2019-01-10,8306000.0,power
BG,2019-01-11,8005000.0,power
BG,2019-01-12,7878000.0,power
BG,2019-01-13,8162000.0,power
BG,2019-01-14,8392000.0,power
BG,2019-01-15,9115000.0,power
BG,2019-01-16,9062000.0,power
BG,2019-01-17,8978000.0,power
BG,2019-01-18,9620000.0,power
BG,2019-01-19,9664000.0,power
BG,2019-01-20,9731000.0,power
BG,2019-01-21,9678000.0,power
BG,2019-01-22,9818000.0,power
BG,2019-01-23,9217000.0,power
BG,2019-01-24,8918000.0,power
BG,2019-01-25,9043000.0,power
BG,2019-01-26,9104000.0,power
BG,2019-01-27,9129000.0,power
BG,2019-01-28,9259000.0,power
BG,2019-01-29,9151000.0,power
BG,2019-01-30,8881000.0,power
BG,2019-01-31,8952000.0,power
BG,2019-02-01,8995000.0,power
BG,2019-02-02,8963000.0,power
BG,2019-02-03,8586000.0,power
BG,2019-02-04,8633000.0,power
BG,2019-02-05,9347000.0,power
BG,2019-02-06,9031000.0,power
BG,2019-02-07,9743000.0,power
BG,2019-02-08,9744000.0,power
BG,2019-02-09,9829000.0,power
BG,2019-02-10,9672000.0,power
BG,2019-02-11,9771000.0,power
BG,2019-02-12,9525000.0,power
BG,2019-02-13,9729000.0,power
BG,2019-02-14,9490000.0,power
BG,2019-02-15,9032000.0,power
BG,2019-02-16,9458000.0,power
BG,2019-02-17,9427000.0,power
BG,2019-02-18,9390000.0,power
BG,2019-02-19,9027000.0,power
BG,2019-02-20,8657000.0,power
BG,2019-02-21,8676000.0,power
BG,2019-02-22,9164000.0,power
BG,2019-02-23,9911000.0,power
BG,2019-02-24,9919000.0,power
BG,2019-02-25,9866000.0,power
BG,2019-02-26,9576000.0,power
BG,2019-02-27,9534000.0,power
BG,2019-02-28,9473000.0,power
BG,2019-03-01,8839000.0,power
BG,2019-03-02,8457000.0,power
BG,2019-03-03,8795000.0,power
BG,2019-03-04,8782000.0,power
BG,2019-03-05,8632000.0,power
BG,2019-03-06,8614000.0,power
BG,2019-03-07,8386000.0,power
BG,2019-03-08,8101000.0,power
BG,2019-03-09,7346000.0,power
BG,2019-03-10,7171000.0,power
BG,2019-03-11,7097000.0,power
BG,2019-03-12,7839000.0,power
BG,2019-03-13,8229000.0,power
BG,2019-03-14,8131000.0,power
BG,2019-03-15,8074000.0,power
BG,2019-03-16,7111000.0,power
BG,2019-03-17,6968000.0,power
BG,2019-03-18,7335000.0,power
BG,2019-03-19,7129000.0,power
BG,2019-03-20,6667000.0,power
BG,2019-03-21,6666000.0,power
BG,2019-03-22,6812000.0,power
BG,2019-03-23,6943000.0,power
BG,2019-03-24,7187000.0,power
BG,2019-03-25,7226000.0,power
BG,2019-03-26,7724000.0,power
BG,2019-03-27,7739000.0,power
BG,2019-03-28,7485000.0,power
BG,2019-03-29,7501000.0,power
BG,2019-03-30,6994000.0,power
BG,2019-03-31,7072000.0,power
BG,2019-04-01,7373000.0,power
BG,2019-04-02,7360000.0,power
BG,2019-04-03,7240000.0,power
BG,2019-04-04,7553000.0,power
BG,2019-04-05,7295000.0,power
BG,2019-04-06,7569000.0,power
BG,2019-04-07,7526000.0,power
BG,2019-04-08,7487000.0,power
BG,2019-04-09,7455000.0,power
BG,2019-04-10,7773000.0,power
BG,2019-04-11,7903000.0,power
BG,2019-04-12,7631000.0,power
BG,2019-04-13,7798000.0,power
BG,2019-04-14,7768000.0,power
BG,2019-04-15,7635000.0,power
BG,2019-04-16,8123000.0,power
BG,2019-04-17,7860000.0,power
BG,2019-04-18,7838000.0,power
BG,2019-04-19,7391000.0,power
BG,2019-04-20,7852000.0,power
BG,2019-04-21,7680000.0,power
BG,2019-04-22,7389000.0,power
BG,2019-04-23,6850000.0,power
BG,2019-04-24,6356000.0,power
BG,2019-04-25,6078000.0,power
BG,2019-04-26,5408000.0,power
BG,2019-04-27,5351000.0,power
BG,2019-04-28,5557000.0,power
BG,2019-04-29,5290000.0,power
BG,2019-04-30,5110000.0,power
BG,2019-05-01,4956000.0,power
BG,2019-05-02,4913000.0,power
BG,2019-05-03,4681000.0,power
BG,2019-05-04,4766000.0,power
BG,2019-05-05,5049000.0,power
BG,2019-05-06,5018000.0,power
BG,2019-05-07,5076000.0,power
BG,2019-05-08,5010000.0,power
BG,2019-05-09,4953000.0,power
BG,2019-05-10,4911000.0,power
BG,2019-05-11,4899000.0,power
BG,2019-05-12,4902000.0,power
BG,2019-05-13,4960000.0,power
BG,2019-05-14,4978000.0,power
BG,2019-05-15,4844000.0,power
BG,2019-05-16,4651000.0,power
BG,2019-05-17,4614000.0,power
BG,2019-05-18,4698000.0,power
BG,2019-05-19,4625000.0,power
BG,2019-05-20,4631000.0,power
BG,2019-05-21,4591000.0,power
BG,2019-05-22,4590000.0,power
BG,2019-05-23,4638000.0,power
BG,2019-05-24,4794000.0,power
BG,2019-05-25,4755000.0,power
BG,2019-05-26,4758000.0,power
BG,2019-05-27,4802000.0,power
BG,2019-05-28,4777000.0,power
BG,2019-05-29,4791000.0,power
BG,2019-05-30,4772000.0,power
BG,2019-05-31,4646000.0,power
BG,2019-06-01,4385000.0,power
BG,2019-06-02,4460000.0,power
BG,2019-06-03,4531000.0,power
BG,2019-06-04,4731000.0,power
BG,2019-06-05,4591000.0,power
BG,2019-06-06,4605000.0,power
BG,2019-06-07,4597000.0,power
BG,2019-06-08,4658000.0,power
BG,2019-06-09,4579000.0,power
BG,2019-06-10,4464000.0,power
BG,2019-06-11,4295000.0,power
BG,2019-06-12,4189000.0,power
BG,2019-06-13,4001000.0,power
BG,2019-06-14,3479000.0,power
BG,2019-06-15,3489000.0,power
BG,2019-06-16,3478000.0,power
BG,2019-06-17,3422000.0,power
BG,2019-06-18,3455000.0,power
BG,2019-06-19,3502000.0,power
BG,2019-06-20,3298000.0,power
BG,2019-06-21,3397000.0,power
BG,2019-06-22,3403000.0,power
BG,2019-06-23,3396000.0,power
BG,2019-06-24,3385000.0,power
BG,2019-06-25,3371000.0,power
BG,2019-06-26,3397000.0,power
BG,2019-06-27,3387000.0,power
BG,2019-06-28,3356000.0,power
BG,2019-06-29,3382000.0,power
BG,2019-06-30,3338000.0,power
BG,2019-07-01,3389000.0,power
BG,2019-07-02,3493000.0,power
BG,2019-07-03,3805000.0,power
BG,2019-07-04,4086000.0,power
BG,2019-07-05,4073000.0,power
BG,2019-07-06,4076000.0,power
BG,2019-07-07,4021000.0,power
BG,2019-07-08,4024000.0,power
BG,2019-07-09,4012000.0,power
BG,2019-07-10,4046000.0,power
BG,2019-07-11,3981000.0,power
BG,2019-07-12,4001000.0,power
BG,2019-07-13,3983000.0,power
BG,2019-07-14,4006000.0,power
BG,2019-07-15,4002000.0,power
BG,2019-07-16,4038000.0,power
BG,2019-07-17,4015000.0,power
BG,2019-07-18,4019000.0,power
BG,2019-07-19,4045000.0,power
BG,2019-07-20,4070000.0,power
BG,2019-07-21,4076000.0,power
BG,2019-07-22,4005000.0,power
BG,2019-07-23,3979000.0,power
BG,2019-07-24,3995000.0,power
BG,2019-07-25,4005000.0,power
BG,2019-07-26,4069000.0,power
BG,2019-07-27,4084000.0,power
BG,2019-07-28,4091000.0,power
BG,2019-07-29,4072000.0,power
BG,2019-07-30,4076000.0,power
BG,2019-07-31,4015000.0,power
BG,2019-08-01,4177000.0,power
BG,2019-08-02,3924000.0,power
BG,2019-08-03,3938000.0,power
BG,2019-08-04,3971000.0,power
BG,2019-08-05,3977000.0,power
BG,2019-08-06,4040000.0,power
BG,2019-08-07,3890000.0,power
BG,2019-08-08,3949000.0,power
BG,2019-08-09,3884000.0,power
BG,2019-08-10,3837000.0,power
BG,2019-08-11,3935000.0,power
BG,2019-08-12,3909000.0,power
BG,2019-08-13,3899000.0,power
BG,2019-08-14,3862000.0,power
BG,2019-08-15,3931000.0,power
BG,2019-08-16,3800000.0,power
BG,2019-08-17,3900000.0,power
BG,2019-08-18,3629000.0,power
BG,2019-08-19,3895000.0,power
BG,2019-08-20,3895000.0,power
BG,2019-08-21,3908000.0,power
BG,2019-08-22,3861000.0,power
BG,2019-08-23,3423000.0,power
BG,2019-08-24,3264000.0,power
BG,2019-08-25,3276000.0,power
BG,2019-08-26,3218000.0,power
BG,2019-08-27,3164000.0,power
BG,2019-08-28,3220000.0,power
BG,2019-08-29,3236000.0,power
BG,2019-08-30,3299000.0,power
BG,2019-08-31,3310000.0,power
BG,2019-09-01,3307000.0,power
BG,2019-09-02,3293000.0,power
BG,2019-09-03,3307000.0,power
BG,2019-09-04,3357000.0,power
BG,2019-09-05,3860000.0,power
BG,2019-09-06,4058000.0,power
BG,2019-09-07,4061000.0,power
BG,2019-09-08,3966000.0,power
BG,2019-09-09,3469000.0,power
BG,2019-09-10,3459000.0,power
BG,2019-09-11,3491000.0,power
BG,2019-09-12,3487000.0,power
BG,2019-09-13,3437000.0,power
BG,2019-09-14,3558000.0,power
BG,2019-09-15,3581000.0,power
BG,2019-09-16,3612000.0,power
BG,2019-09-17,3747000.0,power
BG,2019-09-18,3738000.0,power
BG,2019-09-19,3625000.0,power
BG,2019-09-20,3644000.0,power
BG,2019-09-21,3764000.0,power
BG,2019-09-22,3860000.0,power
BG,2019-09-23,3949000.0,power
BG,2019-09-24,4216000.0,power
BG,2019-09-25,4546000.0,power
BG,2019-09-26,4478000.0,power
BG,2019-09-27,4411000.0,power
BG,2019-09-28,4348000.0,power
BG,2019-09-29,4252000.0,power
BG,2019-09-30,4271000.0,power
BG,2019-10-01,4155000.0,power
BG,2019-10-02,4191000.0,power
BG,2019-10-03,4215000.0,power
BG,2019-10-04,4381000.0,power
BG,2019-10-05,4644000.0,power
BG,2019-10-06,4578000.0,power
BG,2019-10-07,4538000.0,power
BG,2019-10-08,4477000.0,power
BG,2019-10-09,4518000.0,power
BG,2019-10-10,4311000.0,power
BG,2019-10-11,4301000.0,power
BG,2019-10-12,4107000.0,power
BG,2019-10-13,4105000.0,power
BG,2019-10-14,4627000.0,power
BG,2019-10-15,4595000.0,power
BG,2019-10-16,4672000.0,power
BG,2019-10-17,4427000.0,power
BG,2019-10-18,4305000.0,power
BG,2019-10-19,4312000.0,power
BG,2019-10-20,4304000.0,power
BG,2019-10-21,4065000.0,power
BG,2019-10-22,4044000.0,power
BG,2019-10-23,4141000.0,power
BG,2019-10-24,4279000.0,power
BG,2019-10-25,4308000.0,power
BG,2019-10-26,4350000.0,power
BG,2019-10-27,4361000.0,power
BG,2019-10-28,4483000.0,power
BG,2019-10-29,4532000.0,power
BG,2019-10-30,4357000.0,power
BG,2019-10-31,4491000.0,power
BG,2019-11-01,4496000.0,power
BG,2019-11-02,5161000.0,power
BG,2019-11-03,5160000.0,power
BG,2019-11-04,5179000.0,power
BG,2019-11-05,5386000.0,power
BG,2019-11-06,5592000.0,power
BG,2019-11-07,5583000.0,power
BG,2019-11-08,5684000.0,power
BG,2019-11-09,5773000.0,power
BG,2019-11-10,5800000.0,power
BG,2019-11-11,5898000.0,power
BG,2019-11-12,6071000.0,power
BG,2019-11-13,6439000.0,power
BG,2019-11-14,6479000.0,power
BG,2019-11-15,6491000.0,power
BG,2019-11-16,6615000.0,power
BG,2019-11-17,6476000.0,power
BG,2019-11-18,6454000.0,power
BG,2019-11-19,6422000.0,power
BG,2019-11-20,6485000.0,power
BG,2019-11-21,6479000.0,power
BG,2019-11-22,6772000.0,power
BG,2019-11-23,6933000.0,power
BG,2019-11-24,6914000.0,power
BG,2019-11-25,7050000.0,power
BG,2019-11-26,7382000.0,power
BG,2019-11-27,7631000.0,power
BG,2019-11-28,7928000.0,power
BG,2019-11-29,7836000.0,power
BG,2019-11-30,8100000.0,power
BG,2019-12-01,8141000.0,power
BG,2019-12-02,8130000.0,power
BG,2019-12-03,8267000.0,power
BG,2019-12-04,8659000.0,power
BG,2019-12-05,8712000.0,power
BG,2019-12-06,8957000.0,power
BG,2019-12-07,9132000.0,power
BG,2019-12-08,9025000.0,power
BG,2019-12-09,8962000.0,power
BG,2019-12-10,8986000.0,power
BG,2019-12-11,9088000.0,power
BG,2019-12-12,9291000.0,power
BG,2019-12-13,9033000.0,power
BG,2019-12-14,8868000.0,power
BG,2019-12-15,8376000.0,power
BG,2019-12-16,8399000.0,power
BG,2019-12-17,8459000.0,power
BG,2019-12-18,8399000.0,power
BG,2019-12-19,8460000.0,power
BG,2019-12-20,8555000.0,power
BG,2019-12-21,8442000.0,power
BG,2019-12-22,8211000.0,power
BG,2019-12-23,8009000.0,power
BG,2019-12-24,8043000.0,power
BG,2019-12-25,8394000.0,power
BG,2019-12-26,8550000.0,power
BG,2019-12-27,8701000.0,power
BG,2019-12-28,9009000.0,power
BG,2019-12-29,9093000.0,power
BG,2019-12-30,9575000.0,power
BG,2019-12-31,9793000.0,power
BG,2020-01-01,9769000.0,power
BG,2020-01-02,9931000.0,power
BG,2020-01-03,9822000.0,power
BG,2020-01-04,9715000.0,power
BG,2020-01-05,9774000.0,power
BG,2020-01-06,9742000.0,power
BG,2020-01-07,9635000.0,power
BG,2020-01-08,9769000.0,power
BG,2020-01-09,9874000.0,power
BG,2020-01-10,9817000.0,power
BG,2020-01-11,9622000.0,power
BG,2020-01-12,9619000.0,power
BG,2020-01-13,9552000.0,power
BG,2020-01-14,9505000.0,power
BG,2020-01-15,9550000.0,power
BG,2020-01-16,9799000.0,power
BG,2020-01-17,9959000.0,power
BG,2020-01-18,9952000.0,power
BG,2020-01-19,9952000.0,power
BG,2020-01-20,9905000.0,power
BG,2020-01-21,9911000.0,power
BG,2020-01-22,9791000.0,power
BG,2020-01-23,9897000.0,power
BG,2020-01-24,9814000.0,power
BG,2020-01-25,9305000.0,power
BG,2020-01-26,9367000.0,power
BG,2020-01-27,9521000.0,power
BG,2020-01-28,8964000.0,power
BG,2020-01-29,8998000.0,power
BG,2020-01-30,9025000.0,power
BG,2020-01-31,9050000.0,power
BG,2020-02-01,8735000.0,power
BG,2020-02-02,8036000.0,power
BG,2020-02-03,7946000.0,power
BG,2020-02-04,7939000.0,power
BG,2020-02-05,9106000.0,power
BG,2020-02-06,9501000.0,power
BG,2020-02-07,9607000.0,power
BG,2020-02-08,9946000.0,power
BG,2020-02-09,9924000.0,power
BG,2020-02-10,9618000.0,power
BG,2020-02-11,9294000.0,power
BG,2020-02-12,9217000.0,power
BG,2020-02-13,9287000.0,power
BG,2020-02-14,8700000.0,power
BG,2020-02-15,8772000.0,power
BG,2020-02-16,8682000.0,power
BG,2020-02-17,8787000.0,power
BG,2020-02-18,8833000.0,power
BG,2020-02-19,9207000.0,power
BG,2020-02-20,9149000.0,power
BG,2020-02-21,8767000.0,power
BG,2020-02-22,8652000.0,power
BG,2020-02-23,8724000.0,power
BG,2020-02-24,8484000.0,power
BG,2020-02-25,8778000.0,power
BG,2020-02-26,8403000.0,power
BG,2020-02-27,8851000.0,power
BG,2020-02-28,8628000.0,power
BG,2020-02-29,8711000.0,power
BG,2020-03-01,8714000.0,power
BG,2020-03-02,8269000.0,power
BG,2020-03-03,7468000.0,power
BG,2020-03-04,7152000.0,power
BG,2020-03-05,7018000.0,power
BG,2020-03-06,7368000.0,power
BG,2020-03-07,7997000.0,power
BG,2020-03-08,7845000.0,power
BG,2020-03-09,8448000.0,power
BG,2020-03-10,8540000.0,power
BG,2020-03-11,8362000.0,power
BG,2020-03-12,7906000.0,power
BG,2020-03-13,7617000.0,power
BG,2020-03-14,7495000.0,power
BG,2020-03-15,8372000.0,power
BG,2020-03-16,8538000.0,power
BG,2020-03-17,8218000.0,power
BG,2020-03-18,7930000.0,power
BG,2020-03-19,7833000.0,power
BG,2020-03-20,7741000.0,power
BG,2020-03-21,7743000.0,power
BG,2020-03-22,8017000.0,power
BG,2020-03-23,7990000.0,power
BG,2020-03-24,7982000.0,power
BG,2020-03-25,7311000.0,power
BG,2020-03-26,0.0,power
BG,2020-03-27,0.0,power
BG,2020-03-28,603000.0,power
BG,2020-03-29,7353000.0,power
BG,2020-03-30,7437000.0,power
BG,2020-03-31,7523000.0,power
BG,2020-04-01,7540000.0,power
BG,2020-04-02,7671000.0,power
BG,2020-04-03,7639000.0,power
BG,2020-04-04,7590000.0,power
BG,2020-04-05,6767000.0,power
BG,2020-04-06,7450000.0,power
BG,2020-04-07,6625000.0,power
BG,2020-04-08,6301000.0,power
BG,2020-04-09,5973000.0,power
BG,2020-04-10,5775000.0,power
BG,2020-04-11,5105000.0,power
BG,2020-04-12,5106000.0,power
BG,2020-04-13,5059000.0,power
BG,2020-04-14,4809000.0,power
BG,2020-04-15,4941000.0,power
BG,2020-04-16,4524000.0,power
BG,2020-04-17,4387000.0,power
BG,2020-04-18,4398000.0,power
BG,2020-04-19,4342000.0,power
BG,2020-04-20,4382000.0,power
BG,2020-04-21,4737000.0,power
BG,2020-04-22,4607000.0,power
BG,2020-04-23,4659000.0,power
BG,2020-04-24,4586000.0,power
BG,2020-04-25,4536000.0,power
BG,2020-04-26,3872000.0,power
BG,2020-04-27,3728000.0,power
BG,2020-04-28,4288000.0,power
BG,2020-04-29,4110000.0,power
BG,2020-04-30,3698000.0,power
BG,2020-05-01,3542000.0,power
BG,2020-05-02,3576000.0,power
BG,2020-05-03,3647000.0,power
BG,2020-05-04,3633000.0,power
BG,2020-05-05,3668000.0,power
BG,2020-05-06,3654000.0,power
BG,2020-05-07,3599000.0,power
BG,2020-05-08,3597000.0,power
BG,2020-05-09,3552000.0,power
BG,2020-05-10,3512000.0,power
BG,2020-05-11,3449000.0,power
BG,2020-05-12,3240000.0,power
BG,2020-05-13,3241000.0,power
BG,2020-05-14,3249000.0,power
BG,2020-05-15,3287000.0,power
BG,2020-05-16,3299000.0,power
BG,2020-05-17,3276000.0,power
BG,2020-05-18,3333000.0,power
BG,2020-05-19,3417000.0,power
BG,2020-05-20,3306000.0,power
BG,2020-05-21,3147000.0,power
BG,2020-05-22,2932000.0,power
BG,2020-05-23,3007000.0,power
BG,2020-05-24,3005000.0,power
BG,2020-05-25,3005000.0,power
BG,2020-05-26,2924000.0,power
BG,2020-05-27,2841000.0,power
BG,2020-05-28,2970000.0,power
BG,2020-05-29,2998000.0,power
BG,2020-05-30,3034000.0,power
BG,2020-05-31,2520000.0,power
BG,2020-06-01,2754000.0,power
BG,2020-06-02,3299000.0,power
BG,2020-06-03,3081000.0,power
BG,2020-06-04,3071000.0,power
BG,2020-06-05,2963000.0,power
BG,2020-06-06,3020000.0,power
BG,2020-06-07,3036000.0,power
BG,2020-06-08,3011000.0,power
BG,2020-06-09,3010000.0,power
BG,2020-06-10,2975000.0,power
BG,2020-06-11,3144000.0,power
BG,2020-06-12,3325000.0,power
BG,2020-06-13,3783000.0,power
BG,2020-06-14,3766000.0,power
BG,2020-06-15,3753000.0,power
BG,2020-06-16,3865000.0,power
BG,2020-06-17,3960000.0,power
BG,2020-06-18,4197000.0,power
BG,2020-06-19,4081000.0,power
BG,2020-06-20,4012000.0,power
BG,2020-06-21,4011000.0,power
BG,2020-06-22,3615000.0,power
BG,2020-06-23,3459000.0,power
BG,2020-06-24,3513000.0,power
BG,2020-06-25,3538000.0,power
BG,2020-06-26,3512000.0,power
BG,2020-06-27,3504000.0,power
BG,2020-06-28,3494000.0,power
BG,2020-06-29,3513000.0,power
BG,2020-06-30,3579000.0,power
BG,2020-07-01,3474000.0,power
BG,2020-07-02,3478000.0,power
BG,2020-07-03,3494000.0,power
BG,2020-07-04,3517000.0,power
BG,2020-07-05,3483000.0,power
BG,2020-07-06,3405000.0,power
BG,2020-07-07,3452000.0,power
BG,2020-07-08,3440000.0,power
BG,2020-07-09,3236000.0,power
BG,2020-07-10,3429000.0,power
BG,2020-07-11,3501000.0,power
BG,2020-07-12,3496000.0,power
BG,2020-07-13,3472000.0,power
BG,2020-07-14,3458000.0,power
BG,2020-07-15,3391000.0,power
BG,2020-07-16,3410000.0,power
BG,2020-07-17,3360000.0,power
BG,2020-07-18,3358000.0,power
BG,2020-07-19,3388000.0,power
BG,2020-07-20,3340000.0,power
BG,2020-07-21,3347000.0,power
BG,2020-07-22,3419000.0,power
BG,2020-07-23,3810000.0,power
BG,2020-07-24,3787000.0,power
BG,2020-07-25,3181000.0,power
BG,2020-07-26,3358000.0,power
BG,2020-07-27,3886000.0,power
BG,2020-07-28,3872000.0,power
BG,2020-07-29,3808000.0,power
BG,2020-07-30,3628000.0,power
BG,2020-07-31,3780000.0,power
BG,2020-08-01,4064000.0,power
BG,2020-08-02,4199000.0,power
BG,2020-08-03,4143000.0,power
BG,2020-08-04,4093000.0,power
BG,2020-08-05,4130000.0,power
BG,2020-08-06,4094000.0,power
BG,2020-08-07,4076000.0,power
BG,2020-08-08,4094000.0,power
BG,2020-08-09,4064000.0,power
BG,2020-08-10,3823000.0,power
BG,2020-08-11,3669000.0,power
BG,2020-08-12,4126000.0,power
BG,2020-08-13,4014000.0,power
BG,2020-08-14,4201000.0,power
BG,2020-08-15,4207000.0,power
BG,2020-08-16,4207000.0,power
BG,2020-08-17,4177000.0,power
BG,2020-08-18,4244000.0,power
BG,2020-08-19,4285000.0,power
BG,2020-08-20,4315000.0,power
BG,2020-08-21,4285000.0,power
BG,2020-08-22,4251000.0,power
BG,2020-08-23,4325000.0,power
BG,2020-08-24,4361000.0,power
BG,2020-08-25,4264000.0,power
BG,2020-08-26,4204000.0,power
BG,2020-08-27,4237000.0,power
BG,2020-08-28,4331000.0,power
BG,2020-08-29,4307000.0,power
BG,2020-08-30,4281000.0,power
BG,2020-08-31,4298000.0,power
BG,2020-09-01,4338000.0,power
BG,2020-09-02,4242000.0,power
BG,2020-09-03,4280000.0,power
BG,2020-09-04,4215000.0,power
BG,2020-09-05,4193000.0,power
BG,2020-09-06,4317000.0,power
BG,2020-09-07,4283000.0,power
BG,2020-09-08,4330000.0,power
BG,2020-09-09,4358000.0,power
BG,2020-09-10,4370000.0,power
BG,2020-09-11,3799000.0,power
BG,2020-09-12,3710000.0,power
BG,2020-09-13,4140000.0,power
BG,2020-09-14,4277000.0,power
BG,2020-09-15,4273000.0,power
BG,2020-09-16,3989000.0,power
BG,2020-09-17,4167000.0,power
BG,2020-09-18,4254000.0,power
BG,2020-09-19,4313000.0,power
BG,2020-09-20,4321000.0,power
BG,2020-09-21,4137000.0,power
BG,2020-09-22,4012000.0,power
BG,2020-09-23,3997000.0,power
BG,2020-09-24,3948000.0,power
BG,2020-09-25,4007000.0,power
BG,2020-09-26,3776000.0,power
BG,2020-09-27,3785000.0,power
BG,2020-09-28,3800000.0,power
BG,2020-09-29,3761000.0,power
BG,2020-09-30,4135000.0,power
BG,2020-10-01,5073000.0,power
BG,2020-10-02,5483000.0,power
BG,2020-10-03,5474000.0,power
BG,2020-10-04,5354000.0,power
BG,2020-10-05,5329000.0,power
BG,2020-10-06,4476000.0,power
BG,2020-10-07,4190000.0,power
BG,2020-10-08,4799000.0,power
BG,2020-10-09,5059000.0,power
BG,2020-10-10,4980000.0,power
BG,2020-10-11,4728000.0,power
BG,2020-10-12,4672000.0,power
BG,2020-10-13,4801000.0,power
BG,2020-10-14,4802000.0,power
BG,2020-10-15,5033000.0,power
BG,2020-10-16,5212000.0,power
BG,2020-10-17,5247000.0,power
BG,2020-10-18,5268000.0,power
BG,2020-10-19,5393000.0,power
BG,2020-10-20,5394000.0,power
BG,2020-10-21,5347000.0,power
BG,2020-10-22,5422000.0,power
BG,2020-10-23,4806000.0,power
BG,2020-10-24,4814000.0,power
BG,2020-10-25,4751000.0,power
BG,2020-10-26,4828000.0,power
BG,2020-10-27,4746000.0,power
BG,2020-10-28,4847000.0,power
BG,2020-10-29,5459000.0,power
BG,2020-10-30,6185000.0,power
BG,2020-10-31,6213000.0,power
BG,2020-11-01,6779000.0,power
BG,2020-11-02,7060000.0,power
BG,2020-11-03,7143000.0,power
BG,2020-11-04,7405000.0,power
BG,2020-11-05,7219000.0,power
BG,2020-11-06,7557000.0,power
BG,2020-11-07,7696000.0,power
BG,2020-11-08,7675000.0,power
BG,2020-11-09,7606000.0,power
BG,2020-11-10,6841000.0,power
BG,2020-11-11,7231000.0,power
BG,2020-11-12,8076000.0,power
BG,2020-11-13,7970000.0,power
BG,2020-11-14,8000000.0,power
BG,2020-11-15,7912000.0,power
BG,2020-11-16,7647000.0,power
BG,2020-11-17,7808000.0,power
BG,2020-11-18,7849000.0,power
BG,2020-11-19,7904000.0,power
BG,2020-11-20,8183000.0,power
BG,2020-11-21,8512000.0,power
BG,2020-11-22,8735000.0,power
BG,2020-11-23,8794000.0,power
BG,2020-11-24,9035000.0,power
BG,2020-11-25,9076000.0,power
BG,2020-11-26,9062000.0,power
BG,2020-11-27,9080000.0,power
BG,2020-11-28,9057000.0,power
BG,2020-11-29,8888000.0,power
BG,2020-11-30,8951000.0,power
BG,2020-12-01,9248000.0,power
BG,2020-12-02,9548000.0,power
BG,2020-12-03,9640000.0,power
BG,2020-12-04,9418000.0,power
BG,2020-12-05,8883000.0,power
BG,2020-12-06,8769000.0,power
BG,2020-12-07,8832000.0,power
BG,2020-12-08,8764000.0,power
BG,2020-12-09,8741000.0,power
BG,2020-12-10,8842000.0,power
BG,2020-12-11,8705000.0,power
BG,2020-12-12,8788000.0,power
BG,2020-12-13,8144000.0,power
BG,2020-12-14,8742000.0,power
BG,2020-12-15,8471000.0,power
BG,2020-12-16,8884000.0,power
BG,2020-12-17,8959000.0,power
BG,2020-12-18,9085000.0,power
BG,2020-12-19,9011000.0,power
BG,2020-12-20,8870000.0,power
BG,2020-12-21,8902000.0,power
BG,2020-12-22,9049000.0,power
BG,2020-12-23,8722000.0,power
BG,2020-12-24,8565000.0,power
BG,2020-12-25,8519000.0,power
BG,2020-12-26,8740000.0,power
BG,2020-12-27,8804000.0,power
BG,2020-12-28,8508000.0,power
BG,2020-12-29,8489000.0,power
BG,2020-12-30,8437000.0,power
BG,2020-12-31,7900000.0,power
BG,2021-01-01,8213000.0,power
BG,2021-01-02,8491000.0,power
BG,2021-01-03,8732000.0,power
BG,2021-01-04,8897000.0,power
BG,2021-01-05,8643000.0,power
BG,2021-01-06,8623000.0,power
BG,2021-01-07,8721000.0,power
BG,2021-01-08,8764000.0,power
BG,2021-01-09,9057000.0,power
BG,2021-01-10,9149000.0,power
BG,2021-01-11,9249000.0,power
BG,2021-01-12,9345000.0,power
BG,2021-01-13,9765000.0,power
BG,2021-01-14,10169000.0,power
BG,2021-01-15,10257000.0,power
BG,2021-01-16,10335000.0,power
BG,2021-01-17,10351000.0,power
BG,2021-01-18,10354000.0,power
BG,2021-01-19,10391000.0,power
BG,2021-01-20,9915000.0,power
BG,2021-01-21,10190000.0,power
BG,2021-01-22,9754000.0,power
BG,2021-01-23,9458000.0,power
BG,2021-01-24,9252000.0,power
BG,2021-01-25,9365000.0,power
BG,2021-01-26,9628000.0,power
BG,2021-01-27,9750000.0,power
BG,2021-01-28,9086000.0,power
BG,2021-01-29,9709000.0,power
BG,2021-01-30,9772000.0,power
BG,2021-01-31,9571000.0,power
BG,2021-02-01,9443000.0,power
BG,2021-02-02,8726000.0,power
BG,2021-02-03,8058000.0,power
BG,2021-02-04,8397000.0,power
BG,2021-02-05,8264000.0,power
BG,2021-02-06,7742000.0,power
BG,2021-02-07,7489000.0,power
BG,2021-02-08,8051000.0,power
BG,2021-02-09,8404000.0,power
BG,2021-02-10,8663000.0,power
BG,2021-02-11,8842000.0,power
BG,2021-02-12,9311000.0,power
BG,2021-02-13,9934000.0,power
BG,2021-02-14,10062000.0,power
BG,2021-02-15,10327000.0,power
BG,2021-02-16,10271000.0,power
BG,2021-02-17,10457000.0,power
BG,2021-02-18,10281000.0,power
BG,2021-02-19,10075000.0,power
BG,2021-02-20,9664000.0,power
BG,2021-02-21,9696000.0,power
BG,2021-02-22,9878000.0,power
BG,2021-02-23,9659000.0,power
BG,2021-02-24,9359000.0,power
BG,2021-02-25,8899000.0,power
BG,2021-02-26,8969000.0,power
BG,2021-02-27,9042000.0,power
BG,2021-02-28,9115000.0,power
BG,2021-03-01,9127000.0,power
BG,2021-03-02,9239000.0,power
BG,2021-03-03,8849000.0,power
BG,2021-03-04,8781000.0,power
BG,2021-03-05,8734000.0,power
BG,2021-03-06,9103000.0,power
BG,2021-03-07,9392000.0,power
BG,2021-03-08,9264000.0,power
BG,2021-03-09,9362000.0,power
BG,2021-03-10,9471000.0,power
BG,2021-03-11,9482000.0,power
BG,2021-03-12,9381000.0,power
BG,2021-03-13,9073000.0,power
BG,2021-03-14,8783000.0,power
BG,2021-03-15,9243000.0,power
BG,2021-03-16,9505000.0,power
BG,2021-03-17,9542000.0,power
BG,2021-03-18,9602000.0,power
BG,2021-03-19,9559000.0,power
BG,2021-03-20,9603000.0,power
BG,2021-03-21,9626000.0,power
BG,2021-03-22,9487000.0,power
BG,2021-03-23,9719000.0,power
BG,2021-03-24,9656000.0,power
BG,2021-03-25,9677000.0,power
BG,2021-03-26,9313000.0,power
BG,2021-03-27,8517000.0,power
BG,2021-03-28,8902000.0,power
BG,2021-03-29,9016000.0,power
BG,2021-03-30,8877000.0,power
BG,2021-03-31,8689000.0,power
BG,2021-04-01,8307000.0,power
BG,2021-04-02,8143000.0,power
BG,2021-04-03,8097000.0,power
BG,2021-04-04,8523000.0,power
BG,2021-04-05,8497000.0,power
BG,2021-04-06,8123000.0,power
BG,2021-04-07,8302000.0,power
BG,2021-04-08,8354000.0,power
BG,2021-04-09,8389000.0,power
BG,2021-04-10,8388000.0,power
BG,2021-04-11,7963000.0,power
BG,2021-04-12,6923000.0,power
BG,2021-04-13,6531000.0,power
BG,2021-04-14,6729000.0,power
BG,2021-04-15,6858000.0,power
BG,2021-04-16,7387000.0,power
BG,2021-04-17,7637000.0,power
BG,2021-04-18,7820000.0,power
BG,2021-04-19,7993000.0,power
BG,2021-04-20,8048000.0,power
BG,2021-04-21,7747000.0,power
BG,2021-04-22,7073000.0,power
BG,2021-04-23,7009000.0,power
BG,2021-04-24,6511000.0,power
BG,2021-04-25,6602000.0,power
BG,2021-04-26,6940000.0,power
BG,2021-04-27,6156000.0,power
BG,2021-04-28,6147000.0,power
BG,2021-04-29,5353000.0,power
BG,2021-04-30,4856000.0,power
BG,2021-05-01,4592000.0,power
BG,2021-05-02,4679000.0,power
BG,2021-05-03,4699000.0,power
BG,2021-05-04,4710000.0,power
BG,2021-05-05,4817000.0,power
BG,2021-05-06,4782000.0,power
BG,2021-05-07,4812000.0,power
BG,2021-05-08,4840000.0,power
BG,2021-05-09,4842000.0,power
BG,2021-05-10,4853000.0,power
BG,2021-05-11,4811000.0,power
BG,2021-05-12,4606000.0,power
BG,2021-05-13,4778000.0,power
BG,2021-05-14,4582000.0,power
BG,2021-05-15,4819000.0,power
BG,2021-05-16,4868000.0,power
BG,2021-05-17,4886000.0,power
BG,2021-05-18,4772000.0,power
BG,2021-05-19,4757000.0,power
BG,2021-05-20,4759000.0,power
BG,2021-05-21,4683000.0,power
BG,2021-05-22,4725000.0,power
BG,2021-05-23,4720000.0,power
BG,2021-05-24,4742000.0,power
BG,2021-05-25,4623000.0,power
BG,2021-05-26,4701000.0,power
BG,2021-05-27,4724000.0,power
BG,2021-05-28,4796000.0,power
BG,2021-05-29,4724000.0,power
BG,2021-05-30,4734000.0,power
BG,2021-05-31,4754000.0,power
BG,2021-06-01,4614000.0,power
BG,2021-06-02,4802000.0,power
BG,2021-06-03,4416000.0,power
BG,2021-06-04,4763000.0,power
BG,2021-06-05,4743000.0,power
BG,2021-06-06,4720000.0,power
BG,2021-06-07,4735000.0,power
BG,2021-06-08,4728000.0,power
BG,2021-06-09,4692000.0,power
BG,2021-06-10,4504000.0,power
BG,2021-06-11,4634000.0,power
BG,2021-06-12,4437000.0,power
BG,2021-06-13,4655000.0,power
BG,2021-06-14,4608000.0,power
BG,2021-06-15,4588000.0,power
BG,2021-06-16,4351000.0,power
BG,2021-06-17,4613000.0,power
BG,2021-06-18,4441000.0,power
BG,2021-06-19,4556000.0,power
BG,2021-06-20,4504000.0,power
BG,2021-06-21,4439000.0,power
BG,2021-06-22,4047000.0,power
BG,2021-06-23,4355000.0,power
BG,2021-06-24,4461000.0,power
BG,2021-06-25,4367000.0,power
BG,2021-06-26,4165000.0,power
BG,2021-06-27,4337000.0,power
BG,2021-06-28,4286000.0,power
BG,2021-06-29,4708000.0,power
BG,2021-06-30,4853000.0,power
BG,2021-07-01,4958000.0,power
BG,2021-07-02,4897000.0,power
BG,2021-07-03,4883000.0,power
BG,2021-07-04,4894000.0,power
BG,2021-07-05,4934000.0,power
BG,2021-07-06,4966000.0,power
BG,2021-07-07,4999000.0,power
BG,2021-07-08,5016000.0,power
BG,2021-07-09,5128000.0,power
BG,2021-07-10,5118000.0,power
BG,2021-07-11,5059000.0,power
BG,2021-07-12,5077000.0,power
BG,2021-07-13,4994000.0,power
BG,2021-07-14,4864000.0,power
BG,2021-07-15,4744000.0,power
BG,2021-07-16,5115000.0,power
BG,2021-07-17,5066000.0,power
BG,2021-07-18,4719000.0,power
BG,2021-07-19,5090000.0,power
BG,2021-07-20,5049000.0,power
BG,2021-07-21,5058000.0,power
BG,2021-07-22,5070000.0,power
BG,2021-07-23,5149000.0,power
BG,2021-07-24,5089000.0,power
BG,2021-07-25,5030000.0,power
BG,2021-07-26,5134000.0,power
BG,2021-07-27,5071000.0,power
BG,2021-07-28,5009000.0,power
BG,2021-07-29,4990000.0,power
BG,2021-07-30,4757000.0,power
BG,2021-07-31,4494000.0,power
BG,2021-08-01,3886000.0,power
BG,2021-08-02,2887000.0,power
BG,2021-08-03,2961000.0,power
BG,2021-08-04,2972000.0,power
BG,2021-08-05,2915000.0,power
BG,2021-08-06,2942000.0,power
BG,2021-08-07,2537000.0,power
BG,2021-08-08,2747000.0,power
BG,2021-08-09,2444000.0,power
BG,2021-08-10,2945000.0,power
BG,2021-08-11,3551000.0,power
BG,2021-08-12,3143000.0,power
BG,2021-08-13,3065000.0,power
BG,2021-08-14,3494000.0,power
BG,2021-08-15,3494000.0,power
BG,2021-08-16,3549000.0,power
BG,2021-08-17,3619000.0,power
BG,2021-08-18,4211000.0,power
BG,2021-08-19,4316000.0,power
BG,2021-08-20,4371000.0,power
BG,2021-08-21,4740000.0,power
BG,2021-08-22,7527000.0,power
BG,2021-08-23,8013000.0,power
BG,2021-08-24,7704000.0,power
BG,2021-08-25,9179000.0,power
BG,2021-08-26,8946000.0,power
BG,2021-08-27,7612000.0,power
BG,2021-08-28,7466000.0,power
BG,2021-08-29,8701000.0,power
BG,2021-08-30,9364000.0,power
BG,2021-08-31,9363000.0,power
BG,2021-09-01,9068000.0,power
BG,2021-09-02,9330000.0,power
BG,2021-09-03,7969000.0,power
BG,2021-09-04,7316000.0,power
BG,2021-09-05,7541000.0,power
BG,2021-09-06,7766000.0,power
BG,2021-09-07,9514000.0,power
BG,2021-09-08,7688000.0,power
BG,2021-09-09,7843000.0,power
BG,2021-09-10,7889000.0,power
BG,2021-09-11,8444000.0,power
BG,2021-09-12,9096000.0,power
BG,2021-09-13,10115000.0,power
BG,2021-09-14,10283000.0,power
BG,2021-09-15,10355000.0,power
BG,2021-09-16,9497000.0,power
BG,2021-09-17,9813000.0,power
BG,2021-09-18,10191000.0,power
BG,2021-09-19,10189000.0,power
BG,2021-09-20,9362000.0,power
BG,2021-09-21,8067000.0,power
BG,2021-09-22,8713000.0,power
BG,2021-09-23,8419000.0,power
BG,2021-09-24,8645000.0,power
BG,2021-09-25,8013000.0,power
BG,2021-09-26,7899000.0,power
BG,2021-09-27,7736000.0,power
BG,2021-09-28,7841000.0,power
BG,2021-09-29,8671000.0,power
BG,2021-09-30,9613000.0,power
BG,2021-10-01,7316000.0,power
BG,2021-10-02,7133000.0,power
BG,2021-10-03,6847000.0,power
BG,2021-10-04,7022000.0,power
BG,2021-10-05,7052000.0,power
BG,2021-10-06,7064000.0,power
BG,2021-10-07,4837000.0,power
BG,2021-10-08,4628000.0,power
BG,2021-10-09,4977000.0,power
BG,2021-10-10,5267000.0,power
BG,2021-10-11,5929000.0,power
BG,2021-10-12,7177000.0,power
BG,2021-10-13,7119000.0,power
BG,2021-10-14,6922000.0,power
BG,2021-10-15,7478000.0,power
BG,2021-10-16,6179000.0,power
BG,2021-10-17,8125000.0,power
BG,2021-10-18,8363000.0,power
BG,2021-10-19,8444000.0,power
BG,2021-10-20,9097000.0,power
BG,2021-10-21,9622000.0,power
BG,2021-10-22,9612000.0,power
BG,2021-10-23,9040000.0,power
BG,2021-10-24,9586000.0,power
BG,2021-10-25,10008000.0,power
BG,2021-10-26,10105000.0,power
BG,2021-10-27,9886000.0,power
BG,2021-10-28,9817000.0,power
BG,2021-10-29,9523000.0,power
BG,2021-10-30,8014000.0,power
BG,2021-10-31,7979000.0,power
BG,2021-11-01,7529000.0,power
BG,2021-11-02,7453000.0,power
BG,2021-11-03,7436000.0,power
BG,2021-11-04,8604000.0,power
BG,2021-11-05,8554000.0,power
BG,2021-11-06,8671000.0,power
BG,2021-11-07,8731000.0,power
BG,2021-11-08,8194000.0,power
BG,2021-11-09,7873000.0,power
BG,2021-11-10,8871000.0,power
BG,2021-11-11,9154000.0,power
BG,2021-11-12,9028000.0,power
BG,2021-11-13,9151000.0,power
BG,2021-11-14,8985000.0,power
BG,2021-11-15,7739000.0,power
BG,2021-11-16,9305000.0,power
BG,2021-11-17,9472000.0,power
BG,2021-11-18,8143000.0,power
BG,2021-11-19,8362000.0,power
BG,2021-11-20,8362000.0,power
BG,2021-11-21,9358000.0,power
BG,2021-11-22,10518000.0,power
BG,2021-11-23,10385000.0,power
BG,2021-11-24,10374000.0,power
BG,2021-11-25,10483000.0,power
BG,2021-11-26,10726000.0,power
BG,2021-11-27,10515000.0,power
BG,2021-11-28,10395000.0,power
BG,2021-11-29,10252000.0,power
BG,2021-11-30,8827000.0,power
BG,2021-12-01,8854000.0,power
BG,2021-12-02,8712000.0,power
BG,2021-12-03,8548000.0,power
BG,2021-12-04,8354000.0,power
BG,2021-12-05,9144000.0,power
BG,2021-12-06,11814000.0,power
BG,2021-12-07,13047000.0,power
BG,2021-12-08,12744000.0,power
BG,2021-12-09,14424000.0,power
BG,2021-12-10,15131000.0,power
BG,2021-12-11,14836000.0,power
BG,2021-12-12,15731000.0,power
BG,2021-12-13,12364000.0,power
BG,2021-12-14,12655000.0,power
BG,2021-12-15,12653000.0,power
BG,2021-12-16,12333000.0,power
BG,2021-12-17,12054000.0,power
BG,2021-12-18,11410000.0,power
BG,2021-12-19,12469000.0,power
BG,2021-12-20,12586000.0,power
BG,2021-12-21,12774000.0,power
BG,2021-12-22,12882000.0,power
BG,2021-12-23,12815000.0,power
BG,2021-12-24,10906000.0,power
BG,2021-12-25,10291000.0,power
BG,2021-12-26,10591000.0,power
BG,2021-12-27,10363000.0,power
BG,2021-12-28,10586000.0,power
BG,2021-12-29,10670000.0,power
BG,2021-12-30,10773000.0,power
BG,2021-12-31,10493000.0,power
BG,2022-01-01,11617000.0,power
BG,2022-01-02,11593000.0,power
BG,2022-01-03,11589000.0,power
BG,2022-01-04,11903000.0,power
BG,2022-01-05,11887000.0,power
BG,2022-01-06,11719000.0,power
BG,2022-01-07,11887000.0,power
BG,2022-01-08,12002000.0,power
BG,2022-01-09,12561000.0,power
BG,2022-01-10,14129000.0,power
BG,2022-01-11,14491000.0,power
BG,2022-01-12,14404000.0,power
BG,2022-01-13,14438000.0,power
BG,2022-01-14,14228000.0,power
BG,2022-01-15,14253000.0,power
BG,2022-01-16,14219000.0,power
BG,2022-01-17,14256000.0,power
BG,2022-01-18,14371000.0,power
BG,2022-01-19,14435000.0,power
BG,2022-01-20,13821000.0,power
BG,2022-01-21,12437000.0,power
BG,2022-01-22,12495000.0,power
BG,2022-01-23,13077000.0,power
BG,2022-01-24,14590000.0,power
BG,2022-01-25,15020000.0,power
BG,2022-01-26,15962000.0,power
BG,2022-01-27,14999000.0,power
BG,2022-01-28,14549000.0,power
BG,2022-01-29,14376000.0,power
BG,2022-01-30,14314000.0,power
BG,2022-01-31,14430000.0,power
BG,2022-02-01,12016000.0,power
BG,2022-02-02,12032000.0,power
BG,2022-02-03,11965000.0,power
BG,2022-02-04,12146000.0,power
BG,2022-02-05,12147000.0,power
BG,2022-02-06,12111000.0,power
BG,2022-02-07,11923000.0,power
BG,2022-02-08,12092000.0,power
BG,2022-02-09,12093000.0,power
BG,2022-02-10,11787000.0,power
BG,2022-02-11,11626000.0,power
BG,2022-02-12,11595000.0,power
BG,2022-02-13,11793000.0,power
BG,2022-02-14,11755000.0,power
BG,2022-02-15,11557000.0,power
BG,2022-02-16,10782000.0,power
BG,2022-02-17,11098000.0,power
BG,2022-02-18,10962000.0,power
BG,2022-02-19,8824000.0,power
BG,2022-02-20,8635000.0,power
BG,2022-02-21,8517000.0,power
BG,2022-02-22,8681000.0,power
BG,2022-02-23,8644000.0,power
BG,2022-02-24,8580000.0,power
BG,2022-02-25,8406000.0,power
BG,2022-02-26,8757000.0,power
BG,2022-02-27,8673000.0,power
BG,2022-02-28,9689000.0,power
BG,2022-03-01,10596000.0,power
BG,2022-03-02,10865000.0,power
BG,2022-03-03,10844000.0,power
BG,2022-03-04,10939000.0,power
BG,2022-03-05,10958000.0,power
BG,2022-03-06,10260000.0,power
BG,2022-03-07,11022000.0,power
BG,2022-03-08,9710000.0,power
BG,2022-03-09,11000000.0,power
BG,2022-03-10,11050000.0,power
BG,2022-03-11,10993000.0,power
BG,2022-03-12,11070000.0,power
BG,2022-03-13,10966000.0,power
BG,2022-03-14,10943000.0,power
BG,2022-03-15,10913000.0,power
BG,2022-03-16,10701000.0,power
BG,2022-03-17,8827000.0,power
BG,2022-03-18,8656000.0,power
BG,2022-03-19,8920000.0,power
BG,2022-03-20,8798000.0,power
BG,2022-03-21,8598000.0,power
BG,2022-03-22,8418000.0,power
BG,2022-03-23,8485000.0,power
BG,2022-03-24,8226000.0,power
BG,2022-03-25,7850000.0,power
BG,2022-03-26,6931000.0,power
BG,2022-03-27,7228000.0,power
BG,2022-03-28,7483000.0,power
BG,2022-03-29,7268000.0,power
BG,2022-03-30,7218000.0,power
BG,2022-03-31,6808000.0,power
BG,2022-04-01,5352000.0,power
BG,2022-04-02,5918000.0,power
BG,2022-04-03,7267000.0,power
BG,2022-04-04,7914000.0,power
BG,2022-04-05,7835000.0,power
BG,2022-04-06,7652000.0,power
BG,2022-04-07,7626000.0,power
BG,2022-04-08,7164000.0,power
BG,2022-04-09,6623000.0,power
BG,2022-04-10,7032000.0,power
BG,2022-04-11,7798000.0,power
BG,2022-04-12,7341000.0,power
BG,2022-04-13,6958000.0,power
BG,2022-04-14,6841000.0,power
BG,2022-04-15,6833000.0,power
BG,2022-04-16,6918000.0,power
BG,2022-04-17,7671000.0,power
BG,2022-04-18,8200000.0,power
BG,2022-04-19,8345000.0,power
BG,2022-04-20,8332000.0,power
BG,2022-04-21,7704000.0,power
BG,2022-04-22,6686000.0,power
BG,2022-04-23,6416000.0,power
BG,2022-04-24,6373000.0,power
BG,2022-04-25,6336000.0,power
BG,2022-04-26,6040000.0,power
BG,2022-04-27,5434000.0,power
BG,2022-04-28,5292000.0,power
BG,2022-04-29,4828000.0,power
BG,2022-04-30,4928000.0,power
BG,2022-05-01,4799000.0,power
BG,2022-05-02,4896000.0,power
BG,2022-05-03,4795000.0,power
BG,2022-05-04,4307000.0,power
BG,2022-05-05,4602000.0,power
BG,2022-05-06,4822000.0,power
BG,2022-05-07,5013000.0,power
BG,2022-05-08,4272000.0,power
BG,2022-05-09,4524000.0,power
BG,2022-05-10,4727000.0,power
BG,2022-05-11,4785000.0,power
BG,2022-05-12,5113000.0,power
BG,2022-05-13,5187000.0,power
BG,2022-05-14,5030000.0,power
BG,2022-05-15,5173000.0,power
BG,2022-05-16,5187000.0,power
BG,2022-05-17,5083000.0,power
BG,2022-05-18,4931000.0,power
BG,2022-05-19,4748000.0,power
BG,2022-05-20,4992000.0,power
BG,2022-05-21,4920000.0,power
BG,2022-05-22,4951000.0,power
BG,2022-05-23,4956000.0,power
BG,2022-05-24,5207000.0,power
BG,2022-05-25,4608000.0,power
BG,2022-05-26,4544000.0,power
BG,2022-05-27,4485000.0,power
BG,2022-05-28,4464000.0,power
BG,2022-05-29,4640000.0,power
BG,2022-05-30,5134000.0,power
BG,2022-05-31,5085000.0,power
BG,2022-06-01,4937000.0,power
BG,2022-06-02,5077000.0,power
BG,2022-06-03,4965000.0,power
BG,2022-06-04,4809000.0,power
BG,2022-06-05,4703000.0,power
BG,2022-06-06,4667000.0,power
BG,2022-06-07,4569000.0,power
BG,2022-06-08,4546000.0,power
BG,2022-06-09,4593000.0,power
BG,2022-06-10,4585000.0,power
BG,2022-06-11,4983000.0,power
BG,2022-06-12,5094000.0,power
BG,2022-06-13,5154000.0,power
BG,2022-06-14,5215000.0,power
BG,2022-06-15,5189000.0,power
BG,2022-06-16,5222000.0,power
BG,2022-06-17,5046000.0,power
BG,2022-06-18,5174000.0,power
BG,2022-06-19,5208000.0,power
BG,2022-06-20,5209000.0,power
BG,2022-06-21,4892000.0,power
BG,2022-06-22,5316000.0,power
BG,2022-06-23,5358000.0,power
BG,2022-06-24,5323000.0,power
BG,2022-06-25,5208000.0,power
BG,2022-06-26,5237000.0,power
BG,2022-06-27,5373000.0,power
BG,2022-06-28,5348000.0,power
BG,2022-06-29,5217000.0,power
BG,2022-06-30,4824000.0,power
BG,2022-07-01,5870000.0,power
BG,2022-07-02,6197000.0,power
BG,2022-07-03,5767000.0,power
BG,2022-07-04,6181000.0,power
BG,2022-07-05,6283000.0,power
BG,2022-07-06,6345000.0,power
BG,2022-07-07,6214000.0,power
BG,2022-07-08,6036000.0,power
BG,2022-07-09,4317000.0,power
BG,2022-07-10,4381000.0,power
BG,2022-07-11,4514000.0,power
BG,2022-07-12,5847000.0,power
BG,2022-07-13,6224000.0,power
BG,2022-07-14,6380000.0,power
BG,2022-07-15,6505000.0,power
BG,2022-07-16,6475000.0,power
BG,2022-07-17,6462000.0,power
BG,2022-07-18,6546000.0,power
BG,2022-07-19,6500000.0,power
BG,2022-07-20,6281000.0,power
BG,2022-07-21,6374000.0,power
BG,2022-07-22,6317000.0,power
BG,2022-07-23,6178000.0,power
BG,2022-07-24,6237000.0,power
BG,2022-07-25,6312000.0,power
BG,2022-07-26,6339000.0,power
BG,2022-07-27,6280900.0,power
BG,2022-07-28,6073600.0,power
BG,2022-07-29,4263800.0,power
BG,2022-07-30,4302800.0,power
BG,2022-07-31,4210300.0,power
BG,2022-08-01,3753000.0,power
BG,2022-08-02,3758000.0,power
BG,2022-08-03,4895000.0,power
BG,2022-08-04,5690000.0,power
BG,2022-08-05,5638000.0,power
BG,2022-08-06,5065700.0,power
BG,2022-08-07,3623200.0,power
BG,2022-08-08,4722600.0,power
BG,2022-08-09,5534000.0,power
BG,2022-08-10,5527000.0,power
BG,2022-08-11,5660600.0,power
BG,2022-08-12,5567000.0,power
BG,2022-08-13,5498000.0,power
BG,2022-08-14,5335000.0,power
BG,2022-08-15,5712000.0,power
BG,2022-08-16,5621000.0,power
BG,2022-08-17,3975000.0,power
BG,2022-08-18,4004500.0,power
BG,2022-08-19,3945000.0,power
BG,2022-08-20,3778000.0,power
BG,2022-08-21,3958000.0,power
BG,2022-08-22,3966000.0,power
BG,2022-08-23,3934000.0,power
BG,2022-08-24,3938400.0,power
BG,2022-08-25,3944700.0,power
BG,2022-08-26,4157899.9999999995,power
BG,2022-08-27,4178899.9999999995,power
BG,2022-08-28,4265700.0,power
BG,2022-08-29,4296400.0,power
BG,2022-08-30,4302000.0,power
BG,2022-08-31,4422800.0,power
BG,2022-09-01,4401400.0,power
BG,2022-09-02,4202400.0,power
BG,2022-09-03,4341900.0,power
BG,2022-09-04,4342700.0,power
BG,2022-09-05,3705100.0,power
BG,2022-09-06,3502000.0,power
BG,2022-09-07,3679000.0,power
BG,2022-09-08,3494300.0,power
BG,2022-09-09,3554700.0,power
BG,2022-09-10,3544100.0,power
BG,2022-09-11,3630800.0,power
BG,2022-09-12,3511400.0,power
BG,2022-09-13,3517200.0,power
BG,2022-09-14,3611800.0,power
BG,2022-09-15,3525700.0,power
BG,2022-09-16,3416300.0,power
BG,2022-09-17,3647700.0,power
BG,2022-09-18,3948700.0000000005,power
BG,2022-09-19,3814800.0,power
BG,2022-09-20,3970500.0,power
BG,2022-09-21,4003300.0,power
BG,2022-09-22,4013100.0,power
BG,2022-09-23,4060100.0,power
BG,2022-09-24,4042100.0,power
BG,2022-09-25,3952200.0,power
BG,2022-09-26,4110399.9999999995,power
BG,2022-09-27,4156200.0,power
BG,2022-09-28,4217900.0,power
BG,2022-09-29,3995500.0,power
BG,2022-09-30,4473200.0,power
BG,2022-10-01,4410600.0,power
BG,2022-10-02,4408500.0,power
BG,2022-10-03,5728800.0,power
BG,2022-10-04,6300400.0,power
BG,2022-10-05,6307400.0,power
BG,2022-10-06,6412400.0,power
BG,2022-10-07,6515400.000000001,power
BG,2022-10-08,6493000.0,power
BG,2022-10-09,6226800.0,power
BG,2022-10-10,6494700.0,power
BG,2022-10-11,6491800.0,power
BG,2022-10-12,6486800.0,power
BG,2022-10-13,6586100.0,power
BG,2022-10-14,6560000.0,power
BG,2022-10-15,5463900.0,power
BG,2022-10-16,4612700.0,power
BG,2022-10-17,4622000.0,power
BG,2022-10-18,4643400.0,power
BG,2022-10-19,4732800.0,power
BG,2022-10-20,4140500.0,power
BG,2022-10-21,4043200.0,power
BG,2022-10-22,4039500.0,power
BG,2022-10-23,3988000.0,power
BG,2022-10-24,4025000.0,power
BG,2022-10-25,4006700.0,power
BG,2022-10-26,4057100.0,power
BG,2022-10-27,4085000.0,power
BG,2022-10-28,4150800.0,power
BG,2022-10-29,4563200.0,power
BG,2022-10-30,4563900.0,power
BG,2022-10-31,4425500.0,power
BG,2022-11-01,4512800.0,power
BG,2022-11-02,4809600.0,power
BG,2022-11-03,4858800.0,power
BG,2022-11-04,4719100.0,power
BG,2022-11-05,4872400.0,power
BG,2022-11-06,4926100.0,power
BG,2022-11-07,6379800.0,power
BG,2022-11-08,7075100.0,power
BG,2022-11-09,7122400.0,power
BG,2022-11-10,7432500.0,power
BG,2022-11-11,6875200.0,power
BG,2022-11-12,8127200.0,power
BG,2022-11-13,8222200.000000001,power
BG,2022-11-14,8446800.0,power
BG,2022-11-15,8513800.0,power
BG,2022-11-16,8752100.0,power
BG,2022-11-17,9063100.0,power
BG,2022-11-18,9191400.0,power
BG,2022-11-19,9350900.0,power
BG,2022-11-20,9398500.0,power
BG,2022-11-21,9768900.0,power
BG,2022-11-22,9558000.0,power
BG,2022-11-23,9885700.0,power
BG,2022-11-24,9875300.0,power
BG,2022-11-25,10100300.0,power
BG,2022-11-26,9137000.0,power
BG,2022-11-27,8338799.999999999,power
BG,2022-11-28,8781200.0,power
BG,2022-11-29,9650800.0,power
BG,2022-11-30,9448900.0,power
BG,2022-12-01,8218200.000000001,power
BG,2022-12-02,9129300.0,power
BG,2022-12-03,9317400.0,power
BG,2022-12-04,7869600.0,power
BG,2022-12-05,7651400.0,power
BG,2022-12-06,8249299.999999999,power
BG,2022-12-07,9765900.0,power
BG,2022-12-08,10006000.0,power
BG,2022-12-09,9611300.0,power
BG,2022-12-10,9277200.0,power
BG,2022-12-11,7991600.0,power
BG,2022-12-12,9527200.0,power
BG,2022-12-13,10248900.0,power
BG,2022-12-14,10225500.0,power
BG,2022-12-15,10274900.0,power
BG,2022-12-16,9901000.0,power
BG,2022-12-17,9965800.0,power
BG,2022-12-18,10218000.0,power
BG,2022-12-19,10291400.0,power
BG,2022-12-20,9185900.0,power
BG,2022-12-21,8384600.0,power
BG,2022-12-22,8565500.0,power
BG,2022-12-23,8776600.0,power
BG,2022-12-24,8831700.0,power
BG,2022-12-25,8677000.0,power
BG,2022-12-26,8620100.0,power
BG,2022-12-27,8652500.0,power
BG,2022-12-28,8752000.0,power
BG,2022-12-29,8707900.0,power
BG,2022-12-30,8654700.0,power
BG,2022-12-31,8585100.0,power
BG,2023-01-01,8593200.0,power
BG,2023-01-02,8697300.0,power
BG,2023-01-03,8788800.0,power
BG,2023-01-04,8663500.0,power
BG,2023-01-05,8656300.0,power
BG,2023-01-06,8507200.0,power
BG,2023-01-07,8651700.0,power
BG,2023-01-08,8816200.0,power
BG,2023-01-09,8894300.0,power
BG,2023-01-10,8225900.0,power
BG,2023-01-11,8012100.0,power
BG,2023-01-12,8158900.0,power
BG,2023-01-13,7970500.0,power
BG,2023-01-14,8023600.0,power
BG,2023-01-15,8001900.0,power
BG,2023-01-16,8274000.0,power
BG,2023-01-17,7897400.0,power
BG,2023-01-18,7516600.0,power
BG,2023-01-19,7347900.0,power
BG,2023-01-20,7736100.0,power
BG,2023-01-21,8526800.0,power
BG,2023-01-22,8657199.999999998,power
BG,2023-01-23,8695600.0,power
BG,2023-01-24,8969700.0,power
BG,2023-01-25,8983700.0,power
BG,2023-01-26,8842000.0,power
BG,2023-01-27,8968700.0,power
BG,2023-01-28,8836600.0,power
BG,2023-01-29,9018600.0,power
BG,2023-01-30,8972400.0,power
BG,2023-01-31,9020200.0,power
BG,2023-02-01,8984600.0,power
BG,2023-02-02,9020800.0,power
BG,2023-02-03,8833000.0,power
BG,2023-02-04,8892200.0,power
BG,2023-02-05,9087300.0,power
BG,2023-02-06,9123400.0,power
BG,2023-02-07,9181600.0,power
BG,2023-02-08,9197200.0,power
BG,2023-02-09,9157700.0,power
BG,2023-02-10,8888600.0,power
BG,2023-02-11,8896800.0,power
BG,2023-02-12,9058200.0,power
BG,2023-02-13,9063300.0,power
BG,2023-02-14,8720400.0,power
BG,2023-02-15,8976500.0,power
BG,2023-02-16,8810100.0,power
BG,2023-02-17,7892700.0,power
BG,2023-02-18,7264500.0,power
BG,2023-02-19,7799300.0,power
BG,2023-02-20,8011700.0,power
BG,2023-02-21,7690200.0,power
BG,2023-02-22,7675700.0,power
BG,2023-02-23,7821200.0,power
BG,2023-02-24,7817100.0,power
BG,2023-02-25,7609100.0,power
BG,2023-02-26,7512600.0,power
BG,2023-02-27,7681600.0,power
BG,2023-02-28,7920400.0,power
BG,2023-03-01,8060700.0,power
BG,2023-03-02,7883200.0,power
BG,2023-03-03,7845800.0,power
BG,2023-03-04,7929900.0,power
BG,2023-03-05,8154600.0,power
BG,2023-03-06,8194000.0,power
BG,2023-03-07,7912300.0,power
BG,2023-03-08,7797700.0,power
BG,2023-03-09,7707900.0,power
BG,2023-03-10,7378800.0,power
BG,2023-03-11,7541200.0,power
BG,2023-03-12,7969500.0,power
BG,2023-03-13,8008100.0,power
BG,2023-03-14,7478500.0,power
BG,2023-03-15,7904300.0,power
BG,2023-03-16,9048100.0,power
BG,2023-03-17,8971100.0,power
BG,2023-03-18,8855800.0,power
BG,2023-03-19,8654800.0,power
BG,2023-03-20,7970700.0,power
BG,2023-03-21,7050300.0,power
BG,2023-03-22,7604500.0,power
BG,2023-03-23,7733500.0,power
BG,2023-03-24,7624100.0,power
BG,2023-03-25,7185500.0,power
BG,2023-03-26,7117700.0,power
BG,2023-03-27,7721800.0,power
BG,2023-03-28,8202700.000000001,power
BG,2023-03-29,8237600.0,power
BG,2023-03-30,8163700.0,power
BG,2023-03-31,7483700.0,power
BG,2023-04-01,7020800.0,power
BG,2023-04-02,7384500.0,power
BG,2023-04-03,7908500.0,power
BG,2023-04-04,8250900.0,power
BG,2023-04-05,8806000.0,power
BG,2023-04-06,8994900.0,power
BG,2023-04-07,7830600.0,power
BG,2023-04-08,7936200.0,power
BG,2023-04-09,8611200.0,power
BG,2023-04-10,8433400.0,power
BG,2023-04-11,7773600.0,power
BG,2023-04-12,7854400.0,power
BG,2023-04-13,7372900.0,power
BG,2023-04-14,6973700.0,power
BG,2023-04-15,6793700.0,power
BG,2023-04-16,6876600.0,power
BG,2023-04-17,7311600.0,power
BG,2023-04-18,7586700.0,power
BG,2023-04-19,7103500.0,power
BG,2023-04-20,7066300.0,power
BG,2023-04-21,6890700.0,power
BG,2023-04-22,6882900.0,power
BG,2023-04-23,6709800.0,power
BG,2023-04-24,6715300.0,power
BG,2023-04-25,6340000.0,power
BG,2023-04-26,6371800.0,power
BG,2023-04-27,6406000.0,power
BG,2023-04-28,6407200.0,power
BG,2023-04-29,6294800.0,power
BG,2023-04-30,6014300.0,power
BG,2023-05-01,5637600.0,power
BG,2023-05-02,4959800.0,power
BG,2023-05-03,4704800.0,power
BG,2023-05-04,4750300.0,power
BG,2023-05-05,4660500.0,power
BG,2023-05-06,4561700.0,power
BG,2023-05-07,4450600.0,power
BG,2023-05-08,4617900.0,power
BG,2023-05-09,4685500.0,power
BG,2023-05-10,4233700.0,power
BG,2023-05-11,3894800.0,power
BG,2023-05-12,3669800.0,power
BG,2023-05-13,3494800.0,power
BG,2023-05-14,3820400.0,power
BG,2023-05-15,3872600.0,power
BG,2023-05-16,3768200.0000000005,power
BG,2023-05-17,3791100.0,power
BG,2023-05-18,3771800.0,power
BG,2023-05-19,3767600.0,power
BG,2023-05-20,3044600.0,power
BG,2023-05-21,2999000.0,power
BG,2023-05-22,3120900.0,power
BG,2023-05-23,3620700.0,power
BG,2023-05-24,3751700.0,power
BG,2023-05-25,3748900.0,power
BG,2023-05-26,3636800.0,power
BG,2023-05-27,3682400.0,power
BG,2023-05-28,3663300.0,power
BG,2023-05-29,3698300.0,power
BG,2023-05-30,3799100.0,power
BG,2023-05-31,3693700.0,power
BG,2023-06-01,3698300.0,power
BG,2023-06-02,3678200.0,power
BG,2023-06-03,3665000.0,power
BG,2023-06-04,3657600.0,power
BG,2023-06-05,3523400.0,power
BG,2023-06-06,2884100.0,power
BG,2023-06-07,3486000.0,power
BG,2023-06-08,3655000.0,power
BG,2023-06-09,3900400.0,power
BG,2023-06-10,3737300.0,power
BG,2023-06-11,3766900.0,power
BG,2023-06-12,3869700.0,power
BG,2023-06-13,3867300.0,power
BG,2023-06-14,3777800.0,power
BG,2023-06-15,3809100.0,power
BG,2023-06-16,3858500.0,power
BG,2023-06-17,3627000.0,power
BG,2023-06-18,3578600.0,power
BG,2023-06-19,3768000.0,power
BG,2023-06-20,3664100.0,power
BG,2023-06-21,3809400.0,power
BG,2023-06-22,3798400.0,power
BG,2023-06-23,3722100.0,power
BG,2023-06-24,3674500.0,power
BG,2023-06-25,3658800.0,power
BG,2023-06-26,3247400.0,power
BG,2023-06-27,3644100.0,power
BG,2023-06-28,3797800.0,power
BG,2023-06-29,3891400.0,power
BG,2023-06-30,3869600.0,power
BG,2023-07-01,3668200.0,power
BG,2023-07-02,3627000.0,power
BG,2023-07-03,3607600.0,power
BG,2023-07-04,3382100.0,power
BG,2023-07-05,3290600.0,power
BG,2023-07-06,3472400.0,power
BG,2023-07-07,3581400.0,power
BG,2023-07-08,3414800.0,power
BG,2023-07-09,3381800.0,power
BG,2023-07-10,3599700.0000000005,power
BG,2023-07-11,3520500.0,power
BG,2023-07-12,3942000.0,power
BG,2023-07-13,3907100.0,power
BG,2023-07-14,3772000.0,power
BG,2023-07-15,3708400.0,power
BG,2023-07-16,3701000.0,power
BG,2023-07-17,3682200.0,power
BG,2023-07-18,3743800.0,power
BG,2023-07-19,3873200.0,power
BG,2023-07-20,3885000.0,power
BG,2023-07-21,3724000.0,power
BG,2023-07-22,3801600.0,power
BG,2023-07-23,3803700.0,power
BG,2023-07-24,3957299.9999999995,power
BG,2023-07-25,3803700.0000000005,power
BG,2023-07-26,3846500.0,power
BG,2023-07-27,3895200.0,power
BG,2023-07-28,3398700.0,power
BG,2023-07-29,3307700.0,power
BG,2023-07-30,3015799.9999999995,power
BG,2023-07-31,3202300.0,power
BG,2023-08-01,3252700.0,power
BG,2023-08-02,3476900.0,power
BG,2023-08-03,3792700.0,power
BG,2023-08-04,3796000.0,power
BG,2023-08-05,3794300.0,power
BG,2023-08-06,3841500.0,power
BG,2023-08-07,3756800.0,power
BG,2023-08-08,3276800.0,power
BG,2023-08-09,3336700.0,power
BG,2023-08-10,3526900.0,power
BG,2023-08-11,3521400.0,power
BG,2023-08-12,3766500.0,power
BG,2023-08-13,3729400.0,power
BG,2023-08-14,3914100.0,power
BG,2023-08-15,3799500.0,power
BG,2023-08-16,3764600.0,power
BG,2023-08-17,3821700.0,power
BG,2023-08-18,3821600.0,power
BG,2023-08-19,3784200.0,power
BG,2023-08-20,3772500.0,power
BG,2023-08-21,3833100.0,power
BG,2023-08-22,3959700.0,power
BG,2023-08-23,3848800.0,power
BG,2023-08-24,3810900.0,power
BG,2023-08-25,3818100.0,power
BG,2023-08-26,3734300.0,power
BG,2023-08-27,3744900.0,power
BG,2023-08-28,3788800.0,power
BG,2023-08-29,3695300.0,power
BG,2023-08-30,3463400.0,power
BG,2023-08-31,3495100.0,power
BG,2023-09-01,3731500.0,power
BG,2023-09-02,3743900.0,power
BG,2023-09-03,3735400.0,power
BG,2023-09-04,3927800.0,power
BG,2023-09-05,4033800.0,power
BG,2023-09-06,4203400.0,power
BG,2023-09-07,4346500.0,power
BG,2023-09-08,4229800.0,power
BG,2023-09-09,4143100.0000000005,power
BG,2023-09-10,4140800.0,power
BG,2023-09-11,4750500.0,power
BG,2023-09-12,4980500.0,power
BG,2023-09-13,5042600.0,power
BG,2023-09-14,4862500.0,power
BG,2023-09-15,4351300.0,power
BG,2023-09-16,4642900.0,power
BG,2023-09-17,4482600.0,power
BG,2023-09-18,4362000.0,power
BG,2023-09-19,4624800.0,power
BG,2023-09-20,4580100.0,power
BG,2023-09-21,4688400.0,power
BG,2023-09-22,4562800.0,power
BG,2023-09-23,4509700.0,power
BG,2023-09-24,4411900.0,power
BG,2023-09-25,4595200.0,power
BG,2023-09-26,4522700.0,power
BG,2023-09-27,4535500.0,power
BG,2023-09-28,4544100.0,power
BG,2023-09-29,4566400.0,power
BG,2023-09-30,4493600.0,power
BG,2023-10-01,4446000.0,power
BG,2023-10-02,4355100.0,power
BG,2023-10-03,4409000.0,power
BG,2023-10-04,4530400.0,power
BG,2023-10-05,4601500.0,power
BG,2023-10-06,4654400.0,power
BG,2023-10-07,4530800.0,power
BG,2023-10-08,4489100.0,power
BG,2023-10-09,4692100.0,power
BG,2023-10-10,4786200.0,power
BG,2023-10-11,4793200.0,power
BG,2023-10-12,4812700.0,power
BG,2023-10-13,4702000.0,power
BG,2023-10-14,4651300.0,power
BG,2023-10-15,4522200.0,power
BG,2023-10-16,4156800.0,power
BG,2023-10-17,3865000.0,power
BG,2023-10-18,4318700.0,power
BG,2023-10-19,4297700.0,power
BG,2023-10-20,4229200.0,power
BG,2023-10-21,3471100.0,power
BG,2023-10-22,3652600.0,power
BG,2023-10-23,4363400.0,power
BG,2023-10-24,4521400.0,power
BG,2023-10-25,4388100.0,power
BG,2023-10-26,4727200.0,power
BG,2023-10-27,4764400.0,power
BG,2023-10-28,4497400.0,power
BG,2023-10-29,4452300.0,power
BG,2023-10-30,4778600.0,power
BG,2023-10-31,4840300.0,power
BG,2023-11-01,4650400.0,power
BG,2023-11-02,4741600.0,power
BG,2023-11-03,4616300.0,power
BG,2023-11-04,4519600.0,power
BG,2023-11-05,4525500.0,power
BG,2023-11-06,5042200.0,power
BG,2023-11-07,5546300.0,power
BG,2023-11-08,5791200.0,power
BG,2023-11-09,6402800.0,power
BG,2023-11-10,6507400.0,power
BG,2023-11-11,6380700.0,power
BG,2023-11-12,6517200.0,power
BG,2023-11-13,6509900.0,power
BG,2023-11-14,6633300.0,power
BG,2023-11-15,6949600.0,power
BG,2023-11-16,7623700.0,power
BG,2023-11-17,7703100.0,power
BG,2023-11-18,7585400.0,power
BG,2023-11-19,7568700.0,power
BG,2023-11-20,7782400.0,power
BG,2023-11-21,7857600.0,power
BG,2023-11-22,7959800.0,power
BG,2023-11-23,8038100.0,power
BG,2023-11-24,7642400.000000001,power
BG,2023-11-25,7766500.0,power
BG,2023-11-26,6812100.0,power
BG,2023-11-27,7642800.0,power
BG,2023-11-28,7897800.0,power
BG,2023-11-29,7961800.0,power
BG,2023-11-30,8018600.0,power
BG,2023-12-01,7860100.0,power
BG,2023-12-02,7612200.0,power
BG,2023-12-03,7788000.0,power
BG,2023-12-04,7873100.0,power
BG,2023-12-05,7982100.0,power
BG,2023-12-06,7930900.0,power
BG,2023-12-07,8065100.0,power
BG,2023-12-08,8190400.0,power
BG,2023-12-09,8020900.0,power
BG,2023-12-10,7870700.0,power
BG,2023-12-11,7961100.0,power
BG,2023-12-12,8005900.0,power
BG,2023-12-13,8286200.000000001,power
BG,2023-12-14,8301000.0,power
BG,2023-12-15,8762900.0,power
BG,2023-12-16,9268700.0,power
BG,2023-12-17,9224400.0,power
BG,2023-12-18,9152900.0,power
BG,2023-12-19,9145600.0,power
BG,2023-12-20,8898900.0,power
BG,2023-12-21,8967900.0,power
BG,2023-12-22,8754100.0,power
BG,2023-12-23,8766300.0,power
BG,2023-12-24,8661000.0,power
BG,2023-12-25,8515300.0,power
BG,2023-12-26,8553000.0,power
BG,2023-12-27,8567300.0,power
BG,2023-12-28,8820000.0,power
BG,2023-12-29,8465600.0,power
BG,2023-12-30,8116600.0,power
BG,2023-12-31,7913000.0,power
BG,2024-01-01,7788200.0,power
BG,2024-01-02,8189200.0,power
BG,2024-01-03,7835000.0,power
BG,2024-01-04,7424200.0,power
BG,2024-01-05,7927700.0,power
BG,2024-01-06,8564700.0,power
BG,2024-01-07,7969700.0,power
BG,2024-01-08,8678500.0,power
BG,2024-01-09,8942300.0,power
BG,2024-01-10,8912000.0,power
BG,2024-01-11,8949400.0,power
BG,2024-01-12,8879700.0,power
BG,2024-01-13,8816300.0,power
BG,2024-01-14,8764000.0,power
BG,2024-01-15,8926500.0,power
BG,2024-01-16,9036800.0,power
BG,2024-01-17,8993500.0,power
BG,2024-01-18,8899000.0,power
BG,2024-01-19,8398500.0,power
BG,2024-01-20,8259799.999999999,power
BG,2024-01-21,8310400.0,power
BG,2024-01-22,8354600.0,power
BG,2024-01-23,8517500.0,power
BG,2024-01-24,8980500.0,power
BG,2024-01-25,8846900.0,power
BG,2024-01-26,8912200.0,power
BG,2024-01-27,8906800.0,power
BG,2024-01-28,8454200.0,power
BG,2024-01-29,9126000.0,power
BG,2024-01-30,9351600.0,power
BG,2024-01-31,9459500.0,power
BG,2024-02-01,9544700.0,power
BG,2024-02-02,9413700.0,power
BG,2024-02-03,9155900.0,power
BG,2024-02-04,9080400.0,power
BG,2024-02-05,8442500.0,power
BG,2024-02-06,7681400.0,power
BG,2024-02-07,8024400.0,power
BG,2024-02-08,8101200.0,power
BG,2024-02-09,8050300.0,power
BG,2024-02-10,8052400.0,power
BG,2024-02-11,7858200.0,power
BG,2024-02-12,8070000.0,power
BG,2024-02-13,8151400.0,power
BG,2024-02-14,8225600.0,power
BG,2024-02-15,8256700.000000001,power
BG,2024-02-16,8248600.0,power
BG,2024-02-17,8244200.000000001,power
BG,2024-02-18,8211400.0,power
BG,2024-02-19,8194100.0,power
BG,2024-02-20,8496900.0,power
BG,2024-02-21,8769700.0,power
BG,2024-02-22,8650900.0,power
BG,2024-02-23,8558800.0,power
BG,2024-02-24,8169300.0,power
BG,2024-02-25,7606400.0,power
BG,2024-02-26,8195799.999999999,power
BG,2024-02-27,8110100.0,power
BG,2024-02-28,8042800.0,power
BG,2024-02-29,7946600.0,power
BG,2024-03-01,7849000.0,power
BG,2024-03-02,7904700.0,power
BG,2024-03-03,8084900.0,power
BG,2024-03-04,8200000.0,power
BG,2024-03-05,8258700.000000001,power
BG,2024-03-06,7920100.0,power
BG,2024-03-07,8123300.0,power
BG,2024-03-08,8259200.000000001,power
BG,2024-03-09,8180700.0,power
BG,2024-03-10,8065100.0,power
BG,2024-03-11,7967500.0,power
BG,2024-03-12,7926300.0,power
BG,2024-03-13,7978400.0,power
BG,2024-03-14,8020300.0,power
BG,2024-03-15,7686300.0,power
BG,2024-03-16,7200000.0,power
BG,2024-03-17,7206100.0,power
BG,2024-03-18,7343500.0,power
BG,2024-03-19,7520300.0,power
BG,2024-03-20,7325100.0,power
BG,2024-03-21,6649700.0,power
BG,2024-03-22,6478300.0,power
BG,2024-03-23,5690000.0,power
BG,2024-03-24,5241900.0,power
BG,2024-03-25,6355700.0,power
BG,2024-03-26,7157200.0,power
BG,2024-03-27,6875400.0,power
BG,2024-03-28,6803600.0,power
BG,2024-03-29,6446000.0,power
BG,2024-03-30,5934800.0,power
BG,2024-03-31,5332800.0,power
BG,2024-04-01,5150000.0,power
BG,2024-04-02,4923900.0,power
BG,2024-04-03,5206200.0,power
BG,2024-04-04,5098100.0,power
BG,2024-04-05,5077300.0,power
BG,2024-04-06,5044800.0,power
BG,2024-04-07,5079900.0,power
BG,2024-04-08,4975600.0,power
BG,2024-04-09,5146800.0,power
BG,2024-04-10,5197400.0,power
BG,2024-04-11,4957100.0,power
BG,2024-04-12,5068200.0,power
BG,2024-04-13,4470000.0,power
BG,2024-04-14,4493100.0,power
BG,2024-04-15,4562600.0,power
BG,2024-04-16,4363200.0,power
BG,2024-04-17,4340700.0,power
BG,2024-04-18,4415500.0,power
BG,2024-04-19,4351800.0,power
BG,2024-04-20,4166100.0000000005,power
BG,2024-04-21,3854600.0,power
BG,2024-04-22,4470900.0,power
BG,2024-04-23,4876700.0,power
BG,2024-04-24,4929900.0,power
BG,2024-04-25,4906700.0,power
BG,2024-04-26,4713400.0,power
BG,2024-04-27,4229800.0,power
BG,2024-04-28,4192800.0,power
BG,2024-04-29,4183700.0,power
BG,2024-04-30,4177600.0000000005,power
BG,2024-05-01,4277500.0,power
BG,2024-05-02,4245500.0,power
BG,2024-05-03,4132700.0,power
BG,2024-05-04,4100399.9999999995,power
BG,2024-05-05,4057600.0,power
BG,2024-05-06,4091000.0,power
BG,2024-05-07,4270900.0,power
BG,2024-05-08,4256600.0,power
BG,2024-05-09,4347200.0,power
BG,2024-05-10,4278400.0,power
BG,2024-05-11,4253300.0,power
BG,2024-05-12,4237100.0,power
BG,2024-05-13,4295400.0,power
BG,2024-05-14,4426500.0,power
BG,2024-05-15,4567300.0,power
BG,2024-05-16,4674300.0,power
BG,2024-05-17,4669200.0,power
BG,2024-05-18,4306700.0,power
BG,2024-05-19,4257200.0,power
BG,2024-05-20,4144800.0,power
BG,2024-05-21,3905500.0,power
BG,2024-05-22,3370200.0,power
BG,2024-05-23,3406300.0,power
BG,2024-05-24,3321500.0,power
BG,2024-05-25,3317700.0,power
BG,2024-05-26,3293200.0,power
BG,2024-05-27,3692400.0,power
BG,2024-05-28,3951800.0,power
BG,2024-05-29,4106100.0000000005,power
BG,2024-05-30,3979000.0,power
BG,2024-05-31,4410600.0,power
BG,2024-06-01,4428700.0,power
BG,2024-06-02,4329200.0,power
BG,2024-06-03,4423100.0,power
BG,2024-06-04,4490200.0,power
BG,2024-06-05,4412200.0,power
BG,2024-06-06,4546800.0,power
BG,2024-06-07,4374400.0,power
BG,2024-06-08,4294300.0,power
BG,2024-06-09,4448500.0,power
BG,2024-06-10,4490200.0,power
BG,2024-06-11,3890100.0,power
BG,2024-06-12,3763300.0,power
BG,2024-06-13,3866200.0,power
BG,2024-06-14,3779500.0,power
BG,2024-06-15,3611000.0,power
BG,2024-06-16,3560300.0,power
BG,2024-06-17,3760300.0,power
BG,2024-06-18,3706500.0,power
BG,2024-06-19,3713400.0,power
BG,2024-06-20,3554100.0,power
BG,2024-06-21,3732800.0,power
BG,2024-06-22,3663700.0,power
BG,2024-06-23,3782100.0,power
BG,2024-06-24,4047100.0,power
BG,2024-06-25,3973400.0,power
BG,2024-06-26,4049800.0,power
BG,2024-06-27,4296800.0,power
BG,2024-06-28,4416300.0,power
BG,2024-06-29,4411500.0,power
BG,2024-06-30,4472900.0,power
BG,2024-07-01,4336700.0,power
BG,2024-07-02,4396800.0,power
BG,2024-07-03,4204100.0,power
BG,2024-07-04,3889800.0,power
BG,2024-07-05,4125800.0,power
BG,2024-07-06,3796900.0,power
BG,2024-07-07,4017000.0,power
BG,2024-07-08,4134500.0,power
BG,2024-07-09,4122500.0,power
BG,2024-07-10,4085400.0,power
BG,2024-07-11,4056300.0,power
BG,2024-07-12,3969700.0,power
BG,2024-07-13,3946900.0,power
BG,2024-07-14,3934800.0,power
BG,2024-07-15,4567700.0,power
BG,2024-07-16,4010200.0,power
BG,2024-07-17,4259700.0,power
BG,2024-07-18,4765300.0,power
BG,2024-07-19,4457000.0,power
BG,2024-07-20,4309100.0,power
BG,2024-07-21,4267900.0,power
BG,2024-07-22,4365800.0,power
BG,2024-07-23,4851700.0,power
BG,2024-07-24,4797100.0,power
BG,2024-07-25,4708000.0,power
BG,2024-07-26,4656100.0,power
BG,2024-07-27,4535400.0,power
BG,2024-07-28,4479800.0,power
BG,2024-07-29,4412900.0,power
BG,2024-07-30,4431500.0,power
BG,2024-07-31,4427900.0,power
BG,2024-08-01,4544500.0,power
BG,2024-08-02,4547800.0,power
BG,2024-08-03,4509800.0,power
BG,2024-08-04,4485600.0,power
BG,2024-08-05,4620900.0,power
BG,2024-08-06,4551100.0,power
BG,2024-08-07,4456200.0,power
BG,2024-08-08,4693300.0,power
BG,2024-08-09,4676300.0,power
BG,2024-08-10,4153000.0,power
BG,2024-08-11,4449100.0,power
BG,2024-08-12,4361700.0,power
BG,2024-08-13,4408400.0,power
BG,2024-08-14,4460300.0,power
BG,2024-08-15,4577300.0,power
BG,2024-08-16,4658400.0,power
BG,2024-08-17,4696900.0,power
BG,2024-08-18,4681400.0,power
BG,2024-08-19,4740000.0,power
BG,2024-08-20,4566900.0,power
BG,2024-08-21,4509200.0,power
BG,2024-08-22,4281500.0,power
BG,2024-08-23,4466700.0,power
BG,2024-08-24,4263100.0,power
BG,2024-08-25,4214400.0,power
BG,2024-08-26,4389600.0,power
BG,2024-08-27,4426500.0,power
BG,2024-08-28,4213600.0,power
BG,2024-08-29,4375100.0,power
BG,2024-08-30,4419600.0,power
BG,2024-08-31,3635900.0,power
BG,2024-09-01,4039600.0,power
BG,2024-09-02,4450000.0,power
BG,2024-09-03,4511400.0,power
BG,2024-09-04,4528700.0,power
BG,2024-09-05,4376600.0,power
BG,2024-09-06,4328000.0,power
BG,2024-09-07,4215000.0,power
BG,2024-09-08,4235300.0,power
BG,2024-09-09,4367900.0,power
BG,2024-09-10,4579800.0,power
BG,2024-09-11,4690200.0,power
BG,2024-09-12,4499500.0,power
BG,2024-09-13,4365900.0,power
BG,2024-09-14,4235400.0,power
BG,2024-09-15,4383800.0,power
BG,2024-09-16,4530400.0,power
BG,2024-09-17,4513000.0,power
BG,2024-09-18,4531200.0,power
BG,2024-09-19,4458200.0,power
BG,2024-09-20,4309600.0,power
BG,2024-09-21,3632700.0,power
BG,2024-09-22,3590300.0,power
BG,2024-09-23,3728100.0,power
BG,2024-09-24,3687000.0,power
BG,2024-09-25,3700500.0,power
BG,2024-09-26,3705600.0,power
BG,2024-09-27,4200600.0,power
BG,2024-09-28,4213100.0,power
BG,2024-09-29,4114500.0,power
BG,2024-09-30,4317200.0,power
BG,2024-10-01,4468400.0,power
BG,2024-10-02,4225400.0,power
BG,2024-10-03,3921500.0,power
BG,2024-10-04,3889300.0,power
BG,2024-10-05,3532800.0,power
BG,2024-10-06,3771100.0,power
BG,2024-10-07,3752900.0,power
BG,2024-10-08,3735400.0,power
BG,2024-10-09,3744000.0,power
BG,2024-10-10,3629300.0,power
BG,2024-10-11,3821500.0,power
BG,2024-10-12,3686900.0,power
BG,2024-10-13,3539500.0,power
BG,2024-10-14,3825900.0,power
BG,2024-10-15,3800000.0,power
BG,2024-10-16,3729500.0,power
BG,2024-10-17,3898700.0,power
BG,2024-10-18,4174399.9999999995,power
BG,2024-10-19,4524900.0,power
BG,2024-10-20,4609400.0,power
BG,2024-10-21,4987900.0,power
BG,2024-10-22,5731800.0,power
BG,2024-10-23,5468500.0,power
BG,2024-10-24,5540900.0,power
BG,2024-10-25,5631600.0,power
BG,2024-10-26,5568400.0,power
BG,2024-10-27,5638500.0,power
BG,2024-10-28,5614700.0,power
BG,2024-10-29,5561200.0,power
BG,2024-10-30,5708400.0,power
BG,2024-10-31,5701500.0,power
BG,2024-11-01,5538100.0,power
BG,2024-11-02,5569000.0,power
BG,2024-11-03,5737000.0,power
BG,2024-11-04,5884700.0,power
BG,2024-11-05,6074200.0,power
BG,2024-11-06,6296300.0,power
BG,2024-11-07,6830000.0,power
BG,2024-11-08,6347200.0,power
BG,2024-11-09,5978900.0,power
BG,2024-11-10,5991600.0,power
BG,2024-11-11,5956200.0,power
BG,2024-11-12,6021600.0,power
BG,2024-11-13,5917400.0,power
BG,2024-11-14,5874600.0,power
BG,2024-11-15,6065300.0,power
BG,2024-11-16,5555700.0,power
BG,2024-11-17,5537600.0,power
BG,2024-11-18,6085600.0,power
BG,2024-11-19,6202900.0,power
BG,2024-11-20,6082600.0,power
BG,2024-11-21,6148800.0,power
BG,2024-11-22,6232600.0,power
BG,2024-11-23,5894700.0,power
BG,2024-11-24,5762800.0,power
BG,2024-11-25,5830200.0,power
BG,2024-11-26,5776700.0,power
BG,2024-11-27,5670300.0,power
BG,2024-11-28,5737600.0,power
BG,2024-11-29,5850500.0,power
BG,2024-11-30,5639800.0,power
BG,2024-12-01,5778200.0,power
BG,2024-12-02,6185700.0,power
BG,2024-12-03,6956100.0,power
BG,2024-12-04,7111000.0,power
BG,2024-12-05,7283100.0,power
BG,2024-12-06,7427100.0,power
BG,2024-12-07,7392500.0,power
BG,2024-12-08,7305500.0,power
BG,2024-12-09,7358000.0,power
BG,2024-12-10,7512900.0,power
BG,2024-12-11,7517200.0,power
BG,2024-12-12,7447200.0,power
BG,2024-12-13,7447200.0,power
BG,2024-12-14,7470600.0,power
BG,2024-12-15,6890200.0,power
BG,2024-12-16,7237500.0,power
BG,2024-12-17,7009400.0,power
BG,2024-12-18,7034000.0,power
BG,2024-12-19,7160800.0,power
BG,2024-12-20,7108700.0,power
BG,2024-12-21,7119700.0,power
BG,2024-12-22,7142600.0,power
BG,2024-12-23,7214200.0,power
BG,2024-12-24,7198600.0,power
BG,2024-12-25,7128200.0,power
BG,2024-12-26,7186500.0,power
BG,2024-12-27,7203000.0,power
BG,2024-12-28,7118800.0,power
BG,2024-12-29,7098300.0,power
BG,2024-12-30,7421400.0,power
BG,2024-12-31,7403400.000000001,power
BG,2025-01-01,7437300.0,power
BG,2025-01-02,7406900.0,power
BG,2025-01-03,7220500.0,power
BG,2025-01-04,6405600.0,power
BG,2025-01-05,6531500.0,power
BG,2025-01-06,6524800.0,power
BG,2025-01-07,6757200.0,power
BG,2025-01-08,7238100.0,power
BG,2025-01-09,7277800.0,power
BG,2025-01-10,7241000.0,power
BG,2025-01-11,7281300.0,power
BG,2025-01-12,7308900.000000001,power
BG,2025-01-13,7472000.0,power
BG,2025-01-14,7507800.0,power
BG,2025-01-15,7611500.0,power
BG,2025-01-16,7589800.0,power
BG,2025-01-17,7635600.0,power
BG,2025-01-18,7015400.0,power
BG,2025-01-19,7534500.0,power
BG,2025-01-20,7331700.0,power
BG,2025-01-21,7468500.0,power
BG,2025-01-22,7568700.0,power
BG,2025-01-23,7494400.0,power
BG,2025-01-24,7418700.0,power
BG,2025-01-25,7346300.0,power
BG,2025-01-26,7461800.0,power
BG,2025-01-27,7406500.0,power
BG,2025-01-28,7276400.0,power
BG,2025-01-29,7220900.0,power
BG,2025-01-30,7330000.0,power
BG,2025-01-31,7304400.0,power
BG,2025-02-01,7168200.0,power
BG,2025-02-02,7175200.0,power
BG,2025-02-03,7287200.0,power
BG,2025-02-04,7259500.0,power
BG,2025-02-05,7213200.0,power
BG,2025-02-06,7344100.0,power
BG,2025-02-07,7342900.0,power
BG,2025-02-08,7164900.0,power
BG,2025-02-09,7000000.0,power
BG,2025-02-10,7205000.0,power
BG,2025-02-11,7082300.0,power
BG,2025-02-12,7142500.0,power
BG,2025-02-13,6797400.0,power
BG,2025-02-14,6693500.0,power
BG,2025-02-15,6528200.0,power
BG,2025-02-16,6995400.0,power
BG,2025-02-17,6970700.0,power
BG,2025-02-18,6845100.0,power
BG,2025-02-19,7277700.0,power
BG,2025-02-20,7073200.0,power
BG,2025-02-21,7174000.0,power
BG,2025-02-22,7198500.0,power
BG,2025-02-23,7194200.0,power
BG,2025-02-24,7278500.0,power
BG,2025-02-25,7301100.0,power
BG,2025-02-26,7277900.0,power
BG,2025-02-27,7188300.0,power
BG,2025-02-28,7256000.0,power
BG,2025-03-01,7184200.0,power
BG,2025-03-02,7149100.0,power
BG,2025-03-03,7131600.0,power
BG,2025-03-04,7095200.0,power
BG,2025-03-05,7026900.0,power
BG,2025-03-06,6807500.0,power
BG,2025-03-07,6862300.0,power
BG,2025-03-08,6736200.0,power
BG,2025-03-09,6670700.0,power
BG,2025-03-10,6804200.0,power
BG,2025-03-11,6654900.0,power
BG,2025-03-12,6321000.0,power
BG,2025-03-13,5957300.0,power
BG,2025-03-14,5938900.0,power
BG,2025-03-15,5743100.0,power
BG,2025-03-16,5477100.0,power
BG,2025-03-17,6385000.0,power
BG,2025-03-18,7094100.0,power
BG,2025-03-19,7087400.0,power
BG,2025-03-20,7062900.0,power
BG,2025-03-21,6970400.000000001,power
BG,2025-03-22,6664800.0,power
BG,2025-03-23,6623100.0,power
BG,2025-03-24,6072200.0,power
BG,2025-03-25,5870900.0,power
BG,2025-03-26,5853500.0,power
BG,2025-03-27,5830200.0,power
BG,2025-03-28,5875900.0,power
BG,2025-03-29,5578400.0,power
BG,2025-03-30,5669600.0,power
BG,2025-03-31,6050900.0,power
BG,2025-04-01,5884400.0,power
BG,2025-04-02,6117600.0,power
BG,2025-04-03,6188000.0,power
BG,2025-04-04,5932500.0,power
BG,2025-04-05,6175400.0,power
BG,2025-04-06,6883500.0,power
BG,2025-04-07,7068900.0,power
BG,2025-04-08,6976700.0,power
BG,2025-04-09,6777200.0,power
BG,2025-04-10,6993400.000000001,power
BG,2025-04-11,6946000.0,power
BG,2025-04-12,6453600.0,power
BG,2025-04-13,6043800.0,power
BG,2025-04-14,6240000.0,power
BG,2025-04-15,6567700.0,power
BG,2025-04-16,5885900.0,power
BG,2025-04-17,5667400.0,power
BG,2025-04-18,5483000.0,power
BG,2025-04-19,5626800.0,power
BG,2025-04-20,5589400.0,power
BG,2025-04-21,5645900.0,power
BG,2025-04-22,5025200.0,power
BG,2025-04-23,3980100.0,power
BG,2025-04-24,3836800.0,power
BG,2025-04-25,4214100.0,power
BG,2025-04-26,4291300.0,power
BG,2025-04-27,4295800.0,power
BG,2025-04-28,4335200.0,power
BG,2025-04-29,4239400.0,power
BG,2025-04-30,3694400.0,power
BG,2025-05-01,3667100.0,power
BG,2025-05-02,3643100.0,power
BG,2025-05-03,3604700.0,power
BG,2025-05-04,3559100.0,power
BG,2025-05-05,3787000.0,power
BG,2025-05-06,3649500.0,power
BG,2025-05-07,3722100.0,power
BG,2025-05-08,3717300.0,power
BG,2025-05-09,3375200.0,power
BG,2025-05-10,3338200.0,power
BG,2025-05-11,3322400.0,power
BG,2025-05-12,3310900.0,power
BG,2025-05-13,2834200.0,power
BG,2025-05-14,2913500.0,power
BG,2025-05-15,3231700.0,power
BG,2025-05-16,3706500.0,power
BG,2025-05-17,4554200.0,power
BG,2025-05-18,4848400.0,power
BG,2025-05-19,4780000.0,power
BG,2025-05-20,3840200.0,power
BG,2025-05-21,4649600.0,power
BG,2025-05-22,4278400.0,power
BG,2025-05-23,3687000.0,power
BG,2025-05-24,4319800.0,power
BG,2025-05-25,3580300.0,power
BG,2025-05-26,3686200.0,power
BG,2025-05-27,4435300.0,power
BG,2025-05-28,3753400.0,power
BG,2025-05-29,3585200.0,power
BG,2025-05-30,3779400.0,power
BG,2025-05-31,4352300.0,power
BG,2025-06-01,3729000.0,power
BG,2025-06-02,4364200.0,power
BG,2025-06-03,4820600.0,power
BG,2025-06-04,4170200.0,power
BG,2025-06-05,3591200.0,power
BG,2025-06-06,4436000.0,power
BG,2025-06-07,4746000.0,power
BG,2025-06-08,4352200.0,power
BG,2025-06-09,3343000.0,power
BG,2025-06-10,3360900.0,power
BG,2025-06-11,3518100.0,power
BG,2025-06-12,3548000.0,power
BG,2025-06-13,4298000.0,power
BG,2025-06-14,4651500.0,power
BG,2025-06-15,4700200.0,power
BG,2025-06-16,4539500.0,power
BG,2025-06-17,4463000.0,power
BG,2025-06-18,4661500.0,power
BG,2025-06-19,4683900.0,power
BG,2025-06-20,3470799.9999999995,power
BG,2025-06-21,3485300.0,power
BG,2025-06-22,3363400.0,power
BG,2025-06-23,3464900.0,power
BG,2025-06-24,3385900.0,power
BG,2025-06-25,3438200.0,power
BG,2025-06-26,3525500.0,power
BG,2025-06-27,3476200.0,power
BG,2025-06-28,3392200.0000000005,power
BG,2025-06-29,3239700.0,power
BG,2025-06-30,3460100.0,power
BG,2025-07-01,3461000.0,power
BG,2025-07-02,3436700.0,power
BG,2025-07-03,3444500.0,power
BG,2025-07-04,3473200.0,power
BG,2025-07-05,3422000.0,power
BG,2025-07-06,3413200.0,power
BG,2025-07-07,3389500.0,power
BG,2025-07-08,3300200.0,power
BG,2025-07-09,3352500.0,power
BG,2025-07-10,3300700.0000000005,power
BG,2025-07-11,3228000.0,power
BG,2025-07-12,2982500.0,power
BG,2025-07-13,2922900.0,power
BG,2025-07-14,3009100.0,power
BG,2025-07-15,3016800.0,power
BG,2025-07-16,2962600.0,power
BG,2025-07-17,3051700.0,power
BG,2025-07-18,3059600.0,power
BG,2025-07-19,3049600.0,power
BG,2025-07-20,2913900.0,power
BG,2025-07-21,3142700.0,power
BG,2025-07-22,3128000.0,power
BG,2025-07-23,3309200.0,power
BG,2025-07-24,3289200.0,power
BG,2025-07-25,3416300.0,power
BG,2025-07-26,3272000.0,power
BG,2025-07-27,3235400.0,power
BG,2025-07-28,3317200.0,power
BG,2025-07-29,3237600.0,power
BG,2025-07-30,3191800.0,power
BG,2025-07-31,3321900.0,power
BG,2025-08-01,3299100.0,power
BG,2025-08-02,3240500.0,power
BG,2025-08-03,2963700.0,power
BG,2025-08-04,2947600.0,power
BG,2025-08-05,2768600.0,power
BG,2025-08-06,2748300.0,power
BG,2025-08-07,2761400.0,power
BG,2025-08-08,2810600.0,power
BG,2025-08-09,2855500.0,power
BG,2025-08-10,2805100.0,power
BG,2025-08-11,2712400.0,power
BG,2025-08-12,2757500.0,power
BG,2025-08-13,2596900.0,power
BG,2025-08-14,2448000.0,power
BG,2025-08-15,2613600.0,power
BG,2025-08-16,2611300.0,power
BG,2025-08-17,2399900.0,power
BG,2025-08-18,2866600.0,power
BG,2025-08-19,3060600.0,power
BG,2025-08-20,2957900.0,power
BG,2025-08-21,2953600.0,power
BG,2025-08-22,3092200.0,power
BG,2025-08-23,3349800.0,power
BG,2025-08-24,3159200.0,power
BG,2025-08-25,3486800.0,power
BG,2025-08-26,3615300.0,power
BG,2025-08-27,3709900.0,power
BG,2025-08-28,3796500.0,power
BG,2025-08-29,3209799.9999999995,power
BG,2025-08-30,2924000.0,power
BG,2025-08-31,2898600.0,power
BG,2025-09-01,2730300.0,power
BG,2025-09-02,2489500.0,power
BG,2025-09-03,2664300.0,power
BG,2025-09-04,2967500.0,power
BG,2025-09-05,2877400.0,power
BG,2025-09-06,2787900.0,power
BG,2025-09-07,2688000.0,power
BG,2025-09-08,2807900.0,power
BG,2025-09-09,2852500.0,power
BG,2025-09-10,2797600.0,power
BG,2025-09-11,3209400.0,power
BG,2025-09-12,3525200.0,power
BG,2025-09-13,3512600.0,power
BG,2025-09-14,3485800.0,power
BG,2025-09-15,3633400.0,power
BG,2025-09-16,3774600.0,power
BG,2025-09-17,3664300.0,power
BG,2025-09-18,3759400.0,power
BG,2025-09-19,3728200.0,power
BG,2025-09-20,3756400.0,power
BG,2025-09-21,3663900.0,power
BG,2025-09-22,3718500.0,power
BG,2025-09-23,3545200.0,power
BG,2025-09-24,3478100.0,power
BG,2025-09-25,3555800.0,power
BG,2025-09-26,3578700.0,power
BG,2025-09-27,3539900.0,power
BG,2025-09-28,3668000.0,power
BG,2025-09-29,3730900.0,power
BG,2025-09-30,3784600.0,power
BG,2025-10-01,3845900.0,power
BG,2025-10-02,4409200.0,power
BG,2025-10-03,4168800.0,power
BG,2025-10-04,4089400.0,power
BG,2025-10-05,4040900.0,power
BG,2025-10-06,4532900.0,power
BG,2025-10-07,4826400.0,power
BG,2025-10-08,4832200.0,power
BG,2025-10-09,4805900.0,power
BG,2025-10-10,4649300.0,power
BG,2025-10-11,4233500.0,power
BG,2025-10-12,4262900.0,power
BG,2025-10-13,4518099.999999999,power
BG,2025-10-14,4645700.0,power
BG,2025-10-15,4917400.0,power
BG,2025-10-16,4836800.0,power
BG,2025-10-17,4871700.0,power
BG,2025-10-18,4640200.0,power
BG,2025-10-19,4510300.0,power
BG,2025-10-20,4726100.0,power
BG,2025-10-21,4922400.0,power
BG,2025-10-22,4898300.0,power
BG,2025-10-23,4762300.0,power
BG,2025-10-24,4551100.0,power
BG,2025-10-25,4220000.0,power
BG,2025-10-26,4401200.0,power
BG,2025-10-27,4904800.0,power
BG,2025-10-28,5133600.0,power
BG,2025-10-29,5092300.0,power
BG,2025-10-30,5272800.0,power
BG,2025-10-31,5257400.0,power
BG,2025-11-01,5141100.0,power
BG,2025-11-02,5133700.0,power
BG,2025-11-03,5241700.0,power
BG,2025-11-04,5633600.0,power
BG,2025-11-05,5822400.0,power
BG,2025-11-06,6193000.0,power
BG,2025-11-07,6545700.0,power
BG,2025-11-08,6466800.0,power
BG,2025-11-09,6527000.0,power
BG,2025-11-10,6566000.0,power
BG,2025-11-11,6605600.0,power
BG,2025-11-12,6645400.000000001,power
BG,2025-11-13,6633200.0,power
BG,2025-11-14,6661800.0,power
BG,2025-11-15,6504600.0,power
BG,2025-11-16,6784600.0,power
BG,2025-11-17,6851400.0,power
BG,2025-11-18,6983600.0,power
BG,2025-11-19,6945100.0,power
BG,2025-11-20,6890000.0,power
BG,2025-11-21,6557100.0,power
BG,2025-11-22,5915900.0,power
BG,2025-11-23,6248500.0,power
BG,2025-11-24,7031200.0,power
BG,2025-11-25,7030200.0,power
BG,2025-11-26,7010400.0,power
BG,2025-11-27,6998800.0,power
BG,2025-11-28,7066800.0,power
BG,2025-11-29,7062200.0,power
BG,2025-11-30,7050300.0,power
BG,2025-12-01,7090800.0,power
BG,2025-12-02,7264200.0,power
BG,2025-12-03,7402600.0,power
BG,2025-12-04,7421000.0,power
BG,2025-12-05,7267500.0,power
BG,2025-12-06,7033100.0,power
BG,2025-12-07,7050100.0,power
BG,2025-12-08,7112000.0,power
BG,2025-12-09,7126800.0,power
BG,2025-12-10,7150800.0,power
BG,2025-12-11,7200800.0,power
BG,2025-12-12,7202200.0,power
BG,2025-12-13,7119100.0,power
BG,2025-12-14,7183300.0,power
BG,2025-12-15,7159000.0,power
BG,2025-12-16,7220200.0,power
BG,2025-12-17,7205400.0,power
BG,2025-12-18,7106200.0,power
BG,2025-12-19,7175800.0,power
BG,2025-12-20,7036200.0,power
BG,2025-12-21,6856600.0,power
BG,2025-12-22,7048500.0,power
BG,2025-12-23,7004600.0,power
BG,2025-12-24,7124500.0,power
BG,2025-12-25,7226400.0,power
BG,2025-12-26,7258100.0,power
BG,2025-12-27,7212500.0,power
BG,2025-12-28,7240800.0,power
BG,2025-12-29,7227000.0,power
BG,2025-12-30,7281300.0,power
BG,2025-12-31,7349600.0,power
BG,2026-01-01,7330100.0,power
BG,2026-01-02,7250500.0,power
BG,2026-01-03,7129400.0,power
BG,2026-01-04,7094700.0,power
BG,2026-01-05,850500.0,power
HR,2018-12-31,207400.0,power
HR,2019-01-01,5112000.0,power
HR,2019-01-02,5127500.0,power
HR,2019-01-03,6223600.0,power
HR,2019-01-04,7253500.0,power
HR,2019-01-05,9535400.0,power
HR,2019-01-06,10702800.0,power
HR,2019-01-07,12001500.0,power
HR,2019-01-08,12082900.0,power
HR,2019-01-09,12046500.0,power
HR,2019-01-10,11387000.0,power
HR,2019-01-11,11895900.0,power
HR,2019-01-12,12122800.0,power
HR,2019-01-13,11865800.0,power
HR,2019-01-14,11965100.0,power
HR,2019-01-15,12261800.0,power
HR,2019-01-16,12051500.0,power
HR,2019-01-17,11382400.0,power
HR,2019-01-18,11606500.0,power
HR,2019-01-19,12003000.0,power
HR,2019-01-20,12272100.0,power
HR,2019-01-21,12203500.0,power
HR,2019-01-22,12128500.0,power
HR,2019-01-23,12248900.0,power
HR,2019-01-24,12248300.0,power
HR,2019-01-25,11497400.0,power
HR,2019-01-26,11637900.0,power
HR,2019-01-27,8928100.0,power
HR,2019-01-28,9546700.0,power
HR,2019-01-29,9948400.0,power
HR,2019-01-30,10882600.0,power
HR,2019-01-31,10422600.0,power
HR,2019-02-01,7166500.0,power
HR,2019-02-02,7062500.0,power
HR,2019-02-03,5723600.0,power
HR,2019-02-04,5898100.0,power
HR,2019-02-05,5912900.0,power
HR,2019-02-06,5916200.0,power
HR,2019-02-07,5875700.0,power
HR,2019-02-08,6824800.0,power
HR,2019-02-09,7052200.0,power
HR,2019-02-10,6874000.0,power
HR,2019-02-11,6961600.0,power
HR,2019-02-12,6973500.0,power
HR,2019-02-13,7012500.0,power
HR,2019-02-14,6981500.0,power
HR,2019-02-15,6986500.0,power
HR,2019-02-16,6979200.0,power
HR,2019-02-17,6980500.0,power
HR,2019-02-18,6957700.0,power
HR,2019-02-19,7027100.0,power
HR,2019-02-20,7194400.000000001,power
HR,2019-02-21,7248100.0,power
HR,2019-02-22,7244300.0,power
HR,2019-02-23,7378500.0,power
HR,2019-02-24,7328900.0,power
HR,2019-02-25,7225800.0,power
HR,2019-02-26,7186500.0,power
HR,2019-02-27,7181700.0,power
HR,2019-02-28,7158700.0,power
HR,2019-03-01,7140100.0,power
HR,2019-03-02,5048900.0,power
HR,2019-03-03,5028500.0,power
HR,2019-03-04,5053100.0,power
HR,2019-03-05,5056800.0,power
HR,2019-03-06,4932600.0,power
HR,2019-03-07,4842300.0,power
HR,2019-03-08,4834100.0,power
HR,2019-03-09,4894400.0,power
HR,2019-03-10,4935400.0,power
HR,2019-03-11,4952900.0,power
HR,2019-03-12,5053100.0,power
HR,2019-03-13,4999600.0,power
HR,2019-03-14,5016900.0,power
HR,2019-03-15,4269700.0,power
HR,2019-03-16,2873900.0,power
HR,2019-03-17,2820700.0,power
HR,2019-03-18,3013700.0,power
HR,2019-03-19,2718000.0,power
HR,2019-03-20,2500000.0,power
HR,2019-03-21,2217600.0,power
HR,2019-03-22,2202800.0,power
HR,2019-03-23,2511900.0,power
HR,2019-03-24,2504300.0,power
HR,2019-03-25,2509100.0,power
HR,2019-03-26,2520200.0,power
HR,2019-03-27,2521200.0,power
HR,2019-03-28,2854400.0,power
HR,2019-03-29,2986800.0,power
HR,2019-03-30,2933600.0,power
HR,2019-03-31,2856100.0,power
HR,2019-04-01,2836100.0,power
HR,2019-04-02,2817000.0,power
HR,2019-04-03,2833500.0,power
HR,2019-04-04,2732000.0,power
HR,2019-04-05,2870700.0,power
HR,2019-04-06,3008400.0,power
HR,2019-04-07,3005000.0,power
HR,2019-04-08,2922600.0,power
HR,2019-04-09,5396000.0,power
HR,2019-04-10,7050300.0,power
HR,2019-04-11,7031200.0,power
HR,2019-04-12,6176500.0,power
HR,2019-04-13,2940400.0,power
HR,2019-04-14,2930400.0,power
HR,2019-04-15,2950300.0,power
HR,2019-04-16,1995300.0,power
HR,2019-04-17,2818400.0,power
HR,2019-04-18,2782700.0,power
HR,2019-04-19,2520300.0,power
HR,2019-04-20,1692300.0,power
HR,2019-04-21,1586399.9999999998,power
HR,2019-04-22,1611700.0,power
HR,2019-04-23,1800100.0,power
HR,2019-04-24,2202200.0,power
HR,2019-04-25,2076699.9999999998,power
HR,2019-04-26,2185000.0,power
HR,2019-04-27,2327300.0,power
HR,2019-04-28,2325500.0,power
HR,2019-04-29,2279300.0,power
HR,2019-04-30,2182900.0,power
HR,2019-05-01,1698300.0,power
HR,2019-05-02,2127900.0,power
HR,2019-05-03,2562800.0,power
HR,2019-05-04,2553100.0,power
HR,2019-05-05,2550400.0,power
HR,2019-05-06,2554700.0,power
HR,2019-05-07,2553400.0,power
HR,2019-05-08,2514600.0,power
HR,2019-05-09,2515300.0,power
HR,2019-05-10,2517300.0,power
HR,2019-05-11,2485800.0,power
HR,2019-05-12,2514800.0,power
HR,2019-05-13,2489400.0,power
HR,2019-05-14,2524100.0,power
HR,2019-05-15,2525800.0,power
HR,2019-05-16,2516600.0,power
HR,2019-05-17,2501400.0,power
HR,2019-05-18,2463400.0,power
HR,2019-05-19,2474100.0,power
HR,2019-05-20,2475800.0,power
HR,2019-05-21,2522100.0,power
HR,2019-05-22,1745300.0,power
HR,2019-05-23,1432900.0,power
HR,2019-05-24,836100.0,power
HR,2019-05-25,283800.0,power
HR,2019-05-26,324900.0,power
HR,2019-05-27,371800.0,power
HR,2019-05-28,361300.0,power
HR,2019-05-29,423500.0,power
HR,2019-05-30,396500.0,power
HR,2019-05-31,367900.0,power
HR,2019-06-01,371500.0,power
HR,2019-06-02,405900.0,power
HR,2019-06-03,357400.0,power
HR,2019-06-04,411500.0,power
HR,2019-06-05,431900.00000000006,power
HR,2019-06-06,383700.0,power
HR,2019-06-07,726400.0,power
HR,2019-06-08,1019000.0,power
HR,2019-06-09,1022600.0,power
HR,2019-06-10,1026800.0,power
HR,2019-06-11,1164000.0,power
HR,2019-06-12,1155000.0,power
HR,2019-06-13,1140100.0,power
HR,2019-06-14,1145400.0,power
HR,2019-06-15,1008200.0,power
HR,2019-06-16,1015300.0,power
HR,2019-06-17,1011000.0,power
HR,2019-06-18,1012800.0,power
HR,2019-06-19,3288800.0,power
HR,2019-06-20,5216300.0,power
HR,2019-06-21,5028800.0,power
HR,2019-06-22,1009000.0,power
HR,2019-06-23,1016600.0,power
HR,2019-06-24,3412500.0,power
HR,2019-06-25,4904500.0,power
HR,2019-06-26,5228800.0,power
HR,2019-06-27,5335900.0,power
HR,2019-06-28,4953400.0,power
HR,2019-06-29,1011800.0,power
HR,2019-06-30,1008900.0,power
HR,2019-07-01,3382400.0,power
HR,2019-07-02,5236300.0,power
HR,2019-07-03,5260800.0,power
HR,2019-07-04,5325800.0,power
HR,2019-07-05,5287500.0,power
HR,2019-07-06,4856300.0,power
HR,2019-07-07,1018400.0,power
HR,2019-07-08,3913100.0,power
HR,2019-07-09,5292600.0,power
HR,2019-07-10,5220300.0,power
HR,2019-07-11,5248100.0,power
HR,2019-07-12,5016900.0,power
HR,2019-07-13,1022000.0,power
HR,2019-07-14,1012500.0,power
HR,2019-07-15,2965500.0,power
HR,2019-07-16,5248700.0,power
HR,2019-07-17,5290600.0,power
HR,2019-07-18,5285100.0,power
HR,2019-07-19,5263600.0,power
HR,2019-07-20,5216600.0,power
HR,2019-07-21,4603500.0,power
HR,2019-07-22,5289600.0,power
HR,2019-07-23,4612800.0,power
HR,2019-07-24,4852500.0,power
HR,2019-07-25,5353900.0,power
HR,2019-07-26,5350900.0,power
HR,2019-07-27,4834800.0,power
HR,2019-07-28,4815200.0,power
HR,2019-07-29,5401300.0,power
HR,2019-07-30,5766500.0,power
HR,2019-07-31,5359000.0,power
HR,2019-08-01,5265400.0,power
HR,2019-08-02,5339800.0,power
HR,2019-08-03,4689300.0,power
HR,2019-08-04,5061400.0,power
HR,2019-08-05,7219000.0,power
HR,2019-08-06,9173200.0,power
HR,2019-08-07,8090000.0,power
HR,2019-08-08,9576000.0,power
HR,2019-08-09,9029900.0,power
HR,2019-08-10,9397600.0,power
HR,2019-08-11,9031500.0,power
HR,2019-08-12,9541000.0,power
HR,2019-08-13,9356500.0,power
HR,2019-08-14,8722200.0,power
HR,2019-08-15,2093300.0000000002,power
HR,2019-08-16,2142700.0,power
HR,2019-08-17,2138000.0,power
HR,2019-08-18,2154100.0,power
HR,2019-08-19,6297700.0,power
HR,2019-08-20,9344200.0,power
HR,2019-08-21,9380700.0,power
HR,2019-08-22,9326000.0,power
HR,2019-08-23,9360100.0,power
HR,2019-08-24,7794900.0,power
HR,2019-08-25,5684900.0,power
HR,2019-08-26,5301600.0,power
HR,2019-08-27,5471500.0,power
HR,2019-08-28,6500100.0,power
HR,2019-08-29,7264800.0,power
HR,2019-08-30,6710400.0,power
HR,2019-08-31,5122700.0,power
HR,2019-09-01,4871600.0,power
HR,2019-09-02,5256000.0,power
HR,2019-09-03,5109100.0,power
HR,2019-09-04,5161700.0,power
HR,2019-09-05,6758400.0,power
HR,2019-09-06,9488700.0,power
HR,2019-09-07,9687200.0,power
HR,2019-09-08,7712300.0,power
HR,2019-09-09,8884300.0,power
HR,2019-09-10,8146500.0,power
HR,2019-09-11,9112700.0,power
HR,2019-09-12,9658400.0,power
HR,2019-09-13,9351300.0,power
HR,2019-09-14,5800300.0,power
HR,2019-09-15,5502800.0,power
HR,2019-09-16,5598300.0,power
HR,2019-09-17,4421200.0,power
HR,2019-09-18,7673600.0,power
HR,2019-09-19,9618600.0,power
HR,2019-09-20,9135700.0,power
HR,2019-09-21,9788900.0,power
HR,2019-09-22,5656800.0,power
HR,2019-09-23,4522400.0,power
HR,2019-09-24,4520200.0,power
HR,2019-09-25,4473900.0,power
HR,2019-09-26,4431900.0,power
HR,2019-09-27,4450700.0,power
HR,2019-09-28,4422000.0,power
HR,2019-09-29,5327100.0,power
HR,2019-09-30,9770300.0,power
HR,2019-10-01,10199200.0,power
HR,2019-10-02,10110100.0,power
HR,2019-10-03,10131100.0,power
HR,2019-10-04,10744600.0,power
HR,2019-10-05,10229900.0,power
HR,2019-10-06,10190200.0,power
HR,2019-10-07,10899800.0,power
HR,2019-10-08,10762700.0,power
HR,2019-10-09,11170600.0,power
HR,2019-10-10,11499900.0,power
HR,2019-10-11,11209900.0,power
HR,2019-10-12,11421300.0,power
HR,2019-10-13,11277400.0,power
HR,2019-10-14,11438900.0,power
HR,2019-10-15,11488100.0,power
HR,2019-10-16,11437500.0,power
HR,2019-10-17,11309100.0,power
HR,2019-10-18,11323300.0,power
HR,2019-10-19,10967700.0,power
HR,2019-10-20,10214200.0,power
HR,2019-10-21,11171500.0,power
HR,2019-10-22,10510400.0,power
HR,2019-10-23,10586700.0,power
HR,2019-10-24,10536500.0,power
HR,2019-10-25,10061600.0,power
HR,2019-10-26,9512200.0,power
HR,2019-10-27,9983100.0,power
HR,2019-10-28,9809600.0,power
HR,2019-10-29,10560800.0,power
HR,2019-10-30,10253500.0,power
HR,2019-10-31,9975200.0,power
HR,2019-11-01,9956200.0,power
HR,2019-11-02,9914600.0,power
HR,2019-11-03,8953200.0,power
HR,2019-11-04,8238100.0,power
HR,2019-11-05,8794800.0,power
HR,2019-11-06,8010900.0,power
HR,2019-11-07,8048700.0,power
HR,2019-11-08,8635800.0,power
HR,2019-11-09,7833700.0,power
HR,2019-11-10,7934600.0,power
HR,2019-11-11,7708100.0,power
HR,2019-11-12,8030600.0,power
HR,2019-11-13,7720600.0,power
HR,2019-11-14,9342600.0,power
HR,2019-11-15,8823100.0,power
HR,2019-11-16,9383500.0,power
HR,2019-11-17,9816000.0,power
HR,2019-11-18,8958600.0,power
HR,2019-11-19,8964500.0,power
HR,2019-11-20,9258400.0,power
HR,2019-11-21,9246600.0,power
HR,2019-11-22,8974600.0,power
HR,2019-11-23,5876500.0,power
HR,2019-11-24,5901700.0,power
HR,2019-11-25,6029400.0,power
HR,2019-11-26,6628500.0,power
HR,2019-11-27,6892500.0,power
HR,2019-11-28,6803000.0,power
HR,2019-11-29,6341600.0,power
HR,2019-11-30,6318500.0,power
HR,2019-12-01,6300200.0,power
HR,2019-12-02,6300400.0,power
HR,2019-12-03,6341700.0,power
HR,2019-12-04,6701200.0,power
HR,2019-12-05,6877000.0,power
HR,2019-12-06,6903700.0,power
HR,2019-12-07,6951700.0,power
HR,2019-12-08,6900900.0,power
HR,2019-12-09,6855900.0,power
HR,2019-12-10,6930400.0,power
HR,2019-12-11,6962000.0,power
HR,2019-12-12,6858900.0,power
HR,2019-12-13,6870600.0,power
HR,2019-12-14,6916400.0,power
HR,2019-12-15,6918900.0,power
HR,2019-12-16,6941600.0,power
HR,2019-12-17,7143200.0,power
HR,2019-12-18,7172700.0,power
HR,2019-12-19,7278900.0,power
HR,2019-12-20,6551900.0,power
HR,2019-12-21,4537000.0,power
HR,2019-12-22,4861200.0,power
HR,2019-12-23,4786700.0,power
HR,2019-12-24,4743600.0,power
HR,2019-12-25,4921700.0,power
HR,2019-12-26,5014300.0,power
HR,2019-12-27,4981000.0,power
HR,2019-12-28,4968900.0,power
HR,2019-12-29,4997900.0,power
HR,2019-12-30,5012400.0,power
HR,2019-12-31,4946300.0,power
HR,2020-01-01,4959000.0,power
HR,2020-01-02,4460800.0,power
HR,2020-01-03,4963300.0,power
HR,2020-01-04,5577400.0,power
HR,2020-01-05,6922300.0,power
HR,2020-01-06,8954000.0,power
HR,2020-01-07,10982200.0,power
HR,2020-01-08,11323500.0,power
HR,2020-01-09,10988000.0,power
HR,2020-01-10,10382400.0,power
HR,2020-01-11,6947600.0,power
HR,2020-01-12,8127000.0,power
HR,2020-01-13,10625000.0,power
HR,2020-01-14,11448800.0,power
HR,2020-01-15,11358400.0,power
HR,2020-01-16,11139400.0,power
HR,2020-01-17,11262500.0,power
HR,2020-01-18,10794500.0,power
HR,2020-01-19,10038700.0,power
HR,2020-01-20,11187300.0,power
HR,2020-01-21,11278600.0,power
HR,2020-01-22,11280000.0,power
HR,2020-01-23,11133000.0,power
HR,2020-01-24,11111200.0,power
HR,2020-01-25,10916000.0,power
HR,2020-01-26,10315400.0,power
HR,2020-01-27,11318900.0,power
HR,2020-01-28,11359400.0,power
HR,2020-01-29,11410400.0,power
HR,2020-01-30,11417800.0,power
HR,2020-01-31,10607700.0,power
HR,2020-02-01,6662000.0,power
HR,2020-02-02,4691000.0,power
HR,2020-02-03,8354500.0,power
HR,2020-02-04,11441800.0,power
HR,2020-02-05,11423800.0,power
HR,2020-02-06,11365100.0,power
HR,2020-02-07,11543200.0,power
HR,2020-02-08,11388800.0,power
HR,2020-02-09,10592700.0,power
HR,2020-02-10,11266300.0,power
HR,2020-02-11,11394100.0,power
HR,2020-02-12,11156500.0,power
HR,2020-02-13,11458100.0,power
HR,2020-02-14,11272800.0,power
HR,2020-02-15,10934900.0,power
HR,2020-02-16,10624600.0,power
HR,2020-02-17,11380100.0,power
HR,2020-02-18,11421000.0,power
HR,2020-02-19,11368400.0,power
HR,2020-02-20,11394500.0,power
HR,2020-02-21,11161000.0,power
HR,2020-02-22,7002600.0,power
HR,2020-02-23,7049500.0,power
HR,2020-02-24,7106200.0,power
HR,2020-02-25,7067700.0,power
HR,2020-02-26,6968300.0,power
HR,2020-02-27,6966200.0,power
HR,2020-02-28,7011500.0,power
HR,2020-02-29,7059600.0,power
HR,2020-03-01,6932700.0,power
HR,2020-03-02,6220500.0,power
HR,2020-03-03,7074800.0,power
HR,2020-03-04,7087300.0,power
HR,2020-03-05,7017800.0,power
HR,2020-03-06,6898700.0,power
HR,2020-03-07,4991400.0,power
HR,2020-03-08,3882800.0,power
HR,2020-03-09,5041500.0,power
HR,2020-03-10,4987900.0,power
HR,2020-03-11,4889700.0,power
HR,2020-03-12,6925900.0,power
HR,2020-03-13,9043800.0,power
HR,2020-03-14,4997200.0,power
HR,2020-03-15,5015700.0,power
HR,2020-03-16,7686700.0,power
HR,2020-03-17,9167400.0,power
HR,2020-03-18,9202400.0,power
HR,2020-03-19,9256200.0,power
HR,2020-03-20,9238700.0,power
HR,2020-03-21,9248300.0,power
HR,2020-03-22,8697900.0,power
HR,2020-03-23,8798700.0,power
HR,2020-03-24,8993400.0,power
HR,2020-03-25,8703200.0,power
HR,2020-03-26,9017600.0,power
HR,2020-03-27,8622300.0,power
HR,2020-03-28,4473400.0,power
HR,2020-03-29,4476700.0,power
HR,2020-03-30,4390300.0,power
HR,2020-03-31,4491800.0,power
HR,2020-04-01,4493700.0,power
HR,2020-04-02,4483700.0,power
HR,2020-04-03,4327400.0,power
HR,2020-04-04,2516400.0,power
HR,2020-04-05,2501900.0,power
HR,2020-04-06,2498500.0,power
HR,2020-04-07,2518200.0,power
HR,2020-04-08,2504400.0,power
HR,2020-04-09,2491300.0,power
HR,2020-04-10,2483400.0,power
HR,2020-04-11,2493000.0,power
HR,2020-04-12,2491200.0,power
HR,2020-04-13,2482900.0,power
HR,2020-04-14,2501300.0,power
HR,2020-04-15,2501600.0,power
HR,2020-04-16,2204700.0,power
HR,2020-04-17,2027100.0,power
HR,2020-04-18,2028900.0,power
HR,2020-04-19,2023600.0,power
HR,2020-04-20,2368700.0,power
HR,2020-04-21,2498200.0,power
HR,2020-04-22,2487300.0,power
HR,2020-04-23,2422400.0,power
HR,2020-04-24,2021700.0,power
HR,2020-04-25,2027500.0,power
HR,2020-04-26,2024100.0,power
HR,2020-04-27,1982600.0,power
HR,2020-04-28,1574400.0,power
HR,2020-04-29,1572500.0,power
HR,2020-04-30,1572000.0,power
HR,2020-05-01,1544200.0,power
HR,2020-05-02,1286000.0,power
HR,2020-05-03,1281800.0,power
HR,2020-05-04,2935600.0,power
HR,2020-05-05,6603000.0,power
HR,2020-05-06,7131600.0,power
HR,2020-05-07,7214400.0,power
HR,2020-05-08,7155500.0,power
HR,2020-05-09,6987000.0,power
HR,2020-05-10,6327800.0,power
HR,2020-05-11,7904100.0,power
HR,2020-05-12,8393800.0,power
HR,2020-05-13,8160800.0,power
HR,2020-05-14,8085200.0,power
HR,2020-05-15,8084700.0,power
HR,2020-05-16,7469300.0,power
HR,2020-05-17,7560800.0,power
HR,2020-05-18,7566000.0,power
HR,2020-05-19,7845400.0,power
HR,2020-05-20,7485500.0,power
HR,2020-05-21,7372500.0,power
HR,2020-05-22,7941000.0,power
HR,2020-05-23,7770400.0,power
HR,2020-05-24,6335800.0,power
HR,2020-05-25,7630200.0,power
HR,2020-05-26,7743000.0,power
HR,2020-05-27,7860000.0,power
HR,2020-05-28,7807300.0,power
HR,2020-05-29,7427900.0,power
HR,2020-05-30,7747600.0,power
HR,2020-05-31,7686800.0,power
HR,2020-06-01,7538800.0,power
HR,2020-06-02,7644400.0,power
HR,2020-06-03,7793600.0,power
HR,2020-06-04,7750900.0,power
HR,2020-06-05,7326500.0,power
HR,2020-06-06,7393300.0,power
HR,2020-06-07,7289200.0,power
HR,2020-06-08,7085700.0,power
HR,2020-06-09,7346400.0,power
HR,2020-06-10,7346600.0,power
HR,2020-06-11,7356400.0,power
HR,2020-06-12,7355100.0,power
HR,2020-06-13,7357800.0,power
HR,2020-06-14,7461500.0,power
HR,2020-06-15,7618100.0,power
HR,2020-06-16,7745400.0,power
HR,2020-06-17,7710000.0,power
HR,2020-06-18,7587900.0,power
HR,2020-06-19,7628100.0,power
HR,2020-06-20,7335900.0,power
HR,2020-06-21,6945800.0,power
HR,2020-06-22,7182300.0,power
HR,2020-06-23,7579100.0,power
HR,2020-06-24,7573400.0,power
HR,2020-06-25,7614800.0,power
HR,2020-06-26,7134800.0,power
HR,2020-06-27,2921200.0,power
HR,2020-06-28,2922300.0,power
HR,2020-06-29,2915800.0,power
HR,2020-06-30,2936300.0,power
HR,2020-07-01,2977900.0,power
HR,2020-07-02,3688600.0,power
HR,2020-07-03,4486300.0,power
HR,2020-07-04,4750300.0,power
HR,2020-07-05,4481700.0,power
HR,2020-07-06,6766200.0,power
HR,2020-07-07,9329500.0,power
HR,2020-07-08,8915700.0,power
HR,2020-07-09,9342800.0,power
HR,2020-07-10,9023600.0,power
HR,2020-07-11,9248900.0,power
HR,2020-07-12,7971400.0,power
HR,2020-07-13,9601200.0,power
HR,2020-07-14,9543200.0,power
HR,2020-07-15,9616000.0,power
HR,2020-07-16,9696200.0,power
HR,2020-07-17,9287600.0,power
HR,2020-07-18,9433500.0,power
HR,2020-07-19,8864600.0,power
HR,2020-07-20,9365500.0,power
HR,2020-07-21,9456300.0,power
HR,2020-07-22,9285000.0,power
HR,2020-07-23,9455800.0,power
HR,2020-07-24,9305700.0,power
HR,2020-07-25,9269900.0,power
HR,2020-07-26,8139100.0,power
HR,2020-07-27,9529000.0,power
HR,2020-07-28,9401400.0,power
HR,2020-07-29,9511400.0,power
HR,2020-07-30,9615300.0,power
HR,2020-07-31,9437800.0,power
HR,2020-08-01,9392400.0,power
HR,2020-08-02,8139100.0,power
HR,2020-08-03,8273100.0,power
HR,2020-08-04,8105900.0,power
HR,2020-08-05,6943500.0,power
HR,2020-08-06,8291799.999999999,power
HR,2020-08-07,8495000.0,power
HR,2020-08-08,8321299.999999999,power
HR,2020-08-09,8395400.0,power
HR,2020-08-10,8434800.0,power
HR,2020-08-11,8236299.999999999,power
HR,2020-08-12,8155800.0,power
HR,2020-08-13,8243200.000000001,power
HR,2020-08-14,8170900.0,power
HR,2020-08-15,7717100.0,power
HR,2020-08-16,8057900.0,power
HR,2020-08-17,8692000.0,power
HR,2020-08-18,8813700.0,power
HR,2020-08-19,5634600.0,power
HR,2020-08-20,5832100.0,power
HR,2020-08-21,4821300.0,power
HR,2020-08-22,4723300.0,power
HR,2020-08-23,4505800.0,power
HR,2020-08-24,4759000.0,power
HR,2020-08-25,6378800.0,power
HR,2020-08-26,7944800.0,power
HR,2020-08-27,9715400.0,power
HR,2020-08-28,9150800.0,power
HR,2020-08-29,8718100.0,power
HR,2020-08-30,8182500.0,power
HR,2020-08-31,9844100.0,power
HR,2020-09-01,9971000.0,power
HR,2020-09-02,10460600.0,power
HR,2020-09-03,10173600.0,power
HR,2020-09-04,7788300.0,power
HR,2020-09-05,5252200.0,power
HR,2020-09-06,5763100.0,power
HR,2020-09-07,7246600.0,power
HR,2020-09-08,8288200.000000001,power
HR,2020-09-09,9448000.0,power
HR,2020-09-10,9388000.0,power
HR,2020-09-11,9137400.0,power
HR,2020-09-12,9425800.0,power
HR,2020-09-13,8366799.999999999,power
HR,2020-09-14,9731000.0,power
HR,2020-09-15,9879600.0,power
HR,2020-09-16,9915500.0,power
HR,2020-09-17,9468000.0,power
HR,2020-09-18,9343300.0,power
HR,2020-09-19,9304800.0,power
HR,2020-09-20,8918100.0,power
HR,2020-09-21,9860500.0,power
HR,2020-09-22,9639900.0,power
HR,2020-09-23,9374700.0,power
HR,2020-09-24,9530000.0,power
HR,2020-09-25,8456000.0,power
HR,2020-09-26,5060800.0,power
HR,2020-09-27,5073900.0,power
HR,2020-09-28,7294800.0,power
HR,2020-09-29,8275799.999999999,power
HR,2020-09-30,8692000.0,power
HR,2020-10-01,9435700.0,power
HR,2020-10-02,10853600.0,power
HR,2020-10-03,8236299.999999999,power
HR,2020-10-04,8022300.0,power
HR,2020-10-05,8881200.0,power
HR,2020-10-06,9230900.0,power
HR,2020-10-07,8735100.0,power
HR,2020-10-08,9040100.0,power
HR,2020-10-09,9178800.0,power
HR,2020-10-10,9226000.0,power
HR,2020-10-11,8787600.0,power
HR,2020-10-12,8539400.0,power
HR,2020-10-13,8812500.0,power
HR,2020-10-14,8810600.0,power
HR,2020-10-15,8964400.0,power
HR,2020-10-16,8906000.0,power
HR,2020-10-17,9007800.0,power
HR,2020-10-18,9007100.0,power
HR,2020-10-19,8832800.0,power
HR,2020-10-20,8868900.0,power
HR,2020-10-21,8952300.0,power
HR,2020-10-22,8546100.0,power
HR,2020-10-23,8405600.0,power
HR,2020-10-24,4708600.0,power
HR,2020-10-25,4670000.0,power
HR,2020-10-26,6791599.999999999,power
HR,2020-10-27,8147600.0,power
HR,2020-10-28,8348400.0,power
HR,2020-10-29,8866000.0,power
HR,2020-10-30,9120100.0,power
HR,2020-10-31,4620200.0,power
HR,2020-11-01,4626500.0,power
HR,2020-11-02,7362100.0,power
HR,2020-11-03,8957000.0,power
HR,2020-11-04,9145100.0,power
HR,2020-11-05,9518800.0,power
HR,2020-11-06,9134700.0,power
HR,2020-11-07,9935100.0,power
HR,2020-11-08,9268300.0,power
HR,2020-11-09,9865900.0,power
HR,2020-11-10,9508600.0,power
HR,2020-11-11,9717500.0,power
HR,2020-11-12,9842500.0,power
HR,2020-11-13,9861900.0,power
HR,2020-11-14,9822100.0,power
HR,2020-11-15,9516400.0,power
HR,2020-11-16,9855000.0,power
HR,2020-11-17,9884200.0,power
HR,2020-11-18,10123100.0,power
HR,2020-11-19,10145100.0,power
HR,2020-11-20,11634400.0,power
HR,2020-11-21,7246500.0,power
HR,2020-11-22,9290800.0,power
HR,2020-11-23,11897000.0,power
HR,2020-11-24,12224900.0,power
HR,2020-11-25,12795500.0,power
HR,2020-11-26,13189300.0,power
HR,2020-11-27,13490000.0,power
HR,2020-11-28,13209600.0,power
HR,2020-11-29,12148200.0,power
HR,2020-11-30,12369700.0,power
HR,2020-12-01,11992700.0,power
HR,2020-12-02,12746700.0,power
HR,2020-12-03,10939900.0,power
HR,2020-12-04,10989400.0,power
HR,2020-12-05,11595600.0,power
HR,2020-12-06,12128200.0,power
HR,2020-12-07,8641200.0,power
HR,2020-12-08,8806000.0,power
HR,2020-12-09,10000200.0,power
HR,2020-12-10,10689100.0,power
HR,2020-12-11,11272900.0,power
HR,2020-12-12,11571900.0,power
HR,2020-12-13,11152900.0,power
HR,2020-12-14,11253300.0,power
HR,2020-12-15,11184200.0,power
HR,2020-12-16,12235200.0,power
HR,2020-12-17,12239699.999999998,power
HR,2020-12-18,12436500.0,power
HR,2020-12-19,12120100.0,power
HR,2020-12-20,12230900.0,power
HR,2020-12-21,12413200.0,power
HR,2020-12-22,12143000.0,power
HR,2020-12-23,12330000.0,power
HR,2020-12-24,7387900.0,power
HR,2020-12-25,7463500.0,power
HR,2020-12-26,7366400.0,power
HR,2020-12-27,7544000.0,power
HR,2020-12-28,7462500.0,power
HR,2020-12-29,8113200.0,power
HR,2020-12-30,9238000.0,power
HR,2020-12-31,7416400.0,power
HR,2021-01-01,7423800.0,power
HR,2021-01-02,7121900.0,power
HR,2021-01-03,7175600.0,power
HR,2021-01-04,7374400.0,power
HR,2021-01-05,7407700.0,power
HR,2021-01-06,7433700.0,power
HR,2021-01-07,7454800.0,power
HR,2021-01-08,7371500.0,power
HR,2021-01-09,7446800.0,power
HR,2021-01-10,7448100.0,power
HR,2021-01-11,7445600.0,power
HR,2021-01-12,7411200.0,power
HR,2021-01-13,8806600.0,power
HR,2021-01-14,10663900.0,power
HR,2021-01-15,11367300.0,power
HR,2021-01-16,11067100.0,power
HR,2021-01-17,11073900.0,power
HR,2021-01-18,11091300.0,power
HR,2021-01-19,11041800.0,power
HR,2021-01-20,11011100.0,power
HR,2021-01-21,10999800.0,power
HR,2021-01-22,10848300.0,power
HR,2021-01-23,10816400.0,power
HR,2021-01-24,10550200.0,power
HR,2021-01-25,11266000.0,power
HR,2021-01-26,11254700.0,power
HR,2021-01-27,11112800.0,power
HR,2021-01-28,11094300.0,power
HR,2021-01-29,10998000.0,power
HR,2021-01-30,10901900.0,power
HR,2021-01-31,11347700.0,power
HR,2021-02-01,11121000.0,power
HR,2021-02-02,10977200.0,power
HR,2021-02-03,10585900.0,power
HR,2021-02-04,10534900.0,power
HR,2021-02-05,10315100.0,power
HR,2021-02-06,4451600.0,power
HR,2021-02-07,4446700.0,power
HR,2021-02-08,7284800.0,power
HR,2021-02-09,6835300.0,power
HR,2021-02-10,5427300.0,power
HR,2021-02-11,6759800.0,power
HR,2021-02-12,7328400.0,power
HR,2021-02-13,7387300.0,power
HR,2021-02-14,7388800.0,power
HR,2021-02-15,7465600.0,power
HR,2021-02-16,7434100.0,power
HR,2021-02-17,7411300.0,power
HR,2021-02-18,7383800.0,power
HR,2021-02-19,7324600.0,power
HR,2021-02-20,7278300.0,power
HR,2021-02-21,7262700.0,power
HR,2021-02-22,7288500.0,power
HR,2021-02-23,7287200.0,power
HR,2021-02-24,7217000.0,power
HR,2021-02-25,7279300.0,power
HR,2021-02-26,7269800.0,power
HR,2021-02-27,7331400.000000001,power
HR,2021-02-28,7257100.0,power
HR,2021-03-01,7184000.0,power
HR,2021-03-02,7351200.0,power
HR,2021-03-03,7375800.0,power
HR,2021-03-04,7317800.0,power
HR,2021-03-05,7299200.0,power
HR,2021-03-06,7358700.0,power
HR,2021-03-07,7375800.0,power
HR,2021-03-08,7348500.0,power
HR,2021-03-09,7346600.0,power
HR,2021-03-10,7357300.0,power
HR,2021-03-11,7343200.0,power
HR,2021-03-12,7254200.0,power
HR,2021-03-13,7276600.0,power
HR,2021-03-14,7303600.0,power
HR,2021-03-15,7296700.0,power
HR,2021-03-16,7322000.0,power
HR,2021-03-17,7332600.0,power
HR,2021-03-18,7350500.0,power
HR,2021-03-19,7340599.999999999,power
HR,2021-03-20,7356599.999999999,power
HR,2021-03-21,7342000.0,power
HR,2021-03-22,7332100.0,power
HR,2021-03-23,7322200.0,power
HR,2021-03-24,7327600.0,power
HR,2021-03-25,7310800.0,power
HR,2021-03-26,7285900.0,power
HR,2021-03-27,7257200.0,power
HR,2021-03-28,7299700.0,power
HR,2021-03-29,7276300.0,power
HR,2021-03-30,6551200.0,power
HR,2021-03-31,6949400.0,power
HR,2021-04-01,6786300.0,power
HR,2021-04-02,6682900.0,power
HR,2021-04-03,6702800.0,power
HR,2021-04-04,5004700.0,power
HR,2021-04-05,5035300.0,power
HR,2021-04-06,5933800.0,power
HR,2021-04-07,5066200.0,power
HR,2021-04-08,5903600.0,power
HR,2021-04-09,4967100.0,power
HR,2021-04-10,4895700.0,power
HR,2021-04-11,4855100.0,power
HR,2021-04-12,4890500.0,power
HR,2021-04-13,4910400.0,power
HR,2021-04-14,4928000.0,power
HR,2021-04-15,4950200.0,power
HR,2021-04-16,4974800.0,power
HR,2021-04-17,4926600.0,power
HR,2021-04-18,4911900.0,power
HR,2021-04-19,4888100.0,power
HR,2021-04-20,4464100.0,power
HR,2021-04-21,4872600.0,power
HR,2021-04-22,4800300.0,power
HR,2021-04-23,4887400.0,power
HR,2021-04-24,4760400.0,power
HR,2021-04-25,4693600.0,power
HR,2021-04-26,6424600.0,power
HR,2021-04-27,7915400.000000001,power
HR,2021-04-28,9576900.0,power
HR,2021-04-29,9531900.0,power
HR,2021-04-30,9239700.0,power
HR,2021-05-01,8110900.0,power
HR,2021-05-02,7907700.0,power
HR,2021-05-03,9003100.0,power
HR,2021-05-04,9126600.0,power
HR,2021-05-05,8071200.0,power
HR,2021-05-06,7849400.0,power
HR,2021-05-07,7604600.0,power
HR,2021-05-08,2380900.0,power
HR,2021-05-09,2371900.0,power
HR,2021-05-10,2339800.0,power
HR,2021-05-11,2364300.0,power
HR,2021-05-12,2283700.0,power
HR,2021-05-13,1525200.0,power
HR,2021-05-14,1529200.0,power
HR,2021-05-15,1524500.0,power
HR,2021-05-16,1519300.0,power
HR,2021-05-17,1163000.0,power
HR,2021-05-18,1066700.0,power
HR,2021-05-19,994500.0,power
HR,2021-05-20,0.0,power
HR,2021-05-21,800.0,power
HR,2021-05-22,0.0,power
HR,2021-05-23,744400.0,power
HR,2021-05-24,1060000.0,power
HR,2021-05-25,1059300.0,power
HR,2021-05-26,1063800.0,power
HR,2021-05-27,1060200.0,power
HR,2021-05-28,568600.0,power
HR,2021-05-29,0.0,power
HR,2021-05-30,0.0,power
HR,2021-05-31,642700.0,power
HR,2021-06-01,1064100.0,power
HR,2021-06-02,1061600.0,power
HR,2021-06-03,613500.0,power
HR,2021-06-04,700.0,power
HR,2021-06-05,762700.0,power
HR,2021-06-06,0.0,power
HR,2021-06-07,2644200.0000000005,power
HR,2021-06-08,4580800.0,power
HR,2021-06-09,4613400.0,power
HR,2021-06-10,4529300.0,power
HR,2021-06-11,4521900.0,power
HR,2021-06-12,4501600.0,power
HR,2021-06-13,3871200.0000000005,power
HR,2021-06-14,4528200.0,power
HR,2021-06-15,4524500.0,power
HR,2021-06-16,4519000.0,power
HR,2021-06-17,4504600.0,power
HR,2021-06-18,4498100.0,power
HR,2021-06-19,4392300.0,power
HR,2021-06-20,4395500.0,power
HR,2021-06-21,4372200.0,power
HR,2021-06-22,4171700.0,power
HR,2021-06-23,878000.0,power
HR,2021-06-24,5208700.0,power
HR,2021-06-25,5659200.0,power
HR,2021-06-26,4398500.0,power
HR,2021-06-27,4539000.0,power
HR,2021-06-28,5303100.0,power
HR,2021-06-29,5718500.0,power
HR,2021-06-30,5726400.0,power
HR,2021-07-01,6651700.0,power
HR,2021-07-02,6716900.0,power
HR,2021-07-03,6515500.0,power
HR,2021-07-04,5815700.0,power
HR,2021-07-05,6662400.0,power
HR,2021-07-06,7264900.0,power
HR,2021-07-07,6660900.0,power
HR,2021-07-08,6598600.0,power
HR,2021-07-09,7131800.0,power
HR,2021-07-10,6800100.0,power
HR,2021-07-11,7398100.0,power
HR,2021-07-12,7820100.0,power
HR,2021-07-13,8296000.0,power
HR,2021-07-14,7582900.0,power
HR,2021-07-15,7929100.0,power
HR,2021-07-16,7786600.0,power
HR,2021-07-17,6872600.0,power
HR,2021-07-18,6328800.0,power
HR,2021-07-19,7167700.0,power
HR,2021-07-20,8038000.0,power
HR,2021-07-21,8077000.0,power
HR,2021-07-22,8047500.0,power
HR,2021-07-23,7584600.0,power
HR,2021-07-24,7708400.0,power
HR,2021-07-25,6831000.0,power
HR,2021-07-26,7567300.0,power
HR,2021-07-27,7540700.0,power
HR,2021-07-28,8504400.0,power
HR,2021-07-29,8052800.0,power
HR,2021-07-30,8505600.0,power
HR,2021-07-31,7724600.0,power
HR,2021-08-01,6934700.0,power
HR,2021-08-02,7438900.0,power
HR,2021-08-03,8037100.0,power
HR,2021-08-04,7831200.0,power
HR,2021-08-05,6929600.0,power
HR,2021-08-06,6841900.0,power
HR,2021-08-07,7313400.0,power
HR,2021-08-08,7457200.0,power
HR,2021-08-09,8320100.0,power
HR,2021-08-10,7942400.000000001,power
HR,2021-08-11,8087800.0,power
HR,2021-08-12,8456400.0,power
HR,2021-08-13,7741900.0,power
HR,2021-08-14,6865500.0,power
HR,2021-08-15,6743400.0,power
HR,2021-08-16,7750300.0,power
HR,2021-08-17,7819500.0,power
HR,2021-08-18,7638900.0,power
HR,2021-08-19,7570600.0,power
HR,2021-08-20,7745900.0,power
HR,2021-08-21,7218200.0,power
HR,2021-08-22,6825500.0,power
HR,2021-08-23,7733400.0,power
HR,2021-08-24,7734100.0,power
HR,2021-08-25,7778100.0,power
HR,2021-08-26,7825000.0,power
HR,2021-08-27,7416300.0,power
HR,2021-08-28,7132400.0,power
HR,2021-08-29,7437000.0,power
HR,2021-08-30,7780200.0,power
HR,2021-08-31,7617500.0,power
HR,2021-09-01,7671100.0,power
HR,2021-09-02,7446300.0,power
HR,2021-09-03,7709200.0,power
HR,2021-09-04,6760400.000000001,power
HR,2021-09-05,7009200.0,power
HR,2021-09-06,7739000.0,power
HR,2021-09-07,7847300.0,power
HR,2021-09-08,7736500.0,power
HR,2021-09-09,7699800.0,power
HR,2021-09-10,7740100.0,power
HR,2021-09-11,7614100.0,power
HR,2021-09-12,6834800.0,power
HR,2021-09-13,7701000.0,power
HR,2021-09-14,7689400.0,power
HR,2021-09-15,7671200.0,power
HR,2021-09-16,7706900.0,power
HR,2021-09-17,7627700.0,power
HR,2021-09-18,7704200.0,power
HR,2021-09-19,7593300.0,power
HR,2021-09-20,7302100.0,power
HR,2021-09-21,7715000.0,power
HR,2021-09-22,7746800.0,power
HR,2021-09-23,7628000.0,power
HR,2021-09-24,7638400.0,power
HR,2021-09-25,8006300.0,power
HR,2021-09-26,7464400.0,power
HR,2021-09-27,7575300.0,power
HR,2021-09-28,7860100.0,power
HR,2021-09-29,8049400.0,power
HR,2021-09-30,8269500.0,power
HR,2021-10-01,8317299.999999999,power
HR,2021-10-02,8954700.0,power
HR,2021-10-03,8187700.0,power
HR,2021-10-04,8986600.0,power
HR,2021-10-05,8996600.0,power
HR,2021-10-06,8958300.0,power
HR,2021-10-07,9015200.0,power
HR,2021-10-08,9188600.0,power
HR,2021-10-09,9543500.0,power
HR,2021-10-10,9415000.0,power
HR,2021-10-11,11085000.0,power
HR,2021-10-12,11059800.0,power
HR,2021-10-13,11349800.0,power
HR,2021-10-14,11631600.0,power
HR,2021-10-15,11565500.0,power
HR,2021-10-16,11491600.0,power
HR,2021-10-17,11043200.0,power
HR,2021-10-18,11825800.0,power
HR,2021-10-19,12069300.0,power
HR,2021-10-20,11695200.0,power
HR,2021-10-21,10384300.0,power
HR,2021-10-22,9508600.0,power
HR,2021-10-23,9075400.0,power
HR,2021-10-24,8770900.0,power
HR,2021-10-25,11800200.0,power
HR,2021-10-26,10797900.0,power
HR,2021-10-27,10745200.0,power
HR,2021-10-28,9980500.0,power
HR,2021-10-29,10812900.0,power
HR,2021-10-30,11848900.0,power
HR,2021-10-31,10123400.0,power
HR,2021-11-01,10723200.0,power
HR,2021-11-02,11135500.0,power
HR,2021-11-03,11258200.0,power
HR,2021-11-04,10719000.0,power
HR,2021-11-05,9541200.0,power
HR,2021-11-06,9530300.0,power
HR,2021-11-07,9533000.0,power
HR,2021-11-08,11330900.0,power
HR,2021-11-09,11700800.0,power
HR,2021-11-10,12465600.0,power
HR,2021-11-11,12298200.0,power
HR,2021-11-12,12023100.0,power
HR,2021-11-13,12047900.0,power
HR,2021-11-14,11163900.0,power
HR,2021-11-15,11934500.0,power
HR,2021-11-16,10982400.0,power
HR,2021-11-17,11751700.0,power
HR,2021-11-18,11107800.0,power
HR,2021-11-19,11874700.0,power
HR,2021-11-20,11143200.0,power
HR,2021-11-21,11107700.0,power
HR,2021-11-22,11249000.0,power
HR,2021-11-23,10636700.0,power
HR,2021-11-24,11438200.0,power
HR,2021-11-25,11559100.0,power
HR,2021-11-26,11100800.0,power
HR,2021-11-27,10016500.0,power
HR,2021-11-28,10084600.0,power
HR,2021-11-29,10176300.0,power
HR,2021-11-30,9092200.0,power
HR,2021-12-01,9275500.0,power
HR,2021-12-02,9232300.0,power
HR,2021-12-03,9307800.0,power
HR,2021-12-04,9168800.0,power
HR,2021-12-05,9459900.0,power
HR,2021-12-06,9116000.0,power
HR,2021-12-07,9136600.0,power
HR,2021-12-08,9267600.0,power
HR,2021-12-09,9295400.0,power
HR,2021-12-10,8814300.0,power
HR,2021-12-11,5499300.0,power
HR,2021-12-12,5485900.0,power
HR,2021-12-13,5521200.0,power
HR,2021-12-14,5467100.0,power
HR,2021-12-15,5480500.0,power
HR,2021-12-16,5434800.0,power
HR,2021-12-17,5497000.0,power
HR,2021-12-18,5516700.0,power
HR,2021-12-19,5507400.0,power
HR,2021-12-20,5521400.0,power
HR,2021-12-21,5500900.0,power
HR,2021-12-22,5505600.0,power
HR,2021-12-23,5508700.0,power
HR,2021-12-24,5390000.0,power
HR,2021-12-25,5415500.0,power
HR,2021-12-26,5497300.0,power
HR,2021-12-27,5524700.0,power
HR,2021-12-28,5500100.0,power
HR,2021-12-29,5455400.0,power
HR,2021-12-30,5470000.0,power
HR,2021-12-31,5489400.0,power
HR,2022-01-01,5491700.0,power
HR,2022-01-02,5433500.0,power
HR,2022-01-03,4995400.0,power
HR,2022-01-04,4985800.0,power
HR,2022-01-05,4782000.0,power
HR,2022-01-06,5788000.0,power
HR,2022-01-07,5970300.0,power
HR,2022-01-08,6766400.0,power
HR,2022-01-09,5705600.0,power
HR,2022-01-10,5672800.0,power
HR,2022-01-11,3574600.0,power
HR,2022-01-12,6830800.0,power
HR,2022-01-13,9080700.0,power
HR,2022-01-14,11282100.0,power
HR,2022-01-15,11273500.0,power
HR,2022-01-16,10751000.0,power
HR,2022-01-17,11229600.0,power
HR,2022-01-18,11514300.0,power
HR,2022-01-19,11644500.0,power
HR,2022-01-20,11465700.0,power
HR,2022-01-21,11435900.0,power
HR,2022-01-22,10738400.0,power
HR,2022-01-23,9400200.0,power
HR,2022-01-24,9156800.0,power
HR,2022-01-25,10178300.0,power
HR,2022-01-26,11705500.0,power
HR,2022-01-27,11868800.0,power
HR,2022-01-28,11593800.0,power
HR,2022-01-29,10291800.0,power
HR,2022-01-30,10675000.0,power
HR,2022-01-31,11525200.0,power
HR,2022-02-01,11412000.0,power
HR,2022-02-02,11512400.0,power
HR,2022-02-03,11401700.0,power
HR,2022-02-04,11430000.0,power
HR,2022-02-05,10722800.0,power
HR,2022-02-06,10710300.0,power
HR,2022-02-07,11297900.0,power
HR,2022-02-08,10743100.0,power
HR,2022-02-09,11460400.0,power
HR,2022-02-10,10846800.0,power
HR,2022-02-11,10654900.0,power
HR,2022-02-12,10707900.0,power
HR,2022-02-13,10706900.0,power
HR,2022-02-14,11393900.0,power
HR,2022-02-15,11383100.0,power
HR,2022-02-16,11382700.0,power
HR,2022-02-17,11413100.0,power
HR,2022-02-18,11397900.0,power
HR,2022-02-19,10649300.0,power
HR,2022-02-20,10699200.0,power
HR,2022-02-21,11305700.0,power
HR,2022-02-22,9554600.0,power
HR,2022-02-23,11626000.0,power
HR,2022-02-24,11408700.0,power
HR,2022-02-25,11231200.0,power
HR,2022-02-26,8696900.0,power
HR,2022-02-27,8756400.0,power
HR,2022-02-28,8788900.0,power
HR,2022-03-01,9127000.0,power
HR,2022-03-02,8992300.0,power
HR,2022-03-03,9601900.0,power
HR,2022-03-04,8598600.0,power
HR,2022-03-05,5160900.0,power
HR,2022-03-06,5526200.0,power
HR,2022-03-07,5342100.0,power
HR,2022-03-08,4683600.0,power
HR,2022-03-09,5185800.0,power
HR,2022-03-10,4615600.0,power
HR,2022-03-11,4759000.0,power
HR,2022-03-12,5220700.0,power
HR,2022-03-13,5194400.0,power
HR,2022-03-14,6889500.0,power
HR,2022-03-15,8650300.0,power
HR,2022-03-16,9130900.0,power
HR,2022-03-17,8365900.0,power
HR,2022-03-18,6975800.0,power
HR,2022-03-19,8992900.0,power
HR,2022-03-20,9362600.0,power
HR,2022-03-21,11231800.0,power
HR,2022-03-22,12312600.0,power
HR,2022-03-23,11774200.0,power
HR,2022-03-24,11395900.0,power
HR,2022-03-25,11435600.0,power
HR,2022-03-26,11569100.0,power
HR,2022-03-27,11492200.0,power
HR,2022-03-28,11357300.0,power
HR,2022-03-29,11451300.0,power
HR,2022-03-30,11550400.0,power
HR,2022-03-31,11279700.0,power
HR,2022-04-01,10204200.0,power
HR,2022-04-02,5676100.0,power
HR,2022-04-03,5696300.0,power
HR,2022-04-04,5711100.0,power
HR,2022-04-05,6487900.0,power
HR,2022-04-06,6605200.0,power
HR,2022-04-07,6576400.0,power
HR,2022-04-08,6393500.0,power
HR,2022-04-09,4378400.0,power
HR,2022-04-10,4355700.0,power
HR,2022-04-11,4294700.0,power
HR,2022-04-12,4414100.0,power
HR,2022-04-13,5860700.0,power
HR,2022-04-14,9165300.0,power
HR,2022-04-15,10165700.0,power
HR,2022-04-16,6161300.0,power
HR,2022-04-17,6311200.0,power
HR,2022-04-18,5847700.0,power
HR,2022-04-19,8251900.0,power
HR,2022-04-20,10180000.0,power
HR,2022-04-21,9110000.0,power
HR,2022-04-22,8711400.0,power
HR,2022-04-23,4556000.0,power
HR,2022-04-24,4566700.0,power
HR,2022-04-25,7383700.0,power
HR,2022-04-26,8223100.0,power
HR,2022-04-27,7903800.0,power
HR,2022-04-28,4957300.0,power
HR,2022-04-29,4938700.0,power
HR,2022-04-30,4407600.0,power
HR,2022-05-01,2435000.0,power
HR,2022-05-02,5141600.0,power
HR,2022-05-03,6074300.0,power
HR,2022-05-04,6072200.0,power
HR,2022-05-05,6704700.0,power
HR,2022-05-06,6086600.0,power
HR,2022-05-07,6261200.0,power
HR,2022-05-08,6082900.0,power
HR,2022-05-09,6962700.0,power
HR,2022-05-10,6563200.0,power
HR,2022-05-11,6409300.0,power
HR,2022-05-12,6407200.0,power
HR,2022-05-13,6520700.0,power
HR,2022-05-14,5698600.0,power
HR,2022-05-15,5093500.0,power
HR,2022-05-16,4913900.0,power
HR,2022-05-17,5970700.0,power
HR,2022-05-18,5386400.0,power
HR,2022-05-19,5970600.0,power
HR,2022-05-20,6101700.0,power
HR,2022-05-21,5468600.0,power
HR,2022-05-22,5353600.0,power
HR,2022-05-23,5967700.0,power
HR,2022-05-24,5960200.0,power
HR,2022-05-25,6029200.0,power
HR,2022-05-26,6011300.0,power
HR,2022-05-27,5955600.0,power
HR,2022-05-28,5697000.0,power
HR,2022-05-29,5091700.0,power
HR,2022-05-30,6024700.0,power
HR,2022-05-31,6052300.0,power
HR,2022-06-01,5975700.0,power
HR,2022-06-02,5972800.0,power
HR,2022-06-03,5975800.0,power
HR,2022-06-04,5093200.0,power
HR,2022-06-05,5099300.0,power
HR,2022-06-06,5891400.0,power
HR,2022-06-07,5978100.0,power
HR,2022-06-08,5967100.0,power
HR,2022-06-09,5977900.0,power
HR,2022-06-10,5816200.0,power
HR,2022-06-11,5204600.0,power
HR,2022-06-12,5228800.0,power
HR,2022-06-13,6172200.0,power
HR,2022-06-14,6226500.0,power
HR,2022-06-15,6650800.0,power
HR,2022-06-16,8811800.0,power
HR,2022-06-17,10074500.0,power
HR,2022-06-18,8048700.0,power
HR,2022-06-19,8061300.0,power
HR,2022-06-20,8791300.0,power
HR,2022-06-21,9356800.0,power
HR,2022-06-22,10385000.0,power
HR,2022-06-23,10491100.0,power
HR,2022-06-24,11456700.0,power
HR,2022-06-25,10929200.0,power
HR,2022-06-26,10009600.0,power
HR,2022-06-27,9915700.0,power
HR,2022-06-28,10022100.0,power
HR,2022-06-29,10790100.0,power
HR,2022-06-30,10984500.0,power
HR,2022-07-01,11719500.0,power
HR,2022-07-02,10666800.0,power
HR,2022-07-03,9990000.0,power
HR,2022-07-04,11968300.0,power
HR,2022-07-05,12036100.0,power
HR,2022-07-06,11325200.0,power
HR,2022-07-07,11473500.0,power
HR,2022-07-08,11281300.0,power
HR,2022-07-09,10193300.0,power
HR,2022-07-10,10243000.0,power
HR,2022-07-11,11058600.0,power
HR,2022-07-12,11021800.0,power
HR,2022-07-13,10951000.0,power
HR,2022-07-14,10944000.0,power
HR,2022-07-15,10922200.0,power
HR,2022-07-16,10708800.0,power
HR,2022-07-17,10410400.0,power
HR,2022-07-18,11211800.0,power
HR,2022-07-19,11331300.0,power
HR,2022-07-20,11890800.0,power
HR,2022-07-21,11729400.0,power
HR,2022-07-22,11497500.0,power
HR,2022-07-23,11043000.0,power
HR,2022-07-24,9825600.0,power
HR,2022-07-25,10994200.0,power
HR,2022-07-26,11654500.0,power
HR,2022-07-27,11401000.0,power
HR,2022-07-28,10150200.0,power
HR,2022-07-29,11331300.0,power
HR,2022-07-30,10771300.0,power
HR,2022-07-31,10066200.0,power
HR,2022-08-01,10934000.0,power
HR,2022-08-02,10616800.0,power
HR,2022-08-03,10926600.0,power
HR,2022-08-04,10844600.0,power
HR,2022-08-05,10937800.0,power
HR,2022-08-06,10496100.0,power
HR,2022-08-07,10636000.0,power
HR,2022-08-08,10980000.0,power
HR,2022-08-09,10922800.0,power
HR,2022-08-10,9923000.0,power
HR,2022-08-11,9566900.0,power
HR,2022-08-12,9528900.0,power
HR,2022-08-13,10379800.0,power
HR,2022-08-14,10566800.0,power
HR,2022-08-15,10516100.0,power
HR,2022-08-16,9962700.0,power
HR,2022-08-17,12165199.999999998,power
HR,2022-08-18,11630600.0,power
HR,2022-08-19,12329200.0,power
HR,2022-08-20,10647400.0,power
HR,2022-08-21,10198000.0,power
HR,2022-08-22,11197000.0,power
HR,2022-08-23,10151500.0,power
HR,2022-08-24,10128800.0,power
HR,2022-08-25,10051900.0,power
HR,2022-08-26,10447200.0,power
HR,2022-08-27,10168100.0,power
HR,2022-08-28,8792400.0,power
HR,2022-08-29,9933400.0,power
HR,2022-08-30,11511600.0,power
HR,2022-08-31,11278700.0,power
HR,2022-09-01,11205300.0,power
HR,2022-09-02,11512000.0,power
HR,2022-09-03,9593500.0,power
HR,2022-09-04,8056100.0,power
HR,2022-09-05,8459000.0,power
HR,2022-09-06,9587600.0,power
HR,2022-09-07,9683800.0,power
HR,2022-09-08,9614400.0,power
HR,2022-09-09,9623900.0,power
HR,2022-09-10,9715700.0,power
HR,2022-09-11,7733700.0,power
HR,2022-09-12,11412600.0,power
HR,2022-09-13,11644800.0,power
HR,2022-09-14,10245300.0,power
HR,2022-09-15,10499300.0,power
HR,2022-09-16,9543500.0,power
HR,2022-09-17,6113300.0,power
HR,2022-09-18,6070000.0,power
HR,2022-09-19,6483900.0,power
HR,2022-09-20,6207600.0,power
HR,2022-09-21,6666700.0,power
HR,2022-09-22,6711700.0,power
HR,2022-09-23,7837300.0,power
HR,2022-09-24,5961000.0,power
HR,2022-09-25,6232400.0,power
HR,2022-09-26,7673700.0,power
HR,2022-09-27,7439100.0,power
HR,2022-09-28,7478400.0,power
HR,2022-09-29,7090400.0,power
HR,2022-09-30,7167200.0,power
HR,2022-10-01,6329500.0,power
HR,2022-10-02,5845300.0,power
HR,2022-10-03,9537200.0,power
HR,2022-10-04,11265800.0,power
HR,2022-10-05,10943800.0,power
HR,2022-10-06,10793700.0,power
HR,2022-10-07,10795400.0,power
HR,2022-10-08,10658000.0,power
HR,2022-10-09,10558000.0,power
HR,2022-10-10,10985300.0,power
HR,2022-10-11,10704000.0,power
HR,2022-10-12,11097300.0,power
HR,2022-10-13,11085600.0,power
HR,2022-10-14,11098400.0,power
HR,2022-10-15,11078500.0,power
HR,2022-10-16,10471300.0,power
HR,2022-10-17,11349400.0,power
HR,2022-10-18,11551800.0,power
HR,2022-10-19,11540900.0,power
HR,2022-10-20,11536200.0,power
HR,2022-10-21,11568200.0,power
HR,2022-10-22,11108000.0,power
HR,2022-10-23,10739100.0,power
HR,2022-10-24,11476200.0,power
HR,2022-10-25,11541500.0,power
HR,2022-10-26,11646700.0,power
HR,2022-10-27,11689800.0,power
HR,2022-10-28,11540100.0,power
HR,2022-10-29,11561600.0,power
HR,2022-10-30,9397200.0,power
HR,2022-10-31,8298500.0,power
HR,2022-11-01,8844200.0,power
HR,2022-11-02,8795800.0,power
HR,2022-11-03,8826800.0,power
HR,2022-11-04,8896700.0,power
HR,2022-11-05,10834300.0,power
HR,2022-11-06,10636700.0,power
HR,2022-11-07,10501700.0,power
HR,2022-11-08,10671600.0,power
HR,2022-11-09,9055600.0,power
HR,2022-11-10,10989100.0,power
HR,2022-11-11,10680700.0,power
HR,2022-11-12,7564900.0,power
HR,2022-11-13,8817200.0,power
HR,2022-11-14,9763100.0,power
HR,2022-11-15,9659000.0,power
HR,2022-11-16,10054500.0,power
HR,2022-11-17,9894700.0,power
HR,2022-11-18,9042600.0,power
HR,2022-11-19,8986900.0,power
HR,2022-11-20,9137200.0,power
HR,2022-11-21,8870000.0,power
HR,2022-11-22,9580500.0,power
HR,2022-11-23,9020200.0,power
HR,2022-11-24,9134600.0,power
HR,2022-11-25,8883800.0,power
HR,2022-11-26,8521000.0,power
HR,2022-11-27,8665200.0,power
HR,2022-11-28,9289800.0,power
HR,2022-11-29,8540400.0,power
HR,2022-11-30,8818600.0,power
HR,2022-12-01,8515100.0,power
HR,2022-12-02,8572000.0,power
HR,2022-12-03,8577100.0,power
HR,2022-12-04,8339500.0,power
HR,2022-12-05,8208000.0,power
HR,2022-12-06,8862900.0,power
HR,2022-12-07,4987000.0,power
HR,2022-12-08,6068000.0,power
HR,2022-12-09,6426300.0,power
HR,2022-12-10,6289800.0,power
HR,2022-12-11,6906900.0,power
HR,2022-12-12,6431900.0,power
HR,2022-12-13,6798500.0,power
HR,2022-12-14,6512700.0,power
HR,2022-12-15,6463600.0,power
HR,2022-12-16,6476700.0,power
HR,2022-12-17,6484900.0,power
HR,2022-12-18,6491300.0,power
HR,2022-12-19,6519400.0,power
HR,2022-12-20,6504300.0,power
HR,2022-12-21,6470900.0,power
HR,2022-12-22,6443000.0,power
HR,2022-12-23,6389200.0,power
HR,2022-12-24,5234700.0,power
HR,2022-12-25,5236800.0,power
HR,2022-12-26,5160700.0,power
HR,2022-12-27,5191600.0,power
HR,2022-12-28,5258100.0,power
HR,2022-12-29,5234600.0,power
HR,2022-12-30,5176900.000000001,power
HR,2022-12-31,5173900.0,power
HR,2023-01-01,5200000.0,power
HR,2023-01-02,5180100.0,power
HR,2023-01-03,5200200.0,power
HR,2023-01-04,5227400.0,power
HR,2023-01-05,5226800.0,power
HR,2023-01-06,5241000.0,power
HR,2023-01-07,5246000.0,power
HR,2023-01-08,5169700.0,power
HR,2023-01-09,8734500.0,power
HR,2023-01-10,11675300.0,power
HR,2023-01-11,11408400.0,power
HR,2023-01-12,7420200.0,power
HR,2023-01-13,7423400.0,power
HR,2023-01-14,7408600.0,power
HR,2023-01-15,9361900.0,power
HR,2023-01-16,11063300.0,power
HR,2023-01-17,11145500.0,power
HR,2023-01-18,11185000.0,power
HR,2023-01-19,11043400.0,power
HR,2023-01-20,11096200.0,power
HR,2023-01-21,11411800.0,power
HR,2023-01-22,11389900.0,power
HR,2023-01-23,11048200.0,power
HR,2023-01-24,11588600.0,power
HR,2023-01-25,11078400.0,power
HR,2023-01-26,11172600.0,power
HR,2023-01-27,11256400.0,power
HR,2023-01-28,11095400.0,power
HR,2023-01-29,11208200.0,power
HR,2023-01-30,11114800.0,power
HR,2023-01-31,11669700.0,power
HR,2023-02-01,11855500.0,power
HR,2023-02-02,11842700.0,power
HR,2023-02-03,11702000.0,power
HR,2023-02-04,11799900.0,power
HR,2023-02-05,11343300.0,power
HR,2023-02-06,11711800.0,power
HR,2023-02-07,12228900.0,power
HR,2023-02-08,12342100.0,power
HR,2023-02-09,11588200.0,power
HR,2023-02-10,12383700.0,power
HR,2023-02-11,12520800.000000002,power
HR,2023-02-12,11389300.0,power
HR,2023-02-13,12301900.0,power
HR,2023-02-14,12070000.0,power
HR,2023-02-15,12084700.0,power
HR,2023-02-16,12179900.0,power
HR,2023-02-17,11871700.0,power
HR,2023-02-18,12157200.0,power
HR,2023-02-19,11311100.0,power
HR,2023-02-20,11873000.0,power
HR,2023-02-21,11953200.0,power
HR,2023-02-22,11861300.0,power
HR,2023-02-23,11870300.0,power
HR,2023-02-24,11754400.0,power
HR,2023-02-25,11883700.0,power
HR,2023-02-26,11285100.0,power
HR,2023-02-27,11666400.0,power
HR,2023-02-28,11979200.0,power
HR,2023-03-01,12217100.0,power
HR,2023-03-02,12323200.0,power
HR,2023-03-03,11772100.0,power
HR,2023-03-04,11917200.0,power
HR,2023-03-05,11397400.0,power
HR,2023-03-06,11915300.0,power
HR,2023-03-07,11984500.0,power
HR,2023-03-08,11769100.0,power
HR,2023-03-09,11843200.0,power
HR,2023-03-10,11275800.0,power
HR,2023-03-11,11852600.0,power
HR,2023-03-12,11361900.0,power
HR,2023-03-13,11865300.0,power
HR,2023-03-14,11181300.0,power
HR,2023-03-15,10987900.0,power
HR,2023-03-16,11758700.0,power
HR,2023-03-17,11935600.0,power
HR,2023-03-18,11476500.0,power
HR,2023-03-19,11423700.0,power
HR,2023-03-20,11935700.0,power
HR,2023-03-21,11898800.0,power
HR,2023-03-22,11273700.0,power
HR,2023-03-23,10806300.0,power
HR,2023-03-24,10893700.0,power
HR,2023-03-25,10228000.0,power
HR,2023-03-26,9953200.0,power
HR,2023-03-27,10637000.0,power
HR,2023-03-28,10784300.0,power
HR,2023-03-29,11285100.0,power
HR,2023-03-30,10948600.0,power
HR,2023-03-31,11115300.0,power
HR,2023-04-01,10366600.0,power
HR,2023-04-02,10021300.0,power
HR,2023-04-03,9597500.0,power
HR,2023-04-04,9857600.0,power
HR,2023-04-05,10899400.0,power
HR,2023-04-06,10468100.0,power
HR,2023-04-07,10935900.0,power
HR,2023-04-08,10987600.0,power
HR,2023-04-09,10042100.0,power
HR,2023-04-10,9810200.0,power
HR,2023-04-11,10125300.0,power
HR,2023-04-12,10628600.0,power
HR,2023-04-13,10883900.0,power
HR,2023-04-14,10212100.0,power
HR,2023-04-15,10767900.0,power
HR,2023-04-16,11514700.0,power
HR,2023-04-17,11881300.0,power
HR,2023-04-18,11886000.0,power
HR,2023-04-19,11372800.0,power
HR,2023-04-20,11341100.0,power
HR,2023-04-21,11846000.0,power
HR,2023-04-22,11976800.0,power
HR,2023-04-23,11978900.0,power
HR,2023-04-24,12702900.0,power
HR,2023-04-25,12099400.0,power
HR,2023-04-26,12669600.0,power
HR,2023-04-27,12734900.0,power
HR,2023-04-28,11143700.0,power
HR,2023-04-29,9705200.0,power
HR,2023-04-30,9501700.0,power
HR,2023-05-01,9755500.0,power
HR,2023-05-02,9715400.0,power
HR,2023-05-03,9762000.0,power
HR,2023-05-04,9941500.0,power
HR,2023-05-05,11864700.0,power
HR,2023-05-06,10959100.0,power
HR,2023-05-07,9666900.0,power
HR,2023-05-08,9558500.0,power
HR,2023-05-09,9666600.0,power
HR,2023-05-10,9645400.0,power
HR,2023-05-11,9674600.0,power
HR,2023-05-12,8886600.0,power
HR,2023-05-13,3097600.0,power
HR,2023-05-14,3223300.0,power
HR,2023-05-15,6349100.0,power
HR,2023-05-16,6761200.0,power
HR,2023-05-17,6491300.0,power
HR,2023-05-18,6742600.0,power
HR,2023-05-19,6423400.0,power
HR,2023-05-20,3119200.0,power
HR,2023-05-21,3025800.0,power
HR,2023-05-22,5686100.0,power
HR,2023-05-23,6686000.0,power
HR,2023-05-24,6666000.0,power
HR,2023-05-25,6756700.0,power
HR,2023-05-26,5199800.0,power
HR,2023-05-27,3733400.0,power
HR,2023-05-28,3750500.0,power
HR,2023-05-29,5011100.0,power
HR,2023-05-30,4974200.0,power
HR,2023-05-31,5083400.0,power
HR,2023-06-01,6761000.0,power
HR,2023-06-02,6859700.0,power
HR,2023-06-03,5894900.0,power
HR,2023-06-04,6053900.0,power
HR,2023-06-05,6103000.0,power
HR,2023-06-06,6861000.0,power
HR,2023-06-07,6849500.0,power
HR,2023-06-08,6864000.0,power
HR,2023-06-09,6756400.0,power
HR,2023-06-10,5810700.0,power
HR,2023-06-11,5668800.0,power
HR,2023-06-12,6648300.0,power
HR,2023-06-13,6843900.0,power
HR,2023-06-14,6850700.0,power
HR,2023-06-15,6845100.0,power
HR,2023-06-16,6748400.0,power
HR,2023-06-17,6496100.0,power
HR,2023-06-18,6078900.0,power
HR,2023-06-19,6830900.0,power
HR,2023-06-20,6829000.0,power
HR,2023-06-21,6807000.0,power
HR,2023-06-22,6801900.0,power
HR,2023-06-23,6795600.0,power
HR,2023-06-24,6784700.0,power
HR,2023-06-25,6529900.0,power
HR,2023-06-26,7682100.0,power
HR,2023-06-27,9564700.0,power
HR,2023-06-28,10185000.0,power
HR,2023-06-29,10537900.0,power
HR,2023-06-30,10925200.0,power
HR,2023-07-01,10171300.0,power
HR,2023-07-02,8937100.0,power
HR,2023-07-03,10657300.0,power
HR,2023-07-04,10945800.0,power
HR,2023-07-05,10862100.0,power
HR,2023-07-06,10983400.0,power
HR,2023-07-07,10990800.0,power
HR,2023-07-08,10614100.0,power
HR,2023-07-09,10545400.0,power
HR,2023-07-10,10503300.0,power
HR,2023-07-11,10485300.0,power
HR,2023-07-12,10905200.0,power
HR,2023-07-13,10947200.0,power
HR,2023-07-14,10831600.0,power
HR,2023-07-15,10105900.0,power
HR,2023-07-16,10140000.0,power
HR,2023-07-17,10056500.0,power
HR,2023-07-18,10773900.0,power
HR,2023-07-19,9059300.0,power
HR,2023-07-20,10732500.0,power
HR,2023-07-21,8313000.0,power
HR,2023-07-22,10016200.0,power
HR,2023-07-23,8717000.0,power
HR,2023-07-24,10934900.0,power
HR,2023-07-25,10989900.0,power
HR,2023-07-26,10736300.0,power
HR,2023-07-27,10274500.0,power
HR,2023-07-28,10962700.0,power
HR,2023-07-29,10207000.0,power
HR,2023-07-30,9934500.0,power
HR,2023-07-31,10863300.0,power
HR,2023-08-01,10850600.0,power
HR,2023-08-02,10602700.0,power
HR,2023-08-03,9716500.0,power
HR,2023-08-04,8006700.0,power
HR,2023-08-05,6324100.0,power
HR,2023-08-06,6786800.0,power
HR,2023-08-07,7100300.0,power
HR,2023-08-08,7132700.0,power
HR,2023-08-09,7126100.0,power
HR,2023-08-10,7133000.0,power
HR,2023-08-11,7091900.0,power
HR,2023-08-12,6797300.0,power
HR,2023-08-13,6500200.0,power
HR,2023-08-14,6752900.000000001,power
HR,2023-08-15,6676900.0,power
HR,2023-08-16,7022400.0,power
HR,2023-08-17,7799300.0,power
HR,2023-08-18,9482900.0,power
HR,2023-08-19,9995600.0,power
HR,2023-08-20,9841400.0,power
HR,2023-08-21,10798500.0,power
HR,2023-08-22,10913000.0,power
HR,2023-08-23,11083300.0,power
HR,2023-08-24,11680700.0,power
HR,2023-08-25,11626500.0,power
HR,2023-08-26,11084900.0,power
HR,2023-08-27,11049400.0,power
HR,2023-08-28,11685300.0,power
HR,2023-08-29,11139600.0,power
HR,2023-08-30,11158600.0,power
HR,2023-08-31,11183700.0,power
HR,2023-09-01,11081400.0,power
HR,2023-09-02,10325800.0,power
HR,2023-09-03,10342500.0,power
HR,2023-09-04,10792200.0,power
HR,2023-09-05,10537600.0,power
HR,2023-09-06,10512100.0,power
HR,2023-09-07,10543200.0,power
HR,2023-09-08,10486400.0,power
HR,2023-09-09,10128200.0,power
HR,2023-09-10,10349300.0,power
HR,2023-09-11,11599400.0,power
HR,2023-09-12,11978900.0,power
HR,2023-09-13,11856700.0,power
HR,2023-09-14,11173200.0,power
HR,2023-09-15,11031900.0,power
HR,2023-09-16,10283000.0,power
HR,2023-09-17,10275800.0,power
HR,2023-09-18,10611900.0,power
HR,2023-09-19,10632400.0,power
HR,2023-09-20,10574200.0,power
HR,2023-09-21,10733900.0,power
HR,2023-09-22,10523800.0,power
HR,2023-09-23,6372900.0,power
HR,2023-09-24,6225700.0,power
HR,2023-09-25,7712700.0,power
HR,2023-09-26,10774700.0,power
HR,2023-09-27,10777000.0,power
HR,2023-09-28,10873600.0,power
HR,2023-09-29,10526200.0,power
HR,2023-09-30,10362700.0,power
HR,2023-10-01,9991400.0,power
HR,2023-10-02,10623800.0,power
HR,2023-10-03,10562800.0,power
HR,2023-10-04,10727000.0,power
HR,2023-10-05,10972500.0,power
HR,2023-10-06,10871700.0,power
HR,2023-10-07,8527600.0,power
HR,2023-10-08,8877300.0,power
HR,2023-10-09,8761900.0,power
HR,2023-10-10,8953800.0,power
HR,2023-10-11,8976600.0,power
HR,2023-10-12,8878200.0,power
HR,2023-10-13,8858900.0,power
HR,2023-10-14,8404200.0,power
HR,2023-10-15,7974500.0,power
HR,2023-10-16,8672900.0,power
HR,2023-10-17,8960100.0,power
HR,2023-10-18,8892400.0,power
HR,2023-10-19,8619800.0,power
HR,2023-10-20,8313000.0,power
HR,2023-10-21,8045200.0,power
HR,2023-10-22,8177600.0,power
HR,2023-10-23,8958100.0,power
HR,2023-10-24,8766500.0,power
HR,2023-10-25,8437500.0,power
HR,2023-10-26,8971000.0,power
HR,2023-10-27,8833800.0,power
HR,2023-10-28,8437600.0,power
HR,2023-10-29,7977099.999999999,power
HR,2023-10-30,8009700.0,power
HR,2023-10-31,8537500.0,power
HR,2023-11-01,8332600.0,power
HR,2023-11-02,8611000.0,power
HR,2023-11-03,8172200.0,power
HR,2023-11-04,5491600.0,power
HR,2023-11-05,6769200.0,power
HR,2023-11-06,7118300.0,power
HR,2023-11-07,6786900.0,power
HR,2023-11-08,7483800.0,power
HR,2023-11-09,8793700.0,power
HR,2023-11-10,9073700.0,power
HR,2023-11-11,8354700.000000001,power
HR,2023-11-12,8514100.0,power
HR,2023-11-13,8967800.0,power
HR,2023-11-14,8992900.0,power
HR,2023-11-15,9822200.0,power
HR,2023-11-16,10097300.0,power
HR,2023-11-17,10272300.0,power
HR,2023-11-18,10589400.0,power
HR,2023-11-19,10604600.0,power
HR,2023-11-20,10801100.0,power
HR,2023-11-21,10600200.0,power
HR,2023-11-22,8296500.0,power
HR,2023-11-23,7349000.0,power
HR,2023-11-24,6905200.0,power
HR,2023-11-25,6901200.0,power
HR,2023-11-26,6940400.0,power
HR,2023-11-27,6931300.0,power
HR,2023-11-28,6905800.0,power
HR,2023-11-29,7121000.0,power
HR,2023-11-30,6924700.0,power
HR,2023-12-01,6878000.0,power
HR,2023-12-02,6907600.0,power
HR,2023-12-03,6922000.0,power
HR,2023-12-04,5922000.0,power
HR,2023-12-05,6912000.0,power
HR,2023-12-06,6911200.0,power
HR,2023-12-07,6900000.0,power
HR,2023-12-08,6911600.0,power
HR,2023-12-09,6909200.0,power
HR,2023-12-10,6908400.0,power
HR,2023-12-11,7996000.0,power
HR,2023-12-12,9902000.0,power
HR,2023-12-13,10297200.0,power
HR,2023-12-14,10314000.0,power
HR,2023-12-15,10283600.0,power
HR,2023-12-16,10598800.0,power
HR,2023-12-17,10309200.0,power
HR,2023-12-18,10333600.0,power
HR,2023-12-19,11154400.0,power
HR,2023-12-20,11289200.0,power
HR,2023-12-21,10304800.0,power
HR,2023-12-22,10334400.0,power
HR,2023-12-23,9834400.0,power
HR,2023-12-24,6657200.0,power
HR,2023-12-25,6070400.0,power
HR,2023-12-26,6385200.0,power
HR,2023-12-27,6629600.0,power
HR,2023-12-28,6517600.0,power
HR,2023-12-29,6696000.0,power
HR,2023-12-30,6720400.0,power
HR,2023-12-31,6645500.0,power
HR,2024-01-01,6256700.0,power
HR,2024-01-02,6635200.0,power
HR,2024-01-03,6657800.0,power
HR,2024-01-04,6439100.0,power
HR,2024-01-05,6763500.0,power
HR,2024-01-06,6773300.0,power
HR,2024-01-07,6633900.0,power
HR,2024-01-08,8258400.0,power
HR,2024-01-09,10490400.0,power
HR,2024-01-10,11709000.0,power
HR,2024-01-11,11640500.0,power
HR,2024-01-12,11709300.0,power
HR,2024-01-13,11680000.0,power
HR,2024-01-14,11662000.0,power
HR,2024-01-15,11717500.0,power
HR,2024-01-16,11667200.0,power
HR,2024-01-17,11654400.0,power
HR,2024-01-18,11332900.0,power
HR,2024-01-19,11581900.0,power
HR,2024-01-20,11606900.0,power
HR,2024-01-21,11603900.0,power
HR,2024-01-22,11674200.0,power
HR,2024-01-23,11636900.0,power
HR,2024-01-24,11709500.0,power
HR,2024-01-25,11714900.0,power
HR,2024-01-26,11710600.0,power
HR,2024-01-27,11411900.0,power
HR,2024-01-28,11522800.0,power
HR,2024-01-29,11575800.0,power
HR,2024-01-30,11406000.0,power
HR,2024-01-31,11648200.0,power
HR,2024-02-01,11654200.0,power
HR,2024-02-02,11858000.0,power
HR,2024-02-03,11634100.0,power
HR,2024-02-04,11587600.0,power
HR,2024-02-05,11541700.0,power
HR,2024-02-06,11437900.0,power
HR,2024-02-07,11416200.0,power
HR,2024-02-08,11328900.0,power
HR,2024-02-09,11338100.0,power
HR,2024-02-10,9395100.0,power
HR,2024-02-11,8797400.0,power
HR,2024-02-12,9635500.0,power
HR,2024-02-13,9746300.0,power
HR,2024-02-14,9908900.0,power
HR,2024-02-15,9662300.0,power
HR,2024-02-16,9314300.0,power
HR,2024-02-17,8645000.0,power
HR,2024-02-18,9100400.0,power
HR,2024-02-19,6525800.0,power
HR,2024-02-20,5325000.0,power
HR,2024-02-21,7925700.0,power
HR,2024-02-22,8970700.0,power
HR,2024-02-23,9729200.0,power
HR,2024-02-24,9738300.0,power
HR,2024-02-25,10715400.0,power
HR,2024-02-26,11039000.0,power
HR,2024-02-27,11017900.0,power
HR,2024-02-28,11038700.0,power
HR,2024-02-29,11039000.0,power
HR,2024-03-01,10924800.0,power
HR,2024-03-02,9196400.0,power
HR,2024-03-03,8830900.0,power
HR,2024-03-04,9608700.0,power
HR,2024-03-05,9963600.0,power
HR,2024-03-06,9958400.0,power
HR,2024-03-07,9956400.0,power
HR,2024-03-08,9900100.0,power
HR,2024-03-09,9949100.0,power
HR,2024-03-10,8814400.0,power
HR,2024-03-11,9951200.0,power
HR,2024-03-12,9884199.999999998,power
HR,2024-03-13,10009800.0,power
HR,2024-03-14,9981100.0,power
HR,2024-03-15,9887700.0,power
HR,2024-03-16,7843100.0,power
HR,2024-03-17,7827600.0,power
HR,2024-03-18,9095000.0,power
HR,2024-03-19,9891600.0,power
HR,2024-03-20,9970300.0,power
HR,2024-03-21,9809200.0,power
HR,2024-03-22,9965700.0,power
HR,2024-03-23,10045300.0,power
HR,2024-03-24,9066500.0,power
HR,2024-03-25,8712400.0,power
HR,2024-03-26,9315400.0,power
HR,2024-03-27,9949900.0,power
HR,2024-03-28,10064800.0,power
HR,2024-03-29,9534200.0,power
HR,2024-03-30,6411600.0,power
HR,2024-03-31,6441200.0,power
HR,2024-04-01,6389200.0,power
HR,2024-04-02,6485500.0,power
HR,2024-04-03,6430200.0,power
HR,2024-04-04,6461700.0,power
HR,2024-04-05,6521700.0,power
HR,2024-04-06,6428700.0,power
HR,2024-04-07,6442000.0,power
HR,2024-04-08,6540600.0,power
HR,2024-04-09,7054900.0,power
HR,2024-04-10,7076300.0,power
HR,2024-04-11,6866200.0,power
HR,2024-04-12,6938200.0,power
HR,2024-04-13,6864000.0,power
HR,2024-04-14,6761200.0,power
HR,2024-04-15,6747500.0,power
HR,2024-04-16,6900000.0,power
HR,2024-04-17,6956600.0,power
HR,2024-04-18,6895100.0,power
HR,2024-04-19,6790100.0,power
HR,2024-04-20,6427200.0,power
HR,2024-04-21,6360300.0,power
HR,2024-04-22,6644700.0,power
HR,2024-04-23,6550400.0,power
HR,2024-04-24,6616900.0,power
HR,2024-04-25,6608900.0,power
HR,2024-04-26,6454300.0,power
HR,2024-04-27,6423600.0,power
HR,2024-04-28,6438700.0,power
HR,2024-04-29,6459800.0,power
HR,2024-04-30,6522500.0,power
HR,2024-05-01,6588300.0,power
HR,2024-05-02,6433700.0,power
HR,2024-05-03,6628600.0,power
HR,2024-05-04,6444200.0,power
HR,2024-05-05,6427800.0,power
HR,2024-05-06,6375200.0,power
HR,2024-05-07,6436000.0,power
HR,2024-05-08,6439400.000000001,power
HR,2024-05-09,6291400.000000001,power
HR,2024-05-10,6057000.0,power
HR,2024-05-11,4410400.0,power
HR,2024-05-12,4415100.0,power
HR,2024-05-13,4582100.0,power
HR,2024-05-14,4568600.0,power
HR,2024-05-15,4530500.0,power
HR,2024-05-16,5647600.0,power
HR,2024-05-17,6432400.0,power
HR,2024-05-18,6435100.0,power
HR,2024-05-19,6439900.0,power
HR,2024-05-20,6561200.0,power
HR,2024-05-21,6388800.0,power
HR,2024-05-22,6519900.0,power
HR,2024-05-23,6465300.0,power
HR,2024-05-24,6527500.0,power
HR,2024-05-25,6431000.0,power
HR,2024-05-26,6266200.0,power
HR,2024-05-27,6421200.0,power
HR,2024-05-28,6513400.0,power
HR,2024-05-29,6077300.0,power
HR,2024-05-30,6523900.0,power
HR,2024-05-31,6345200.0,power
HR,2024-06-01,4088500.0,power
HR,2024-06-02,4133800.0,power
HR,2024-06-03,4306300.0,power
HR,2024-06-04,4208300.0,power
HR,2024-06-05,4246700.0,power
HR,2024-06-06,4090600.0,power
HR,2024-06-07,5200.0,power
HR,2024-06-08,0.0,power
HR,2024-06-09,0.0,power
HR,2024-06-10,683000.0,power
HR,2024-06-11,2380500.0,power
HR,2024-06-12,2840700.0000000005,power
HR,2024-06-13,3464500.0,power
HR,2024-06-14,4000200.0,power
HR,2024-06-15,4394400.0,power
HR,2024-06-16,4138800.0,power
HR,2024-06-17,4385500.0,power
HR,2024-06-18,4774500.0,power
HR,2024-06-19,4760900.0,power
HR,2024-06-20,7402000.0,power
HR,2024-06-21,7815600.0,power
HR,2024-06-22,7158900.0,power
HR,2024-06-23,6475900.0,power
HR,2024-06-24,5915300.0,power
HR,2024-06-25,7361100.0,power
HR,2024-06-26,8767900.0,power
HR,2024-06-27,9074500.0,power
HR,2024-06-28,5339100.0,power
HR,2024-06-29,4124800.0,power
HR,2024-06-30,4090800.0,power
HR,2024-07-01,4185899.9999999995,power
HR,2024-07-02,4353099.999999999,power
HR,2024-07-03,5428600.0,power
HR,2024-07-04,8356000.0,power
HR,2024-07-05,9861900.0,power
HR,2024-07-06,9743000.0,power
HR,2024-07-07,9416500.0,power
HR,2024-07-08,9861600.0,power
HR,2024-07-09,10625900.0,power
HR,2024-07-10,9839800.0,power
HR,2024-07-11,9117800.0,power
HR,2024-07-12,9078200.0,power
HR,2024-07-13,8759400.0,power
HR,2024-07-14,8378400.0,power
HR,2024-07-15,8645600.0,power
HR,2024-07-16,8325900.0,power
HR,2024-07-17,8663700.0,power
HR,2024-07-18,8621700.0,power
HR,2024-07-19,9380500.0,power
HR,2024-07-20,8378100.0,power
HR,2024-07-21,8453800.0,power
HR,2024-07-22,8977400.0,power
HR,2024-07-23,8969700.0,power
HR,2024-07-24,8953400.0,power
HR,2024-07-25,9232200.0,power
HR,2024-07-26,8933200.0,power
HR,2024-07-27,8433400.0,power
HR,2024-07-28,8517400.0,power
HR,2024-07-29,8637800.0,power
HR,2024-07-30,8852200.0,power
HR,2024-07-31,8562100.0,power
HR,2024-08-01,8575900.0,power
HR,2024-08-02,8537700.0,power
HR,2024-08-03,8449900.0,power
HR,2024-08-04,8609400.0,power
HR,2024-08-05,8431600.0,power
HR,2024-08-06,8575300.0,power
HR,2024-08-07,8573700.0,power
HR,2024-08-08,8462800.0,power
HR,2024-08-09,8493400.0,power
HR,2024-08-10,8940300.0,power
HR,2024-08-11,9164900.0,power
HR,2024-08-12,8439000.0,power
HR,2024-08-13,8748600.0,power
HR,2024-08-14,8455900.0,power
HR,2024-08-15,8449400.0,power
HR,2024-08-16,8794300.0,power
HR,2024-08-17,8433100.0,power
HR,2024-08-18,8463300.0,power
HR,2024-08-19,8364700.000000001,power
HR,2024-08-20,8233799.999999999,power
HR,2024-08-21,8857700.0,power
HR,2024-08-22,8626200.0,power
HR,2024-08-23,8926400.0,power
HR,2024-08-24,6563700.0,power
HR,2024-08-25,6573400.000000001,power
HR,2024-08-26,6939500.0,power
HR,2024-08-27,8340200.000000001,power
HR,2024-08-28,9023800.0,power
HR,2024-08-29,8085200.0,power
HR,2024-08-30,8038300.0,power
HR,2024-08-31,7641700.0,power
HR,2024-09-01,7037700.0,power
HR,2024-09-02,7342300.0,power
HR,2024-09-03,7048500.0,power
HR,2024-09-04,7487300.0,power
HR,2024-09-05,6862100.0,power
HR,2024-09-06,7402900.0,power
HR,2024-09-07,7506300.0,power
HR,2024-09-08,7514300.0,power
HR,2024-09-09,8093400.0,power
HR,2024-09-10,8163099.999999999,power
HR,2024-09-11,7933700.0,power
HR,2024-09-12,7903500.0,power
HR,2024-09-13,8128500.0,power
HR,2024-09-14,8516600.0,power
HR,2024-09-15,8489600.0,power
HR,2024-09-16,8171500.0,power
HR,2024-09-17,7904900.0,power
HR,2024-09-18,8151700.0,power
HR,2024-09-19,8316799.999999999,power
HR,2024-09-20,7756800.0,power
HR,2024-09-21,6367700.0,power
HR,2024-09-22,6372800.0,power
HR,2024-09-23,8048800.0,power
HR,2024-09-24,9273700.0,power
HR,2024-09-25,9528400.0,power
HR,2024-09-26,9453700.0,power
HR,2024-09-27,8005100.0,power
HR,2024-09-28,7231100.0,power
HR,2024-09-29,6949600.0,power
HR,2024-09-30,7600100.0,power
HR,2024-10-01,7282400.0,power
HR,2024-10-02,7960000.0,power
HR,2024-10-03,8009300.0,power
HR,2024-10-04,7992300.0,power
HR,2024-10-05,6078000.0,power
HR,2024-10-06,5334800.0,power
HR,2024-10-07,5562700.0,power
HR,2024-10-08,5950000.0,power
HR,2024-10-09,5891400.0,power
HR,2024-10-10,5807200.0,power
HR,2024-10-11,5599600.0,power
HR,2024-10-12,4576200.0,power
HR,2024-10-13,4662500.0,power
HR,2024-10-14,5810500.0,power
HR,2024-10-15,6754800.0,power
HR,2024-10-16,5789200.0,power
HR,2024-10-17,6600000.0,power
HR,2024-10-18,6394100.0,power
HR,2024-10-19,5577500.0,power
HR,2024-10-20,5588400.0,power
HR,2024-10-21,6584000.0,power
HR,2024-10-22,6803500.0,power
HR,2024-10-23,6640600.0,power
HR,2024-10-24,6575300.0,power
HR,2024-10-25,6768600.0,power
HR,2024-10-26,7399800.0,power
HR,2024-10-27,6632000.0,power
HR,2024-10-28,7765599.999999999,power
HR,2024-10-29,7642300.0,power
HR,2024-10-30,7822600.0,power
HR,2024-10-31,8060500.0,power
HR,2024-11-01,6630200.0,power
HR,2024-11-02,5418000.0,power
HR,2024-11-03,4880700.0,power
HR,2024-11-04,5974900.0,power
HR,2024-11-05,6290800.0,power
HR,2024-11-06,6221400.0,power
HR,2024-11-07,5758300.0,power
HR,2024-11-08,6515900.0,power
HR,2024-11-09,6063600.0,power
HR,2024-11-10,4823700.0,power
HR,2024-11-11,4646100.0,power
HR,2024-11-12,6166500.0,power
HR,2024-11-13,6930700.0,power
HR,2024-11-14,6647000.0,power
HR,2024-11-15,5508600.0,power
HR,2024-11-16,5361600.0,power
HR,2024-11-17,5849600.0,power
HR,2024-11-18,5834900.0,power
HR,2024-11-19,5688400.0,power
HR,2024-11-20,4422300.0,power
HR,2024-11-21,4137800.0,power
HR,2024-11-22,4257200.0,power
HR,2024-11-23,4311900.0,power
HR,2024-11-24,4443900.0,power
HR,2024-11-25,4289100.0,power
HR,2024-11-26,5425000.0,power
HR,2024-11-27,5854000.0,power
HR,2024-11-28,7323600.0,power
HR,2024-11-29,7888100.0,power
HR,2024-11-30,8701400.0,power
HR,2024-12-01,8885000.0,power
HR,2024-12-02,8957100.0,power
HR,2024-12-03,9248700.0,power
HR,2024-12-04,9120100.0,power
HR,2024-12-05,8728900.0,power
HR,2024-12-06,8854000.0,power
HR,2024-12-07,9289700.0,power
HR,2024-12-08,9215600.0,power
HR,2024-12-09,10161300.0,power
HR,2024-12-10,9973100.0,power
HR,2024-12-11,9926400.0,power
HR,2024-12-12,11114600.0,power
HR,2024-12-13,11272600.0,power
HR,2024-12-14,10366800.0,power
HR,2024-12-15,7302099.999999999,power
HR,2024-12-16,7691100.0,power
HR,2024-12-17,9808500.0,power
HR,2024-12-18,10206400.0,power
HR,2024-12-19,10703200.0,power
HR,2024-12-20,10949800.0,power
HR,2024-12-21,10694100.0,power
HR,2024-12-22,10940200.0,power
HR,2024-12-23,11130400.0,power
HR,2024-12-24,12835900.0,power
HR,2024-12-25,11865400.0,power
HR,2024-12-26,12049300.0,power
HR,2024-12-27,11653000.0,power
HR,2024-12-28,11661100.0,power
HR,2024-12-29,11900200.0,power
HR,2024-12-30,11952000.0,power
HR,2024-12-31,12098500.0,power
HR,2025-01-01,11922500.0,power
HR,2025-01-02,11590200.0,power
HR,2025-01-03,11198900.0,power
HR,2025-01-04,11783100.0,power
HR,2025-01-05,11312400.0,power
HR,2025-01-06,11191300.0,power
HR,2025-01-07,11033100.0,power
HR,2025-01-08,11359900.0,power
HR,2025-01-09,11543200.0,power
HR,2025-01-10,10906600.0,power
HR,2025-01-11,11357000.0,power
HR,2025-01-12,11071000.0,power
HR,2025-01-13,11515900.0,power
HR,2025-01-14,11468900.0,power
HR,2025-01-15,11044100.0,power
HR,2025-01-16,10697600.0,power
HR,2025-01-17,10998400.0,power
HR,2025-01-18,11121000.0,power
HR,2025-01-19,10907500.0,power
HR,2025-01-20,10857900.0,power
HR,2025-01-21,10846400.0,power
HR,2025-01-22,10612900.0,power
HR,2025-01-23,10588000.0,power
HR,2025-01-24,10392700.0,power
HR,2025-01-25,10165300.0,power
HR,2025-01-26,10324100.0,power
HR,2025-01-27,10110300.0,power
HR,2025-01-28,10033100.0,power
HR,2025-01-29,10130100.0,power
HR,2025-01-30,10280400.0,power
HR,2025-01-31,10294800.0,power
HR,2025-02-01,10098500.0,power
HR,2025-02-02,10308400.0,power
HR,2025-02-03,9985700.0,power
HR,2025-02-04,10826600.0,power
HR,2025-02-05,11445500.0,power
HR,2025-02-06,11880300.0,power
HR,2025-02-07,11215800.0,power
HR,2025-02-08,11404700.0,power
HR,2025-02-09,11158600.0,power
HR,2025-02-10,11879700.0,power
HR,2025-02-11,11612200.0,power
HR,2025-02-12,11517000.0,power
HR,2025-02-13,11762200.0,power
HR,2025-02-14,12018500.0,power
HR,2025-02-15,11855100.0,power
HR,2025-02-16,11881300.0,power
HR,2025-02-17,11317500.0,power
HR,2025-02-18,11647000.0,power
HR,2025-02-19,11654400.0,power
HR,2025-02-20,11887300.0,power
HR,2025-02-21,11605600.0,power
HR,2025-02-22,11963800.0,power
HR,2025-02-23,11713700.0,power
HR,2025-02-24,11796100.0,power
HR,2025-02-25,11888900.0,power
HR,2025-02-26,11169800.0,power
HR,2025-02-27,10827300.0,power
HR,2025-02-28,10607700.0,power
HR,2025-03-01,6662900.0,power
HR,2025-03-02,6730100.0,power
HR,2025-03-03,6869300.0,power
HR,2025-03-04,7298800.0,power
HR,2025-03-05,7405900.0,power
HR,2025-03-06,7271200.0,power
HR,2025-03-07,6678400.0,power
HR,2025-03-08,6389400.0,power
HR,2025-03-09,6343500.0,power
HR,2025-03-10,6530700.0,power
HR,2025-03-11,6428000.0,power
HR,2025-03-12,6349600.0,power
HR,2025-03-13,6434400.0,power
HR,2025-03-14,6421200.0,power
HR,2025-03-15,6401300.0,power
HR,2025-03-16,6416600.0,power
HR,2025-03-17,6416400.0,power
HR,2025-03-18,6551900.0,power
HR,2025-03-19,6550400.0,power
HR,2025-03-20,6543000.0,power
HR,2025-03-21,6473000.0,power
HR,2025-03-22,6112200.0,power
HR,2025-03-23,6072800.0,power
HR,2025-03-24,6617000.0,power
HR,2025-03-25,6705700.0,power
HR,2025-03-26,6595400.000000001,power
HR,2025-03-27,6536800.0,power
HR,2025-03-28,6518900.0,power
HR,2025-03-29,5953600.0,power
HR,2025-03-30,6698000.0,power
HR,2025-03-31,6774200.0,power
HR,2025-04-01,6812900.0,power
HR,2025-04-02,6845700.0,power
HR,2025-04-03,6757200.0,power
HR,2025-04-04,6485500.0,power
HR,2025-04-05,5435600.0,power
HR,2025-04-06,5773700.0,power
HR,2025-04-07,6241700.0,power
HR,2025-04-08,6579300.0,power
HR,2025-04-09,6573000.0,power
HR,2025-04-10,6555500.0,power
HR,2025-04-11,6609400.0,power
HR,2025-04-12,5697300.0,power
HR,2025-04-13,5480200.0,power
HR,2025-04-14,6665900.000000001,power
HR,2025-04-15,7591300.0,power
HR,2025-04-16,7315100.0,power
HR,2025-04-17,6752400.0,power
HR,2025-04-18,5438000.0,power
HR,2025-04-19,5679700.0,power
HR,2025-04-20,5457900.0,power
HR,2025-04-21,5474100.0,power
HR,2025-04-22,5875400.0,power
HR,2025-04-23,6113400.0,power
HR,2025-04-24,6947400.000000001,power
HR,2025-04-25,8057500.0,power
HR,2025-04-26,7455500.0,power
HR,2025-04-27,5488800.0,power
HR,2025-04-28,6140100.0,power
HR,2025-04-29,6012400.0,power
HR,2025-04-30,4106100.0000000005,power
HR,2025-05-01,578800.0000000001,power
HR,2025-05-02,0.0,power
HR,2025-05-03,0.0,power
HR,2025-05-04,0.0,power
HR,2025-05-05,0.0,power
HR,2025-05-06,0.0,power
HR,2025-05-07,0.0,power
HR,2025-05-08,0.0,power
HR,2025-05-09,0.0,power
HR,2025-05-10,0.0,power
HR,2025-05-11,0.0,power
HR,2025-05-12,0.0,power
HR,2025-05-13,0.0,power
HR,2025-05-14,0.0,power
HR,2025-05-15,0.0,power
HR,2025-05-16,753900.0,power
HR,2025-05-17,970000.0,power
HR,2025-05-18,906000.0,power
HR,2025-05-19,1753600.0,power
HR,2025-05-20,1225600.0,power
HR,2025-05-21,934000.0,power
HR,2025-05-22,1616600.0,power
HR,2025-05-23,1887199.9999999998,power
HR,2025-05-24,1789100.0,power
HR,2025-05-25,1863600.0,power
HR,2025-05-26,1938100.0,power
HR,2025-05-27,1714399.9999999998,power
HR,2025-05-28,1107899.9999999998,power
HR,2025-05-29,400.0,power
HR,2025-05-30,0.0,power
HR,2025-05-31,0.0,power
HR,2025-06-01,0.0,power
HR,2025-06-02,416700.0,power
HR,2025-06-03,660700.0,power
HR,2025-06-04,719900.0,power
HR,2025-06-05,800100.0,power
HR,2025-06-06,874000.0,power
HR,2025-06-07,354800.0,power
HR,2025-06-08,0.0,power
HR,2025-06-09,0.0,power
HR,2025-06-10,0.0,power
HR,2025-06-11,0.0,power
HR,2025-06-12,0.0,power
HR,2025-06-13,0.0,power
HR,2025-06-14,0.0,power
HR,2025-06-15,0.0,power
HR,2025-06-16,1487200.0,power
HR,2025-06-17,2982800.0,power
HR,2025-06-18,3362100.0,power
HR,2025-06-19,3745700.0000000005,power
HR,2025-06-20,3734600.0,power
HR,2025-06-21,3850600.0,power
HR,2025-06-22,3713400.0,power
HR,2025-06-23,3899300.0,power
HR,2025-06-24,3896500.0,power
HR,2025-06-25,3896900.0,power
HR,2025-06-26,3895000.0,power
HR,2025-06-27,3625700.0,power
HR,2025-06-28,3884900.0,power
HR,2025-06-29,3899700.0,power
HR,2025-06-30,3888300.0,power
HR,2025-07-01,4195300.0,power
HR,2025-07-02,4687000.0,power
HR,2025-07-03,5461500.0,power
HR,2025-07-04,5928800.0,power
HR,2025-07-05,5900500.0,power
HR,2025-07-06,5508100.0,power
HR,2025-07-07,5195100.0,power
HR,2025-07-08,4834800.0,power
HR,2025-07-09,5675900.0,power
HR,2025-07-10,6076900.0,power
HR,2025-07-11,5801400.0,power
HR,2025-07-12,6134200.0,power
HR,2025-07-13,5790800.0,power
HR,2025-07-14,6137300.0,power
HR,2025-07-15,6080400.0,power
HR,2025-07-16,6279700.0,power
HR,2025-07-17,6417600.0,power
HR,2025-07-18,5798600.0,power
HR,2025-07-19,6091900.0,power
HR,2025-07-20,5621300.0,power
HR,2025-07-21,6083600.0,power
HR,2025-07-22,5803400.0,power
HR,2025-07-23,5916700.0,power
HR,2025-07-24,5731900.0,power
HR,2025-07-25,6479900.0,power
HR,2025-07-26,6257600.0,power
HR,2025-07-27,6611500.0,power
HR,2025-07-28,6919000.0,power
HR,2025-07-29,5852500.0,power
HR,2025-07-30,6260200.0,power
HR,2025-07-31,6404500.0,power
HR,2025-08-01,6526900.0,power
HR,2025-08-02,6486800.0,power
HR,2025-08-03,6305600.0,power
HR,2025-08-04,6144700.0,power
HR,2025-08-05,6345400.0,power
HR,2025-08-06,6512300.0,power
HR,2025-08-07,6377300.0,power
HR,2025-08-08,6546400.0,power
HR,2025-08-09,6487900.000000001,power
HR,2025-08-10,6467500.0,power
HR,2025-08-11,6525400.0,power
HR,2025-08-12,6369800.0,power
HR,2025-08-13,6567700.0,power
HR,2025-08-14,6542900.0,power
HR,2025-08-15,6516900.0,power
HR,2025-08-16,5966700.0,power
HR,2025-08-17,5829000.0,power
HR,2025-08-18,5789900.0,power
HR,2025-08-19,5859800.0,power
HR,2025-08-20,5849100.0,power
HR,2025-08-21,5848600.0,power
HR,2025-08-22,5688600.0,power
HR,2025-08-23,4175300.0,power
HR,2025-08-24,3894200.0000000005,power
HR,2025-08-25,3900300.0,power
HR,2025-08-26,3898300.0,power
HR,2025-08-27,3911300.0,power
HR,2025-08-28,3829400.0,power
HR,2025-08-29,3853200.0,power
HR,2025-08-30,3744300.0,power
HR,2025-08-31,3828200.0,power
HR,2025-09-01,3911400.0,power
HR,2025-09-02,3880100.0,power
HR,2025-09-03,3780900.0,power
HR,2025-09-04,3852200.0,power
HR,2025-09-05,3916000.0,power
HR,2025-09-06,3923300.0,power
HR,2025-09-07,3909900.0,power
HR,2025-09-08,3918400.0,power
HR,2025-09-09,3910800.0,power
HR,2025-09-10,3837900.0,power
HR,2025-09-11,3900200.0000000005,power
HR,2025-09-12,522600.0,power
HR,2025-09-13,0.0,power
HR,2025-09-14,0.0,power
HR,2025-09-15,1542600.0,power
HR,2025-09-16,2967200.0,power
HR,2025-09-17,4334800.0,power
HR,2025-09-18,4266900.0,power
HR,2025-09-19,4374300.0,power
HR,2025-09-20,4261800.0,power
HR,2025-09-21,4311400.0,power
HR,2025-09-22,4382000.0,power
HR,2025-09-23,5125000.0,power
HR,2025-09-24,5822700.0,power
HR,2025-09-25,6166700.0,power
HR,2025-09-26,6138900.0,power
HR,2025-09-27,6065900.0,power
HR,2025-09-28,5761300.0,power
HR,2025-09-29,5397600.0,power
HR,2025-09-30,4722200.0,power
HR,2025-10-01,4682400.0,power
HR,2025-10-02,5432600.0,power
HR,2025-10-03,6323900.0,power
HR,2025-10-04,6442600.0,power
HR,2025-10-05,6424300.0,power
HR,2025-10-06,6450700.0,power
HR,2025-10-07,6434400.0,power
HR,2025-10-08,6167200.0,power
HR,2025-10-09,6440900.0,power
HR,2025-10-10,6426400.0,power
HR,2025-10-11,6436000.0,power
HR,2025-10-12,6437100.0,power
HR,2025-10-13,6210900.0,power
HR,2025-10-14,6443500.0,power
HR,2025-10-15,6592200.0,power
HR,2025-10-16,6858700.0,power
HR,2025-10-17,8152000.0,power
HR,2025-10-18,6959599.999999999,power
HR,2025-10-19,6449599.999999999,power
HR,2025-10-20,6991500.0,power
HR,2025-10-21,7370900.000000001,power
HR,2025-10-22,7453200.0,power
HR,2025-10-23,7441700.0,power
HR,2025-10-24,7202900.0,power
HR,2025-10-25,7123700.0,power
HR,2025-10-26,7369500.0,power
HR,2025-10-27,7049500.0,power
HR,2025-10-28,7304100.0,power
HR,2025-10-29,6934600.0,power
HR,2025-10-30,6847500.0,power
HR,2025-10-31,6990300.0,power
HR,2025-11-01,7372700.0,power
HR,2025-11-02,7398200.0,power
HR,2025-11-03,7214200.0,power
HR,2025-11-04,8667300.0,power
HR,2025-11-05,10937200.0,power
HR,2025-11-06,10965600.0,power
HR,2025-11-07,11361100.0,power
HR,2025-11-08,10551700.0,power
HR,2025-11-09,9780400.0,power
HR,2025-11-10,10124100.0,power
HR,2025-11-11,10106100.0,power
HR,2025-11-12,12233100.0,power
HR,2025-11-13,13168900.0,power
HR,2025-11-14,9588000.0,power
HR,2025-11-15,8022200.0,power
HR,2025-11-16,7017400.0,power
HR,2025-11-17,7452500.0,power
HR,2025-11-18,8555400.0,power
HR,2025-11-19,8605900.0,power
HR,2025-11-20,7459100.0,power
HR,2025-11-21,7216700.0,power
HR,2025-11-22,6484700.0,power
HR,2025-11-23,7487000.0,power
HR,2025-11-24,6069600.0,power
HR,2025-11-25,5435500.0,power
HR,2025-11-26,7084200.0,power
HR,2025-11-27,7269800.0,power
HR,2025-11-28,7076200.0,power
HR,2025-11-29,7542700.0,power
HR,2025-11-30,6935000.0,power
HR,2025-12-01,7275600.0,power
HR,2025-12-02,6994400.0,power
HR,2025-12-03,7131800.0,power
HR,2025-12-04,7179900.0,power
HR,2025-12-05,7680700.0,power
HR,2025-12-06,8301799.999999999,power
HR,2025-12-07,8330299.999999999,power
HR,2025-12-08,8783800.0,power
HR,2025-12-09,9640800.0,power
HR,2025-12-10,9360200.0,power
HR,2025-12-11,9276600.0,power
HR,2025-12-12,9584000.0,power
HR,2025-12-13,9705100.0,power
HR,2025-12-14,8880300.0,power
HR,2025-12-15,9791000.0,power
HR,2025-12-16,8919800.0,power
HR,2025-12-17,9332500.0,power
HR,2025-12-18,10982800.0,power
HR,2025-12-19,12194300.0,power
HR,2025-12-20,11534600.0,power
HR,2025-12-21,11540700.0,power
HR,2025-12-22,12123900.0,power
HR,2025-12-23,12124000.0,power
HR,2025-12-24,10408100.0,power
HR,2025-12-25,10349000.0,power
HR,2025-12-26,11157200.0,power
HR,2025-12-27,11142200.0,power
HR,2025-12-28,11141700.0,power
HR,2025-12-29,12444500.0,power
HR,2025-12-30,12117300.0,power
HR,2025-12-31,12237400.0,power
HR,2026-01-01,10515200.0,power
HR,2026-01-02,10469800.0,power
HR,2026-01-03,10470000.0,power
HR,2026-01-04,10465400.0,power
HR,2026-01-05,6456900.0,power
