country,date,demand,type,source
AT,2016-01-01,1178.0,total,eurostat
BE,2016-01-01,2011.0,total,eurostat
BG,2016-01-01,408.0,total,eurostat
CY,2016-01-01,0.0,total,eurostat
CZ,2016-01-01,1211.0,total,eurostat
DE,2016-01-01,12853.0,total,eurostat
DK,2016-01-01,465.0,total,eurostat
EE,2016-01-01,97.0,total,eurostat
ES,2016-01-01,2709.0,total,eurostat
EU27_2020,2016-01-01,49373.0,total,eurostat
FI,2016-01-01,405.0,total,eurostat
FR,2016-01-01,5442.0,total,eurostat
GR,2016-01-01,408.0,total,eurostat
HR,2016-01-01,335.0,total,eurostat
HU,2016-01-01,1522.0,total,eurostat
IE,2016-01-01,439.0,total,eurostat
IT,2016-01-01,9132.0,total,eurostat
LT,2016-01-01,286.0,total,eurostat
LU,2016-01-01,97.0,total,eurostat
LV,2016-01-01,241.0,total,eurostat
MT,2016-01-01,0.0,total,eurostat
NL,2016-01-01,5055.0,total,eurostat
PL,2016-01-01,2285.0,total,eurostat
PT,2016-01-01,379.0,total,eurostat
RO,2016-01-01,1391.0,total,eurostat
SE,2016-01-01,157.0,total,eurostat
SI,2016-01-01,108.0,total,eurostat
SK,2016-01-01,759.0,total,eurostat
AT,2016-02-01,887.0,total,eurostat
BE,2016-02-01,1850.0,total,eurostat
BG,2016-02-01,304.0,total,eurostat
CY,2016-02-01,0.0,total,eurostat
CZ,2016-02-01,913.0,total,eurostat
DE,2016-02-01,9906.0,total,eurostat
DK,2016-02-01,355.0,total,eurostat
EE,2016-02-01,61.0,total,eurostat
ES,2016-02-01,2594.0,total,eurostat
EU27_2020,2016-02-01,40623.0,total,eurostat
FI,2016-02-01,273.0,total,eurostat
FR,2016-02-01,4902.0,total,eurostat
GR,2016-02-01,270.0,total,eurostat
HR,2016-02-01,256.0,total,eurostat
HU,2016-02-01,1071.0,total,eurostat
IE,2016-02-01,463.0,total,eurostat
IT,2016-02-01,7514.0,total,eurostat
LT,2016-02-01,199.0,total,eurostat
LU,2016-02-01,89.0,total,eurostat
LV,2016-02-01,129.0,total,eurostat
MT,2016-02-01,0.0,total,eurostat
NL,2016-02-01,4560.0,total,eurostat
PL,2016-02-01,1850.0,total,eurostat
PT,2016-02-01,331.0,total,eurostat
RO,2016-02-01,1112.0,total,eurostat
SE,2016-02-01,118.0,total,eurostat
SI,2016-02-01,88.0,total,eurostat
SK,2016-02-01,528.0,total,eurostat
AT,2016-03-01,874.0,total,eurostat
BE,2016-03-01,1846.0,total,eurostat
BG,2016-03-01,296.0,total,eurostat
CY,2016-03-01,0.0,total,eurostat
CZ,2016-03-01,917.0,total,eurostat
DE,2016-03-01,9472.0,total,eurostat
DK,2016-03-01,344.0,total,eurostat
EE,2016-03-01,59.0,total,eurostat
ES,2016-03-01,2606.0,total,eurostat
EU27_2020,2016-03-01,37129.0,total,eurostat
FI,2016-03-01,257.0,total,eurostat
FR,2016-03-01,4923.0,total,eurostat
GR,2016-03-01,286.0,total,eurostat
HR,2016-03-01,270.0,total,eurostat
HU,2016-03-01,1003.0,total,eurostat
IE,2016-03-01,450.0,total,eurostat
IT,2016-03-01,7026.0,total,eurostat
LT,2016-03-01,221.0,total,eurostat
LU,2016-03-01,90.0,total,eurostat
LV,2016-03-01,137.0,total,eurostat
MT,2016-03-01,0.0,total,eurostat
NL,2016-03-01,2038.0,total,eurostat
PL,2016-03-01,1899.0,total,eurostat
PT,2016-03-01,367.0,total,eurostat
RO,2016-03-01,1059.0,total,eurostat
SE,2016-03-01,95.0,total,eurostat
SI,2016-03-01,87.0,total,eurostat
SK,2016-03-01,507.0,total,eurostat
AT,2016-04-01,654.0,total,eurostat
BE,2016-04-01,1377.0,total,eurostat
BG,2016-04-01,231.0,total,eurostat
CY,2016-04-01,0.0,total,eurostat
CZ,2016-04-01,625.0,total,eurostat
DE,2016-04-01,5865.0,total,eurostat
DK,2016-04-01,272.0,total,eurostat
EE,2016-04-01,41.0,total,eurostat
ES,2016-04-01,2244.0,total,eurostat
EU27_2020,2016-04-01,27435.0,total,eurostat
FI,2016-04-01,179.0,total,eurostat
FR,2016-04-01,3373.0,total,eurostat
GR,2016-04-01,252.0,total,eurostat
HR,2016-04-01,189.0,total,eurostat
HU,2016-04-01,595.0,total,eurostat
IE,2016-04-01,451.0,total,eurostat
IT,2016-04-01,4410.0,total,eurostat
LT,2016-04-01,168.0,total,eurostat
LU,2016-04-01,70.0,total,eurostat
LV,2016-04-01,90.0,total,eurostat
MT,2016-04-01,0.0,total,eurostat
NL,2016-04-01,3325.0,total,eurostat
PL,2016-04-01,1536.0,total,eurostat
PT,2016-04-01,331.0,total,eurostat
RO,2016-04-01,763.0,total,eurostat
SE,2016-04-01,54.0,total,eurostat
SI,2016-04-01,61.0,total,eurostat
SK,2016-04-01,279.0,total,eurostat
AT,2016-05-01,505.0,total,eurostat
BE,2016-05-01,951.0,total,eurostat
BG,2016-05-01,230.0,total,eurostat
CY,2016-05-01,0.0,total,eurostat
CZ,2016-05-01,432.0,total,eurostat
DE,2016-05-01,5339.0,total,eurostat
DK,2016-05-01,175.0,total,eurostat
EE,2016-05-01,22.0,total,eurostat
ES,2016-05-01,2058.0,total,eurostat
EU27_2020,2016-05-01,22559.0,total,eurostat
FI,2016-05-01,132.0,total,eurostat
FR,2016-05-01,2206.0,total,eurostat
GR,2016-05-01,249.0,total,eurostat
HR,2016-05-01,169.0,total,eurostat
HU,2016-05-01,484.0,total,eurostat
IE,2016-05-01,405.0,total,eurostat
IT,2016-05-01,4175.0,total,eurostat
LT,2016-05-01,161.0,total,eurostat
LU,2016-05-01,53.0,total,eurostat
LV,2016-05-01,58.0,total,eurostat
MT,2016-05-01,0.0,total,eurostat
NL,2016-05-01,2336.0,total,eurostat
PL,2016-05-01,1272.0,total,eurostat
PT,2016-05-01,343.0,total,eurostat
RO,2016-05-01,649.0,total,eurostat
SE,2016-05-01,44.0,total,eurostat
SI,2016-05-01,54.0,total,eurostat
SK,2016-05-01,57.0,total,eurostat
AT,2016-06-01,374.0,total,eurostat
BE,2016-06-01,862.0,total,eurostat
BG,2016-06-01,200.0,total,eurostat
CY,2016-06-01,0.0,total,eurostat
CZ,2016-06-01,333.0,total,eurostat
DE,2016-06-01,4037.0,total,eurostat
DK,2016-06-01,159.0,total,eurostat
EE,2016-06-01,18.0,total,eurostat
ES,2016-06-01,1966.0,total,eurostat
EU27_2020,2016-06-01,19530.0,total,eurostat
FI,2016-06-01,133.0,total,eurostat
FR,2016-06-01,1774.0,total,eurostat
GR,2016-06-01,337.0,total,eurostat
HR,2016-06-01,132.0,total,eurostat
HU,2016-06-01,382.0,total,eurostat
IE,2016-06-01,347.0,total,eurostat
IT,2016-06-01,3716.0,total,eurostat
LT,2016-06-01,125.0,total,eurostat
LU,2016-06-01,44.0,total,eurostat
LV,2016-06-01,63.0,total,eurostat
MT,2016-06-01,0.0,total,eurostat
NL,2016-06-01,2178.0,total,eurostat
PL,2016-06-01,1058.0,total,eurostat
PT,2016-06-01,414.0,total,eurostat
RO,2016-06-01,572.0,total,eurostat
SE,2016-06-01,38.0,total,eurostat
SI,2016-06-01,47.0,total,eurostat
SK,2016-06-01,221.0,total,eurostat
AT,2016-07-01,381.0,total,eurostat
BE,2016-07-01,791.0,total,eurostat
BG,2016-07-01,163.0,total,eurostat
CY,2016-07-01,0.0,total,eurostat
CZ,2016-07-01,315.0,total,eurostat
DE,2016-07-01,4389.0,total,eurostat
DK,2016-07-01,135.0,total,eurostat
EE,2016-07-01,17.0,total,eurostat
ES,2016-07-01,2105.0,total,eurostat
EU27_2020,2016-07-01,20374.0,total,eurostat
FI,2016-07-01,129.0,total,eurostat
FR,2016-07-01,1701.0,total,eurostat
GR,2016-07-01,337.0,total,eurostat
HR,2016-07-01,98.0,total,eurostat
HU,2016-07-01,388.0,total,eurostat
IE,2016-07-01,361.0,total,eurostat
IT,2016-07-01,4191.0,total,eurostat
LT,2016-07-01,95.0,total,eurostat
LU,2016-07-01,40.0,total,eurostat
LV,2016-07-01,58.0,total,eurostat
MT,2016-07-01,0.0,total,eurostat
NL,2016-07-01,2209.0,total,eurostat
PL,2016-07-01,1093.0,total,eurostat
PT,2016-07-01,482.0,total,eurostat
RO,2016-07-01,602.0,total,eurostat
SE,2016-07-01,36.0,total,eurostat
SI,2016-07-01,46.0,total,eurostat
SK,2016-07-01,212.0,total,eurostat
AT,2016-08-01,369.0,total,eurostat
BE,2016-08-01,859.0,total,eurostat
BG,2016-08-01,167.0,total,eurostat
CY,2016-08-01,0.0,total,eurostat
CZ,2016-08-01,339.0,total,eurostat
DE,2016-08-01,4395.0,total,eurostat
DK,2016-08-01,151.0,total,eurostat
EE,2016-08-01,17.0,total,eurostat
ES,2016-08-01,1902.0,total,eurostat
EU27_2020,2016-08-01,19733.0,total,eurostat
FI,2016-08-01,138.0,total,eurostat
FR,2016-08-01,1568.0,total,eurostat
GR,2016-08-01,298.0,total,eurostat
HR,2016-08-01,148.0,total,eurostat
HU,2016-08-01,388.0,total,eurostat
IE,2016-08-01,370.0,total,eurostat
IT,2016-08-01,3559.0,total,eurostat
LT,2016-08-01,101.0,total,eurostat
LU,2016-08-01,35.0,total,eurostat
LV,2016-08-01,55.0,total,eurostat
MT,2016-08-01,0.0,total,eurostat
NL,2016-08-01,2287.0,total,eurostat
PL,2016-08-01,1159.0,total,eurostat
PT,2016-08-01,448.0,total,eurostat
RO,2016-08-01,640.0,total,eurostat
SE,2016-08-01,43.0,total,eurostat
SI,2016-08-01,46.0,total,eurostat
SK,2016-08-01,251.0,total,eurostat
AT,2016-09-01,501.0,total,eurostat
BE,2016-09-01,910.0,total,eurostat
BG,2016-09-01,198.0,total,eurostat
CY,2016-09-01,0.0,total,eurostat
CZ,2016-09-01,418.0,total,eurostat
DE,2016-09-01,4365.0,total,eurostat
DK,2016-09-01,148.0,total,eurostat
EE,2016-09-01,20.0,total,eurostat
ES,2016-09-01,2068.0,total,eurostat
EU27_2020,2016-09-01,22365.0,total,eurostat
FI,2016-09-01,130.0,total,eurostat
FR,2016-09-01,2046.0,total,eurostat
GR,2016-09-01,311.0,total,eurostat
HR,2016-09-01,165.0,total,eurostat
HU,2016-09-01,429.0,total,eurostat
IE,2016-09-01,423.0,total,eurostat
IT,2016-09-01,4655.0,total,eurostat
LT,2016-09-01,119.0,total,eurostat
LU,2016-09-01,42.0,total,eurostat
LV,2016-09-01,57.0,total,eurostat
MT,2016-09-01,0.0,total,eurostat
NL,2016-09-01,2398.0,total,eurostat
PL,2016-09-01,1182.0,total,eurostat
PT,2016-09-01,519.0,total,eurostat
RO,2016-09-01,786.0,total,eurostat
SE,2016-09-01,52.0,total,eurostat
SI,2016-09-01,49.0,total,eurostat
SK,2016-09-01,374.0,total,eurostat
AT,2016-10-01,805.0,total,eurostat
BE,2016-10-01,1538.0,total,eurostat
BG,2016-10-01,273.0,total,eurostat
CY,2016-10-01,0.0,total,eurostat
CZ,2016-10-01,791.0,total,eurostat
DE,2016-10-01,7189.0,total,eurostat
DK,2016-10-01,267.0,total,eurostat
EE,2016-10-01,46.0,total,eurostat
ES,2016-10-01,2407.0,total,eurostat
EU27_2020,2016-10-01,32328.0,total,eurostat
FI,2016-10-01,160.0,total,eurostat
FR,2016-10-01,3605.0,total,eurostat
GR,2016-10-01,374.0,total,eurostat
HR,2016-10-01,271.0,total,eurostat
HU,2016-10-01,840.0,total,eurostat
IE,2016-10-01,426.0,total,eurostat
IT,2016-10-01,5635.0,total,eurostat
LT,2016-10-01,212.0,total,eurostat
LU,2016-10-01,66.0,total,eurostat
LV,2016-10-01,139.0,total,eurostat
MT,2016-10-01,0.0,total,eurostat
NL,2016-10-01,3549.0,total,eurostat
PL,2016-10-01,1650.0,total,eurostat
PT,2016-10-01,519.0,total,eurostat
RO,2016-10-01,1046.0,total,eurostat
SE,2016-10-01,64.0,total,eurostat
SI,2016-10-01,73.0,total,eurostat
SK,2016-10-01,383.0,total,eurostat
AT,2016-11-01,1008.0,total,eurostat
BE,2016-11-01,1887.0,total,eurostat
BG,2016-11-01,334.0,total,eurostat
CY,2016-11-01,0.0,total,eurostat
CZ,2016-11-01,999.0,total,eurostat
DE,2016-11-01,10116.0,total,eurostat
DK,2016-11-01,390.0,total,eurostat
EE,2016-11-01,59.0,total,eurostat
ES,2016-11-01,2890.0,total,eurostat
EU27_2020,2016-11-01,42086.0,total,eurostat
FI,2016-11-01,276.0,total,eurostat
FR,2016-11-01,5043.0,total,eurostat
GR,2016-11-01,386.0,total,eurostat
HR,2016-11-01,301.0,total,eurostat
HU,2016-11-01,1130.0,total,eurostat
IE,2016-11-01,489.0,total,eurostat
IT,2016-11-01,7463.0,total,eurostat
LT,2016-11-01,89.0,total,eurostat
LU,2016-11-01,84.0,total,eurostat
LV,2016-11-01,183.0,total,eurostat
MT,2016-11-01,0.0,total,eurostat
NL,2016-11-01,4535.0,total,eurostat
PL,2016-11-01,1923.0,total,eurostat
PT,2016-11-01,502.0,total,eurostat
RO,2016-11-01,1302.0,total,eurostat
SE,2016-11-01,106.0,total,eurostat
SI,2016-11-01,89.0,total,eurostat
SK,2016-11-01,502.0,total,eurostat
AT,2016-12-01,1210.0,total,eurostat
BE,2016-12-01,2137.0,total,eurostat
BG,2016-12-01,405.0,total,eurostat
CY,2016-12-01,0.0,total,eurostat
CZ,2016-12-01,1198.0,total,eurostat
DE,2016-12-01,11207.0,total,eurostat
DK,2016-12-01,362.0,total,eurostat
EE,2016-12-01,61.0,total,eurostat
ES,2016-12-01,3009.0,total,eurostat
EU27_2020,2016-12-01,48929.0,total,eurostat
FI,2016-12-01,278.0,total,eurostat
FR,2016-12-01,6116.0,total,eurostat
GR,2016-12-01,553.0,total,eurostat
HR,2016-12-01,388.0,total,eurostat
HU,2016-12-01,1485.0,total,eurostat
IE,2016-12-01,453.0,total,eurostat
IT,2016-12-01,9438.0,total,eurostat
LT,2016-12-01,259.0,total,eurostat
LU,2016-12-01,95.0,total,eurostat
LV,2016-12-01,162.0,total,eurostat
MT,2016-12-01,0.0,total,eurostat
NL,2016-12-01,5032.0,total,eurostat
PL,2016-12-01,2201.0,total,eurostat
PT,2016-12-01,509.0,total,eurostat
RO,2016-12-01,1492.0,total,eurostat
SE,2016-12-01,111.0,total,eurostat
SI,2016-12-01,110.0,total,eurostat
SK,2016-12-01,658.0,total,eurostat
AT,2017-01-01,1574.0,total,eurostat
BE,2017-01-01,2518.2,total,eurostat
BG,2017-01-01,469.0,total,eurostat
CY,2017-01-01,0.0,total,eurostat
CZ,2017-01-01,1480.0,total,eurostat
DE,2017-01-01,13392.0,total,eurostat
DK,2017-01-01,431.0,total,eurostat
EE,2017-01-01,70.0,total,eurostat
ES,2017-01-01,3422.0,total,eurostat
EU27_2020,2017-01-01,57741.2,total,eurostat
FI,2017-01-01,316.0,total,eurostat
FR,2017-01-01,7061.0,total,eurostat
GR,2017-01-01,637.0,total,eurostat
HR,2017-01-01,460.0,total,eurostat
HU,2017-01-01,1897.0,total,eurostat
IE,2017-01-01,503.0,total,eurostat
IT,2017-01-01,11141.0,total,eurostat
LT,2017-01-01,274.0,total,eurostat
LU,2017-01-01,115.0,total,eurostat
LV,2017-01-01,199.0,total,eurostat
MT,2017-01-01,3.0,total,eurostat
NL,2017-01-01,5929.0,total,eurostat
PL,2017-01-01,2512.0,total,eurostat
PT,2017-01-01,511.0,total,eurostat
RO,2017-01-01,1754.0,total,eurostat
SE,2017-01-01,92.0,total,eurostat
SI,2017-01-01,135.0,total,eurostat
SK,2017-01-01,846.0,total,eurostat
AT,2017-02-01,1093.0,total,eurostat
BE,2017-02-01,1859.1,total,eurostat
BG,2017-02-01,363.0,total,eurostat
CY,2017-02-01,0.0,total,eurostat
CZ,2017-02-01,1039.0,total,eurostat
DE,2017-02-01,9227.0,total,eurostat
DK,2017-02-01,378.0,total,eurostat
EE,2017-02-01,64.0,total,eurostat
ES,2017-02-01,2603.0,total,eurostat
EU27_2020,2017-02-01,42015.1,total,eurostat
FI,2017-02-01,281.0,total,eurostat
FR,2017-02-01,4845.0,total,eurostat
GR,2017-02-01,436.0,total,eurostat
HR,2017-02-01,318.0,total,eurostat
HU,2017-02-01,1234.0,total,eurostat
IE,2017-02-01,418.0,total,eurostat
IT,2017-02-01,8078.0,total,eurostat
LT,2017-02-01,243.0,total,eurostat
LU,2017-02-01,84.0,total,eurostat
LV,2017-02-01,176.0,total,eurostat
MT,2017-02-01,9.0,total,eurostat
NL,2017-02-01,4536.0,total,eurostat
PL,2017-02-01,2075.0,total,eurostat
PT,2017-02-01,488.0,total,eurostat
RO,2017-02-01,1394.0,total,eurostat
SE,2017-02-01,83.0,total,eurostat
SI,2017-02-01,97.0,total,eurostat
SK,2017-02-01,594.0,total,eurostat
AT,2017-03-01,861.0,total,eurostat
BE,2017-03-01,1638.9,total,eurostat
BG,2017-03-01,315.0,total,eurostat
CY,2017-03-01,0.0,total,eurostat
CZ,2017-03-01,827.0,total,eurostat
DE,2017-03-01,8176.0,total,eurostat
DK,2017-03-01,346.0,total,eurostat
EE,2017-03-01,58.0,total,eurostat
ES,2017-03-01,2602.0,total,eurostat
EU27_2020,2017-03-01,36573.9,total,eurostat
FI,2017-03-01,244.0,total,eurostat
FR,2017-03-01,4208.0,total,eurostat
GR,2017-03-01,328.0,total,eurostat
HR,2017-03-01,248.0,total,eurostat
HU,2017-03-01,895.0,total,eurostat
IE,2017-03-01,460.0,total,eurostat
IT,2017-03-01,6491.0,total,eurostat
LT,2017-03-01,219.0,total,eurostat
LU,2017-03-01,76.0,total,eurostat
LV,2017-03-01,128.0,total,eurostat
MT,2017-03-01,10.0,total,eurostat
NL,2017-03-01,3976.0,total,eurostat
PL,2017-03-01,1896.0,total,eurostat
PT,2017-03-01,497.0,total,eurostat
RO,2017-03-01,1113.0,total,eurostat
SE,2017-03-01,410.0,total,eurostat
SI,2017-03-01,83.0,total,eurostat
SK,2017-03-01,468.0,total,eurostat
AT,2017-04-01,708.0,total,eurostat
BE,2017-04-01,1477.6,total,eurostat
BG,2017-04-01,261.0,total,eurostat
CY,2017-04-01,0.0,total,eurostat
CZ,2017-04-01,701.0,total,eurostat
DE,2017-04-01,7677.0,total,eurostat
DK,2017-04-01,268.0,total,eurostat
EE,2017-04-01,44.0,total,eurostat
ES,2017-04-01,2110.0,total,eurostat
EU27_2020,2017-04-01,30512.6,total,eurostat
FI,2017-04-01,185.0,total,eurostat
FR,2017-04-01,3114.0,total,eurostat
GR,2017-04-01,286.0,total,eurostat
HR,2017-04-01,208.0,total,eurostat
HU,2017-04-01,756.0,total,eurostat
IE,2017-04-01,447.0,total,eurostat
IT,2017-04-01,4835.0,total,eurostat
LT,2017-04-01,217.0,total,eurostat
LU,2017-04-01,63.0,total,eurostat
LV,2017-04-01,104.0,total,eurostat
MT,2017-04-01,19.0,total,eurostat
NL,2017-04-01,3469.0,total,eurostat
PL,2017-04-01,1708.0,total,eurostat
PT,2017-04-01,465.0,total,eurostat
RO,2017-04-01,886.0,total,eurostat
SE,2017-04-01,52.0,total,eurostat
SI,2017-04-01,65.0,total,eurostat
SK,2017-04-01,387.0,total,eurostat
AT,2017-05-01,496.0,total,eurostat
BE,2017-05-01,1119.0,total,eurostat
BG,2017-05-01,220.0,total,eurostat
CY,2017-05-01,0.0,total,eurostat
CZ,2017-05-01,443.0,total,eurostat
DE,2017-05-01,6099.0,total,eurostat
DK,2017-05-01,190.0,total,eurostat
EE,2017-05-01,29.0,total,eurostat
ES,2017-05-01,2081.0,total,eurostat
EU27_2020,2017-05-01,24884.0,total,eurostat
FI,2017-05-01,148.0,total,eurostat
FR,2017-05-01,2268.0,total,eurostat
GR,2017-05-01,317.0,total,eurostat
HR,2017-05-01,178.0,total,eurostat
HU,2017-05-01,492.0,total,eurostat
IE,2017-05-01,400.0,total,eurostat
IT,2017-05-01,4510.0,total,eurostat
LT,2017-05-01,146.0,total,eurostat
LU,2017-05-01,48.0,total,eurostat
LV,2017-05-01,60.0,total,eurostat
MT,2017-05-01,21.0,total,eurostat
NL,2017-05-01,2730.0,total,eurostat
PL,2017-05-01,1348.0,total,eurostat
PT,2017-05-01,493.0,total,eurostat
RO,2017-05-01,692.0,total,eurostat
SE,2017-05-01,48.0,total,eurostat
SI,2017-05-01,54.0,total,eurostat
SK,2017-05-01,254.0,total,eurostat
AT,2017-06-01,450.0,total,eurostat
BE,2017-06-01,896.3,total,eurostat
BG,2017-06-01,213.0,total,eurostat
CY,2017-06-01,0.0,total,eurostat
CZ,2017-06-01,360.0,total,eurostat
DE,2017-06-01,4917.0,total,eurostat
DK,2017-06-01,155.0,total,eurostat
EE,2017-06-01,17.0,total,eurostat
ES,2017-06-01,2220.0,total,eurostat
EU27_2020,2017-06-01,21951.3,total,eurostat
FI,2017-06-01,128.0,total,eurostat
FR,2017-06-01,1640.0,total,eurostat
GR,2017-06-01,393.0,total,eurostat
HR,2017-06-01,159.0,total,eurostat
HU,2017-06-01,432.0,total,eurostat
IE,2017-06-01,388.0,total,eurostat
IT,2017-06-01,4358.0,total,eurostat
LT,2017-06-01,120.0,total,eurostat
LU,2017-06-01,40.0,total,eurostat
LV,2017-06-01,52.0,total,eurostat
MT,2017-06-01,30.0,total,eurostat
NL,2017-06-01,2258.0,total,eurostat
PL,2017-06-01,1143.0,total,eurostat
PT,2017-06-01,546.0,total,eurostat
RO,2017-06-01,751.0,total,eurostat
SE,2017-06-01,41.0,total,eurostat
SI,2017-06-01,48.0,total,eurostat
SK,2017-06-01,196.0,total,eurostat
AT,2017-07-01,432.0,total,eurostat
BE,2017-07-01,888.4,total,eurostat
BG,2017-07-01,177.0,total,eurostat
CY,2017-07-01,0.0,total,eurostat
CZ,2017-07-01,355.0,total,eurostat
DE,2017-07-01,5434.0,total,eurostat
DK,2017-07-01,137.0,total,eurostat
EE,2017-07-01,18.0,total,eurostat
ES,2017-07-01,2380.0,total,eurostat
EU27_2020,2017-07-01,23142.4,total,eurostat
FI,2017-07-01,128.0,total,eurostat
FR,2017-07-01,1712.0,total,eurostat
GR,2017-07-01,406.0,total,eurostat
HR,2017-07-01,193.0,total,eurostat
HU,2017-07-01,435.0,total,eurostat
IE,2017-07-01,422.0,total,eurostat
IT,2017-07-01,4565.0,total,eurostat
LT,2017-07-01,122.0,total,eurostat
LU,2017-07-01,40.0,total,eurostat
LV,2017-07-01,49.0,total,eurostat
MT,2017-07-01,35.0,total,eurostat
NL,2017-07-01,2454.0,total,eurostat
PL,2017-07-01,1212.0,total,eurostat
PT,2017-07-01,599.0,total,eurostat
RO,2017-07-01,661.0,total,eurostat
SE,2017-07-01,36.0,total,eurostat
SI,2017-07-01,48.0,total,eurostat
SK,2017-07-01,204.0,total,eurostat
AT,2017-08-01,457.0,total,eurostat
BE,2017-08-01,880.9,total,eurostat
BG,2017-08-01,167.0,total,eurostat
CY,2017-08-01,0.0,total,eurostat
CZ,2017-08-01,701.0,total,eurostat
DE,2017-08-01,4565.0,total,eurostat
DK,2017-08-01,156.0,total,eurostat
EE,2017-08-01,19.0,total,eurostat
ES,2017-08-01,2198.0,total,eurostat
EU27_2020,2017-08-01,21633.9,total,eurostat
FI,2017-08-01,143.0,total,eurostat
FR,2017-08-01,1543.0,total,eurostat
GR,2017-08-01,423.0,total,eurostat
HR,2017-08-01,195.0,total,eurostat
HU,2017-08-01,443.0,total,eurostat
IE,2017-08-01,418.0,total,eurostat
IT,2017-08-01,3972.0,total,eurostat
LT,2017-08-01,128.0,total,eurostat
LU,2017-08-01,35.0,total,eurostat
LV,2017-08-01,52.0,total,eurostat
MT,2017-08-01,36.0,total,eurostat
NL,2017-08-01,2308.0,total,eurostat
PL,2017-08-01,1203.0,total,eurostat
PT,2017-08-01,600.0,total,eurostat
RO,2017-08-01,691.0,total,eurostat
SE,2017-08-01,46.0,total,eurostat
SI,2017-08-01,48.0,total,eurostat
SK,2017-08-01,206.0,total,eurostat
AT,2017-09-01,560.0,total,eurostat
BE,2017-09-01,1044.3,total,eurostat
BG,2017-09-01,186.0,total,eurostat
CY,2017-09-01,0.0,total,eurostat
CZ,2017-09-01,476.0,total,eurostat
DE,2017-09-01,5632.0,total,eurostat
DK,2017-09-01,183.0,total,eurostat
EE,2017-09-01,23.0,total,eurostat
ES,2017-09-01,2287.0,total,eurostat
EU27_2020,2017-09-01,24607.3,total,eurostat
FI,2017-09-01,142.0,total,eurostat
FR,2017-09-01,2220.0,total,eurostat
GR,2017-09-01,372.0,total,eurostat
HR,2017-09-01,200.0,total,eurostat
HU,2017-09-01,520.0,total,eurostat
IE,2017-09-01,397.0,total,eurostat
IT,2017-09-01,4327.0,total,eurostat
LT,2017-09-01,161.0,total,eurostat
LU,2017-09-01,49.0,total,eurostat
LV,2017-09-01,57.0,total,eurostat
MT,2017-09-01,42.0,total,eurostat
NL,2017-09-01,2799.0,total,eurostat
PL,2017-09-01,1322.0,total,eurostat
PT,2017-09-01,541.0,total,eurostat
RO,2017-09-01,712.0,total,eurostat
SE,2017-09-01,48.0,total,eurostat
SI,2017-09-01,57.0,total,eurostat
SK,2017-09-01,250.0,total,eurostat
AT,2017-10-01,739.0,total,eurostat
BE,2017-10-01,1366.6,total,eurostat
BG,2017-10-01,248.0,total,eurostat
CY,2017-10-01,0.0,total,eurostat
CZ,2017-10-01,667.0,total,eurostat
DE,2017-10-01,6691.0,total,eurostat
DK,2017-10-01,217.0,total,eurostat
EE,2017-10-01,44.0,total,eurostat
ES,2017-10-01,2542.0,total,eurostat
EU27_2020,2017-10-01,30286.6,total,eurostat
FI,2017-10-01,166.0,total,eurostat
FR,2017-10-01,3160.0,total,eurostat
GR,2017-10-01,362.0,total,eurostat
HR,2017-10-01,269.0,total,eurostat
HU,2017-10-01,802.0,total,eurostat
IE,2017-10-01,423.0,total,eurostat
IT,2017-10-01,5237.0,total,eurostat
LT,2017-10-01,206.0,total,eurostat
LU,2017-10-01,60.0,total,eurostat
LV,2017-10-01,106.0,total,eurostat
MT,2017-10-01,35.0,total,eurostat
NL,2017-10-01,3247.0,total,eurostat
PL,2017-10-01,1723.0,total,eurostat
PT,2017-10-01,494.0,total,eurostat
RO,2017-10-01,954.0,total,eurostat
SE,2017-10-01,63.0,total,eurostat
SI,2017-10-01,71.0,total,eurostat
SK,2017-10-01,394.0,total,eurostat
AT,2017-11-01,1006.0,total,eurostat
BE,2017-11-01,1903.0,total,eurostat
BG,2017-11-01,330.0,total,eurostat
CY,2017-11-01,0.0,total,eurostat
CZ,2017-11-01,959.0,total,eurostat
DE,2017-11-01,10035.0,total,eurostat
DK,2017-11-01,301.0,total,eurostat
EE,2017-11-01,50.0,total,eurostat
ES,2017-11-01,3242.0,total,eurostat
EU27_2020,2017-11-01,42839.0,total,eurostat
FI,2017-11-01,185.0,total,eurostat
FR,2017-11-01,5132.0,total,eurostat
GR,2017-11-01,473.0,total,eurostat
HR,2017-11-01,324.0,total,eurostat
HU,2017-11-01,1167.0,total,eurostat
IE,2017-11-01,495.0,total,eurostat
IT,2017-11-01,7930.0,total,eurostat
LT,2017-11-01,221.0,total,eurostat
LU,2017-11-01,82.0,total,eurostat
LV,2017-11-01,177.0,total,eurostat
MT,2017-11-01,19.0,total,eurostat
NL,2017-11-01,4384.0,total,eurostat
PL,2017-11-01,1993.0,total,eurostat
PT,2017-11-01,496.0,total,eurostat
RO,2017-11-01,1235.0,total,eurostat
SE,2017-11-01,80.0,total,eurostat
SI,2017-11-01,91.0,total,eurostat
SK,2017-11-01,529.0,total,eurostat
AT,2017-12-01,1118.0,total,eurostat
BE,2017-12-01,2195.6,total,eurostat
BG,2017-12-01,365.0,total,eurostat
CY,2017-12-01,0.0,total,eurostat
CZ,2017-12-01,1084.0,total,eurostat
DE,2017-12-01,10628.0,total,eurostat
DK,2017-12-01,333.0,total,eurostat
EE,2017-12-01,57.0,total,eurostat
ES,2017-12-01,3320.0,total,eurostat
EU27_2020,2017-12-01,48467.6,total,eurostat
FI,2017-12-01,248.0,total,eurostat
FR,2017-12-01,5971.0,total,eurostat
GR,2017-12-01,489.0,total,eurostat
HR,2017-12-01,343.0,total,eurostat
HU,2017-12-01,1377.0,total,eurostat
IE,2017-12-01,480.0,total,eurostat
IT,2017-12-01,9706.0,total,eurostat
LT,2017-12-01,249.0,total,eurostat
LU,2017-12-01,93.0,total,eurostat
LV,2017-12-01,140.0,total,eurostat
MT,2017-12-01,27.0,total,eurostat
NL,2017-12-01,5238.0,total,eurostat
PL,2017-12-01,2246.0,total,eurostat
PT,2017-12-01,476.0,total,eurostat
RO,2017-12-01,1446.0,total,eurostat
SE,2017-12-01,89.0,total,eurostat
SI,2017-12-01,105.0,total,eurostat
SK,2017-12-01,644.0,total,eurostat
AT,2018-01-01,1101.0,total,eurostat
BE,2018-01-01,2063.0,total,eurostat
BG,2018-01-01,391.0,total,eurostat
CY,2018-01-01,0.0,total,eurostat
CZ,2018-01-01,1088.0,total,eurostat
DE,2018-01-01,10138.0,total,eurostat
DK,2018-01-01,400.0,total,eurostat
EE,2018-01-01,67.0,total,eurostat
ES,2018-01-01,3135.0,total,eurostat
EU27_2020,2018-01-01,46011.0,total,eurostat
FI,2018-01-01,293.0,total,eurostat
FR,2018-01-01,5137.0,total,eurostat
GR,2018-01-01,494.0,total,eurostat
HR,2018-01-01,342.0,total,eurostat
HU,2018-01-01,1370.0,total,eurostat
IE,2018-01-01,468.0,total,eurostat
IT,2018-01-01,8824.0,total,eurostat
LT,2018-01-01,260.0,total,eurostat
LU,2018-01-01,93.0,total,eurostat
LV,2018-01-01,177.0,total,eurostat
MT,2018-01-01,21.0,total,eurostat
NL,2018-01-01,5076.0,total,eurostat
PL,2018-01-01,2362.0,total,eurostat
PT,2018-01-01,567.0,total,eurostat
RO,2018-01-01,1295.0,total,eurostat
SE,2018-01-01,105.0,total,eurostat
SI,2018-01-01,102.0,total,eurostat
SK,2018-01-01,642.0,total,eurostat
AT,2018-02-01,1182.0,total,eurostat
BE,2018-02-01,2260.4,total,eurostat
BG,2018-02-01,354.0,total,eurostat
CY,2018-02-01,0.0,total,eurostat
CZ,2018-02-01,1158.0,total,eurostat
DE,2018-02-01,11431.0,total,eurostat
DK,2018-02-01,404.0,total,eurostat
EE,2018-02-01,73.0,total,eurostat
ES,2018-02-01,3066.0,total,eurostat
EU27_2020,2018-02-01,49467.4,total,eurostat
FI,2018-02-01,339.0,total,eurostat
FR,2018-02-01,6080.0,total,eurostat
GR,2018-02-01,425.0,total,eurostat
HR,2018-02-01,358.0,total,eurostat
HU,2018-02-01,1401.0,total,eurostat
IE,2018-02-01,454.0,total,eurostat
IT,2018-02-01,8978.0,total,eurostat
LT,2018-02-01,249.0,total,eurostat
LU,2018-02-01,101.0,total,eurostat
LV,2018-02-01,205.0,total,eurostat
MT,2018-02-01,28.0,total,eurostat
NL,2018-02-01,5388.0,total,eurostat
PL,2018-02-01,2323.0,total,eurostat
PT,2018-02-01,468.0,total,eurostat
RO,2018-02-01,1833.0,total,eurostat
SE,2018-02-01,141.0,total,eurostat
SI,2018-02-01,110.0,total,eurostat
SK,2018-02-01,658.0,total,eurostat
AT,2018-03-01,1094.0,total,eurostat
BE,2018-03-01,2060.8,total,eurostat
BG,2018-03-01,333.0,total,eurostat
CY,2018-03-01,0.0,total,eurostat
CZ,2018-03-01,1109.0,total,eurostat
DE,2018-03-01,10405.0,total,eurostat
DK,2018-03-01,412.0,total,eurostat
EE,2018-03-01,72.0,total,eurostat
ES,2018-03-01,2799.0,total,eurostat
EU27_2020,2018-03-01,45008.8,total,eurostat
FI,2018-03-01,342.0,total,eurostat
FR,2018-03-01,5118.0,total,eurostat
GR,2018-03-01,339.0,total,eurostat
HR,2018-03-01,321.0,total,eurostat
HU,2018-03-01,1304.0,total,eurostat
IE,2018-03-01,502.0,total,eurostat
IT,2018-03-01,8254.0,total,eurostat
LT,2018-03-01,258.0,total,eurostat
LU,2018-03-01,95.0,total,eurostat
LV,2018-03-01,185.0,total,eurostat
MT,2018-03-01,19.0,total,eurostat
NL,2018-03-01,4909.0,total,eurostat
PL,2018-03-01,2360.0,total,eurostat
PT,2018-03-01,388.0,total,eurostat
RO,2018-03-01,1476.0,total,eurostat
SE,2018-03-01,117.0,total,eurostat
SI,2018-03-01,106.0,total,eurostat
SK,2018-03-01,631.0,total,eurostat
AT,2018-04-01,536.0,total,eurostat
BE,2018-04-01,1213.5,total,eurostat
BG,2018-04-01,201.0,total,eurostat
CY,2018-04-01,0.0,total,eurostat
CZ,2018-04-01,467.0,total,eurostat
DE,2018-04-01,6032.0,total,eurostat
DK,2018-04-01,225.0,total,eurostat
EE,2018-04-01,37.0,total,eurostat
ES,2018-04-01,2364.0,total,eurostat
EU27_2020,2018-04-01,26180.5,total,eurostat
FI,2018-04-01,168.0,total,eurostat
FR,2018-04-01,2620.0,total,eurostat
GR,2018-04-01,304.0,total,eurostat
HR,2018-04-01,172.0,total,eurostat
HU,2018-04-01,569.0,total,eurostat
IE,2018-04-01,443.0,total,eurostat
IT,2018-04-01,4720.0,total,eurostat
LT,2018-04-01,180.0,total,eurostat
LU,2018-04-01,56.0,total,eurostat
LV,2018-04-01,73.0,total,eurostat
MT,2018-04-01,18.0,total,eurostat
NL,2018-04-01,2864.0,total,eurostat
PL,2018-04-01,1469.0,total,eurostat
PT,2018-04-01,352.0,total,eurostat
RO,2018-04-01,632.0,total,eurostat
SE,2018-04-01,89.0,total,eurostat
SI,2018-04-01,62.0,total,eurostat
SK,2018-04-01,314.0,total,eurostat
AT,2018-05-01,410.0,total,eurostat
BE,2018-05-01,1060.0,total,eurostat
BG,2018-05-01,207.0,total,eurostat
CY,2018-05-01,0.0,total,eurostat
CZ,2018-05-01,346.0,total,eurostat
DE,2018-05-01,4751.0,total,eurostat
DK,2018-05-01,155.0,total,eurostat
EE,2018-05-01,21.0,total,eurostat
ES,2018-05-01,2331.0,total,eurostat
EU27_2020,2018-05-01,22093.0,total,eurostat
FI,2018-05-01,130.0,total,eurostat
FR,2018-05-01,1934.0,total,eurostat
GR,2018-05-01,327.0,total,eurostat
HR,2018-05-01,145.0,total,eurostat
HU,2018-05-01,427.0,total,eurostat
IE,2018-05-01,439.0,total,eurostat
IT,2018-05-01,4051.0,total,eurostat
LT,2018-05-01,152.0,total,eurostat
LU,2018-05-01,46.0,total,eurostat
LV,2018-05-01,47.0,total,eurostat
MT,2018-05-01,29.0,total,eurostat
NL,2018-05-01,2402.0,total,eurostat
PL,2018-05-01,1304.0,total,eurostat
PT,2018-05-01,449.0,total,eurostat
RO,2018-05-01,556.0,total,eurostat
SE,2018-05-01,74.0,total,eurostat
SI,2018-05-01,56.0,total,eurostat
SK,2018-05-01,244.0,total,eurostat
AT,2018-06-01,407.0,total,eurostat
BE,2018-06-01,980.4,total,eurostat
BG,2018-06-01,186.0,total,eurostat
CY,2018-06-01,0.0,total,eurostat
CZ,2018-06-01,337.0,total,eurostat
DE,2018-06-01,4793.0,total,eurostat
DK,2018-06-01,128.0,total,eurostat
EE,2018-06-01,18.0,total,eurostat
ES,2018-06-01,2169.0,total,eurostat
EU27_2020,2018-06-01,21272.4,total,eurostat
FI,2018-06-01,134.0,total,eurostat
FR,2018-06-01,1603.0,total,eurostat
GR,2018-06-01,351.0,total,eurostat
HR,2018-06-01,149.0,total,eurostat
HU,2018-06-01,403.0,total,eurostat
IE,2018-06-01,441.0,total,eurostat
IT,2018-06-01,3959.0,total,eurostat
LT,2018-06-01,117.0,total,eurostat
LU,2018-06-01,40.0,total,eurostat
LV,2018-06-01,56.0,total,eurostat
MT,2018-06-01,27.0,total,eurostat
NL,2018-06-01,2385.0,total,eurostat
PL,2018-06-01,1219.0,total,eurostat
PT,2018-06-01,511.0,total,eurostat
RO,2018-06-01,557.0,total,eurostat
SE,2018-06-01,41.0,total,eurostat
SI,2018-06-01,50.0,total,eurostat
SK,2018-06-01,211.0,total,eurostat
AT,2018-07-01,420.0,total,eurostat
BE,2018-07-01,951.1,total,eurostat
BG,2018-07-01,168.0,total,eurostat
CY,2018-07-01,0.0,total,eurostat
CZ,2018-07-01,337.0,total,eurostat
DE,2018-07-01,4215.0,total,eurostat
DK,2018-07-01,124.0,total,eurostat
EE,2018-07-01,19.0,total,eurostat
ES,2018-07-01,2177.0,total,eurostat
EU27_2020,2018-07-01,20884.1,total,eurostat
FI,2018-07-01,128.0,total,eurostat
FR,2018-07-01,1746.0,total,eurostat
GR,2018-07-01,390.0,total,eurostat
HR,2018-07-01,115.0,total,eurostat
HU,2018-07-01,423.0,total,eurostat
IE,2018-07-01,0.0,total,eurostat
IT,2018-07-01,4452.0,total,eurostat
LT,2018-07-01,70.0,total,eurostat
LU,2018-07-01,38.0,total,eurostat
LV,2018-07-01,75.0,total,eurostat
MT,2018-07-01,38.0,total,eurostat
NL,2018-07-01,2404.0,total,eurostat
PL,2018-07-01,1192.0,total,eurostat
PT,2018-07-01,555.0,total,eurostat
RO,2018-07-01,533.0,total,eurostat
SE,2018-07-01,59.0,total,eurostat
SI,2018-07-01,48.0,total,eurostat
SK,2018-07-01,207.0,total,eurostat
AT,2018-08-01,443.0,total,eurostat
BE,2018-08-01,991.6,total,eurostat
BG,2018-08-01,159.0,total,eurostat
CY,2018-08-01,0.0,total,eurostat
CZ,2018-08-01,336.0,total,eurostat
DE,2018-08-01,4441.0,total,eurostat
DK,2018-08-01,133.0,total,eurostat
EE,2018-08-01,25.0,total,eurostat
ES,2018-08-01,2116.0,total,eurostat
EU27_2020,2018-08-01,21257.6,total,eurostat
FI,2018-08-01,171.0,total,eurostat
FR,2018-08-01,1606.0,total,eurostat
GR,2018-08-01,373.0,total,eurostat
HR,2018-08-01,169.0,total,eurostat
HU,2018-08-01,379.0,total,eurostat
IE,2018-08-01,415.0,total,eurostat
IT,2018-08-01,3962.0,total,eurostat
LT,2018-08-01,92.0,total,eurostat
LU,2018-08-01,34.0,total,eurostat
LV,2018-08-01,87.0,total,eurostat
MT,2018-08-01,37.0,total,eurostat
NL,2018-08-01,2532.0,total,eurostat
PL,2018-08-01,1331.0,total,eurostat
PT,2018-08-01,535.0,total,eurostat
RO,2018-08-01,565.0,total,eurostat
SE,2018-08-01,77.0,total,eurostat
SI,2018-08-01,46.0,total,eurostat
SK,2018-08-01,202.0,total,eurostat
AT,2018-09-01,552.0,total,eurostat
BE,2018-09-01,1046.1,total,eurostat
BG,2018-09-01,185.0,total,eurostat
CY,2018-09-01,0.0,total,eurostat
CZ,2018-09-01,398.0,total,eurostat
DE,2018-09-01,4789.0,total,eurostat
DK,2018-09-01,168.0,total,eurostat
EE,2018-09-01,21.0,total,eurostat
ES,2018-09-01,2177.0,total,eurostat
EU27_2020,2018-09-01,23347.1,total,eurostat
FI,2018-09-01,193.0,total,eurostat
FR,2018-09-01,1906.0,total,eurostat
GR,2018-09-01,399.0,total,eurostat
HR,2018-09-01,161.0,total,eurostat
HU,2018-09-01,486.0,total,eurostat
IE,2018-09-01,383.0,total,eurostat
IT,2018-09-01,4613.0,total,eurostat
LT,2018-09-01,266.0,total,eurostat
LU,2018-09-01,44.0,total,eurostat
LV,2018-09-01,85.0,total,eurostat
MT,2018-09-01,35.0,total,eurostat
NL,2018-09-01,2656.0,total,eurostat
PL,2018-09-01,1283.0,total,eurostat
PT,2018-09-01,541.0,total,eurostat
RO,2018-09-01,612.0,total,eurostat
SE,2018-09-01,60.0,total,eurostat
SI,2018-09-01,53.0,total,eurostat
SK,2018-09-01,235.0,total,eurostat
AT,2018-10-01,704.0,total,eurostat
BE,2018-10-01,1548.3,total,eurostat
BG,2018-10-01,226.0,total,eurostat
CY,2018-10-01,0.0,total,eurostat
CZ,2018-10-01,659.0,total,eurostat
DE,2018-10-01,7017.0,total,eurostat
DK,2018-10-01,224.0,total,eurostat
EE,2018-10-01,38.0,total,eurostat
ES,2018-10-01,2477.0,total,eurostat
EU27_2020,2018-10-01,30103.3,total,eurostat
FI,2018-10-01,189.0,total,eurostat
FR,2018-10-01,3061.0,total,eurostat
GR,2018-10-01,431.0,total,eurostat
HR,2018-10-01,240.0,total,eurostat
HU,2018-10-01,726.0,total,eurostat
IE,2018-10-01,472.0,total,eurostat
IT,2018-10-01,5022.0,total,eurostat
LT,2018-10-01,189.0,total,eurostat
LU,2018-10-01,61.0,total,eurostat
LV,2018-10-01,108.0,total,eurostat
MT,2018-10-01,32.0,total,eurostat
NL,2018-10-01,3219.0,total,eurostat
PL,2018-10-01,1645.0,total,eurostat
PT,2018-10-01,470.0,total,eurostat
RO,2018-10-01,843.0,total,eurostat
SE,2018-10-01,84.0,total,eurostat
SI,2018-10-01,70.0,total,eurostat
SK,2018-10-01,348.0,total,eurostat
AT,2018-11-01,952.0,total,eurostat
BE,2018-11-01,2045.3,total,eurostat
BG,2018-11-01,308.0,total,eurostat
CY,2018-11-01,0.0,total,eurostat
CZ,2018-11-01,919.0,total,eurostat
DE,2018-11-01,9739.0,total,eurostat
DK,2018-11-01,304.0,total,eurostat
EE,2018-11-01,47.0,total,eurostat
ES,2018-11-01,3019.0,total,eurostat
EU27_2020,2018-11-01,40886.3,total,eurostat
FI,2018-11-01,205.0,total,eurostat
FR,2018-11-01,4814.0,total,eurostat
GR,2018-11-01,433.0,total,eurostat
HR,2018-11-01,291.0,total,eurostat
HU,2018-11-01,1056.0,total,eurostat
IE,2018-11-01,485.0,total,eurostat
IT,2018-11-01,6898.0,total,eurostat
LT,2018-11-01,225.0,total,eurostat
LU,2018-11-01,82.0,total,eurostat
LV,2018-11-01,149.0,total,eurostat
MT,2018-11-01,32.0,total,eurostat
NL,2018-11-01,4405.0,total,eurostat
PL,2018-11-01,2015.0,total,eurostat
PT,2018-11-01,466.0,total,eurostat
RO,2018-11-01,1309.0,total,eurostat
SE,2018-11-01,118.0,total,eurostat
SI,2018-11-01,84.0,total,eurostat
SK,2018-11-01,486.0,total,eurostat
AT,2018-12-01,1181.0,total,eurostat
BE,2018-12-01,2104.7,total,eurostat
BG,2018-12-01,403.0,total,eurostat
CY,2018-12-01,0.0,total,eurostat
CZ,2018-12-01,1115.0,total,eurostat
DE,2018-12-01,7586.0,total,eurostat
DK,2018-12-01,330.0,total,eurostat
EE,2018-12-01,66.0,total,eurostat
ES,2018-12-01,3095.0,total,eurostat
EU27_2020,2018-12-01,44069.7,total,eurostat
FI,2018-12-01,286.0,total,eurostat
FR,2018-12-01,5236.0,total,eurostat
GR,2018-12-01,563.0,total,eurostat
HR,2018-12-01,376.0,total,eurostat
HU,2018-12-01,1506.0,total,eurostat
IE,2018-12-01,480.0,total,eurostat
IT,2018-12-01,8934.0,total,eurostat
LT,2018-12-01,260.0,total,eurostat
LU,2018-12-01,89.0,total,eurostat
LV,2018-12-01,182.0,total,eurostat
MT,2018-12-01,29.0,total,eurostat
NL,2018-12-01,4810.0,total,eurostat
PL,2018-12-01,2333.0,total,eurostat
PT,2018-12-01,446.0,total,eurostat
RO,2018-12-01,1761.0,total,eurostat
SE,2018-12-01,123.0,total,eurostat
SI,2018-12-01,104.0,total,eurostat
SK,2018-12-01,671.0,total,eurostat
AT,2019-01-01,1314.0,total,eurostat
BE,2019-01-01,2485.6,total,eurostat
BG,2019-01-01,406.0,total,eurostat
CY,2019-01-01,0.0,total,eurostat
CZ,2019-01-01,1290.0,total,eurostat
DE,2019-01-01,12995.0,total,eurostat
DK,2019-01-01,387.0,total,eurostat
EE,2019-01-01,74.0,total,eurostat
ES,2019-01-01,3575.0,total,eurostat
EU27_2020,2019-01-01,55393.269,total,eurostat
FI,2019-01-01,384.0,total,eurostat
FR,2019-01-01,6426.0,total,eurostat
GR,2019-01-01,679.0,total,eurostat
HR,2019-01-01,397.0,total,eurostat
HU,2019-01-01,1673.0,total,eurostat
IE,2019-01-01,509.0,total,eurostat
IT,2019-01-01,10598.0,total,eurostat
LT,2019-01-01,286.0,total,eurostat
LU,2019-01-01,107.0,total,eurostat
LV,2019-01-01,206.0,total,eurostat
MT,2019-01-01,33.866,total,eurostat
NL,2019-01-01,5614.803,total,eurostat
PL,2019-01-01,2586.0,total,eurostat
PT,2019-01-01,498.0,total,eurostat
RO,2019-01-01,1860.0,total,eurostat
SE,2019-01-01,130.0,total,eurostat
SI,2019-01-01,119.0,total,eurostat
SK,2019-01-01,760.0,total,eurostat
AT,2019-02-01,1005.0,total,eurostat
BE,2019-02-01,1872.7,total,eurostat
BG,2019-02-01,324.0,total,eurostat
CY,2019-02-01,0.0,total,eurostat
CZ,2019-02-01,1004.0,total,eurostat
DE,2019-02-01,10669.0,total,eurostat
DK,2019-02-01,299.0,total,eurostat
EE,2019-02-01,53.0,total,eurostat
ES,2019-02-01,2936.0,total,eurostat
EU27_2020,2019-02-01,43403.07,total,eurostat
FI,2019-02-01,278.0,total,eurostat
FR,2019-02-01,4842.0,total,eurostat
GR,2019-02-01,495.0,total,eurostat
HR,2019-02-01,313.0,total,eurostat
HU,2019-02-01,1220.0,total,eurostat
IE,2019-02-01,416.0,total,eurostat
IT,2019-02-01,8064.0,total,eurostat
LT,2019-02-01,216.0,total,eurostat
LU,2019-02-01,85.0,total,eurostat
LV,2019-02-01,139.0,total,eurostat
MT,2019-02-01,26.062,total,eurostat
NL,2019-02-01,4399.308,total,eurostat
PL,2019-02-01,2083.0,total,eurostat
PT,2019-02-01,441.0,total,eurostat
RO,2019-02-01,1445.0,total,eurostat
SE,2019-02-01,104.0,total,eurostat
SI,2019-02-01,95.0,total,eurostat
SK,2019-02-01,579.0,total,eurostat
AT,2019-03-01,830.0,total,eurostat
BE,2019-03-01,1738.0,total,eurostat
BG,2019-03-01,290.0,total,eurostat
CY,2019-03-01,0.0,total,eurostat
CZ,2019-03-01,849.0,total,eurostat
DE,2019-03-01,9450.0,total,eurostat
DK,2019-03-01,293.0,total,eurostat
EE,2019-03-01,53.0,total,eurostat
ES,2019-03-01,2769.0,total,eurostat
EU27_2020,2019-03-01,39106.78,total,eurostat
FI,2019-03-01,269.0,total,eurostat
FR,2019-03-01,4236.0,total,eurostat
GR,2019-03-01,382.0,total,eurostat
HR,2019-03-01,242.0,total,eurostat
HU,2019-03-01,989.0,total,eurostat
IE,2019-03-01,493.0,total,eurostat
IT,2019-03-01,6992.0,total,eurostat
LT,2019-03-01,216.0,total,eurostat
LU,2019-03-01,82.0,total,eurostat
LV,2019-03-01,132.0,total,eurostat
MT,2019-03-01,25.598,total,eurostat
NL,2019-03-01,4396.182,total,eurostat
PL,2019-03-01,2119.0,total,eurostat
PT,2019-03-01,381.0,total,eurostat
RO,2019-03-01,1162.0,total,eurostat
SE,2019-03-01,126.0,total,eurostat
SI,2019-03-01,88.0,total,eurostat
SK,2019-03-01,504.0,total,eurostat
AT,2019-04-01,670.0,total,eurostat
BE,2019-04-01,1366.4,total,eurostat
BG,2019-04-01,250.0,total,eurostat
CY,2019-04-01,0.0,total,eurostat
CZ,2019-04-01,611.0,total,eurostat
DE,2019-04-01,6512.0,total,eurostat
DK,2019-04-01,215.0,total,eurostat
EE,2019-04-01,34.0,total,eurostat
ES,2019-04-01,2716.0,total,eurostat
EU27_2020,2019-04-01,30222.605,total,eurostat
FI,2019-04-01,213.0,total,eurostat
FR,2019-04-01,3213.0,total,eurostat
GR,2019-04-01,361.0,total,eurostat
HR,2019-04-01,203.0,total,eurostat
HU,2019-04-01,709.0,total,eurostat
IE,2019-04-01,484.0,total,eurostat
IT,2019-04-01,5536.0,total,eurostat
LT,2019-04-01,201.0,total,eurostat
LU,2019-04-01,63.0,total,eurostat
LV,2019-04-01,81.0,total,eurostat
MT,2019-04-01,26.48,total,eurostat
NL,2019-04-01,3223.725,total,eurostat
PL,2019-04-01,1721.0,total,eurostat
PT,2019-04-01,448.0,total,eurostat
RO,2019-04-01,844.0,total,eurostat
SE,2019-04-01,101.0,total,eurostat
SI,2019-04-01,72.0,total,eurostat
SK,2019-04-01,348.0,total,eurostat
AT,2019-05-01,587.0,total,eurostat
BE,2019-05-01,1269.3,total,eurostat
BG,2019-05-01,204.0,total,eurostat
CY,2019-05-01,0.0,total,eurostat
CZ,2019-05-01,566.0,total,eurostat
DE,2019-05-01,6111.0,total,eurostat
DK,2019-05-01,202.0,total,eurostat
EE,2019-05-01,26.0,total,eurostat
ES,2019-05-01,2751.0,total,eurostat
EU27_2020,2019-05-01,27768.011,total,eurostat
FI,2019-05-01,155.0,total,eurostat
FR,2019-05-01,2659.0,total,eurostat
GR,2019-05-01,328.0,total,eurostat
HR,2019-05-01,204.0,total,eurostat
HU,2019-05-01,639.0,total,eurostat
IE,2019-05-01,480.0,total,eurostat
IT,2019-05-01,4922.0,total,eurostat
LT,2019-05-01,132.0,total,eurostat
LU,2019-05-01,57.0,total,eurostat
LV,2019-05-01,70.0,total,eurostat
MT,2019-05-01,28.968,total,eurostat
NL,2019-05-01,3237.743,total,eurostat
PL,2019-05-01,1528.0,total,eurostat
PT,2019-05-01,513.0,total,eurostat
RO,2019-05-01,577.0,total,eurostat
SE,2019-05-01,124.0,total,eurostat
SI,2019-05-01,68.0,total,eurostat
SK,2019-05-01,329.0,total,eurostat
AT,2019-06-01,412.0,total,eurostat
BE,2019-06-01,1015.3,total,eurostat
BG,2019-06-01,176.0,total,eurostat
CY,2019-06-01,0.0,total,eurostat
CZ,2019-06-01,393.0,total,eurostat
DE,2019-06-01,3639.0,total,eurostat
DK,2019-06-01,146.0,total,eurostat
EE,2019-06-01,16.0,total,eurostat
ES,2019-06-01,2738.0,total,eurostat
EU27_2020,2019-06-01,21388.858,total,eurostat
FI,2019-06-01,155.0,total,eurostat
FR,2019-06-01,1813.0,total,eurostat
GR,2019-06-01,396.0,total,eurostat
HR,2019-06-01,149.0,total,eurostat
HU,2019-06-01,381.0,total,eurostat
IE,2019-06-01,433.0,total,eurostat
IT,2019-06-01,4327.0,total,eurostat
LT,2019-06-01,162.0,total,eurostat
LU,2019-06-01,41.0,total,eurostat
LV,2019-06-01,72.0,total,eurostat
MT,2019-06-01,33.454,total,eurostat
NL,2019-06-01,2482.104,total,eurostat
PL,2019-06-01,1177.0,total,eurostat
PT,2019-06-01,555.0,total,eurostat
RO,2019-06-01,373.0,total,eurostat
SE,2019-06-01,62.0,total,eurostat
SI,2019-06-01,50.0,total,eurostat
SK,2019-06-01,192.0,total,eurostat
AT,2019-07-01,453.0,total,eurostat
BE,2019-07-01,986.9,total,eurostat
BG,2019-07-01,183.0,total,eurostat
CY,2019-07-01,0.0,total,eurostat
CZ,2019-07-01,399.0,total,eurostat
DE,2019-07-01,5287.0,total,eurostat
DK,2019-07-01,142.0,total,eurostat
EE,2019-07-01,17.0,total,eurostat
ES,2019-07-01,3041.0,total,eurostat
EU27_2020,2019-07-01,24668.602,total,eurostat
FI,2019-07-01,153.0,total,eurostat
FR,2019-07-01,1859.0,total,eurostat
GR,2019-07-01,482.0,total,eurostat
HR,2019-07-01,170.0,total,eurostat
HU,2019-07-01,418.0,total,eurostat
IE,2019-07-01,443.0,total,eurostat
IT,2019-07-01,4982.0,total,eurostat
LT,2019-07-01,113.0,total,eurostat
LU,2019-07-01,39.0,total,eurostat
LV,2019-07-01,72.0,total,eurostat
MT,2019-07-01,35.541,total,eurostat
NL,2019-07-01,2691.161,total,eurostat
PL,2019-07-01,1277.0,total,eurostat
PT,2019-07-01,587.0,total,eurostat
RO,2019-07-01,499.0,total,eurostat
SE,2019-07-01,62.0,total,eurostat
SI,2019-07-01,49.0,total,eurostat
SK,2019-07-01,228.0,total,eurostat
AT,2019-08-01,496.0,total,eurostat
BE,2019-08-01,956.9,total,eurostat
BG,2019-08-01,151.0,total,eurostat
CY,2019-08-01,0.0,total,eurostat
CZ,2019-08-01,395.0,total,eurostat
DE,2019-08-01,4040.0,total,eurostat
DK,2019-08-01,159.0,total,eurostat
EE,2019-08-01,19.0,total,eurostat
ES,2019-08-01,2960.0,total,eurostat
EU27_2020,2019-08-01,22272.242,total,eurostat
FI,2019-08-01,150.0,total,eurostat
FR,2019-08-01,1590.0,total,eurostat
GR,2019-08-01,443.0,total,eurostat
HR,2019-08-01,183.0,total,eurostat
HU,2019-08-01,450.0,total,eurostat
IE,2019-08-01,371.0,total,eurostat
IT,2019-08-01,4174.0,total,eurostat
LT,2019-08-01,100.0,total,eurostat
LU,2019-08-01,34.0,total,eurostat
LV,2019-08-01,102.0,total,eurostat
MT,2019-08-01,39.686,total,eurostat
NL,2019-08-01,2695.656,total,eurostat
PL,2019-08-01,1332.0,total,eurostat
PT,2019-08-01,543.0,total,eurostat
RO,2019-08-01,533.0,total,eurostat
SE,2019-08-01,75.0,total,eurostat
SI,2019-08-01,55.0,total,eurostat
SK,2019-08-01,225.0,total,eurostat
AT,2019-09-01,641.0,total,eurostat
BE,2019-09-01,1140.1,total,eurostat
BG,2019-09-01,160.0,total,eurostat
CY,2019-09-01,0.0,total,eurostat
CZ,2019-09-01,485.0,total,eurostat
DE,2019-09-01,5220.0,total,eurostat
DK,2019-09-01,170.0,total,eurostat
EE,2019-09-01,24.0,total,eurostat
ES,2019-09-01,2743.0,total,eurostat
EU27_2020,2019-09-01,25193.591,total,eurostat
FI,2019-09-01,170.0,total,eurostat
FR,2019-09-01,1969.0,total,eurostat
GR,2019-09-01,433.0,total,eurostat
HR,2019-09-01,185.0,total,eurostat
HU,2019-09-01,537.0,total,eurostat
IE,2019-09-01,382.0,total,eurostat
IT,2019-09-01,4766.0,total,eurostat
LT,2019-09-01,143.0,total,eurostat
LU,2019-09-01,44.0,total,eurostat
LV,2019-09-01,118.0,total,eurostat
MT,2019-09-01,31.039,total,eurostat
NL,2019-09-01,2980.452,total,eurostat
PL,2019-09-01,1351.0,total,eurostat
PT,2019-09-01,529.0,total,eurostat
RO,2019-09-01,592.0,total,eurostat
SE,2019-09-01,66.0,total,eurostat
SI,2019-09-01,57.0,total,eurostat
SK,2019-09-01,257.0,total,eurostat
AT,2019-10-01,809.0,total,eurostat
BE,2019-10-01,1548.8,total,eurostat
BG,2019-10-01,183.0,total,eurostat
CY,2019-10-01,0.0,total,eurostat
CZ,2019-10-01,721.0,total,eurostat
DE,2019-10-01,7260.0,total,eurostat
DK,2019-10-01,246.0,total,eurostat
EE,2019-10-01,36.0,total,eurostat
ES,2019-10-01,2960.0,total,eurostat
EU27_2020,2019-10-01,31867.592,total,eurostat
FI,2019-10-01,208.0,total,eurostat
FR,2019-10-01,2922.0,total,eurostat
GR,2019-10-01,410.0,total,eurostat
HR,2019-10-01,268.0,total,eurostat
HU,2019-10-01,809.0,total,eurostat
IE,2019-10-01,403.0,total,eurostat
IT,2019-10-01,5219.0,total,eurostat
LT,2019-10-01,195.0,total,eurostat
LU,2019-10-01,61.0,total,eurostat
LV,2019-10-01,114.0,total,eurostat
MT,2019-10-01,31.004,total,eurostat
NL,2019-10-01,3789.788,total,eurostat
PL,2019-10-01,1759.0,total,eurostat
PT,2019-10-01,542.0,total,eurostat
RO,2019-10-01,851.0,total,eurostat
SE,2019-10-01,66.0,total,eurostat
SI,2019-10-01,72.0,total,eurostat
SK,2019-10-01,384.0,total,eurostat
AT,2019-11-01,961.0,total,eurostat
BE,2019-11-01,2023.2,total,eurostat
BG,2019-11-01,259.0,total,eurostat
CY,2019-11-01,0.0,total,eurostat
CZ,2019-11-01,910.0,total,eurostat
DE,2019-11-01,9827.0,total,eurostat
DK,2019-11-01,299.0,total,eurostat
EE,2019-11-01,44.0,total,eurostat
ES,2019-11-01,3101.0,total,eurostat
EU27_2020,2019-11-01,40803.192,total,eurostat
FI,2019-11-01,208.0,total,eurostat
FR,2019-11-01,4901.0,total,eurostat
GR,2019-11-01,383.0,total,eurostat
HR,2019-11-01,331.0,total,eurostat
HU,2019-11-01,1029.0,total,eurostat
IE,2019-11-01,515.0,total,eurostat
IT,2019-11-01,6692.0,total,eurostat
LT,2019-11-01,220.0,total,eurostat
LU,2019-11-01,83.0,total,eurostat
LV,2019-11-01,127.0,total,eurostat
MT,2019-11-01,25.388,total,eurostat
NL,2019-11-01,4600.604,total,eurostat
PL,2019-11-01,2027.0,total,eurostat
PT,2019-11-01,529.0,total,eurostat
RO,2019-11-01,1052.0,total,eurostat
SE,2019-11-01,98.0,total,eurostat
SI,2019-11-01,83.0,total,eurostat
SK,2019-11-01,475.0,total,eurostat
AT,2019-12-01,1089.0,total,eurostat
BE,2019-12-01,2081.3,total,eurostat
BG,2019-12-01,334.0,total,eurostat
CY,2019-12-01,0.0,total,eurostat
CZ,2019-12-01,1056.0,total,eurostat
DE,2019-12-01,10782.0,total,eurostat
DK,2019-12-01,298.0,total,eurostat
EE,2019-12-01,65.0,total,eurostat
ES,2019-12-01,3109.0,total,eurostat
EU27_2020,2019-12-01,45324.968,total,eurostat
FI,2019-12-01,226.0,total,eurostat
FR,2019-12-01,5184.0,total,eurostat
GR,2019-12-01,442.0,total,eurostat
HR,2019-12-01,339.0,total,eurostat
HU,2019-12-01,1379.0,total,eurostat
IE,2019-12-01,485.0,total,eurostat
IT,2019-12-01,8044.0,total,eurostat
LT,2019-12-01,236.0,total,eurostat
LU,2019-12-01,84.0,total,eurostat
LV,2019-12-01,129.0,total,eurostat
MT,2019-12-01,29.186,total,eurostat
NL,2019-12-01,4821.482,total,eurostat
PL,2019-12-01,2351.0,total,eurostat
PT,2019-12-01,461.0,total,eurostat
RO,2019-12-01,1452.0,total,eurostat
SE,2019-12-01,118.0,total,eurostat
SI,2019-12-01,99.0,total,eurostat
SK,2019-12-01,631.0,total,eurostat
AT,2020-01-01,1280.803,total,eurostat
BE,2020-01-01,2215.0,total,eurostat
BG,2020-01-01,360.287,total,eurostat
CY,2020-01-01,0.0,total,eurostat
CZ,2020-01-01,1217.778,total,eurostat
DE,2020-01-01,11635.709,total,eurostat
DK,2020-01-01,306.725,total,eurostat
EE,2020-01-01,53.9,total,eurostat
ES,2020-01-01,3492.0,total,eurostat
EU27_2020,2020-01-01,50800.794,total,eurostat
FI,2020-01-01,255.0,total,eurostat
FR,2020-01-01,5623.079,total,eurostat
GR,2020-01-01,611.324,total,eurostat
HR,2020-01-01,390.3,total,eurostat
HU,2020-01-01,1665.537,total,eurostat
IE,2020-01-01,505.878,total,eurostat
IT,2020-01-01,9692.0,total,eurostat
LT,2020-01-01,258.0,total,eurostat
LU,2020-01-01,94.98,total,eurostat
LV,2020-01-01,122.459,total,eurostat
MT,2020-01-01,37.525,total,eurostat
NL,2020-01-01,5262.039,total,eurostat
PL,2020-01-01,2401.468,total,eurostat
PT,2020-01-01,581.962,total,eurostat
RO,2020-01-01,1772.0,total,eurostat
SE,2020-01-01,116.0,total,eurostat
SI,2020-01-01,116.304,total,eurostat
SK,2020-01-01,732.737,total,eurostat
AT,2020-02-01,937.36,total,eurostat
BE,2020-02-01,1938.3,total,eurostat
BG,2020-02-01,316.337,total,eurostat
CY,2020-02-01,0.0,total,eurostat
CZ,2020-02-01,982.813,total,eurostat
DE,2020-02-01,9593.787,total,eurostat
DK,2020-02-01,302.758,total,eurostat
EE,2020-02-01,49.7,total,eurostat
ES,2020-02-01,2855.0,total,eurostat
EU27_2020,2020-02-01,41751.593,total,eurostat
FI,2020-02-01,230.5,total,eurostat
FR,2020-02-01,4511.826,total,eurostat
GR,2020-02-01,485.308,total,eurostat
HR,2020-02-01,303.76,total,eurostat
HU,2020-02-01,1248.0,total,eurostat
IE,2020-02-01,465.445,total,eurostat
IT,2020-02-01,7566.0,total,eurostat
LT,2020-02-01,231.7,total,eurostat
LU,2020-02-01,82.813,total,eurostat
LV,2020-02-01,121.27,total,eurostat
MT,2020-02-01,35.719,total,eurostat
NL,2020-02-01,4598.053,total,eurostat
PL,2020-02-01,2200.646,total,eurostat
PT,2020-02-01,519.791,total,eurostat
RO,2020-02-01,1397.0,total,eurostat
SE,2020-02-01,114.9,total,eurostat
SI,2020-02-01,92.294,total,eurostat
SK,2020-02-01,570.513,total,eurostat
AT,2020-03-01,903.939,total,eurostat
BE,2020-03-01,1873.6,total,eurostat
BG,2020-03-01,301.987,total,eurostat
CY,2020-03-01,0.0,total,eurostat
CZ,2020-03-01,919.437,total,eurostat
DE,2020-03-01,9889.998,total,eurostat
DK,2020-03-01,297.487,total,eurostat
EE,2020-03-01,50.6,total,eurostat
ES,2020-03-01,2585.0,total,eurostat
EU27_2020,2020-03-01,39617.111,total,eurostat
FI,2020-03-01,238.5,total,eurostat
FR,2020-03-01,4243.432,total,eurostat
GR,2020-03-01,456.894,total,eurostat
HR,2020-03-01,296.651,total,eurostat
HU,2020-03-01,1129.608,total,eurostat
IE,2020-03-01,492.49,total,eurostat
IT,2020-03-01,6692.0,total,eurostat
LT,2020-03-01,172.7,total,eurostat
LU,2020-03-01,75.134,total,eurostat
LV,2020-03-01,105.723,total,eurostat
MT,2020-03-01,30.082,total,eurostat
NL,2020-03-01,4336.508,total,eurostat
PL,2020-03-01,2207.76,total,eurostat
PT,2020-03-01,447.835,total,eurostat
RO,2020-03-01,1158.0,total,eurostat
SE,2020-03-01,94.0,total,eurostat
SI,2020-03-01,92.094,total,eurostat
SK,2020-03-01,525.652,total,eurostat
AT,2020-04-01,590.152,total,eurostat
BE,2020-04-01,1161.2,total,eurostat
BG,2020-04-01,231.398,total,eurostat
CY,2020-04-01,0.0,total,eurostat
CZ,2020-04-01,582.257,total,eurostat
DE,2020-04-01,5393.0,total,eurostat
DK,2020-04-01,226.707,total,eurostat
EE,2020-04-01,36.9,total,eurostat
ES,2020-04-01,2115.0,total,eurostat
EU27_2020,2020-04-01,25235.971,total,eurostat
FI,2020-04-01,183.0,total,eurostat
FR,2020-04-01,2097.061,total,eurostat
GR,2020-04-01,375.729,total,eurostat
HR,2020-04-01,195.674,total,eurostat
HU,2020-04-01,698.505,total,eurostat
IE,2020-04-01,432.134,total,eurostat
IT,2020-04-01,4268.0,total,eurostat
LT,2020-04-01,216.9,total,eurostat
LU,2020-04-01,47.748,total,eurostat
LV,2020-04-01,80.389,total,eurostat
MT,2020-04-01,27.376,total,eurostat
NL,2020-04-01,2959.204,total,eurostat
PL,2020-04-01,1678.83,total,eurostat
PT,2020-04-01,362.218,total,eurostat
RO,2020-04-01,787.0,total,eurostat
SE,2020-04-01,74.47,total,eurostat
SI,2020-04-01,66.286,total,eurostat
SK,2020-04-01,348.833,total,eurostat
AT,2020-05-01,475.169,total,eurostat
BE,2020-05-01,1149.3,total,eurostat
BG,2020-05-01,184.99,total,eurostat
CY,2020-05-01,0.0,total,eurostat
CZ,2020-05-01,498.132,total,eurostat
DE,2020-05-01,5529.806,total,eurostat
DK,2020-05-01,194.919,total,eurostat
EE,2020-05-01,25.9,total,eurostat
ES,2020-05-01,2005.0,total,eurostat
EU27_2020,2020-05-01,23636.816,total,eurostat
FI,2020-05-01,164.0,total,eurostat
FR,2020-05-01,1955.508,total,eurostat
GR,2020-05-01,372.205,total,eurostat
HR,2020-05-01,192.0,total,eurostat
HU,2020-05-01,521.507,total,eurostat
IE,2020-05-01,439.133,total,eurostat
IT,2020-05-01,3743.0,total,eurostat
LT,2020-05-01,235.6,total,eurostat
LU,2020-05-01,44.922,total,eurostat
LV,2020-05-01,69.243,total,eurostat
MT,2020-05-01,30.055,total,eurostat
NL,2020-05-01,2897.178,total,eurostat
PL,2020-05-01,1492.981,total,eurostat
PT,2020-05-01,385.449,total,eurostat
RO,2020-05-01,601.0,total,eurostat
SE,2020-05-01,77.5,total,eurostat
SI,2020-05-01,53.358,total,eurostat
SK,2020-05-01,298.961,total,eurostat
AT,2020-06-01,392.105,total,eurostat
BE,2020-06-01,1097.8,total,eurostat
BG,2020-06-01,173.283,total,eurostat
CY,2020-06-01,0.0,total,eurostat
CZ,2020-06-01,413.656,total,eurostat
DE,2020-06-01,4529.803,total,eurostat
DK,2020-06-01,169.537,total,eurostat
EE,2020-06-01,16.5,total,eurostat
ES,2020-06-01,2245.0,total,eurostat
EU27_2020,2020-06-01,22297.217,total,eurostat
FI,2020-06-01,166.0,total,eurostat
FR,2020-06-01,1879.555,total,eurostat
GR,2020-06-01,443.439,total,eurostat
HR,2020-06-01,181.7,total,eurostat
HU,2020-06-01,436.483,total,eurostat
IE,2020-06-01,417.553,total,eurostat
IT,2020-06-01,4094.0,total,eurostat
LT,2020-06-01,173.4,total,eurostat
LU,2020-06-01,36.77,total,eurostat
LV,2020-06-01,69.251,total,eurostat
MT,2020-06-01,33.188,total,eurostat
NL,2020-06-01,2653.998,total,eurostat
PL,2020-06-01,1295.133,total,eurostat
PT,2020-06-01,447.829,total,eurostat
RO,2020-06-01,561.0,total,eurostat
SE,2020-06-01,83.72,total,eurostat
SI,2020-06-01,45.033,total,eurostat
SK,2020-06-01,241.481,total,eurostat
AT,2020-07-01,426.415,total,eurostat
BE,2020-07-01,1203.8,total,eurostat
BG,2020-07-01,170.575,total,eurostat
CY,2020-07-01,0.0,total,eurostat
CZ,2020-07-01,425.296,total,eurostat
DE,2020-07-01,4388.111,total,eurostat
DK,2020-07-01,145.942,total,eurostat
EE,2020-07-01,17.0,total,eurostat
ES,2020-07-01,2675.0,total,eurostat
EU27_2020,2020-07-01,23956.234,total,eurostat
FI,2020-07-01,155.0,total,eurostat
FR,2020-07-01,1805.971,total,eurostat
GR,2020-07-01,549.808,total,eurostat
HR,2020-07-01,195.2,total,eurostat
HU,2020-07-01,460.503,total,eurostat
IE,2020-07-01,436.733,total,eurostat
IT,2020-07-01,4784.0,total,eurostat
LT,2020-07-01,180.8,total,eurostat
LU,2020-07-01,34.708,total,eurostat
LV,2020-07-01,40.201,total,eurostat
MT,2020-07-01,38.28,total,eurostat
NL,2020-07-01,2961.846,total,eurostat
PL,2020-07-01,1338.568,total,eurostat
PT,2020-07-01,578.712,total,eurostat
RO,2020-07-01,609.0,total,eurostat
SE,2020-07-01,53.5,total,eurostat
SI,2020-07-01,51.718,total,eurostat
SK,2020-07-01,229.547,total,eurostat
AT,2020-08-01,415.155,total,eurostat
BE,2020-08-01,1076.1,total,eurostat
BG,2020-08-01,156.315,total,eurostat
CY,2020-08-01,0.0,total,eurostat
CZ,2020-08-01,403.803,total,eurostat
DE,2020-08-01,4287.749,total,eurostat
DK,2020-08-01,146.58,total,eurostat
EE,2020-08-01,18.5,total,eurostat
ES,2020-08-01,2665.0,total,eurostat
EU27_2020,2020-08-01,22706.947,total,eurostat
FI,2020-08-01,169.0,total,eurostat
FR,2020-08-01,1615.409,total,eurostat
GR,2020-08-01,510.795,total,eurostat
HR,2020-08-01,186.425,total,eurostat
HU,2020-08-01,437.391,total,eurostat
IE,2020-08-01,438.056,total,eurostat
IT,2020-08-01,4110.0,total,eurostat
LT,2020-08-01,151.5,total,eurostat
LU,2020-08-01,29.864,total,eurostat
LV,2020-08-01,74.353,total,eurostat
MT,2020-08-01,39.263,total,eurostat
NL,2020-08-01,2920.007,total,eurostat
PL,2020-08-01,1341.348,total,eurostat
PT,2020-08-01,545.85,total,eurostat
RO,2020-08-01,614.0,total,eurostat
SE,2020-08-01,85.5,total,eurostat
SI,2020-08-01,49.416,total,eurostat
SK,2020-08-01,219.568,total,eurostat
AT,2020-09-01,484.511,total,eurostat
BE,2020-09-01,1127.7,total,eurostat
BG,2020-09-01,170.758,total,eurostat
CY,2020-09-01,0.0,total,eurostat
CZ,2020-09-01,424.772,total,eurostat
DE,2020-09-01,5143.642,total,eurostat
DK,2020-09-01,178.598,total,eurostat
EE,2020-09-01,22.6,total,eurostat
ES,2020-09-01,2585.0,total,eurostat
EU27_2020,2020-09-01,24952.635,total,eurostat
FI,2020-09-01,203.0,total,eurostat
FR,2020-09-01,2014.428,total,eurostat
GR,2020-09-01,470.844,total,eurostat
HR,2020-09-01,201.198,total,eurostat
HU,2020-09-01,508.424,total,eurostat
IE,2020-09-01,423.162,total,eurostat
IT,2020-09-01,4822.0,total,eurostat
LT,2020-09-01,140.5,total,eurostat
LU,2020-09-01,39.545,total,eurostat
LV,2020-09-01,61.867,total,eurostat
MT,2020-09-01,32.642,total,eurostat
NL,2020-09-01,2846.482,total,eurostat
PL,2020-09-01,1423.241,total,eurostat
PT,2020-09-01,595.745,total,eurostat
RO,2020-09-01,634.0,total,eurostat
SE,2020-09-01,80.4,total,eurostat
SI,2020-09-01,56.91,total,eurostat
SK,2020-09-01,260.666,total,eurostat
AT,2020-10-01,774.436,total,eurostat
BE,2020-10-01,1497.2,total,eurostat
BG,2020-10-01,246.599,total,eurostat
CY,2020-10-01,0.0,total,eurostat
CZ,2020-10-01,748.684,total,eurostat
DE,2020-10-01,7533.737,total,eurostat
DK,2020-10-01,232.791,total,eurostat
EE,2020-10-01,29.6,total,eurostat
ES,2020-10-01,2503.0,total,eurostat
EU27_2020,2020-10-01,32312.946,total,eurostat
FI,2020-10-01,202.5,total,eurostat
FR,2020-10-01,3321.203,total,eurostat
GR,2020-10-01,439.259,total,eurostat
HR,2020-10-01,269.277,total,eurostat
HU,2020-10-01,885.435,total,eurostat
IE,2020-10-01,438.925,total,eurostat
IT,2020-10-01,5346.0,total,eurostat
LT,2020-10-01,193.3,total,eurostat
LU,2020-10-01,62.859,total,eurostat
LV,2020-10-01,78.619,total,eurostat
MT,2020-10-01,28.822,total,eurostat
NL,2020-10-01,3605.329,total,eurostat
PL,2020-10-01,1869.921,total,eurostat
PT,2020-10-01,548.997,total,eurostat
RO,2020-10-01,789.0,total,eurostat
SE,2020-10-01,162.0,total,eurostat
SI,2020-10-01,76.136,total,eurostat
SK,2020-10-01,429.317,total,eurostat
AT,2020-11-01,983.052,total,eurostat
BE,2020-11-01,1773.4,total,eurostat
BG,2020-11-01,323.38,total,eurostat
CY,2020-11-01,0.0,total,eurostat
CZ,2020-11-01,1026.48,total,eurostat
DE,2020-11-01,9757.998,total,eurostat
DK,2020-11-01,279.405,total,eurostat
EE,2020-11-01,40.6,total,eurostat
ES,2020-11-01,2826.0,total,eurostat
EU27_2020,2020-11-01,40293.76,total,eurostat
FI,2020-11-01,209.5,total,eurostat
FR,2020-11-01,4226.437,total,eurostat
GR,2020-11-01,510.55,total,eurostat
HR,2020-11-01,335.5,total,eurostat
HU,2020-11-01,1240.511,total,eurostat
IE,2020-11-01,465.245,total,eurostat
IT,2020-11-01,6950.0,total,eurostat
LT,2020-11-01,223.3,total,eurostat
LU,2020-11-01,75.828,total,eurostat
LV,2020-11-01,115.779,total,eurostat
MT,2020-11-01,20.351,total,eurostat
NL,2020-11-01,4021.608,total,eurostat
PL,2020-11-01,2196.974,total,eurostat
PT,2020-11-01,528.362,total,eurostat
RO,2020-11-01,1351.0,total,eurostat
SE,2020-11-01,142.0,total,eurostat
SI,2020-11-01,101.358,total,eurostat
SK,2020-11-01,569.142,total,eurostat
AT,2020-12-01,1160.767,total,eurostat
BE,2020-12-01,2162.6,total,eurostat
BG,2020-12-01,384.111,total,eurostat
CY,2020-12-01,0.0,total,eurostat
CZ,2020-12-01,1177.915,total,eurostat
DE,2020-12-01,11606.609,total,eurostat
DK,2020-12-01,335.981,total,eurostat
EE,2020-12-01,59.2,total,eurostat
ES,2020-12-01,3187.0,total,eurostat
EU27_2020,2020-12-01,48378.784,total,eurostat
FI,2020-12-01,254.5,total,eurostat
FR,2020-12-01,5268.869,total,eurostat
GR,2020-12-01,604.735,total,eurostat
HR,2020-12-01,354.8,total,eurostat
HU,2020-12-01,1366.47,total,eurostat
IE,2020-12-01,514.897,total,eurostat
IT,2020-12-01,8853.4,total,eurostat
LT,2020-12-01,257.1,total,eurostat
LU,2020-12-01,83.52,total,eurostat
LV,2020-12-01,150.689,total,eurostat
MT,2020-12-01,25.711,total,eurostat
NL,2020-12-01,5089.229,total,eurostat
PL,2020-12-01,2545.86,total,eurostat
PT,2020-12-01,443.818,total,eurostat
RO,2020-12-01,1562.0,total,eurostat
SE,2020-12-01,177.0,total,eurostat
SI,2020-12-01,104.527,total,eurostat
SK,2020-12-01,647.476,total,eurostat
AT,2021-01-01,1249.298,total,eurostat
BE,2021-01-01,2459.4,total,eurostat
BG,2021-01-01,381.38,total,eurostat
CY,2021-01-01,0.0,total,eurostat
CZ,2021-01-01,1279.051,total,eurostat
DE,2021-01-01,13130.666,total,eurostat
DK,2021-01-01,395.328,total,eurostat
EE,2021-01-01,65.0,total,eurostat
ES,2021-01-01,3421.921,total,eurostat
EU27_2020,2021-01-01,54143.962,total,eurostat
FI,2021-01-01,358.9,total,eurostat
FR,2021-01-01,6068.591,total,eurostat
GR,2021-01-01,628.402,total,eurostat
HR,2021-01-01,313.4,total,eurostat
HU,2021-01-01,1543.542,total,eurostat
IE,2021-01-01,553.688,total,eurostat
IT,2021-01-01,9823.0,total,eurostat
LT,2021-01-01,321.1,total,eurostat
LU,2021-01-01,101.417,total,eurostat
LV,2021-01-01,183.509,total,eurostat
MT,2021-01-01,26.759,total,eurostat
NL,2021-01-01,5903.567,total,eurostat
PL,2021-01-01,2731.659,total,eurostat
PT,2021-01-01,527.035,total,eurostat
RO,2021-01-01,1650.0,total,eurostat
SE,2021-01-01,184.0,total,eurostat
SI,2021-01-01,113.212,total,eurostat
SK,2021-01-01,730.137,total,eurostat
AT,2021-02-01,1024.985,total,eurostat
BE,2021-02-01,2035.1,total,eurostat
BG,2021-02-01,347.362,total,eurostat
CY,2021-02-01,0.0,total,eurostat
CZ,2021-02-01,1172.943,total,eurostat
DE,2021-02-01,11238.43,total,eurostat
DK,2021-02-01,375.45,total,eurostat
EE,2021-02-01,70.6,total,eurostat
ES,2021-02-01,2576.536,total,eurostat
EU27_2020,2021-02-01,44752.25,total,eurostat
FI,2021-02-01,359.9,total,eurostat
FR,2021-02-01,4649.302,total,eurostat
GR,2021-02-01,448.668,total,eurostat
HR,2021-02-01,295.0,total,eurostat
HU,2021-02-01,1330.476,total,eurostat
IE,2021-02-01,439.708,total,eurostat
IT,2021-02-01,7677.5,total,eurostat
LT,2021-02-01,273.0,total,eurostat
LU,2021-02-01,83.134,total,eurostat
LV,2021-02-01,178.833,total,eurostat
MT,2021-02-01,27.039,total,eurostat
NL,2021-02-01,4877.077,total,eurostat
PL,2021-02-01,2513.831,total,eurostat
PT,2021-02-01,386.643,total,eurostat
RO,2021-02-01,1458.0,total,eurostat
SE,2021-02-01,155.0,total,eurostat
SI,2021-02-01,97.559,total,eurostat
SK,2021-02-01,660.174,total,eurostat
AT,2021-03-01,1005.607,total,eurostat
BE,2021-03-01,1959.8,total,eurostat
BG,2021-03-01,377.433,total,eurostat
CY,2021-03-01,0.0,total,eurostat
CZ,2021-03-01,1092.541,total,eurostat
DE,2021-03-01,10149.76,total,eurostat
DK,2021-03-01,312.603,total,eurostat
EE,2021-03-01,52.6,total,eurostat
ES,2021-03-01,2848.078,total,eurostat
EU27_2020,2021-03-01,43129.75,total,eurostat
FI,2021-03-01,267.9,total,eurostat
FR,2021-03-01,4547.173,total,eurostat
GR,2021-03-01,540.101,total,eurostat
HR,2021-03-01,321.6,total,eurostat
HU,2021-03-01,1231.594,total,eurostat
IE,2021-03-01,500.179,total,eurostat
IT,2021-03-01,7638.0,total,eurostat
LT,2021-03-01,226.9,total,eurostat
LU,2021-03-01,81.899,total,eurostat
LV,2021-03-01,136.977,total,eurostat
MT,2021-03-01,29.024,total,eurostat
NL,2021-03-01,4657.76,total,eurostat
PL,2021-03-01,2395.204,total,eurostat
PT,2021-03-01,435.485,total,eurostat
RO,2021-03-01,1472.0,total,eurostat
SE,2021-03-01,116.0,total,eurostat
SI,2021-03-01,99.389,total,eurostat
SK,2021-03-01,634.143,total,eurostat
AT,2021-04-01,828.029,total,eurostat
BE,2021-04-01,1733.3,total,eurostat
BG,2021-04-01,294.204,total,eurostat
CY,2021-04-01,0.0,total,eurostat
CZ,2021-04-01,881.416,total,eurostat
DE,2021-04-01,8456.133,total,eurostat
DK,2021-04-01,253.029,total,eurostat
EE,2021-04-01,39.2,total,eurostat
ES,2021-04-01,2730.148,total,eurostat
EU27_2020,2021-04-01,35910.314,total,eurostat
FI,2021-04-01,227.9,total,eurostat
FR,2021-04-01,3544.711,total,eurostat
GR,2021-04-01,551.048,total,eurostat
HR,2021-04-01,270.6,total,eurostat
HU,2021-04-01,953.549,total,eurostat
IE,2021-04-01,462.687,total,eurostat
IT,2021-04-01,6161.0,total,eurostat
LT,2021-04-01,216.3,total,eurostat
LU,2021-04-01,68.398,total,eurostat
LV,2021-04-01,79.661,total,eurostat
MT,2021-04-01,32.75,total,eurostat
NL,2021-04-01,3857.954,total,eurostat
PL,2021-04-01,2020.853,total,eurostat
PT,2021-04-01,521.285,total,eurostat
RO,2021-04-01,1039.0,total,eurostat
SE,2021-04-01,100.0,total,eurostat
SI,2021-04-01,86.458,total,eurostat
SK,2021-04-01,500.701,total,eurostat
AT,2021-05-01,568.365,total,eurostat
BE,2021-05-01,1285.0,total,eurostat
BG,2021-05-01,234.655,total,eurostat
CY,2021-05-01,0.0,total,eurostat
CZ,2021-05-01,590.599,total,eurostat
DE,2021-05-01,6311.638,total,eurostat
DK,2021-05-01,213.097,total,eurostat
EE,2021-05-01,25.7,total,eurostat
ES,2021-05-01,2402.509,total,eurostat
EU27_2020,2021-05-01,26715.104,total,eurostat
FI,2021-05-01,101.9,total,eurostat
FR,2021-05-01,2561.115,total,eurostat
GR,2021-05-01,403.431,total,eurostat
HR,2021-05-01,182.3,total,eurostat
HU,2021-05-01,634.348,total,eurostat
IE,2021-05-01,391.53,total,eurostat
IT,2021-05-01,4215.0,total,eurostat
LT,2021-05-01,204.0,total,eurostat
LU,2021-05-01,57.59,total,eurostat
LV,2021-05-01,45.803,total,eurostat
MT,2021-05-01,32.04,total,eurostat
NL,2021-05-01,3142.31,total,eurostat
PL,2021-05-01,1593.402,total,eurostat
PT,2021-05-01,439.409,total,eurostat
RO,2021-05-01,616.0,total,eurostat
SE,2021-05-01,63.6,total,eurostat
SI,2021-05-01,66.908,total,eurostat
SK,2021-05-01,332.855,total,eurostat
AT,2021-06-01,397.566,total,eurostat
BE,2021-06-01,953.5,total,eurostat
BG,2021-06-01,230.255,total,eurostat
CY,2021-06-01,0.0,total,eurostat
CZ,2021-06-01,415.464,total,eurostat
DE,2021-06-01,4273.432,total,eurostat
DK,2021-06-01,151.354,total,eurostat
EE,2021-06-01,16.8,total,eurostat
ES,2021-06-01,2440.036,total,eurostat
EU27_2020,2021-06-01,21938.172,total,eurostat
FI,2021-06-01,119.895,total,eurostat
FR,2021-06-01,1655.453,total,eurostat
GR,2021-06-01,536.599,total,eurostat
HR,2021-06-01,131.3,total,eurostat
HU,2021-06-01,426.477,total,eurostat
IE,2021-06-01,371.718,total,eurostat
IT,2021-06-01,4317.0,total,eurostat
LT,2021-06-01,152.3,total,eurostat
LU,2021-06-01,36.079,total,eurostat
LV,2021-06-01,42.409,total,eurostat
MT,2021-06-01,36.842,total,eurostat
NL,2021-06-01,2432.989,total,eurostat
PL,2021-06-01,1332.069,total,eurostat
PT,2021-06-01,534.458,total,eurostat
RO,2021-06-01,526.0,total,eurostat
SE,2021-06-01,103.7,total,eurostat
SI,2021-06-01,53.66,total,eurostat
SK,2021-06-01,250.817,total,eurostat
AT,2021-07-01,395.884,total,eurostat
BE,2021-07-01,903.2,total,eurostat
BG,2021-07-01,258.789,total,eurostat
CY,2021-07-01,0.0,total,eurostat
CZ,2021-07-01,393.52,total,eurostat
DE,2021-07-01,3741.781,total,eurostat
DK,2021-07-01,132.596,total,eurostat
EE,2021-07-01,15.2,total,eurostat
ES,2021-07-01,2471.415,total,eurostat
EU27_2020,2021-07-01,21534.941,total,eurostat
FI,2021-07-01,152.895,total,eurostat
FR,2021-07-01,1573.423,total,eurostat
GR,2021-07-01,615.467,total,eurostat
HR,2021-07-01,179.7,total,eurostat
HU,2021-07-01,445.309,total,eurostat
IE,2021-07-01,390.76,total,eurostat
IT,2021-07-01,4571.0,total,eurostat
LT,2021-07-01,140.6,total,eurostat
LU,2021-07-01,36.373,total,eurostat
LV,2021-07-01,53.969,total,eurostat
MT,2021-07-01,42.727,total,eurostat
NL,2021-07-01,2268.674,total,eurostat
PL,2021-07-01,1404.706,total,eurostat
PT,2021-07-01,479.506,total,eurostat
RO,2021-07-01,513.0,total,eurostat
SE,2021-07-01,64.0,total,eurostat
SI,2021-07-01,48.472,total,eurostat
SK,2021-07-01,241.975,total,eurostat
AT,2021-08-01,394.475,total,eurostat
BE,2021-08-01,906.3,total,eurostat
BG,2021-08-01,195.625,total,eurostat
CY,2021-08-01,0.0,total,eurostat
CZ,2021-08-01,373.607,total,eurostat
DE,2021-08-01,3596.963,total,eurostat
DK,2021-08-01,154.906,total,eurostat
EE,2021-08-01,20.2,total,eurostat
ES,2021-08-01,2425.265,total,eurostat
EU27_2020,2021-08-01,19934.653,total,eurostat
FI,2021-08-01,142.895,total,eurostat
FR,2021-08-01,1364.665,total,eurostat
GR,2021-08-01,583.117,total,eurostat
HR,2021-08-01,177.5,total,eurostat
HU,2021-08-01,442.221,total,eurostat
IE,2021-08-01,400.507,total,eurostat
IT,2021-08-01,3881.0,total,eurostat
LT,2021-08-01,109.0,total,eurostat
LU,2021-08-01,33.082,total,eurostat
LV,2021-08-01,29.707,total,eurostat
MT,2021-08-01,41.756,total,eurostat
NL,2021-08-01,1939.127,total,eurostat
PL,2021-08-01,1402.0,total,eurostat
PT,2021-08-01,449.359,total,eurostat
RO,2021-08-01,508.0,total,eurostat
SE,2021-08-01,80.715,total,eurostat
SI,2021-08-01,47.78,total,eurostat
SK,2021-08-01,234.881,total,eurostat
AT,2021-09-01,463.227,total,eurostat
BE,2021-09-01,924.8,total,eurostat
BG,2021-09-01,205.652,total,eurostat
CY,2021-09-01,0.0,total,eurostat
CZ,2021-09-01,438.45,total,eurostat
DE,2021-09-01,4193.666,total,eurostat
DK,2021-09-01,161.916,total,eurostat
EE,2021-09-01,25.6,total,eurostat
ES,2021-09-01,2686.329,total,eurostat
EU27_2020,2021-09-01,22904.625,total,eurostat
FI,2021-09-01,174.895,total,eurostat
FR,2021-09-01,1717.031,total,eurostat
GR,2021-09-01,520.749,total,eurostat
HR,2021-09-01,173.9,total,eurostat
HU,2021-09-01,472.863,total,eurostat
IE,2021-09-01,383.741,total,eurostat
IT,2021-09-01,4914.0,total,eurostat
LT,2021-09-01,117.3,total,eurostat
LU,2021-09-01,39.366,total,eurostat
LV,2021-09-01,69.486,total,eurostat
MT,2021-09-01,29.807,total,eurostat
NL,2021-09-01,2251.588,total,eurostat
PL,2021-09-01,1432.164,total,eurostat
PT,2021-09-01,523.579,total,eurostat
RO,2021-09-01,579.0,total,eurostat
SE,2021-09-01,73.245,total,eurostat
SI,2021-09-01,52.308,total,eurostat
SK,2021-09-01,279.963,total,eurostat
AT,2021-10-01,771.613,total,eurostat
BE,2021-10-01,1278.0,total,eurostat
BG,2021-10-01,238.12,total,eurostat
CY,2021-10-01,0.0,total,eurostat
CZ,2021-10-01,704.553,total,eurostat
DE,2021-10-01,6774.846,total,eurostat
DK,2021-10-01,207.803,total,eurostat
EE,2021-10-01,30.6,total,eurostat
ES,2021-10-01,2711.1,total,eurostat
EU27_2020,2021-10-01,30375.608,total,eurostat
FI,2021-10-01,146.895,total,eurostat
FR,2021-10-01,2888.06,total,eurostat
GR,2021-10-01,493.345,total,eurostat
HR,2021-10-01,238.6,total,eurostat
HU,2021-10-01,948.266,total,eurostat
IE,2021-10-01,392.314,total,eurostat
IT,2021-10-01,5566.0,total,eurostat
LT,2021-10-01,162.5,total,eurostat
LU,2021-10-01,60.871,total,eurostat
LV,2021-10-01,75.941,total,eurostat
MT,2021-10-01,28.47,total,eurostat
NL,2021-10-01,2726.305,total,eurostat
PL,2021-10-01,1862.632,total,eurostat
PT,2021-10-01,504.971,total,eurostat
RO,2021-10-01,956.0,total,eurostat
SE,2021-10-01,90.168,total,eurostat
SI,2021-10-01,79.453,total,eurostat
SK,2021-10-01,438.182,total,eurostat
AT,2021-11-01,1074.348,total,eurostat
BE,2021-11-01,1894.9,total,eurostat
BG,2021-11-01,283.437,total,eurostat
CY,2021-11-01,0.0,total,eurostat
CZ,2021-11-01,987.937,total,eurostat
DE,2021-11-01,10146.488,total,eurostat
DK,2021-11-01,262.515,total,eurostat
EE,2021-11-01,43.5,total,eurostat
ES,2021-11-01,3474.288,total,eurostat
EU27_2020,2021-11-01,42197.037,total,eurostat
FI,2021-11-01,110.895,total,eurostat
FR,2021-11-01,4908.4,total,eurostat
GR,2021-11-01,512.628,total,eurostat
HR,2021-11-01,314.4,total,eurostat
HU,2021-11-01,1252.49,total,eurostat
IE,2021-11-01,460.122,total,eurostat
IT,2021-11-01,7633.0,total,eurostat
LT,2021-11-01,159.6,total,eurostat
LU,2021-11-01,80.727,total,eurostat
LV,2021-11-01,110.108,total,eurostat
MT,2021-11-01,25.029,total,eurostat
NL,2021-11-01,3870.735,total,eurostat
PL,2021-11-01,2102.838,total,eurostat
PT,2021-11-01,510.773,total,eurostat
RO,2021-11-01,1209.0,total,eurostat
SE,2021-11-01,102.823,total,eurostat
SI,2021-11-01,94.853,total,eurostat
SK,2021-11-01,571.203,total,eurostat
AT,2021-12-01,1169.719,total,eurostat
BE,2021-12-01,2010.1,total,eurostat
BG,2021-12-01,368.079,total,eurostat
CY,2021-12-01,0.0,total,eurostat
CZ,2021-12-01,1128.916,total,eurostat
DE,2021-12-01,11612.877,total,eurostat
DK,2021-12-01,339.59,total,eurostat
EE,2021-12-01,72.4,total,eurostat
ES,2021-12-01,3393.886,total,eurostat
EU27_2020,2021-12-01,48909.345,total,eurostat
FI,2021-12-01,254.895,total,eurostat
FR,2021-12-01,5388.731,total,eurostat
GR,2021-12-01,602.267,total,eurostat
HR,2021-12-01,327.8,total,eurostat
HU,2021-12-01,1551.927,total,eurostat
IE,2021-12-01,467.911,total,eurostat
IT,2021-12-01,9711.0,total,eurostat
LT,2021-12-01,233.9,total,eurostat
LU,2021-12-01,82.631,total,eurostat
LV,2021-12-01,180.941,total,eurostat
MT,2021-12-01,25.865,total,eurostat
NL,2021-12-01,4438.67,total,eurostat
PL,2021-12-01,2625.271,total,eurostat
PT,2021-12-01,449.873,total,eurostat
RO,2021-12-01,1543.0,total,eurostat
SE,2021-12-01,114.943,total,eurostat
SI,2021-12-01,111.515,total,eurostat
SK,2021-12-01,702.638,total,eurostat
AT,2022-01-01,1158.614,total,eurostat
BE,2022-01-01,2191.7,total,eurostat
BG,2022-01-01,387.006,total,eurostat
CY,2022-01-01,0.0,total,eurostat
CZ,2022-01-01,1123.429,total,eurostat
DE,2022-01-01,12107.641,total,eurostat
DK,2022-01-01,300.081,total,eurostat
EE,2022-01-01,60.4,total,eurostat
ES,2022-01-01,3613.996,total,eurostat
EU27_2020,2022-01-01,50201.833,total,eurostat
FI,2022-01-01,178.895,total,eurostat
FR,2022-01-01,5895.421,total,eurostat
GR,2022-01-01,573.863,total,eurostat
HR,2022-01-01,375.5,total,eurostat
HU,2022-01-01,1606.124,total,eurostat
IE,2022-01-01,518.258,total,eurostat
IT,2022-01-01,9733.0,total,eurostat
LT,2022-01-01,197.8,total,eurostat
LU,2022-01-01,94.578,total,eurostat
LV,2022-01-01,138.237,total,eurostat
MT,2022-01-01,28.881,total,eurostat
NL,2022-01-01,4494.695,total,eurostat
PL,2022-01-01,2390.306,total,eurostat
PT,2022-01-01,518.778,total,eurostat
RO,2022-01-01,1591.0,total,eurostat
SE,2022-01-01,102.173,total,eurostat
SI,2022-01-01,116.42,total,eurostat
SK,2022-01-01,705.037,total,eurostat
AT,2022-02-01,976.866,total,eurostat
BE,2022-02-01,1686.4,total,eurostat
BG,2022-02-01,317.77,total,eurostat
CY,2022-02-01,0.0,total,eurostat
CZ,2022-02-01,1123.429,total,eurostat
DE,2022-02-01,9883.82,total,eurostat
DK,2022-02-01,259.3,total,eurostat
EE,2022-02-01,49.8,total,eurostat
ES,2022-02-01,3108.162,total,eurostat
EU27_2020,2022-02-01,40504.224,total,eurostat
FI,2022-02-01,149.895,total,eurostat
FR,2022-02-01,4375.41,total,eurostat
GR,2022-02-01,496.065,total,eurostat
HR,2022-02-01,300.1,total,eurostat
HU,2022-02-01,1240.082,total,eurostat
IE,2022-02-01,402.523,total,eurostat
IT,2022-02-01,7672.0,total,eurostat
LT,2022-02-01,157.2,total,eurostat
LU,2022-02-01,75.357,total,eurostat
LV,2022-02-01,103.631,total,eurostat
MT,2022-02-01,26.451,total,eurostat
NL,2022-02-01,3603.509,total,eurostat
PL,2022-02-01,2070.959,total,eurostat
PT,2022-02-01,433.394,total,eurostat
RO,2022-02-01,1263.0,total,eurostat
SE,2022-02-01,81.744,total,eurostat
SI,2022-02-01,92.574,total,eurostat
SK,2022-02-01,554.783,total,eurostat
AT,2022-03-01,994.523,total,eurostat
BE,2022-03-01,1543.4,total,eurostat
BG,2022-03-01,350.257,total,eurostat
CY,2022-03-01,0.0,total,eurostat
CZ,2022-03-01,902.109,total,eurostat
DE,2022-03-01,9444.382,total,eurostat
DK,2022-03-01,265.736,total,eurostat
EE,2022-03-01,45.3,total,eurostat
ES,2022-03-01,3025.498,total,eurostat
EU27_2020,2022-03-01,39689.691,total,eurostat
FI,2022-03-01,162.335,total,eurostat
FR,2022-03-01,4097.12,total,eurostat
GR,2022-03-01,636.996,total,eurostat
HR,2022-03-01,268.3,total,eurostat
HU,2022-03-01,1212.987,total,eurostat
IE,2022-03-01,463.862,total,eurostat
IT,2022-03-01,7970.0,total,eurostat
LT,2022-03-01,197.9,total,eurostat
LU,2022-03-01,69.434,total,eurostat
LV,2022-03-01,93.463,total,eurostat
MT,2022-03-01,29.254,total,eurostat
NL,2022-03-01,3426.085,total,eurostat
PL,2022-03-01,2075.844,total,eurostat
PT,2022-03-01,468.95,total,eurostat
RO,2022-03-01,1247.0,total,eurostat
SE,2022-03-01,59.639,total,eurostat
SI,2022-03-01,95.77,total,eurostat
SK,2022-03-01,543.547,total,eurostat
AT,2022-04-01,707.085,total,eurostat
BE,2022-04-01,1256.6,total,eurostat
BG,2022-04-01,202.221,total,eurostat
CY,2022-04-01,0.0,total,eurostat
CZ,2022-04-01,687.827,total,eurostat
DE,2022-04-01,6966.618,total,eurostat
DK,2022-04-01,199.154,total,eurostat
EE,2022-04-01,31.1,total,eurostat
ES,2022-04-01,2374.658,total,eurostat
EU27_2020,2022-04-01,29271.615,total,eurostat
FI,2022-04-01,96.095,total,eurostat
FR,2022-04-01,3104.231,total,eurostat
GR,2022-04-01,296.18,total,eurostat
HR,2022-04-01,193.616,total,eurostat
HU,2022-04-01,847.955,total,eurostat
IE,2022-04-01,460.803,total,eurostat
IT,2022-04-01,5268.0,total,eurostat
LT,2022-04-01,152.1,total,eurostat
LU,2022-04-01,54.788,total,eurostat
LV,2022-04-01,61.101,total,eurostat
MT,2022-04-01,22.06,total,eurostat
NL,2022-04-01,2801.916,total,eurostat
PL,2022-04-01,1798.391,total,eurostat
PT,2022-04-01,415.498,total,eurostat
RO,2022-04-01,729.0,total,eurostat
SE,2022-04-01,55.012,total,eurostat
SI,2022-04-01,72.134,total,eurostat
SK,2022-04-01,417.472,total,eurostat
AT,2022-05-01,469.171,total,eurostat
BE,2022-05-01,993.3,total,eurostat
BG,2022-05-01,199.452,total,eurostat
CY,2022-05-01,0.0,total,eurostat
CZ,2022-05-01,394.307,total,eurostat
DE,2022-05-01,4325.02,total,eurostat
DK,2022-05-01,155.366,total,eurostat
EE,2022-05-01,21.4,total,eurostat
ES,2022-05-01,2310.52,total,eurostat
EU27_2020,2022-05-01,21604.011,total,eurostat
FI,2022-05-01,102.895,total,eurostat
FR,2022-05-01,1965.541,total,eurostat
GR,2022-05-01,341.81,total,eurostat
HR,2022-05-01,131.8,total,eurostat
HU,2022-05-01,432.788,total,eurostat
IE,2022-05-01,427.532,total,eurostat
IT,2022-05-01,4199.0,total,eurostat
LT,2022-05-01,141.3,total,eurostat
LU,2022-05-01,34.143,total,eurostat
LV,2022-05-01,31.573,total,eurostat
MT,2022-05-01,27.658,total,eurostat
NL,2022-05-01,2198.972,total,eurostat
PL,2022-05-01,1332.324,total,eurostat
PT,2022-05-01,453.593,total,eurostat
RO,2022-05-01,576.0,total,eurostat
SE,2022-05-01,50.222,total,eurostat
SI,2022-05-01,52.712,total,eurostat
SK,2022-05-01,235.612,total,eurostat
AT,2022-06-01,377.996,total,eurostat
BE,2022-06-01,906.1,total,eurostat
BG,2022-06-01,180.272,total,eurostat
CY,2022-06-01,0.0,total,eurostat
CZ,2022-06-01,339.706,total,eurostat
DE,2022-06-01,3491.114,total,eurostat
DK,2022-06-01,138.668,total,eurostat
EE,2022-06-01,14.8,total,eurostat
ES,2022-06-01,2620.431,total,eurostat
EU27_2020,2022-06-01,20045.344,total,eurostat
FI,2022-06-01,93.525,total,eurostat
FR,2022-06-01,1664.55,total,eurostat
GR,2022-06-01,425.52,total,eurostat
HR,2022-06-01,127.0,total,eurostat
HU,2022-06-01,383.785,total,eurostat
IE,2022-06-01,415.72,total,eurostat
IT,2022-06-01,4232.0,total,eurostat
LT,2022-06-01,145.3,total,eurostat
LU,2022-06-01,26.821,total,eurostat
LV,2022-06-01,19.099,total,eurostat
MT,2022-06-01,35.637,total,eurostat
NL,2022-06-01,2030.922,total,eurostat
PL,2022-06-01,1148.113,total,eurostat
PT,2022-06-01,460.922,total,eurostat
RO,2022-06-01,490.0,total,eurostat
SE,2022-06-01,37.205,total,eurostat
SI,2022-06-01,48.285,total,eurostat
SK,2022-06-01,191.853,total,eurostat
AT,2022-07-01,349.904,total,eurostat
BE,2022-07-01,892.0,total,eurostat
BG,2022-07-01,188.754,total,eurostat
CY,2022-07-01,0.0,total,eurostat
CZ,2022-07-01,308.607,total,eurostat
DE,2022-07-01,3679.419,total,eurostat
DK,2022-07-01,119.655,total,eurostat
EE,2022-07-01,11.3,total,eurostat
ES,2022-07-01,2773.083,total,eurostat
EU27_2020,2022-07-01,20422.202,total,eurostat
FI,2022-07-01,84.817,total,eurostat
FR,2022-07-01,1665.933,total,eurostat
GR,2022-07-01,531.106,total,eurostat
HR,2022-07-01,151.4,total,eurostat
HU,2022-07-01,397.974,total,eurostat
IE,2022-07-01,442.788,total,eurostat
IT,2022-07-01,4443.0,total,eurostat
LT,2022-07-01,95.3,total,eurostat
LU,2022-07-01,24.655,total,eurostat
LV,2022-07-01,19.119,total,eurostat
MT,2022-07-01,42.125,total,eurostat
NL,2022-07-01,1849.43,total,eurostat
PL,2022-07-01,1103.351,total,eurostat
PT,2022-07-01,501.005,total,eurostat
RO,2022-07-01,455.0,total,eurostat
SE,2022-07-01,52.581,total,eurostat
SI,2022-07-01,45.848,total,eurostat
SK,2022-07-01,194.048,total,eurostat
AT,2022-08-01,318.551,total,eurostat
BE,2022-08-01,945.8,total,eurostat
BG,2022-08-01,136.429,total,eurostat
CY,2022-08-01,0.0,total,eurostat
CZ,2022-08-01,308.331,total,eurostat
DE,2022-08-01,3017.858,total,eurostat
DK,2022-08-01,122.871,total,eurostat
EE,2022-08-01,12.6,total,eurostat
ES,2022-08-01,2528.133,total,eurostat
EU27_2020,2022-08-01,18328.087,total,eurostat
FI,2022-08-01,100.895,total,eurostat
FR,2022-08-01,1518.339,total,eurostat
GR,2022-08-01,485.549,total,eurostat
HR,2022-08-01,142.7,total,eurostat
HU,2022-08-01,345.375,total,eurostat
IE,2022-08-01,445.434,total,eurostat
IT,2022-08-01,3810.0,total,eurostat
LT,2022-08-01,55.1,total,eurostat
LU,2022-08-01,20.893,total,eurostat
LV,2022-08-01,40.963,total,eurostat
MT,2022-08-01,41.463,total,eurostat
NL,2022-08-01,1764.264,total,eurostat
PL,2022-08-01,988.722,total,eurostat
PT,2022-08-01,481.715,total,eurostat
RO,2022-08-01,435.0,total,eurostat
SE,2022-08-01,53.86,total,eurostat
SI,2022-08-01,41.859,total,eurostat
SK,2022-08-01,165.383,total,eurostat
AT,2022-09-01,470.221,total,eurostat
BE,2022-09-01,979.8,total,eurostat
BG,2022-09-01,139.42,total,eurostat
CY,2022-09-01,0.0,total,eurostat
CZ,2022-09-01,391.333,total,eurostat
DE,2022-09-01,4260.761,total,eurostat
DK,2022-09-01,132.49,total,eurostat
EE,2022-09-01,15.6,total,eurostat
ES,2022-09-01,2526.58,total,eurostat
EU27_2020,2022-09-01,20533.58,total,eurostat
FI,2022-09-01,73.817,total,eurostat
FR,2022-09-01,1915.682,total,eurostat
GR,2022-09-01,322.382,total,eurostat
HR,2022-09-01,137.5,total,eurostat
HU,2022-09-01,428.805,total,eurostat
IE,2022-09-01,396.515,total,eurostat
IT,2022-09-01,4034.0,total,eurostat
LT,2022-09-01,90.3,total,eurostat
LU,2022-09-01,31.336,total,eurostat
LV,2022-09-01,37.05,total,eurostat
MT,2022-09-01,33.683,total,eurostat
NL,2022-09-01,1835.936,total,eurostat
PL,2022-09-01,1049.966,total,eurostat
PT,2022-09-01,457.85,total,eurostat
RO,2022-09-01,493.0,total,eurostat
SE,2022-09-01,42.96,total,eurostat
SI,2022-09-01,48.379,total,eurostat
SK,2022-09-01,188.214,total,eurostat
AT,2022-10-01,556.726,total,eurostat
BE,2022-10-01,1137.8,total,eurostat
BG,2022-10-01,141.856,total,eurostat
CY,2022-10-01,0.0,total,eurostat
CZ,2022-10-01,526.65,total,eurostat
DE,2022-10-01,5039.309,total,eurostat
DK,2022-10-01,158.716,total,eurostat
EE,2022-10-01,18.5,total,eurostat
ES,2022-10-01,2532.022,total,eurostat
EU27_2020,2022-10-01,23323.187,total,eurostat
FI,2022-10-01,69.242,total,eurostat
FR,2022-10-01,2279.372,total,eurostat
GR,2022-10-01,243.618,total,eurostat
HR,2022-10-01,203.35,total,eurostat
HU,2022-10-01,545.067,total,eurostat
IE,2022-10-01,380.036,total,eurostat
IT,2022-10-01,4235.0,total,eurostat
LT,2022-10-01,91.5,total,eurostat
LU,2022-10-01,38.728,total,eurostat
LV,2022-10-01,28.512,total,eurostat
MT,2022-10-01,26.92,total,eurostat
NL,2022-10-01,2220.991,total,eurostat
PL,2022-10-01,1356.637,total,eurostat
PT,2022-10-01,449.75,total,eurostat
RO,2022-10-01,637.0,total,eurostat
SE,2022-10-01,54.708,total,eurostat
SI,2022-10-01,55.872,total,eurostat
SK,2022-10-01,295.305,total,eurostat
AT,2022-11-01,804.768,total,eurostat
BE,2022-11-01,1336.2,total,eurostat
BG,2022-11-01,222.01,total,eurostat
CY,2022-11-01,0.0,total,eurostat
CZ,2022-11-01,761.356,total,eurostat
DE,2022-11-01,7100.69,total,eurostat
DK,2022-11-01,195.077,total,eurostat
EE,2022-11-01,29.8,total,eurostat
ES,2022-11-01,2455.038,total,eurostat
EU27_2020,2022-11-01,30985.768,total,eurostat
FI,2022-11-01,78.895,total,eurostat
FR,2022-11-01,3538.257,total,eurostat
GR,2022-11-01,355.717,total,eurostat
HR,2022-11-01,234.9,total,eurostat
HU,2022-11-01,914.681,total,eurostat
IE,2022-11-01,415.088,total,eurostat
IT,2022-11-01,5578.0,total,eurostat
LT,2022-11-01,111.5,total,eurostat
LU,2022-11-01,52.876,total,eurostat
LV,2022-11-01,101.631,total,eurostat
MT,2022-11-01,35.413,total,eurostat
NL,2022-11-01,2749.837,total,eurostat
PL,2022-11-01,1895.289,total,eurostat
PT,2022-11-01,474.722,total,eurostat
RO,2022-11-01,965.0,total,eurostat
SE,2022-11-01,53.54,total,eurostat
SI,2022-11-01,78.962,total,eurostat
SK,2022-11-01,446.521,total,eurostat
AT,2022-12-01,965.238,total,eurostat
BE,2022-12-01,1868.2,total,eurostat
BG,2022-12-01,280.17,total,eurostat
CY,2022-12-01,0.0,total,eurostat
CZ,2022-12-01,973.033,total,eurostat
DE,2022-12-01,9942.489,total,eurostat
DK,2022-12-01,281.755,total,eurostat
EE,2022-12-01,42.8,total,eurostat
ES,2022-12-01,2441.447,total,eurostat
EU27_2020,2022-12-01,40776.243,total,eurostat
FI,2022-12-01,89.095,total,eurostat
FR,2022-12-01,4944.227,total,eurostat
GR,2022-12-01,463.528,total,eurostat
HR,2022-12-01,254.2,total,eurostat
HU,2022-12-01,1182.236,total,eurostat
IE,2022-12-01,519.09,total,eurostat
IT,2022-12-01,7372.0,total,eurostat
LT,2022-12-01,214.0,total,eurostat
LU,2022-12-01,69.671,total,eurostat
LV,2022-12-01,151.658,total,eurostat
MT,2022-12-01,34.637,total,eurostat
NL,2022-12-01,4017.465,total,eurostat
PL,2022-12-01,2229.949,total,eurostat
PT,2022-12-01,377.06,total,eurostat
RO,2022-12-01,1309.0,total,eurostat
SE,2022-12-01,81.701,total,eurostat
SI,2022-12-01,90.8,total,eurostat
SK,2022-12-01,580.794,total,eurostat
AT,2023-01-01,925.725,total,eurostat
BE,2023-01-01,1824.0,total,eurostat
BG,2023-01-01,259.96,total,eurostat
CY,2023-01-01,0.0,total,eurostat
CZ,2023-01-01,894.424,total,eurostat
DE,2023-01-01,11338.309,total,eurostat
DK,2023-01-01,257.569,total,eurostat
EE,2023-01-01,38.7,total,eurostat
ES,2023-01-01,2613.865,total,eurostat
EU27_2020,2023-01-01,41382.121,total,eurostat
FI,2023-01-01,131.032,total,eurostat
FR,2023-01-01,4836.159,total,eurostat
GR,2023-01-01,370.094,total,eurostat
HR,2023-01-01,268.9,total,eurostat
HU,2023-01-01,1126.55,total,eurostat
IE,2023-01-01,479.883,total,eurostat
IT,2023-01-01,7524.0,total,eurostat
LT,2023-01-01,127.2,total,eurostat
LU,2023-01-01,72.042,total,eurostat
LV,2023-01-01,105.061,total,eurostat
MT,2023-01-01,36.04,total,eurostat
NL,2023-01-01,3573.294,total,eurostat
PL,2023-01-01,2215.622,total,eurostat
PT,2023-01-01,356.663,total,eurostat
RO,2023-01-01,1295.0,total,eurostat
SE,2023-01-01,77.437,total,eurostat
SI,2023-01-01,95.114,total,eurostat
SK,2023-01-01,539.479,total,eurostat
AT,2023-02-01,805.119,total,eurostat
BE,2023-02-01,1676.1,total,eurostat
BG,2023-02-01,257.579,total,eurostat
CY,2023-02-01,0.0,total,eurostat
CZ,2023-02-01,868.612,total,eurostat
DE,2023-02-01,8974.879,total,eurostat
DK,2023-02-01,235.779,total,eurostat
EE,2023-02-01,35.1,total,eurostat
ES,2023-02-01,2996.606,total,eurostat
EU27_2020,2023-02-01,37651.179,total,eurostat
FI,2023-02-01,144.892,total,eurostat
FR,2023-02-01,4369.696,total,eurostat
GR,2023-02-01,392.443,total,eurostat
HR,2023-02-01,266.9,total,eurostat
HU,2023-02-01,1091.989,total,eurostat
IE,2023-02-01,424.24,total,eurostat
IT,2023-02-01,7071.0,total,eurostat
LT,2023-02-01,99.2,total,eurostat
LU,2023-02-01,65.506,total,eurostat
LV,2023-02-01,113.465,total,eurostat
MT,2023-02-01,29.847,total,eurostat
NL,2023-02-01,3227.56,total,eurostat
PL,2023-02-01,2072.881,total,eurostat
PT,2023-02-01,440.176,total,eurostat
RO,2023-02-01,1300.0,total,eurostat
SE,2023-02-01,68.241,total,eurostat
SI,2023-02-01,87.964,total,eurostat
SK,2023-02-01,535.404,total,eurostat
AT,2023-03-01,691.863,total,eurostat
BE,2023-03-01,1665.7,total,eurostat
BG,2023-03-01,258.94,total,eurostat
CY,2023-03-01,0.0,total,eurostat
CZ,2023-03-01,776.98,total,eurostat
DE,2023-03-01,8442.917,total,eurostat
DK,2023-03-01,242.096,total,eurostat
EE,2023-03-01,37.0,total,eurostat
ES,2023-03-01,2580.768,total,eurostat
EU27_2020,2023-03-01,34199.981,total,eurostat
FI,2023-03-01,133.752,total,eurostat
FR,2023-03-01,3786.393,total,eurostat
GR,2023-03-01,367.193,total,eurostat
HR,2023-03-01,244.5,total,eurostat
HU,2023-03-01,907.711,total,eurostat
IE,2023-03-01,482.935,total,eurostat
IT,2023-03-01,5884.0,total,eurostat
LT,2023-03-01,157.5,total,eurostat
LU,2023-03-01,63.839,total,eurostat
LV,2023-03-01,95.611,total,eurostat
MT,2023-03-01,33.099,total,eurostat
NL,2023-03-01,3289.985,total,eurostat
PL,2023-03-01,2055.487,total,eurostat
PT,2023-03-01,363.688,total,eurostat
RO,2023-03-01,1004.0,total,eurostat
SE,2023-03-01,85.51,total,eurostat
SI,2023-03-01,78.418,total,eurostat
SK,2023-03-01,470.096,total,eurostat
AT,2023-04-01,610.554,total,eurostat
BE,2023-04-01,1286.2,total,eurostat
BG,2023-04-01,211.784,total,eurostat
CY,2023-04-01,0.0,total,eurostat
CZ,2023-04-01,611.052,total,eurostat
DE,2023-04-01,6463.027,total,eurostat
DK,2023-04-01,174.049,total,eurostat
EE,2023-04-01,23.7,total,eurostat
ES,2023-04-01,2160.114,total,eurostat
EU27_2020,2023-04-01,26673.49,total,eurostat
FI,2023-04-01,77.012,total,eurostat
FR,2023-04-01,2704.045,total,eurostat
GR,2023-04-01,353.316,total,eurostat
HR,2023-04-01,208.0,total,eurostat
HU,2023-04-01,718.394,total,eurostat
IE,2023-04-01,416.127,total,eurostat
IT,2023-04-01,4621.0,total,eurostat
LT,2023-04-01,122.5,total,eurostat
LU,2023-04-01,50.075,total,eurostat
LV,2023-04-01,39.419,total,eurostat
MT,2023-04-01,31.841,total,eurostat
NL,2023-04-01,2568.354,total,eurostat
PL,2023-04-01,1663.94,total,eurostat
PT,2023-04-01,310.58,total,eurostat
RO,2023-04-01,754.0,total,eurostat
SE,2023-04-01,48.795,total,eurostat
SI,2023-04-01,69.299,total,eurostat
SK,2023-04-01,376.312,total,eurostat
AT,2023-05-01,453.41,total,eurostat
BE,2023-05-01,915.0,total,eurostat
BG,2023-05-01,149.879,total,eurostat
CY,2023-05-01,0.0,total,eurostat
CZ,2023-05-01,370.748,total,eurostat
DE,2023-05-01,4445.945,total,eurostat
DK,2023-05-01,142.193,total,eurostat
EE,2023-05-01,16.3,total,eurostat
ES,2023-05-01,2186.879,total,eurostat
EU27_2020,2023-05-01,20304.658,total,eurostat
FI,2023-05-01,139.692,total,eurostat
FR,2023-05-01,1693.354,total,eurostat
GR,2023-05-01,291.495,total,eurostat
HR,2023-05-01,158.4,total,eurostat
HU,2023-05-01,457.4,total,eurostat
IE,2023-05-01,417.426,total,eurostat
IT,2023-05-01,3814.0,total,eurostat
LT,2023-05-01,107.3,total,eurostat
LU,2023-05-01,33.502,total,eurostat
LV,2023-05-01,21.123,total,eurostat
MT,2023-05-01,34.143,total,eurostat
NL,2023-05-01,1994.583,total,eurostat
PL,2023-05-01,1275.994,total,eurostat
PT,2023-05-01,342.016,total,eurostat
RO,2023-05-01,473.0,total,eurostat
SE,2023-05-01,52.959,total,eurostat
SI,2023-05-01,58.92,total,eurostat
SK,2023-05-01,258.996,total,eurostat
AT,2023-06-01,316.697,total,eurostat
BE,2023-06-01,839.4,total,eurostat
BG,2023-06-01,144.585,total,eurostat
CY,2023-06-01,0.0,total,eurostat
CZ,2023-06-01,322.127,total,eurostat
DE,2023-06-01,3357.473,total,eurostat
DK,2023-06-01,135.169,total,eurostat
EE,2023-06-01,12.5,total,eurostat
ES,2023-06-01,2337.152,total,eurostat
EU27_2020,2023-06-01,18276.64,total,eurostat
FI,2023-06-01,99.912,total,eurostat
FR,2023-06-01,1433.547,total,eurostat
GR,2023-06-01,390.917,total,eurostat
HR,2023-06-01,127.1,total,eurostat
HU,2023-06-01,381.118,total,eurostat
IE,2023-06-01,374.764,total,eurostat
IT,2023-06-01,3649.0,total,eurostat
LT,2023-06-01,102.0,total,eurostat
LU,2023-06-01,24.088,total,eurostat
LV,2023-06-01,33.655,total,eurostat
MT,2023-06-01,33.357,total,eurostat
NL,2023-06-01,1967.922,total,eurostat
PL,2023-06-01,1133.62,total,eurostat
PT,2023-06-01,399.213,total,eurostat
RO,2023-06-01,357.0,total,eurostat
SE,2023-06-01,52.066,total,eurostat
SI,2023-06-01,50.494,total,eurostat
SK,2023-06-01,201.764,total,eurostat
AT,2023-07-01,318.051,total,eurostat
BE,2023-07-01,779.9,total,eurostat
BG,2023-07-01,178.769,total,eurostat
CY,2023-07-01,0.0,total,eurostat
CZ,2023-07-01,289.395,total,eurostat
DE,2023-07-01,3329.633,total,eurostat
DK,2023-07-01,133.81,total,eurostat
EE,2023-07-01,11.0,total,eurostat
ES,2023-07-01,2324.092,total,eurostat
EU27_2020,2023-07-01,18783.752,total,eurostat
FI,2023-07-01,112.752,total,eurostat
FR,2023-07-01,1387.517,total,eurostat
GR,2023-07-01,481.531,total,eurostat
HR,2023-07-01,174.1,total,eurostat
HU,2023-07-01,390.267,total,eurostat
IE,2023-07-01,348.304,total,eurostat
IT,2023-07-01,4278.0,total,eurostat
LT,2023-07-01,98.5,total,eurostat
LU,2023-07-01,25.065,total,eurostat
LV,2023-07-01,19.901,total,eurostat
MT,2023-07-01,40.208,total,eurostat
NL,2023-07-01,1820.812,total,eurostat
PL,2023-07-01,1112.089,total,eurostat
PT,2023-07-01,425.564,total,eurostat
RO,2023-07-01,423.0,total,eurostat
SE,2023-07-01,47.96,total,eurostat
SI,2023-07-01,44.479,total,eurostat
SK,2023-07-01,189.053,total,eurostat
AT,2023-08-01,300.256,total,eurostat
BE,2023-08-01,823.4,total,eurostat
BG,2023-08-01,167.394,total,eurostat
CY,2023-08-01,0.0,total,eurostat
CZ,2023-08-01,289.769,total,eurostat
DE,2023-08-01,3342.161,total,eurostat
DK,2023-08-01,145.914,total,eurostat
EE,2023-08-01,13.4,total,eurostat
ES,2023-08-01,2239.51,total,eurostat
EU27_2020,2023-08-01,17920.236,total,eurostat
FI,2023-08-01,134.27,total,eurostat
FR,2023-08-01,1280.547,total,eurostat
GR,2023-08-01,418.995,total,eurostat
HR,2023-08-01,172.1,total,eurostat
HU,2023-08-01,356.838,total,eurostat
IE,2023-08-01,345.176,total,eurostat
IT,2023-08-01,3413.0,total,eurostat
LT,2023-08-01,111.4,total,eurostat
LU,2023-08-01,22.131,total,eurostat
LV,2023-08-01,37.575,total,eurostat
MT,2023-08-01,40.803,total,eurostat
NL,2023-08-01,2029.321,total,eurostat
PL,2023-08-01,1204.108,total,eurostat
PT,2023-08-01,375.507,total,eurostat
RO,2023-08-01,407.0,total,eurostat
SE,2023-08-01,50.942,total,eurostat
SI,2023-08-01,40.347,total,eurostat
SK,2023-08-01,158.372,total,eurostat
AT,2023-09-01,362.711,total,eurostat
BE,2023-09-01,836.3,total,eurostat
BG,2023-09-01,178.318,total,eurostat
CY,2023-09-01,0.0,total,eurostat
CZ,2023-09-01,310.241,total,eurostat
DE,2023-09-01,3601.035,total,eurostat
DK,2023-09-01,131.144,total,eurostat
EE,2023-09-01,12.6,total,eurostat
ES,2023-09-01,2335.928,total,eurostat
EU27_2020,2023-09-01,19332.473,total,eurostat
FI,2023-09-01,116.01,total,eurostat
FR,2023-09-01,1401.895,total,eurostat
GR,2023-09-01,407.046,total,eurostat
HR,2023-09-01,174.0,total,eurostat
HU,2023-09-01,382.487,total,eurostat
IE,2023-09-01,345.847,total,eurostat
IT,2023-09-01,4146.0,total,eurostat
LT,2023-09-01,124.7,total,eurostat
LU,2023-09-01,26.14,total,eurostat
LV,2023-09-01,46.116,total,eurostat
MT,2023-09-01,37.613,total,eurostat
NL,2023-09-01,2030.057,total,eurostat
PL,2023-09-01,1217.559,total,eurostat
PT,2023-09-01,405.99,total,eurostat
RO,2023-09-01,434.0,total,eurostat
SE,2023-09-01,64.313,total,eurostat
SI,2023-09-01,46.008,total,eurostat
SK,2023-09-01,158.415,total,eurostat
AT,2023-10-01,494.026,total,eurostat
BE,2023-10-01,1012.8,total,eurostat
BG,2023-10-01,191.492,total,eurostat
CY,2023-10-01,0.0,total,eurostat
CZ,2023-10-01,474.053,total,eurostat
DE,2023-10-01,5089.803,total,eurostat
DK,2023-10-01,186.332,total,eurostat
EE,2023-10-01,30.2,total,eurostat
ES,2023-10-01,2227.994,total,eurostat
EU27_2020,2023-10-01,23408.1,total,eurostat
FI,2023-10-01,297.9,total,eurostat
FR,2023-10-01,1974.158,total,eurostat
GR,2023-10-01,396.593,total,eurostat
HR,2023-10-01,208.2,total,eurostat
HU,2023-10-01,578.467,total,eurostat
IE,2023-10-01,391.22,total,eurostat
IT,2023-10-01,4335.0,total,eurostat
LT,2023-10-01,174.9,total,eurostat
LU,2023-10-01,40.663,total,eurostat
LV,2023-10-01,62.038,total,eurostat
MT,2023-10-01,31.965,total,eurostat
NL,2023-10-01,2251.836,total,eurostat
PL,2023-10-01,1594.445,total,eurostat
PT,2023-10-01,329.055,total,eurostat
RO,2023-10-01,623.0,total,eurostat
SE,2023-10-01,63.704,total,eurostat
SI,2023-10-01,58.497,total,eurostat
SK,2023-10-01,289.759,total,eurostat
AT,2023-11-01,764.46,total,eurostat
BE,2023-11-01,1475.5,total,eurostat
BG,2023-11-01,259.67,total,eurostat
CY,2023-11-01,0.0,total,eurostat
CZ,2023-11-01,737.412,total,eurostat
DE,2023-11-01,8277.881,total,eurostat
DK,2023-11-01,249.543,total,eurostat
EE,2023-11-01,37.1,total,eurostat
ES,2023-11-01,2342.809,total,eurostat
EU27_2020,2023-11-01,33124.989,total,eurostat
FI,2023-11-01,156.04,total,eurostat
FR,2023-11-01,3551.434,total,eurostat
GR,2023-11-01,336.149,total,eurostat
HR,2023-11-01,279.44,total,eurostat
HU,2023-11-01,929.186,total,eurostat
IE,2023-11-01,437.264,total,eurostat
IT,2023-11-01,5744.0,total,eurostat
LT,2023-11-01,158.2,total,eurostat
LU,2023-11-01,63.358,total,eurostat
LV,2023-11-01,96.265,total,eurostat
MT,2023-11-01,26.676,total,eurostat
NL,2023-11-01,3025.804,total,eurostat
PL,2023-11-01,2131.401,total,eurostat
PT,2023-11-01,329.851,total,eurostat
RO,2023-11-01,1083.0,total,eurostat
SE,2023-11-01,82.617,total,eurostat
SI,2023-11-01,82.676,total,eurostat
SK,2023-11-01,467.253,total,eurostat
AT,2023-12-01,915.552,total,eurostat
BE,2023-12-01,1644.9,total,eurostat
BG,2023-12-01,292.376,total,eurostat
CY,2023-12-01,0.0,total,eurostat
CZ,2023-12-01,886.831,total,eurostat
DE,2023-12-01,9551.108,total,eurostat
DK,2023-12-01,275.574,total,eurostat
EE,2023-12-01,50.8,total,eurostat
ES,2023-12-01,2667.344,total,eurostat
EU27_2020,2023-12-01,39142.897,total,eurostat
FI,2023-12-01,191.88,total,eurostat
FR,2023-12-01,4214.08,total,eurostat
GR,2023-12-01,445.017,total,eurostat
HR,2023-12-01,254.0,total,eurostat
HU,2023-12-01,1176.279,total,eurostat
IE,2023-12-01,405.423,total,eurostat
IT,2023-12-01,7235.0,total,eurostat
LT,2023-12-01,204.8,total,eurostat
LU,2023-12-01,69.334,total,eurostat
LV,2023-12-01,115.664,total,eurostat
MT,2023-12-01,25.513,total,eurostat
NL,2023-12-01,3554.411,total,eurostat
PL,2023-12-01,2458.414,total,eurostat
PT,2023-12-01,334.906,total,eurostat
RO,2023-12-01,1392.0,total,eurostat
SE,2023-12-01,91.887,total,eurostat
SI,2023-12-01,97.751,total,eurostat
SK,2023-12-01,592.052,total,eurostat
AT,2024-01-01,1040.509,total,eurostat
BE,2024-01-01,1999.7,total,eurostat
BG,2024-01-01,297.003,total,eurostat
CY,2024-01-01,0.0,total,eurostat
CZ,2024-01-01,1053.117,total,eurostat
DE,2024-01-01,11489.879,total,eurostat
DK,2024-01-01,339.457,total,eurostat
EE,2024-01-01,68.4,total,eurostat
ES,2024-01-01,2951.022,total,eurostat
EU27_2020,2024-01-01,45309.605,total,eurostat
FI,2024-01-01,232.527,total,eurostat
FR,2024-01-01,4977.41,total,eurostat
GR,2024-01-01,554.244,total,eurostat
HR,2024-01-01,277.5,total,eurostat
HU,2024-01-01,1293.895,total,eurostat
IE,2024-01-01,518.229,total,eurostat
IT,2024-01-01,7867.0,total,eurostat
LT,2024-01-01,214.5,total,eurostat
LU,2024-01-01,83.746,total,eurostat
LV,2024-01-01,183.33,total,eurostat
MT,2024-01-01,29.6,total,eurostat
NL,2024-01-01,4352.417,total,eurostat
PL,2024-01-01,2665.404,total,eurostat
PT,2024-01-01,381.678,total,eurostat
RO,2024-01-01,1554.0,total,eurostat
SE,2024-01-01,126.118,total,eurostat
SI,2024-01-01,111.048,total,eurostat
SK,2024-01-01,647.872,total,eurostat
AT,2024-02-01,686.809,total,eurostat
BE,2024-02-01,1423.3,total,eurostat
BG,2024-02-01,249.33,total,eurostat
CY,2024-02-01,0.0,total,eurostat
CZ,2024-02-01,712.952,total,eurostat
DE,2024-02-01,8078.875,total,eurostat
DK,2024-02-01,236.32,total,eurostat
EE,2024-02-01,43.4,total,eurostat
ES,2024-02-01,2468.546,total,eurostat
EU27_2020,2024-02-01,33702.361,total,eurostat
FI,2024-02-01,204.417,total,eurostat
FR,2024-02-01,3498.578,total,eurostat
GR,2024-02-01,448.062,total,eurostat
HR,2024-02-01,221.7,total,eurostat
HU,2024-02-01,886.472,total,eurostat
IE,2024-02-01,415.683,total,eurostat
IT,2024-02-01,6372.442,total,eurostat
LT,2024-02-01,166.6,total,eurostat
LU,2024-02-01,62.888,total,eurostat
LV,2024-02-01,126.104,total,eurostat
MT,2024-02-01,29.61,total,eurostat
NL,2024-02-01,3161.46,total,eurostat
PL,2024-02-01,2114.183,total,eurostat
PT,2024-02-01,322.535,total,eurostat
RO,2024-02-01,1142.0,total,eurostat
SE,2024-02-01,88.688,total,eurostat
SI,2024-02-01,85.228,total,eurostat
SK,2024-02-01,456.178,total,eurostat
AT,2024-03-01,617.26,total,eurostat
BE,2024-03-01,1386.4,total,eurostat
BG,2024-03-01,273.04,total,eurostat
CY,2024-03-01,0.0,total,eurostat
CZ,2024-03-01,669.124,total,eurostat
DE,2024-03-01,7738.392,total,eurostat
DK,2024-03-01,231.381,total,eurostat
EE,2024-03-01,34.7,total,eurostat
ES,2024-03-01,2387.421,total,eurostat
EU27_2020,2024-03-01,31893.085,total,eurostat
FI,2024-03-01,172.377,total,eurostat
FR,2024-03-01,3259.096,total,eurostat
GR,2024-03-01,485.18,total,eurostat
HR,2024-03-01,207.8,total,eurostat
HU,2024-03-01,838.413,total,eurostat
IE,2024-03-01,438.941,total,eurostat
IT,2024-03-01,5698.976,total,eurostat
LT,2024-03-01,155.5,total,eurostat
LU,2024-03-01,58.072,total,eurostat
LV,2024-03-01,77.975,total,eurostat
MT,2024-03-01,28.531,total,eurostat
NL,2024-03-01,3006.76,total,eurostat
PL,2024-03-01,2090.742,total,eurostat
PT,2024-03-01,343.56,total,eurostat
RO,2024-03-01,1103.0,total,eurostat
SE,2024-03-01,71.561,total,eurostat
SI,2024-03-01,83.579,total,eurostat
SK,2024-03-01,435.304,total,eurostat
AT,2024-04-01,478.681,total,eurostat
BE,2024-04-01,1145.5,total,eurostat
BG,2024-04-01,203.549,total,eurostat
CY,2024-04-01,0.0,total,eurostat
CZ,2024-04-01,473.593,total,eurostat
DE,2024-04-01,6130.83,total,eurostat
DK,2024-04-01,201.396,total,eurostat
EE,2024-04-01,31.1,total,eurostat
ES,2024-04-01,2019.996,total,eurostat
EU27_2020,2024-04-01,24459.782,total,eurostat
FI,2024-04-01,124.077,total,eurostat
FR,2024-04-01,2292.356,total,eurostat
GR,2024-04-01,386.793,total,eurostat
HR,2024-04-01,157.4,total,eurostat
HU,2024-04-01,575.0,total,eurostat
IE,2024-04-01,411.516,total,eurostat
IT,2024-04-01,4140.33,total,eurostat
LT,2024-04-01,192.4,total,eurostat
LU,2024-04-01,50.527,total,eurostat
LV,2024-04-01,46.4,total,eurostat
MT,2024-04-01,22.73,total,eurostat
NL,2024-04-01,2459.867,total,eurostat
PL,2024-04-01,1647.744,total,eurostat
PT,2024-04-01,259.067,total,eurostat
RO,2024-04-01,541.0,total,eurostat
SE,2024-04-01,79.708,total,eurostat
SI,2024-04-01,73.454,total,eurostat
SK,2024-04-01,314.768,total,eurostat
AT,2024-05-01,354.519,total,eurostat
BE,2024-05-01,838.4,total,eurostat
BG,2024-05-01,202.617,total,eurostat
CY,2024-05-01,0.0,total,eurostat
CZ,2024-05-01,318.838,total,eurostat
DE,2024-05-01,4251.241,total,eurostat
DK,2024-05-01,140.425,total,eurostat
EE,2024-05-01,16.6,total,eurostat
ES,2024-05-01,1989.498,total,eurostat
EU27_2020,2024-05-01,19267.157,total,eurostat
FI,2024-05-01,107.047,total,eurostat
FR,2024-05-01,1594.938,total,eurostat
GR,2024-05-01,454.712,total,eurostat
HR,2024-05-01,129.454,total,eurostat
HU,2024-05-01,430.164,total,eurostat
IE,2024-05-01,420.096,total,eurostat
IT,2024-05-01,3553.936,total,eurostat
LT,2024-05-01,94.8,total,eurostat
LU,2024-05-01,37.009,total,eurostat
LV,2024-05-01,21.001,total,eurostat
MT,2024-05-01,27.348,total,eurostat
NL,2024-05-01,1972.817,total,eurostat
PL,2024-05-01,1252.464,total,eurostat
PT,2024-05-01,252.558,total,eurostat
RO,2024-05-01,472.0,total,eurostat
SE,2024-05-01,59.571,total,eurostat
SI,2024-05-01,62.249,total,eurostat
SK,2024-05-01,212.855,total,eurostat
AT,2024-06-01,329.903,total,eurostat
BE,2024-06-01,779.0,total,eurostat
BG,2024-06-01,182.867,total,eurostat
CY,2024-06-01,0.0,total,eurostat
CZ,2024-06-01,306.896,total,eurostat
DE,2024-06-01,3739.0,total,eurostat
DK,2024-06-01,134.21,total,eurostat
EE,2024-06-01,10.6,total,eurostat
ES,2024-06-01,1880.347,total,eurostat
EU27_2020,2024-06-01,17713.871,total,eurostat
FI,2024-06-01,131.967,total,eurostat
FR,2024-06-01,1303.607,total,eurostat
GR,2024-06-01,493.951,total,eurostat
HR,2024-06-01,107.36,total,eurostat
HU,2024-06-01,367.296,total,eurostat
IE,2024-06-01,349.096,total,eurostat
IT,2024-06-01,3441.414,total,eurostat
LT,2024-06-01,88.4,total,eurostat
LU,2024-06-01,31.701,total,eurostat
LV,2024-06-01,15.534,total,eurostat
MT,2024-06-01,31.568,total,eurostat
NL,2024-06-01,1861.819,total,eurostat
PL,2024-06-01,1177.354,total,eurostat
PT,2024-06-01,239.625,total,eurostat
RO,2024-06-01,414.0,total,eurostat
SE,2024-06-01,51.643,total,eurostat
SI,2024-06-01,52.458,total,eurostat
SK,2024-06-01,192.255,total,eurostat
AT,2024-07-01,305.208,total,eurostat
BE,2024-07-01,711.8,total,eurostat
BG,2024-07-01,154.62,total,eurostat
CY,2024-07-01,0.0,total,eurostat
CZ,2024-07-01,271.037,total,eurostat
DE,2024-07-01,3508.439,total,eurostat
DK,2024-07-01,113.522,total,eurostat
EE,2024-07-01,12.7,total,eurostat
ES,2024-07-01,2131.72,total,eurostat
EU27_2020,2024-07-01,18578.466,total,eurostat
FI,2024-07-01,132.819,total,eurostat
FR,2024-07-01,1243.611,total,eurostat
GR,2024-07-01,569.603,total,eurostat
HR,2024-07-01,135.93,total,eurostat
HU,2024-07-01,365.269,total,eurostat
IE,2024-07-01,378.294,total,eurostat
IT,2024-07-01,4201.994,total,eurostat
LT,2024-07-01,95.3,total,eurostat
LU,2024-07-01,27.899,total,eurostat
LV,2024-07-01,32.823,total,eurostat
MT,2024-07-01,37.642,total,eurostat
NL,2024-07-01,1801.25,total,eurostat
PL,2024-07-01,1294.62,total,eurostat
PT,2024-07-01,285.301,total,eurostat
RO,2024-07-01,471.0,total,eurostat
SE,2024-07-01,55.036,total,eurostat
SI,2024-07-01,49.974,total,eurostat
SK,2024-07-01,191.055,total,eurostat
AT,2024-08-01,292.866,total,eurostat
BE,2024-08-01,681.2,total,eurostat
BG,2024-08-01,183.803,total,eurostat
CY,2024-08-01,0.0,total,eurostat
CZ,2024-08-01,286.134,total,eurostat
DE,2024-08-01,3416.856,total,eurostat
DK,2024-08-01,123.086,total,eurostat
EE,2024-08-01,13.4,total,eurostat
ES,2024-08-01,2038.709,total,eurostat
EU27_2020,2024-08-01,17568.259,total,eurostat
FI,2024-08-01,102.497,total,eurostat
FR,2024-08-01,1072.184,total,eurostat
GR,2024-08-01,526.926,total,eurostat
HR,2024-08-01,152.8,total,eurostat
HU,2024-08-01,358.367,total,eurostat
IE,2024-08-01,343.399,total,eurostat
IT,2024-08-01,3725.563,total,eurostat
LT,2024-08-01,92.4,total,eurostat
LU,2024-08-01,19.566,total,eurostat
LV,2024-08-01,40.494,total,eurostat
MT,2024-08-01,41.452,total,eurostat
NL,2024-08-01,1754.75,total,eurostat
PL,2024-08-01,1289.801,total,eurostat
PT,2024-08-01,267.028,total,eurostat
RO,2024-08-01,433.0,total,eurostat
SE,2024-08-01,60.782,total,eurostat
SI,2024-08-01,49.433,total,eurostat
SK,2024-08-01,201.763,total,eurostat
AT,2024-09-01,376.43,total,eurostat
BE,2024-09-01,806.0,total,eurostat
BG,2024-09-01,189.735,total,eurostat
CY,2024-09-01,0.0,total,eurostat
CZ,2024-09-01,335.825,total,eurostat
DE,2024-09-01,4035.568,total,eurostat
DK,2024-09-01,135.045,total,eurostat
EE,2024-09-01,12.7,total,eurostat
ES,2024-09-01,2005.834,total,eurostat
EU27_2020,2024-09-01,19782.132,total,eurostat
FI,2024-09-01,133.127,total,eurostat
FR,2024-09-01,1450.434,total,eurostat
GR,2024-09-01,447.566,total,eurostat
HR,2024-09-01,194.931,total,eurostat
HU,2024-09-01,434.453,total,eurostat
IE,2024-09-01,386.422,total,eurostat
IT,2024-09-01,4265.656,total,eurostat
LT,2024-09-01,94.7,total,eurostat
LU,2024-09-01,32.012,total,eurostat
LV,2024-09-01,47.362,total,eurostat
MT,2024-09-01,30.891,total,eurostat
NL,2024-09-01,1896.787,total,eurostat
PL,2024-09-01,1389.476,total,eurostat
PT,2024-09-01,299.706,total,eurostat
RO,2024-09-01,438.0,total,eurostat
SE,2024-09-01,59.087,total,eurostat
SI,2024-09-01,54.599,total,eurostat
SK,2024-09-01,229.787,total,eurostat
AT,2024-10-01,534.51,total,eurostat
BE,2024-10-01,1048.9,total,eurostat
BG,2024-10-01,219.06,total,eurostat
CY,2024-10-01,0.0,total,eurostat
CZ,2024-10-01,566.912,total,eurostat
DE,2024-10-01,5334.185,total,eurostat
DK,2024-10-01,179.016,total,eurostat
EE,2024-10-01,22.2,total,eurostat
ES,2024-10-01,2121.784,total,eurostat
EU27_2020,2024-10-01,24334.717,total,eurostat
FI,2024-10-01,148.387,total,eurostat
FR,2024-10-01,2035.853,total,eurostat
GR,2024-10-01,431.838,total,eurostat
HR,2024-10-01,242.383,total,eurostat
HU,2024-10-01,680.769,total,eurostat
IE,2024-10-01,425.735,total,eurostat
IT,2024-10-01,4366.377,total,eurostat
LT,2024-10-01,152.3,total,eurostat
LU,2024-10-01,44.614,total,eurostat
LV,2024-10-01,53.616,total,eurostat
MT,2024-10-01,33.283,total,eurostat
NL,2024-10-01,2369.263,total,eurostat
PL,2024-10-01,1834.953,total,eurostat
PT,2024-10-01,311.854,total,eurostat
RO,2024-10-01,710.0,total,eurostat
SE,2024-10-01,50.234,total,eurostat
SI,2024-10-01,59.992,total,eurostat
SK,2024-10-01,356.7,total,eurostat
AT,2024-11-01,956.178,total,eurostat
BE,2024-11-01,1591.3,total,eurostat
BG,2024-11-01,290.269,total,eurostat
CY,2024-11-01,0.0,total,eurostat
CZ,2024-11-01,866.606,total,eurostat
DE,2024-11-01,9147.129,total,eurostat
DK,2024-11-01,245.902,total,eurostat
EE,2024-11-01,34.3,total,eurostat
ES,2024-11-01,2634.935,total,eurostat
EU27_2020,2024-11-01,36689.588,total,eurostat
FI,2024-11-01,107.487,total,eurostat
FR,2024-11-01,3547.082,total,eurostat
GR,2024-11-01,612.638,total,eurostat
HR,2024-11-01,258.822,total,eurostat
HU,2024-11-01,1096.031,total,eurostat
IE,2024-11-01,516.995,total,eurostat
IT,2024-11-01,6318.921,total,eurostat
LT,2024-11-01,201.2,total,eurostat
LU,2024-11-01,64.501,total,eurostat
LV,2024-11-01,88.611,total,eurostat
MT,2024-11-01,30.855,total,eurostat
NL,2024-11-01,3468.612,total,eurostat
PL,2024-11-01,2327.207,total,eurostat
PT,2024-11-01,331.113,total,eurostat
RO,2024-11-01,1233.0,total,eurostat
SE,2024-11-01,79.227,total,eurostat
SI,2024-11-01,90.437,total,eurostat
SK,2024-11-01,550.231,total,eurostat
AT,2024-12-01,1009.993,total,eurostat
BE,2024-12-01,1721.9,total,eurostat
BG,2024-12-01,296.464,total,eurostat
CY,2024-12-01,0.0,total,eurostat
CZ,2024-12-01,950.149,total,eurostat
DE,2024-12-01,10864.5,total,eurostat
DK,2024-12-01,255.334,total,eurostat
EE,2024-12-01,44.1,total,eurostat
ES,2024-12-01,3118.126,total,eurostat
EU27_2020,2024-12-01,42455.175,total,eurostat
FI,2024-12-01,170.377,total,eurostat
FR,2024-12-01,4345.725,total,eurostat
GR,2024-12-01,652.436,total,eurostat
HR,2024-12-01,315.243,total,eurostat
HU,2024-12-01,1249.717,total,eurostat
IE,2024-12-01,485.413,total,eurostat
IT,2024-12-01,7915.026,total,eurostat
LT,2024-12-01,192.4,total,eurostat
LU,2024-12-01,74.271,total,eurostat
LV,2024-12-01,96.573,total,eurostat
MT,2024-12-01,29.092,total,eurostat
NL,2024-12-01,3652.829,total,eurostat
PL,2024-12-01,2464.675,total,eurostat
PT,2024-12-01,372.198,total,eurostat
RO,2024-12-01,1393.0,total,eurostat
SE,2024-12-01,72.751,total,eurostat
SI,2024-12-01,104.798,total,eurostat
SK,2024-12-01,608.085,total,eurostat
AT,2025-01-01,1098.29,total,eurostat
BE,2025-01-01,1990.7,total,eurostat
BG,2025-01-01,298.958,total,eurostat
CY,2025-01-01,0.0,total,eurostat
CZ,2025-01-01,1056.115,total,eurostat
DE,2025-01-01,11411.316,total,eurostat
DK,2025-01-01,310.604,total,eurostat
EE,2025-01-01,42.0,total,eurostat
ES,2025-01-01,2892.316,total,eurostat
EU27_2020,2025-01-01,45019.758,total,eurostat
FI,2025-01-01,156.41,total,eurostat
FR,2025-01-01,4823.356,total,eurostat
GR,2025-01-01,709.45,total,eurostat
HR,2025-01-01,322.05,total,eurostat
HU,2025-01-01,1319.838,total,eurostat
IE,2025-01-01,542.664,total,eurostat
IT,2025-01-01,8111.636,total,eurostat
LT,2025-01-01,206.9,total,eurostat
LU,2025-01-01,83.086,total,eurostat
LV,2025-01-01,111.774,total,eurostat
MT,2025-01-01,27.098,total,eurostat
NL,2025-01-01,4282.29,total,eurostat
PL,2025-01-01,2580.959,total,eurostat
PT,2025-01-01,377.129,total,eurostat
RO,2025-01-01,1430.0,total,eurostat
SE,2025-01-01,81.144,total,eurostat
SI,2025-01-01,109.813,total,eurostat
SK,2025-01-01,643.862,total,eurostat
AT,2025-02-01,999.086,total,eurostat
BE,2025-02-01,1716.1,total,eurostat
BG,2025-02-01,307.529,total,eurostat
CY,2025-02-01,0.0,total,eurostat
CZ,2025-02-01,968.774,total,eurostat
DE,2025-02-01,10823.921,total,eurostat
DK,2025-02-01,276.537,total,eurostat
EE,2025-02-01,44.3,total,eurostat
ES,2025-02-01,2544.499,total,eurostat
EU27_2020,2025-02-01,41028.372,total,eurostat
FI,2025-02-01,144.69,total,eurostat
FR,2025-02-01,3996.13,total,eurostat
GR,2025-02-01,716.723,total,eurostat
HR,2025-02-01,292.78,total,eurostat
HU,2025-02-01,1264.867,total,eurostat
IE,2025-02-01,401.243,total,eurostat
IT,2025-02-01,7321.972,total,eurostat
LT,2025-02-01,210.0,total,eurostat
LU,2025-02-01,72.471,total,eurostat
LV,2025-02-01,137.325,total,eurostat
MT,2025-02-01,26.533,total,eurostat
NL,2025-02-01,3746.289,total,eurostat
PL,2025-02-01,2484.902,total,eurostat
PT,2025-02-01,332.46,total,eurostat
RO,2025-02-01,1439.0,total,eurostat
SE,2025-02-01,79.687,total,eurostat
SI,2025-02-01,98.273,total,eurostat
SK,2025-02-01,582.281,total,eurostat
AT,2025-03-01,768.746,total,eurostat
BE,2025-03-01,1380.6,total,eurostat
BG,2025-03-01,260.55,total,eurostat
CY,2025-03-01,0.0,total,eurostat
CZ,2025-03-01,754.76,total,eurostat
DE,2025-03-01,8215.523,total,eurostat
DK,2025-03-01,206.949,total,eurostat
EE,2025-03-01,31.6,total,eurostat
ES,2025-03-01,2497.12,total,eurostat
EU27_2020,2025-03-01,33253.524,total,eurostat
FI,2025-03-01,166.63,total,eurostat
FR,2025-03-01,3294.231,total,eurostat
GR,2025-03-01,482.904,total,eurostat
HR,2025-03-01,249.477,total,eurostat
HU,2025-03-01,927.232,total,eurostat
IE,2025-03-01,450.036,total,eurostat
IT,2025-03-01,6205.47,total,eurostat
LT,2025-03-01,160.1,total,eurostat
LU,2025-03-01,59.716,total,eurostat
LV,2025-03-01,89.726,total,eurostat
MT,2025-03-01,23.988,total,eurostat
NL,2025-03-01,2968.36,total,eurostat
PL,2025-03-01,2131.554,total,eurostat
PT,2025-03-01,328.362,total,eurostat
RO,2025-03-01,996.0,total,eurostat
SE,2025-03-01,53.846,total,eurostat
SI,2025-03-01,87.744,total,eurostat
SK,2025-03-01,462.301,total,eurostat
AT,2025-04-01,530.492,total,eurostat
BE,2025-04-01,1043.5,total,eurostat
BG,2025-04-01,219.374,total,eurostat
CY,2025-04-01,0.0,total,eurostat
CZ,2025-04-01,505.042,total,eurostat
DE,2025-04-01,5503.277,total,eurostat
DK,2025-04-01,158.417,total,eurostat
EE,2025-04-01,23.4,total,eurostat
ES,2025-04-01,2067.655,total,eurostat
EU27_2020,2025-04-01,23375.366,total,eurostat
FI,2025-04-01,137.553,total,eurostat
FR,2025-04-01,1910.195,total,eurostat
GR,2025-04-01,360.974,total,eurostat
HR,2025-04-01,208.445,total,eurostat
HU,2025-04-01,613.582,total,eurostat
IE,2025-04-01,397.326,total,eurostat
IT,2025-04-01,4199.51,total,eurostat
LT,2025-04-01,156.2,total,eurostat
LU,2025-04-01,45.519,total,eurostat
LV,2025-04-01,52.409,total,eurostat
MT,2025-04-01,23.609,total,eurostat
NL,2025-04-01,2175.194,total,eurostat
PL,2025-04-01,1674.905,total,eurostat
PT,2025-04-01,267.812,total,eurostat
RO,2025-04-01,650.0,total,eurostat
SE,2025-04-01,56.334,total,eurostat
SI,2025-04-01,62.82,total,eurostat
SK,2025-04-01,331.822,total,eurostat
AT,2025-05-01,411.122,total,eurostat
BE,2025-05-01,838.0,total,eurostat
BG,2025-05-01,179.383,total,eurostat
CY,2025-05-01,0.0,total,eurostat
CZ,2025-05-01,419.567,total,eurostat
DE,2025-05-01,4442.416,total,eurostat
DK,2025-05-01,139.696,total,eurostat
EE,2025-05-01,18.2,total,eurostat
ES,2025-05-01,2182.973,total,eurostat
EU27_2020,2025-05-01,19621.04,total,eurostat
FI,2025-05-01,121.369,total,eurostat
FR,2025-05-01,1381.748,total,eurostat
GR,2025-05-01,390.41,total,eurostat
HR,2025-05-01,119.959,total,eurostat
HU,2025-05-01,465.924,total,eurostat
IE,2025-05-01,353.678,total,eurostat
IT,2025-05-01,3352.215,total,eurostat
LT,2025-05-01,135.2,total,eurostat
LU,2025-05-01,36.414,total,eurostat
LV,2025-05-01,32.923,total,eurostat
MT,2025-05-01,26.226,total,eurostat
NL,2025-05-01,1829.398,total,eurostat
PL,2025-05-01,1530.721,total,eurostat
PT,2025-05-01,350.713,total,eurostat
RO,2025-05-01,512.0,total,eurostat
SE,2025-05-01,46.797,total,eurostat
SI,2025-05-01,67.454,total,eurostat
SK,2025-05-01,236.534,total,eurostat
AT,2025-06-01,315.507,total,eurostat
BE,2025-06-01,730.5,total,eurostat
BG,2025-06-01,147.938,total,eurostat
CY,2025-06-01,0.0,total,eurostat
CZ,2025-06-01,302.44,total,eurostat
DE,2025-06-01,3203.834,total,eurostat
DK,2025-06-01,126.248,total,eurostat
EE,2025-06-01,12.4,total,eurostat
ES,2025-06-01,2276.024,total,eurostat
EU27_2020,2025-06-01,17137.71,total,eurostat
FI,2025-06-01,87.61,total,eurostat
FR,2025-06-01,1177.549,total,eurostat
GR,2025-06-01,501.944,total,eurostat
HR,2025-06-01,83.036,total,eurostat
HU,2025-06-01,318.259,total,eurostat
IE,2025-06-01,323.559,total,eurostat
IT,2025-06-01,3612.263,total,eurostat
LT,2025-06-01,86.9,total,eurostat
LU,2025-06-01,28.52,total,eurostat
LV,2025-06-01,17.486,total,eurostat
MT,2025-06-01,31.739,total,eurostat
NL,2025-06-01,1583.092,total,eurostat
PL,2025-06-01,1199.796,total,eurostat
PT,2025-06-01,315.341,total,eurostat
RO,2025-06-01,384.0,total,eurostat
SE,2025-06-01,54.033,total,eurostat
SI,2025-06-01,58.858,total,eurostat
SK,2025-06-01,158.834,total,eurostat
AT,2025-07-01,316.736,total,eurostat
BE,2025-07-01,708.9,total,eurostat
BG,2025-07-01,158.292,total,eurostat
CY,2025-07-01,0.0,total,eurostat
CZ,2025-07-01,292.894,total,eurostat
DE,2025-07-01,3288.644,total,eurostat
DK,2025-07-01,108.614,total,eurostat
EE,2025-07-01,11.7,total,eurostat
ES,2025-07-01,2260.588,total,eurostat
EU27_2020,2025-07-01,18328.322,total,eurostat
FI,2025-07-01,115.54,total,eurostat
FR,2025-07-01,1180.066,total,eurostat
GR,2025-07-01,581.845,total,eurostat
HR,2025-07-01,157.1,total,eurostat
HU,2025-07-01,330.645,total,eurostat
IE,2025-07-01,397.359,total,eurostat
IT,2025-07-01,4078.521,total,eurostat
LT,2025-07-01,47.6,total,eurostat
LU,2025-07-01,28.356,total,eurostat
LV,2025-07-01,30.226,total,eurostat
MT,2025-07-01,38.552,total,eurostat
NL,2025-07-01,1821.08,total,eurostat
PL,2025-07-01,1328.875,total,eurostat
PT,2025-07-01,331.556,total,eurostat
RO,2025-07-01,416.0,total,eurostat
SE,2025-07-01,49.403,total,eurostat
SI,2025-07-01,57.49,total,eurostat
SK,2025-07-01,191.741,total,eurostat
AT,2025-08-01,293.798,total,eurostat
BE,2025-08-01,709.7,total,eurostat
BG,2025-08-01,155.086,total,eurostat
CY,2025-08-01,0.0,total,eurostat
CZ,2025-08-01,270.006,total,eurostat
DE,2025-08-01,3260.532,total,eurostat
DK,2025-08-01,119.492,total,eurostat
EE,2025-08-01,13.5,total,eurostat
ES,2025-08-01,2059.987,total,eurostat
EU27_2020,2025-08-01,16912.381,total,eurostat
FI,2025-08-01,94.99,total,eurostat
FR,2025-08-01,1052.065,total,eurostat
GR,2025-08-01,483.806,total,eurostat
HR,2025-08-01,157.05,total,eurostat
HU,2025-08-01,282.124,total,eurostat
IE,2025-08-01,361.499,total,eurostat
IT,2025-08-01,3198.394,total,eurostat
LT,2025-08-01,87.4,total,eurostat
LU,2025-08-01,23.417,total,eurostat
LV,2025-08-01,33.382,total,eurostat
MT,2025-08-01,38.02,total,eurostat
NL,2025-08-01,1841.346,total,eurostat
PL,2025-08-01,1312.585,total,eurostat
PT,2025-08-01,312.603,total,eurostat
RO,2025-08-01,440.0,total,eurostat
SE,2025-08-01,62.815,total,eurostat
SI,2025-08-01,53.309,total,eurostat
SK,2025-08-01,195.475,total,eurostat
AT,2025-09-01,350.589,total,eurostat
BE,2025-09-01,805.2,total,eurostat
BG,2025-09-01,178.869,total,eurostat
CY,2025-09-01,0.0,total,eurostat
CZ,2025-09-01,319.184,total,eurostat
DE,2025-09-01,3710.577,total,eurostat
DK,2025-09-01,135.741,total,eurostat
EE,2025-09-01,13.9,total,eurostat
ES,2025-09-01,2183.539,total,eurostat
EU27_2020,2025-09-01,19144.656,total,eurostat
FI,2025-09-01,62.43,total,eurostat
FR,2025-09-01,1400.239,total,eurostat
GR,2025-09-01,452.7,total,eurostat
HR,2025-09-01,149.7,total,eurostat
HU,2025-09-01,387.336,total,eurostat
IE,2025-09-01,352.315,total,eurostat
IT,2025-09-01,4005.802,total,eurostat
LT,2025-09-01,124.5,total,eurostat
LU,2025-09-01,34.4,total,eurostat
LV,2025-09-01,38.007,total,eurostat
MT,2025-09-01,33.141,total,eurostat
NL,2025-09-01,1858.846,total,eurostat
PL,2025-09-01,1401.005,total,eurostat
PT,2025-09-01,350.337,total,eurostat
RO,2025-09-01,457.0,total,eurostat
SE,2025-09-01,45.393,total,eurostat
SI,2025-09-01,60.3,total,eurostat
SK,2025-09-01,233.605,total,eurostat
AT,2025-10-01,652.228,total,eurostat
BE,2025-10-01,1165.0,total,eurostat
BG,2025-10-01,231.53,total,eurostat
CY,2025-10-01,0.0,total,eurostat
CZ,2025-10-01,571.685,total,eurostat
DE,2025-10-01,6703.416,total,eurostat
DK,2025-10-01,183.243,total,eurostat
EE,2025-10-01,25.1,total,eurostat
ES,2025-10-01,2594.115,total,eurostat
EU27_2020,2025-10-01,27754.488,total,eurostat
FI,2025-10-01,112.81,total,eurostat
FR,2025-10-01,2190.357,total,eurostat
GR,2025-10-01,515.816,total,eurostat
HR,2025-10-01,247.04,total,eurostat
HU,2025-10-01,785.419,total,eurostat
IE,2025-10-01,411.043,total,eurostat
IT,2025-10-01,4698.598,total,eurostat
LT,2025-10-01,142.7,total,eurostat
LU,2025-10-01,48.574,total,eurostat
LV,2025-10-01,71.173,total,eurostat
MT,2025-10-01,29.841,total,eurostat
NL,2025-10-01,2522.622,total,eurostat
PL,2025-10-01,2056.805,total,eurostat
PT,2025-10-01,365.555,total,eurostat
RO,2025-10-01,871.0,total,eurostat
SE,2025-10-01,66.862,total,eurostat
SI,2025-10-01,88.961,total,eurostat
SK,2025-10-01,402.995,total,eurostat
AT,2025-11-01,856.033,total,eurostat
BE,2025-11-01,1448.5,total,eurostat
BG,2025-11-01,,total,eurostat
CY,2025-11-01,0.0,total,eurostat
CZ,2025-11-01,672.276,total,eurostat
DE,2025-11-01,,total,eurostat
DK,2025-11-01,244.308,total,eurostat
EE,2025-11-01,33.3,total,eurostat
ES,2025-11-01,2767.07,total,eurostat
EU27_2020,2025-11-01,,total,eurostat
FI,2025-11-01,122.98,total,eurostat
FR,2025-11-01,,total,eurostat
GR,2025-11-01,503.916,total,eurostat
HR,2025-11-01,315.4,total,eurostat
HU,2025-11-01,1015.655,total,eurostat
IE,2025-11-01,470.166,total,eurostat
IT,2025-11-01,5018.207,total,eurostat
LT,2025-11-01,161.6,total,eurostat
LU,2025-11-01,62.784,total,eurostat
LV,2025-11-01,99.238,total,eurostat
MT,2025-11-01,30.697,total,eurostat
NL,2025-11-01,3201.823,total,eurostat
PL,2025-11-01,2401.488,total,eurostat
PT,2025-11-01,365.489,total,eurostat
RO,2025-11-01,1045.0,total,eurostat
SE,2025-11-01,,total,eurostat
SI,2025-11-01,102.371,total,eurostat
SK,2025-11-01,529.356,total,eurostat
