2025-04-25 17:55:39,585 - INFO - main.py:54 - Successfully extracted data for AustriaDemandExtractor
2025-04-25 17:55:39,614 - INFO - main.py:54 - Successfully extracted data for DenmarkDemandExtractor
2025-04-25 17:55:41,763 - INFO - main.py:54 - Successfully extracted data for FranceDemandExtractor
2025-04-25 17:55:41,769 - INFO - germany_demand.py:79 - Successfully processed THE data
2025-04-25 17:55:41,789 - INFO - germany_demand.py:117 - Successfully processed GASPOOL/NCG data
2025-04-25 17:55:41,791 - INFO - main.py:54 - Successfully extracted data for GermanyDemandExtractor
2025-04-25 17:55:41,791 - INFO - spain_demand.py:31 - Reading historic file: src/data/raw/spain/spain_gas_demand_2019_2024.csv
2025-04-25 17:55:41,796 - INFO - spain_demand.py:35 - Reading current file: src/data/raw/spain/spain_gas_demand_2025-01-01_2025-04-23.csv
2025-04-25 17:55:41,800 - INFO - main.py:54 - Successfully extracted data for SpainDemandExtractor
2025-04-25 17:55:41,884 - INFO - main.py:54 - Successfully extracted data for EntsogDemandExtractor
2025-04-25 17:55:41,919 - INFO - main.py:54 - Successfully extracted data for EnergyChartsDemandExtractor
2025-04-25 17:55:41,942 - INFO - main.py:54 - Successfully extracted data for UKDemandExtractor
2025-04-25 17:55:42,048 - INFO - main.py:72 - Found demand data for 26 countries
2025-04-25 17:55:42,357 - INFO - main.py:74 - All data saved successfully
2025-06-12 16:24:40,246 - ERROR - main.py:79 - Critical error in main process: Missing optional dependency 'openpyxl'.  Use pip or conda to install openpyxl.
2025-06-12 16:24:48,882 - INFO - main.py:54 - Successfully extracted data for AustriaDemandExtractor
2025-06-12 16:24:48,891 - INFO - main.py:54 - Successfully extracted data for DenmarkDemandExtractor
2025-06-12 16:24:49,792 - INFO - main.py:54 - Successfully extracted data for FranceDemandExtractor
2025-06-12 16:24:49,795 - INFO - germany_demand.py:79 - Successfully processed THE data
2025-06-12 16:24:49,804 - INFO - germany_demand.py:117 - Successfully processed GASPOOL/NCG data
2025-06-12 16:24:49,806 - INFO - main.py:54 - Successfully extracted data for GermanyDemandExtractor
2025-06-12 16:24:49,806 - INFO - spain_demand.py:31 - Reading historic file: src/data/raw/spain/spain_gas_demand_2019_2024.csv
2025-06-12 16:24:49,809 - INFO - spain_demand.py:35 - Reading current file: src/data/raw/spain/spain_gas_demand_2025-01-01_2025-04-23.csv
2025-06-12 16:24:49,810 - INFO - main.py:54 - Successfully extracted data for SpainDemandExtractor
2025-06-12 16:24:49,857 - INFO - main.py:54 - Successfully extracted data for EntsogDemandExtractor
2025-06-12 16:24:49,880 - INFO - main.py:54 - Successfully extracted data for EnergyChartsDemandExtractor
2025-06-12 16:24:49,891 - INFO - main.py:54 - Successfully extracted data for UKDemandExtractor
2025-06-12 16:24:49,938 - INFO - main.py:72 - Found demand data for 26 countries
2025-06-12 16:24:50,099 - INFO - main.py:74 - All data saved successfully
2025-06-12 16:25:14,965 - INFO - main.py:30 - Updating raw data files...
2025-06-12 16:25:15,023 - INFO - update_raw_data.py:36 - Running AustriaScraper...
2025-06-12 16:25:15,023 - INFO - austria_scraper.py:30 - Fetching data from https://energie.wifo.ac.at/data/gas/consumption-aggm.csv
2025-06-12 16:25:15,706 - INFO - austria_scraper.py:34 - Response status code: 200
2025-06-12 16:25:15,706 - INFO - austria_scraper.py:35 - Response headers: {'Date': 'Thu, 12 Jun 2025 14:25:15 GMT', 'Server': 'Apache/2.4.41 (Ubuntu) OpenSSL/1.1.1f', 'Strict-Transport-Security': 'max-age=15768000; includeSubDomains', 'Last-Modified': 'Thu, 12 Jun 2025 04:01:02 GMT', 'ETag': '"52220-63757fa5e5d1b"', 'Accept-Ranges': 'bytes', 'Content-Length': '336416', 'Keep-Alive': 'timeout=5, max=100', 'Connection': 'Keep-Alive', 'Content-Type': 'text/csv'}
2025-06-12 16:25:15,707 - INFO - austria_scraper.py:44 - Successfully saved raw Austrian data to src/data/raw/consumption-aggm.csv
2025-06-12 16:25:15,707 - INFO - update_raw_data.py:36 - Running BnetzaScraper...
2025-06-12 16:25:15,734 - INFO - bnetza_scraper.py:72 - Stored data on BNetzA German household consumption returned.
2025-06-12 16:25:16,481 - INFO - bnetza_scraper.py:100 - New BNetzA csv file downloaded
2025-06-12 16:25:16,501 - INFO - bnetza_scraper.py:193 - Successfully saved updated German household demand data to src/data/raw/germany_household/latest_data.csv
2025-06-12 16:25:16,501 - INFO - update_raw_data.py:36 - Running DenmarkScraper...
2025-06-12 16:25:16,502 - INFO - denmark_scraper.py:27 - Fetching data from https://api.energidataservice.dk/dataset/Gasflow since 2015
2025-06-12 16:25:18,018 - INFO - denmark_scraper.py:38 - Successfully saved Danish gas flow data to src/data/raw/denmark_gasflow.json
2025-06-12 16:25:18,019 - INFO - update_raw_data.py:36 - Running EnergyChartsScraper...
2025-06-12 16:25:18,036 - INFO - energy_charts_scraper.py:39 - Performing regular 30-day power demand update
2025-06-12 16:25:19,259 - INFO - energy_charts_scraper.py:145 - Found 32 days of data for AT
2025-06-12 16:25:19,260 - INFO - energy_charts_scraper.py:52 - Successfully retrieved power data for AT (1/26)
2025-06-12 16:25:22,039 - INFO - energy_charts_scraper.py:145 - Found 32 days of data for BE
2025-06-12 16:25:22,040 - INFO - energy_charts_scraper.py:52 - Successfully retrieved power data for BE (2/26)
2025-06-12 16:25:24,558 - INFO - energy_charts_scraper.py:145 - Found 32 days of data for BG
2025-06-12 16:25:24,559 - INFO - energy_charts_scraper.py:52 - Successfully retrieved power data for BG (3/26)
2025-06-12 16:25:27,557 - INFO - energy_charts_scraper.py:145 - Found 32 days of data for HR
2025-06-12 16:25:27,558 - INFO - energy_charts_scraper.py:52 - Successfully retrieved power data for HR (4/26)
2025-06-12 16:25:30,589 - INFO - energy_charts_scraper.py:145 - Found 32 days of data for CZ
2025-06-12 16:25:30,590 - INFO - energy_charts_scraper.py:52 - Successfully retrieved power data for CZ (5/26)
2025-06-12 16:25:33,192 - INFO - energy_charts_scraper.py:145 - Found 32 days of data for DK
2025-06-12 16:25:33,192 - INFO - energy_charts_scraper.py:52 - Successfully retrieved power data for DK (6/26)
2025-06-12 16:25:35,704 - INFO - energy_charts_scraper.py:145 - Found 32 days of data for EE
2025-06-12 16:25:35,704 - INFO - energy_charts_scraper.py:52 - Successfully retrieved power data for EE (7/26)
2025-06-12 16:25:38,862 - INFO - energy_charts_scraper.py:145 - Found 32 days of data for FI
2025-06-12 16:25:38,863 - INFO - energy_charts_scraper.py:52 - Successfully retrieved power data for FI (8/26)
2025-06-12 16:25:41,915 - INFO - energy_charts_scraper.py:145 - Found 32 days of data for FR
2025-06-12 16:25:41,916 - INFO - energy_charts_scraper.py:52 - Successfully retrieved power data for FR (9/26)
2025-06-12 16:25:45,233 - INFO - energy_charts_scraper.py:145 - Found 32 days of data for DE
2025-06-12 16:25:45,234 - INFO - energy_charts_scraper.py:52 - Successfully retrieved power data for DE (10/26)
2025-06-12 16:25:47,703 - INFO - energy_charts_scraper.py:145 - Found 32 days of data for GR
2025-06-12 16:25:47,704 - INFO - energy_charts_scraper.py:52 - Successfully retrieved power data for GR (11/26)
2025-06-12 16:25:50,769 - INFO - energy_charts_scraper.py:145 - Found 32 days of data for HU
2025-06-12 16:25:50,770 - INFO - energy_charts_scraper.py:52 - Successfully retrieved power data for HU (12/26)
2025-06-12 16:25:53,106 - ERROR - energy_charts_scraper.py:152 - Error querying ie: Expecting value: line 1 column 1 (char 0)
2025-06-12 16:25:55,755 - INFO - energy_charts_scraper.py:145 - Found 32 days of data for IT
2025-06-12 16:25:55,756 - INFO - energy_charts_scraper.py:52 - Successfully retrieved power data for IT (14/26)
2025-06-12 16:25:58,565 - INFO - energy_charts_scraper.py:145 - Found 32 days of data for LV
2025-06-12 16:25:58,565 - INFO - energy_charts_scraper.py:52 - Successfully retrieved power data for LV (15/26)
2025-06-12 16:26:01,592 - INFO - energy_charts_scraper.py:145 - Found 32 days of data for LT
2025-06-12 16:26:01,593 - INFO - energy_charts_scraper.py:52 - Successfully retrieved power data for LT (16/26)
2025-06-12 16:26:04,587 - INFO - energy_charts_scraper.py:145 - Found 32 days of data for LU
2025-06-12 16:26:04,588 - INFO - energy_charts_scraper.py:52 - Successfully retrieved power data for LU (17/26)
2025-06-12 16:26:07,752 - INFO - energy_charts_scraper.py:145 - Found 32 days of data for NL
2025-06-12 16:26:07,753 - INFO - energy_charts_scraper.py:52 - Successfully retrieved power data for NL (18/26)
2025-06-12 16:26:10,689 - ERROR - energy_charts_scraper.py:152 - Error querying pl: Expecting value: line 1 column 1 (char 0)
2025-06-12 16:26:13,571 - INFO - energy_charts_scraper.py:145 - Found 32 days of data for PT
2025-06-12 16:26:13,572 - INFO - energy_charts_scraper.py:52 - Successfully retrieved power data for PT (20/26)
2025-06-12 16:26:16,411 - INFO - energy_charts_scraper.py:145 - Found 32 days of data for RO
2025-06-12 16:26:16,412 - INFO - energy_charts_scraper.py:52 - Successfully retrieved power data for RO (21/26)
2025-06-12 16:26:19,070 - INFO - energy_charts_scraper.py:145 - Found 32 days of data for SK
2025-06-12 16:26:19,071 - INFO - energy_charts_scraper.py:52 - Successfully retrieved power data for SK (22/26)
2025-06-12 16:26:21,940 - INFO - energy_charts_scraper.py:145 - Found 32 days of data for SI
2025-06-12 16:26:21,941 - INFO - energy_charts_scraper.py:52 - Successfully retrieved power data for SI (23/26)
2025-06-12 16:26:25,132 - INFO - energy_charts_scraper.py:145 - Found 32 days of data for ES
2025-06-12 16:26:25,134 - INFO - energy_charts_scraper.py:52 - Successfully retrieved power data for ES (24/26)
2025-06-12 16:26:27,756 - INFO - energy_charts_scraper.py:145 - Found 32 days of data for SE
2025-06-12 16:26:27,757 - INFO - energy_charts_scraper.py:52 - Successfully retrieved power data for SE (25/26)
2025-06-12 16:26:30,284 - INFO - energy_charts_scraper.py:145 - Found 15 days of data for UK
2025-06-12 16:26:30,285 - INFO - energy_charts_scraper.py:52 - Successfully retrieved power data for UK (26/26)
2025-06-12 16:26:32,402 - INFO - update_raw_data.py:36 - Running EntsogScraper...
2025-06-12 16:26:32,402 - INFO - entsog_scraper.py:32 - Performing regular 50-day ENTSOG update
2025-06-12 16:26:32,402 - INFO - entsog_scraper.py:115 - Found existing data at src/data/raw/entsog_data.csv
2025-06-12 16:26:32,422 - INFO - entsog_scraper.py:118 - Loaded 77284 records with 39 unique points
2025-06-12 16:26:32,425 - INFO - entsog_scraper.py:47 - Point pt-tso-0001fnc-00001exit: Found 2307 existing dates
2025-06-12 16:26:32,887 - INFO - entsog_scraper.py:89 - Point 1/39 (pt-tso-0001fnc-00001exit): Added 48 new records
2025-06-12 16:26:34,903 - INFO - entsog_scraper.py:47 - Point pt-tso-0001dis-00001exit: Found 2307 existing dates
2025-06-12 16:26:35,296 - INFO - entsog_scraper.py:89 - Point 2/39 (pt-tso-0001dis-00001exit): Added 48 new records
2025-06-12 16:26:37,307 - INFO - entsog_scraper.py:47 - Point hr-tso-0001fnc-00018exit: Found 2304 existing dates
2025-06-12 16:26:37,752 - INFO - entsog_scraper.py:89 - Point 3/39 (hr-tso-0001fnc-00018exit): Added 49 new records
2025-06-12 16:26:39,766 - INFO - entsog_scraper.py:47 - Point fr-tso-0002dis-00188exit: Found 2306 existing dates
2025-06-12 16:26:40,175 - INFO - entsog_scraper.py:89 - Point 4/39 (fr-tso-0002dis-00188exit): Added 48 new records
2025-06-12 16:26:42,189 - INFO - entsog_scraper.py:47 - Point fr-tso-0002fnc-00015exit: Found 2306 existing dates
2025-06-12 16:26:42,608 - INFO - entsog_scraper.py:89 - Point 5/39 (fr-tso-0002fnc-00015exit): Added 48 new records
2025-06-12 16:26:44,621 - INFO - entsog_scraper.py:47 - Point it-tso-0001dis-00005exit: Found 2306 existing dates
2025-06-12 16:26:45,029 - INFO - entsog_scraper.py:89 - Point 6/39 (it-tso-0001dis-00005exit): Added 48 new records
2025-06-12 16:26:47,043 - INFO - entsog_scraper.py:47 - Point it-tso-0001fnc-00006exit: Found 2306 existing dates
2025-06-12 16:26:47,441 - INFO - entsog_scraper.py:89 - Point 7/39 (it-tso-0001fnc-00006exit): Added 48 new records
2025-06-12 16:26:49,454 - INFO - entsog_scraper.py:47 - Point it-tso-0001fnc-00005exit: Found 2306 existing dates
2025-06-12 16:26:49,820 - INFO - entsog_scraper.py:89 - Point 8/39 (it-tso-0001fnc-00005exit): Added 48 new records
2025-06-12 16:26:51,835 - INFO - entsog_scraper.py:47 - Point lu-tso-0001dis-00194exit: Found 2274 existing dates
2025-06-12 16:26:52,231 - INFO - entsog_scraper.py:89 - Point 9/39 (lu-tso-0001dis-00194exit): Added 48 new records
2025-06-12 16:26:54,246 - INFO - entsog_scraper.py:47 - Point lu-tso-0001fnc-00041exit: Found 2274 existing dates
2025-06-12 16:26:54,658 - INFO - entsog_scraper.py:89 - Point 10/39 (lu-tso-0001fnc-00041exit): Added 48 new records
2025-06-12 16:26:56,670 - INFO - entsog_scraper.py:47 - Point lv-tso-0001fnc-00205exit: Found 1940 existing dates
2025-06-12 16:26:57,103 - INFO - entsog_scraper.py:89 - Point 11/39 (lv-tso-0001fnc-00205exit): Added 47 new records
2025-06-12 16:26:59,118 - INFO - entsog_scraper.py:47 - Point ee-tso-0001fnc-00037exit: Found 2303 existing dates
2025-06-12 16:26:59,521 - INFO - entsog_scraper.py:89 - Point 12/39 (ee-tso-0001fnc-00037exit): Added 48 new records
2025-06-12 16:27:01,536 - INFO - entsog_scraper.py:47 - Point hu-tso-0001fnc-00200exit: Found 2307 existing dates
2025-06-12 16:27:01,958 - INFO - entsog_scraper.py:89 - Point 13/39 (hu-tso-0001fnc-00200exit): Added 48 new records
2025-06-12 16:27:03,971 - INFO - entsog_scraper.py:47 - Point hu-tso-0001dis-00196exit: Found 2307 existing dates
2025-06-12 16:27:04,392 - INFO - entsog_scraper.py:89 - Point 14/39 (hu-tso-0001dis-00196exit): Added 48 new records
2025-06-12 16:27:06,406 - INFO - entsog_scraper.py:47 - Point ro-tso-0001fnc-00010exit: Found 2306 existing dates
2025-06-12 16:27:06,811 - INFO - entsog_scraper.py:89 - Point 15/39 (ro-tso-0001fnc-00010exit): Added 48 new records
2025-06-12 16:27:08,822 - INFO - entsog_scraper.py:47 - Point ro-tso-0001dis-00058exit: Found 2306 existing dates
2025-06-12 16:27:09,227 - INFO - entsog_scraper.py:89 - Point 16/39 (ro-tso-0001dis-00058exit): Added 48 new records
2025-06-12 16:27:11,242 - INFO - entsog_scraper.py:47 - Point si-tso-0001dis-00059exit: Found 2305 existing dates
2025-06-12 16:27:11,662 - INFO - entsog_scraper.py:89 - Point 17/39 (si-tso-0001dis-00059exit): Added 49 new records
2025-06-12 16:27:13,675 - INFO - entsog_scraper.py:47 - Point nl-tso-0001dis-00187exit: Found 1277 existing dates
2025-06-12 16:27:13,981 - ERROR - entsog_scraper.py:93 - Error processing point nl-tso-0001dis-00187exit: Expecting value: line 1 column 1 (char 0)
2025-06-12 16:27:13,989 - INFO - entsog_scraper.py:47 - Point nl-tso-0001fnc-00014exit: Found 1277 existing dates
2025-06-12 16:27:14,310 - ERROR - entsog_scraper.py:93 - Error processing point nl-tso-0001fnc-00014exit: Expecting value: line 1 column 1 (char 0)
2025-06-12 16:27:14,318 - INFO - entsog_scraper.py:47 - Point nl-tso-0001dis-00201exit: Found 1029 existing dates
2025-06-12 16:27:14,712 - INFO - entsog_scraper.py:89 - Point 20/39 (nl-tso-0001dis-00201exit): Added 48 new records
2025-06-12 16:27:16,724 - INFO - entsog_scraper.py:47 - Point nl-tso-0001dis-00202exit: Found 1029 existing dates
2025-06-12 16:27:17,160 - INFO - entsog_scraper.py:89 - Point 21/39 (nl-tso-0001dis-00202exit): Added 48 new records
2025-06-12 16:27:19,173 - INFO - entsog_scraper.py:47 - Point nl-tso-0001fnc-00013exit: Found 1277 existing dates
2025-06-12 16:27:19,506 - ERROR - entsog_scraper.py:93 - Error processing point nl-tso-0001fnc-00013exit: Expecting value: line 1 column 1 (char 0)
2025-06-12 16:27:19,514 - INFO - entsog_scraper.py:47 - Point nl-tso-0001fnc-00208exit: Found 1029 existing dates
2025-06-12 16:27:19,901 - INFO - entsog_scraper.py:89 - Point 23/39 (nl-tso-0001fnc-00208exit): Added 48 new records
2025-06-12 16:27:21,918 - INFO - entsog_scraper.py:47 - Point nl-tso-0001fnc-00209exit: Found 1029 existing dates
2025-06-12 16:27:22,307 - INFO - entsog_scraper.py:89 - Point 24/39 (nl-tso-0001fnc-00209exit): Added 48 new records
2025-06-12 16:27:24,319 - INFO - entsog_scraper.py:47 - Point nl-tso-0001fnc-00210exit: Found 1029 existing dates
2025-06-12 16:27:24,715 - INFO - entsog_scraper.py:89 - Point 25/39 (nl-tso-0001fnc-00210exit): Added 48 new records
2025-06-12 16:27:26,729 - INFO - entsog_scraper.py:47 - Point nl-tso-0001fnc-00211exit: Found 1029 existing dates
2025-06-12 16:27:27,132 - INFO - entsog_scraper.py:89 - Point 26/39 (nl-tso-0001fnc-00211exit): Added 48 new records
2025-06-12 16:27:29,146 - INFO - entsog_scraper.py:47 - Point be-tso-0001dis-00192exit: Found 2070 existing dates
2025-06-12 16:27:29,474 - ERROR - entsog_scraper.py:93 - Error processing point be-tso-0001dis-00192exit: Expecting value: line 1 column 1 (char 0)
2025-06-12 16:27:29,486 - INFO - entsog_scraper.py:47 - Point be-tso-0001dis-00191exit: Found 2306 existing dates
2025-06-12 16:27:29,894 - INFO - entsog_scraper.py:89 - Point 28/39 (be-tso-0001dis-00191exit): Added 48 new records
2025-06-12 16:27:31,909 - INFO - entsog_scraper.py:47 - Point be-tso-0001fnc-00034exit: Found 2070 existing dates
2025-06-12 16:27:32,267 - ERROR - entsog_scraper.py:93 - Error processing point be-tso-0001fnc-00034exit: Expecting value: line 1 column 1 (char 0)
2025-06-12 16:27:32,275 - INFO - entsog_scraper.py:47 - Point be-tso-0001fnc-00033exit: Found 2306 existing dates
2025-06-12 16:27:32,695 - INFO - entsog_scraper.py:89 - Point 30/39 (be-tso-0001fnc-00033exit): Added 48 new records
2025-06-12 16:27:34,710 - INFO - entsog_scraper.py:47 - Point be-tso-0001fnc-00035exit: Found 2306 existing dates
2025-06-12 16:27:35,125 - INFO - entsog_scraper.py:89 - Point 31/39 (be-tso-0001fnc-00035exit): Added 48 new records
2025-06-12 16:27:37,137 - INFO - entsog_scraper.py:47 - Point bg-tso-0001fnc-00207exit: Found 1302 existing dates
2025-06-12 16:27:37,551 - INFO - entsog_scraper.py:89 - Point 32/39 (bg-tso-0001fnc-00207exit): Added 48 new records
2025-06-12 16:27:39,568 - INFO - entsog_scraper.py:47 - Point bg-tso-0001fnc-00017exit: Found 2307 existing dates
2025-06-12 16:27:39,957 - INFO - entsog_scraper.py:89 - Point 33/39 (bg-tso-0001fnc-00017exit): Added 48 new records
2025-06-12 16:27:41,972 - INFO - entsog_scraper.py:47 - Point bg-tso-0001fnc-00016exit: Found 2307 existing dates
2025-06-12 16:27:42,347 - INFO - entsog_scraper.py:89 - Point 34/39 (bg-tso-0001fnc-00016exit): Added 48 new records
2025-06-12 16:27:44,362 - INFO - entsog_scraper.py:47 - Point pl-tso-0002fnc-00040exit: Found 2307 existing dates
2025-06-12 16:27:44,785 - INFO - entsog_scraper.py:89 - Point 35/39 (pl-tso-0002fnc-00040exit): Added 48 new records
2025-06-12 16:27:46,800 - INFO - entsog_scraper.py:47 - Point pl-tso-0002fnc-00002exit: Found 2307 existing dates
2025-06-12 16:27:47,228 - INFO - entsog_scraper.py:89 - Point 36/39 (pl-tso-0002fnc-00002exit): Added 48 new records
2025-06-12 16:27:49,243 - INFO - entsog_scraper.py:47 - Point pl-tso-0002dis-00193exit: Found 2307 existing dates
2025-06-12 16:27:49,648 - INFO - entsog_scraper.py:89 - Point 37/39 (pl-tso-0002dis-00193exit): Added 48 new records
2025-06-12 16:27:51,663 - INFO - entsog_scraper.py:47 - Point pl-tso-0002dis-00013exit: Found 2307 existing dates
2025-06-12 16:27:52,046 - INFO - entsog_scraper.py:89 - Point 38/39 (pl-tso-0002dis-00013exit): Added 48 new records
2025-06-12 16:27:54,060 - INFO - entsog_scraper.py:47 - Point cz-sso-0002dis-00195exit,pl-tso-0002dis-00195entry: Found 2307 existing dates
2025-06-12 16:27:54,478 - INFO - entsog_scraper.py:89 - Point 39/39 (cz-sso-0002dis-00195exit,pl-tso-0002dis-00195entry): Added 48 new records
2025-06-12 16:27:56,593 - INFO - entsog_scraper.py:103 - Successfully saved ENTSOG data to src/data/raw/entsog_data.csv
2025-06-12 16:27:56,594 - INFO - update_raw_data.py:36 - Running EurostatScraper...
2025-06-12 16:28:16,743 - INFO - eurostat_scraper.py:37 - Successfully saved Eurostat demand data to src/data/raw/eurostat/latest_data.csv
2025-06-12 16:28:16,743 - INFO - update_raw_data.py:36 - Running FranceScraper...
2025-06-12 16:28:16,743 - INFO - france_scraper.py:23 - Fetching French gas demand data for years 2010-2025
2025-06-12 16:28:17,861 - INFO - france_scraper.py:44 - Successfully downloaded data for 2010, saved to src/data/raw/france_demand
2025-06-12 16:28:19,034 - INFO - france_scraper.py:44 - Successfully downloaded data for 2011, saved to src/data/raw/france_demand
2025-06-12 16:28:19,598 - INFO - france_scraper.py:44 - Successfully downloaded data for 2012, saved to src/data/raw/france_demand
2025-06-12 16:28:20,029 - INFO - france_scraper.py:44 - Successfully downloaded data for 2013, saved to src/data/raw/france_demand
2025-06-12 16:28:20,514 - INFO - france_scraper.py:44 - Successfully downloaded data for 2014, saved to src/data/raw/france_demand
2025-06-12 16:28:20,990 - INFO - france_scraper.py:44 - Successfully downloaded data for 2015, saved to src/data/raw/france_demand
2025-06-12 16:28:21,462 - INFO - france_scraper.py:44 - Successfully downloaded data for 2016, saved to src/data/raw/france_demand
2025-06-12 16:28:21,933 - INFO - france_scraper.py:44 - Successfully downloaded data for 2017, saved to src/data/raw/france_demand
2025-06-12 16:28:22,415 - INFO - france_scraper.py:44 - Successfully downloaded data for 2018, saved to src/data/raw/france_demand
2025-06-12 16:28:22,843 - INFO - france_scraper.py:44 - Successfully downloaded data for 2019, saved to src/data/raw/france_demand
2025-06-12 16:28:23,244 - INFO - france_scraper.py:44 - Successfully downloaded data for 2020, saved to src/data/raw/france_demand
2025-06-12 16:28:23,671 - INFO - france_scraper.py:44 - Successfully downloaded data for 2021, saved to src/data/raw/france_demand
2025-06-12 16:28:24,086 - INFO - france_scraper.py:44 - Successfully downloaded data for 2022, saved to src/data/raw/france_demand
2025-06-12 16:28:26,910 - INFO - france_scraper.py:44 - Successfully downloaded data for 2023, saved to src/data/raw/france_demand
2025-06-12 16:28:29,767 - INFO - france_scraper.py:44 - Successfully downloaded data for 2024, saved to src/data/raw/france_demand
2025-06-12 16:28:32,023 - INFO - france_scraper.py:44 - Successfully downloaded data for 2025, saved to src/data/raw/france_demand
2025-06-12 16:28:32,024 - INFO - update_raw_data.py:36 - Running GermanyScraper...
2025-06-12 16:28:32,025 - INFO - germany_scraper.py:42 - Fetching German gas demand data from 2020-01-01 to 2025-06-12...
2025-06-12 16:28:32,678 - INFO - germany_scraper.py:58 - Successfully saved German data to src/data/raw/THE_demand.csv
2025-06-12 16:28:32,679 - INFO - update_raw_data.py:36 - Running UKScraper...
2025-06-12 16:28:33,450 - INFO - uk_scraper.py:40 - Succesful response from the Nat Grid API
2025-06-12 16:28:33,452 - INFO - uk_scraper.py:51 - CSV file downloaded successfully to /Users/benjamin_mcwilliams/Documents/bruegel/data_new/WORKING/ENERGY/gas-demand/src/data/raw/uk/UK_gas_data_2025.csv
2025-06-12 16:28:33,452 - INFO - update_raw_data.py:36 - Running SpainScraper...
2025-06-12 16:28:33,453 - INFO - spain_scraper.py:65 - Scraping from 2025-01-01 to 2025-06-10
2025-06-12 16:28:33,453 - INFO - logger.py:11 - ====== WebDriver manager ======
2025-06-12 16:28:33,583 - INFO - logger.py:11 - Get LATEST chromedriver version for google-chrome
2025-06-12 16:28:33,887 - INFO - logger.py:11 - Get LATEST chromedriver version for google-chrome
2025-06-12 16:28:34,140 - INFO - logger.py:11 - There is no [mac64] chromedriver "137.0.7151.70" for browser google-chrome "137.0.7151" in cache
2025-06-12 16:28:34,160 - INFO - logger.py:11 - Get LATEST chromedriver version for google-chrome
2025-06-12 16:28:34,699 - INFO - logger.py:11 - WebDriver version 137.0.7151.70 selected
2025-06-12 16:28:34,702 - INFO - logger.py:11 - Modern chrome version https://storage.googleapis.com/chrome-for-testing-public/137.0.7151.70/mac-arm64/chromedriver-mac-arm64.zip
2025-06-12 16:28:34,702 - INFO - logger.py:11 - About to download new driver from https://storage.googleapis.com/chrome-for-testing-public/137.0.7151.70/mac-arm64/chromedriver-mac-arm64.zip
2025-06-12 16:28:34,996 - INFO - logger.py:11 - Driver downloading response is 200
2025-06-12 16:28:35,767 - INFO - logger.py:11 - Get LATEST chromedriver version for google-chrome
2025-06-12 16:28:36,083 - INFO - logger.py:11 - Driver has been saved in cache [/Users/benjamin_mcwilliams/.wdm/drivers/chromedriver/mac64/137.0.7151.70]
2025-06-12 16:28:40,464 - ERROR - spain.py:15 - Error accepting cookies: Message: element click intercepted: Element is not clickable at point (1016, 743)
  (Session info: chrome=137.0.7151.69)
Stacktrace:
0   chromedriver                        0x000000010278e668 cxxbridge1$str$ptr + 2723108
1   chromedriver                        0x00000001027868dc cxxbridge1$str$ptr + 2690968
2   chromedriver                        0x00000001022da714 cxxbridge1$string$len + 90428
3   chromedriver                        0x0000000102327324 cxxbridge1$string$len + 404812
4   chromedriver                        0x0000000102325890 cxxbridge1$string$len + 398008
5   chromedriver                        0x00000001023236a4 cxxbridge1$string$len + 389324
6   chromedriver                        0x0000000102322aa0 cxxbridge1$string$len + 386248
7   chromedriver                        0x0000000102317508 cxxbridge1$string$len + 339760
8   chromedriver                        0x0000000102316f94 cxxbridge1$string$len + 338364
9   chromedriver                        0x0000000102362de8 cxxbridge1$string$len + 649232
10  chromedriver                        0x00000001023159c8 cxxbridge1$string$len + 332784
11  chromedriver                        0x000000010275228c cxxbridge1$str$ptr + 2476360
12  chromedriver                        0x0000000102755520 cxxbridge1$str$ptr + 2489308
13  chromedriver                        0x0000000102733a78 cxxbridge1$str$ptr + 2351412
14  chromedriver                        0x0000000102755da8 cxxbridge1$str$ptr + 2491492
15  chromedriver                        0x0000000102724d6c cxxbridge1$str$ptr + 2290728
16  chromedriver                        0x0000000102775d74 cxxbridge1$str$ptr + 2622512
17  chromedriver                        0x0000000102775f00 cxxbridge1$str$ptr + 2622908
18  chromedriver                        0x0000000102786528 cxxbridge1$str$ptr + 2690020
19  libsystem_pthread.dylib             0x0000000187f0ac0c _pthread_start + 136
20  libsystem_pthread.dylib             0x0000000187f05b80 thread_start + 8

2025-06-12 16:28:40,466 - INFO - spain_scraper.py:79 - Scraping data for 2025-01-01
2025-06-12 16:28:41,656 - ERROR - spain.py:38 - Error changing date to 01/01/2025: Message: element click intercepted: Element <button class="arrow-submit" type="button"></button> is not clickable at point (330, 623). Other element would receive the click: <div id="onetrust-banner-sdk" class="otFloatingRounded ot-bottom-left ot-wo-title" tabindex="0" role="region" aria-label="Cookie banner" style="bottom: 1rem;">...</div>
  (Session info: chrome=137.0.7151.69)
Stacktrace:
0   chromedriver                        0x000000010278e668 cxxbridge1$str$ptr + 2723108
1   chromedriver                        0x00000001027868dc cxxbridge1$str$ptr + 2690968
2   chromedriver                        0x00000001022da714 cxxbridge1$string$len + 90428
3   chromedriver                        0x0000000102327324 cxxbridge1$string$len + 404812
4   chromedriver                        0x0000000102325890 cxxbridge1$string$len + 398008
5   chromedriver                        0x00000001023236a4 cxxbridge1$string$len + 389324
6   chromedriver                        0x0000000102322aa0 cxxbridge1$string$len + 386248
7   chromedriver                        0x0000000102317508 cxxbridge1$string$len + 339760
8   chromedriver                        0x0000000102316f94 cxxbridge1$string$len + 338364
9   chromedriver                        0x0000000102362de8 cxxbridge1$string$len + 649232
10  chromedriver                        0x00000001023159c8 cxxbridge1$string$len + 332784
11  chromedriver                        0x000000010275228c cxxbridge1$str$ptr + 2476360
12  chromedriver                        0x0000000102755520 cxxbridge1$str$ptr + 2489308
13  chromedriver                        0x0000000102733a78 cxxbridge1$str$ptr + 2351412
14  chromedriver                        0x0000000102755da8 cxxbridge1$str$ptr + 2491492
15  chromedriver                        0x0000000102724d6c cxxbridge1$str$ptr + 2290728
16  chromedriver                        0x0000000102775d74 cxxbridge1$str$ptr + 2622512
17  chromedriver                        0x0000000102775f00 cxxbridge1$str$ptr + 2622908
18  chromedriver                        0x0000000102786528 cxxbridge1$str$ptr + 2690020
19  libsystem_pthread.dylib             0x0000000187f0ac0c _pthread_start + 136
20  libsystem_pthread.dylib             0x0000000187f05b80 thread_start + 8

2025-06-12 16:28:45,184 - INFO - spain_scraper.py:79 - Scraping data for 2025-01-02
2025-06-12 16:28:46,317 - ERROR - spain.py:38 - Error changing date to 02/01/2025: Message: element click intercepted: Element <button class="arrow-submit" type="button"></button> is not clickable at point (330, 623). Other element would receive the click: <div id="onetrust-banner-sdk" class="otFloatingRounded ot-bottom-left ot-wo-title" tabindex="0" role="region" aria-label="Cookie banner" style="bottom: 1rem;">...</div>
  (Session info: chrome=137.0.7151.69)
Stacktrace:
0   chromedriver                        0x000000010278e668 cxxbridge1$str$ptr + 2723108
1   chromedriver                        0x00000001027868dc cxxbridge1$str$ptr + 2690968
2   chromedriver                        0x00000001022da714 cxxbridge1$string$len + 90428
3   chromedriver                        0x0000000102327324 cxxbridge1$string$len + 404812
4   chromedriver                        0x0000000102325890 cxxbridge1$string$len + 398008
5   chromedriver                        0x00000001023236a4 cxxbridge1$string$len + 389324
6   chromedriver                        0x0000000102322aa0 cxxbridge1$string$len + 386248
7   chromedriver                        0x0000000102317508 cxxbridge1$string$len + 339760
8   chromedriver                        0x0000000102316f94 cxxbridge1$string$len + 338364
9   chromedriver                        0x0000000102362de8 cxxbridge1$string$len + 649232
10  chromedriver                        0x00000001023159c8 cxxbridge1$string$len + 332784
11  chromedriver                        0x000000010275228c cxxbridge1$str$ptr + 2476360
12  chromedriver                        0x0000000102755520 cxxbridge1$str$ptr + 2489308
13  chromedriver                        0x0000000102733a78 cxxbridge1$str$ptr + 2351412
14  chromedriver                        0x0000000102755da8 cxxbridge1$str$ptr + 2491492
15  chromedriver                        0x0000000102724d6c cxxbridge1$str$ptr + 2290728
16  chromedriver                        0x0000000102775d74 cxxbridge1$str$ptr + 2622512
17  chromedriver                        0x0000000102775f00 cxxbridge1$str$ptr + 2622908
18  chromedriver                        0x0000000102786528 cxxbridge1$str$ptr + 2690020
19  libsystem_pthread.dylib             0x0000000187f0ac0c _pthread_start + 136
20  libsystem_pthread.dylib             0x0000000187f05b80 thread_start + 8

2025-06-12 16:28:48,548 - INFO - spain_scraper.py:79 - Scraping data for 2025-01-03
2025-06-12 16:28:49,681 - ERROR - spain.py:38 - Error changing date to 03/01/2025: Message: element click intercepted: Element <button class="arrow-submit" type="button"></button> is not clickable at point (330, 623). Other element would receive the click: <div id="onetrust-banner-sdk" class="otFloatingRounded ot-bottom-left ot-wo-title" tabindex="0" role="region" aria-label="Cookie banner" style="bottom: 1rem;">...</div>
  (Session info: chrome=137.0.7151.69)
Stacktrace:
0   chromedriver                        0x000000010278e668 cxxbridge1$str$ptr + 2723108
1   chromedriver                        0x00000001027868dc cxxbridge1$str$ptr + 2690968
2   chromedriver                        0x00000001022da714 cxxbridge1$string$len + 90428
3   chromedriver                        0x0000000102327324 cxxbridge1$string$len + 404812
4   chromedriver                        0x0000000102325890 cxxbridge1$string$len + 398008
5   chromedriver                        0x00000001023236a4 cxxbridge1$string$len + 389324
6   chromedriver                        0x0000000102322aa0 cxxbridge1$string$len + 386248
7   chromedriver                        0x0000000102317508 cxxbridge1$string$len + 339760
8   chromedriver                        0x0000000102316f94 cxxbridge1$string$len + 338364
9   chromedriver                        0x0000000102362de8 cxxbridge1$string$len + 649232
10  chromedriver                        0x00000001023159c8 cxxbridge1$string$len + 332784
11  chromedriver                        0x000000010275228c cxxbridge1$str$ptr + 2476360
12  chromedriver                        0x0000000102755520 cxxbridge1$str$ptr + 2489308
13  chromedriver                        0x0000000102733a78 cxxbridge1$str$ptr + 2351412
14  chromedriver                        0x0000000102755da8 cxxbridge1$str$ptr + 2491492
15  chromedriver                        0x0000000102724d6c cxxbridge1$str$ptr + 2290728
16  chromedriver                        0x0000000102775d74 cxxbridge1$str$ptr + 2622512
17  chromedriver                        0x0000000102775f00 cxxbridge1$str$ptr + 2622908
18  chromedriver                        0x0000000102786528 cxxbridge1$str$ptr + 2690020
19  libsystem_pthread.dylib             0x0000000187f0ac0c _pthread_start + 136
20  libsystem_pthread.dylib             0x0000000187f05b80 thread_start + 8

2025-06-12 16:28:53,066 - INFO - spain_scraper.py:79 - Scraping data for 2025-01-04
2025-06-12 16:28:54,198 - ERROR - spain.py:38 - Error changing date to 04/01/2025: Message: element click intercepted: Element <button class="arrow-submit" type="button"></button> is not clickable at point (330, 623). Other element would receive the click: <div id="onetrust-banner-sdk" class="otFloatingRounded ot-bottom-left ot-wo-title" tabindex="0" role="region" aria-label="Cookie banner" style="bottom: 1rem;">...</div>
  (Session info: chrome=137.0.7151.69)
Stacktrace:
0   chromedriver                        0x000000010278e668 cxxbridge1$str$ptr + 2723108
1   chromedriver                        0x00000001027868dc cxxbridge1$str$ptr + 2690968
2   chromedriver                        0x00000001022da714 cxxbridge1$string$len + 90428
3   chromedriver                        0x0000000102327324 cxxbridge1$string$len + 404812
4   chromedriver                        0x0000000102325890 cxxbridge1$string$len + 398008
5   chromedriver                        0x00000001023236a4 cxxbridge1$string$len + 389324
6   chromedriver                        0x0000000102322aa0 cxxbridge1$string$len + 386248
7   chromedriver                        0x0000000102317508 cxxbridge1$string$len + 339760
8   chromedriver                        0x0000000102316f94 cxxbridge1$string$len + 338364
9   chromedriver                        0x0000000102362de8 cxxbridge1$string$len + 649232
10  chromedriver                        0x00000001023159c8 cxxbridge1$string$len + 332784
11  chromedriver                        0x000000010275228c cxxbridge1$str$ptr + 2476360
12  chromedriver                        0x0000000102755520 cxxbridge1$str$ptr + 2489308
13  chromedriver                        0x0000000102733a78 cxxbridge1$str$ptr + 2351412
14  chromedriver                        0x0000000102755da8 cxxbridge1$str$ptr + 2491492
15  chromedriver                        0x0000000102724d6c cxxbridge1$str$ptr + 2290728
16  chromedriver                        0x0000000102775d74 cxxbridge1$str$ptr + 2622512
17  chromedriver                        0x0000000102775f00 cxxbridge1$str$ptr + 2622908
18  chromedriver                        0x0000000102786528 cxxbridge1$str$ptr + 2690020
19  libsystem_pthread.dylib             0x0000000187f0ac0c _pthread_start + 136
20  libsystem_pthread.dylib             0x0000000187f05b80 thread_start + 8

2025-06-12 16:28:57,111 - INFO - spain_scraper.py:79 - Scraping data for 2025-01-05
2025-06-12 16:28:58,216 - ERROR - spain.py:38 - Error changing date to 05/01/2025: Message: element click intercepted: Element <button class="arrow-submit" type="button"></button> is not clickable at point (330, 623). Other element would receive the click: <div id="onetrust-banner-sdk" class="otFloatingRounded ot-bottom-left ot-wo-title" tabindex="0" role="region" aria-label="Cookie banner" style="bottom: 1rem;">...</div>
  (Session info: chrome=137.0.7151.69)
Stacktrace:
0   chromedriver                        0x000000010278e668 cxxbridge1$str$ptr + 2723108
1   chromedriver                        0x00000001027868dc cxxbridge1$str$ptr + 2690968
2   chromedriver                        0x00000001022da714 cxxbridge1$string$len + 90428
3   chromedriver                        0x0000000102327324 cxxbridge1$string$len + 404812
4   chromedriver                        0x0000000102325890 cxxbridge1$string$len + 398008
5   chromedriver                        0x00000001023236a4 cxxbridge1$string$len + 389324
6   chromedriver                        0x0000000102322aa0 cxxbridge1$string$len + 386248
7   chromedriver                        0x0000000102317508 cxxbridge1$string$len + 339760
8   chromedriver                        0x0000000102316f94 cxxbridge1$string$len + 338364
9   chromedriver                        0x0000000102362de8 cxxbridge1$string$len + 649232
10  chromedriver                        0x00000001023159c8 cxxbridge1$string$len + 332784
11  chromedriver                        0x000000010275228c cxxbridge1$str$ptr + 2476360
12  chromedriver                        0x0000000102755520 cxxbridge1$str$ptr + 2489308
13  chromedriver                        0x0000000102733a78 cxxbridge1$str$ptr + 2351412
14  chromedriver                        0x0000000102755da8 cxxbridge1$str$ptr + 2491492
15  chromedriver                        0x0000000102724d6c cxxbridge1$str$ptr + 2290728
16  chromedriver                        0x0000000102775d74 cxxbridge1$str$ptr + 2622512
17  chromedriver                        0x0000000102775f00 cxxbridge1$str$ptr + 2622908
18  chromedriver                        0x0000000102786528 cxxbridge1$str$ptr + 2690020
19  libsystem_pthread.dylib             0x0000000187f0ac0c _pthread_start + 136
20  libsystem_pthread.dylib             0x0000000187f05b80 thread_start + 8

2025-06-12 16:29:01,291 - INFO - spain_scraper.py:79 - Scraping data for 2025-01-06
2025-06-12 16:29:02,415 - ERROR - spain.py:38 - Error changing date to 06/01/2025: Message: element click intercepted: Element <button class="arrow-submit" type="button"></button> is not clickable at point (330, 623). Other element would receive the click: <div id="onetrust-banner-sdk" class="otFloatingRounded ot-bottom-left ot-wo-title" tabindex="0" role="region" aria-label="Cookie banner" style="bottom: 1rem;">...</div>
  (Session info: chrome=137.0.7151.69)
Stacktrace:
0   chromedriver                        0x000000010278e668 cxxbridge1$str$ptr + 2723108
1   chromedriver                        0x00000001027868dc cxxbridge1$str$ptr + 2690968
2   chromedriver                        0x00000001022da714 cxxbridge1$string$len + 90428
3   chromedriver                        0x0000000102327324 cxxbridge1$string$len + 404812
4   chromedriver                        0x0000000102325890 cxxbridge1$string$len + 398008
5   chromedriver                        0x00000001023236a4 cxxbridge1$string$len + 389324
6   chromedriver                        0x0000000102322aa0 cxxbridge1$string$len + 386248
7   chromedriver                        0x0000000102317508 cxxbridge1$string$len + 339760
8   chromedriver                        0x0000000102316f94 cxxbridge1$string$len + 338364
9   chromedriver                        0x0000000102362de8 cxxbridge1$string$len + 649232
10  chromedriver                        0x00000001023159c8 cxxbridge1$string$len + 332784
11  chromedriver                        0x000000010275228c cxxbridge1$str$ptr + 2476360
12  chromedriver                        0x0000000102755520 cxxbridge1$str$ptr + 2489308
13  chromedriver                        0x0000000102733a78 cxxbridge1$str$ptr + 2351412
14  chromedriver                        0x0000000102755da8 cxxbridge1$str$ptr + 2491492
15  chromedriver                        0x0000000102724d6c cxxbridge1$str$ptr + 2290728
16  chromedriver                        0x0000000102775d74 cxxbridge1$str$ptr + 2622512
17  chromedriver                        0x0000000102775f00 cxxbridge1$str$ptr + 2622908
18  chromedriver                        0x0000000102786528 cxxbridge1$str$ptr + 2690020
19  libsystem_pthread.dylib             0x0000000187f0ac0c _pthread_start + 136
20  libsystem_pthread.dylib             0x0000000187f05b80 thread_start + 8

2025-06-12 16:29:05,472 - INFO - spain_scraper.py:79 - Scraping data for 2025-01-07
2025-06-12 16:29:06,594 - ERROR - spain.py:38 - Error changing date to 07/01/2025: Message: element click intercepted: Element <button class="arrow-submit" type="button"></button> is not clickable at point (330, 623). Other element would receive the click: <div id="onetrust-banner-sdk" class="otFloatingRounded ot-bottom-left ot-wo-title" tabindex="0" role="region" aria-label="Cookie banner" style="bottom: 1rem;">...</div>
  (Session info: chrome=137.0.7151.69)
Stacktrace:
0   chromedriver                        0x000000010278e668 cxxbridge1$str$ptr + 2723108
1   chromedriver                        0x00000001027868dc cxxbridge1$str$ptr + 2690968
2   chromedriver                        0x00000001022da714 cxxbridge1$string$len + 90428
3   chromedriver                        0x0000000102327324 cxxbridge1$string$len + 404812
4   chromedriver                        0x0000000102325890 cxxbridge1$string$len + 398008
5   chromedriver                        0x00000001023236a4 cxxbridge1$string$len + 389324
6   chromedriver                        0x0000000102322aa0 cxxbridge1$string$len + 386248
7   chromedriver                        0x0000000102317508 cxxbridge1$string$len + 339760
8   chromedriver                        0x0000000102316f94 cxxbridge1$string$len + 338364
9   chromedriver                        0x0000000102362de8 cxxbridge1$string$len + 649232
10  chromedriver                        0x00000001023159c8 cxxbridge1$string$len + 332784
11  chromedriver                        0x000000010275228c cxxbridge1$str$ptr + 2476360
12  chromedriver                        0x0000000102755520 cxxbridge1$str$ptr + 2489308
13  chromedriver                        0x0000000102733a78 cxxbridge1$str$ptr + 2351412
14  chromedriver                        0x0000000102755da8 cxxbridge1$str$ptr + 2491492
15  chromedriver                        0x0000000102724d6c cxxbridge1$str$ptr + 2290728
16  chromedriver                        0x0000000102775d74 cxxbridge1$str$ptr + 2622512
17  chromedriver                        0x0000000102775f00 cxxbridge1$str$ptr + 2622908
18  chromedriver                        0x0000000102786528 cxxbridge1$str$ptr + 2690020
19  libsystem_pthread.dylib             0x0000000187f0ac0c _pthread_start + 136
20  libsystem_pthread.dylib             0x0000000187f05b80 thread_start + 8

2025-06-12 16:29:10,263 - INFO - spain_scraper.py:79 - Scraping data for 2025-01-08
2025-06-12 16:29:11,382 - ERROR - spain.py:38 - Error changing date to 08/01/2025: Message: element click intercepted: Element <button class="arrow-submit" type="button"></button> is not clickable at point (330, 623). Other element would receive the click: <div id="onetrust-banner-sdk" class="otFloatingRounded ot-bottom-left ot-wo-title" tabindex="0" role="region" aria-label="Cookie banner" style="bottom: 1rem;">...</div>
  (Session info: chrome=137.0.7151.69)
Stacktrace:
0   chromedriver                        0x000000010278e668 cxxbridge1$str$ptr + 2723108
1   chromedriver                        0x00000001027868dc cxxbridge1$str$ptr + 2690968
2   chromedriver                        0x00000001022da714 cxxbridge1$string$len + 90428
3   chromedriver                        0x0000000102327324 cxxbridge1$string$len + 404812
4   chromedriver                        0x0000000102325890 cxxbridge1$string$len + 398008
5   chromedriver                        0x00000001023236a4 cxxbridge1$string$len + 389324
6   chromedriver                        0x0000000102322aa0 cxxbridge1$string$len + 386248
7   chromedriver                        0x0000000102317508 cxxbridge1$string$len + 339760
8   chromedriver                        0x0000000102316f94 cxxbridge1$string$len + 338364
9   chromedriver                        0x0000000102362de8 cxxbridge1$string$len + 649232
10  chromedriver                        0x00000001023159c8 cxxbridge1$string$len + 332784
11  chromedriver                        0x000000010275228c cxxbridge1$str$ptr + 2476360
12  chromedriver                        0x0000000102755520 cxxbridge1$str$ptr + 2489308
13  chromedriver                        0x0000000102733a78 cxxbridge1$str$ptr + 2351412
14  chromedriver                        0x0000000102755da8 cxxbridge1$str$ptr + 2491492
15  chromedriver                        0x0000000102724d6c cxxbridge1$str$ptr + 2290728
16  chromedriver                        0x0000000102775d74 cxxbridge1$str$ptr + 2622512
17  chromedriver                        0x0000000102775f00 cxxbridge1$str$ptr + 2622908
18  chromedriver                        0x0000000102786528 cxxbridge1$str$ptr + 2690020
19  libsystem_pthread.dylib             0x0000000187f0ac0c _pthread_start + 136
20  libsystem_pthread.dylib             0x0000000187f05b80 thread_start + 8

2025-06-12 16:29:13,396 - INFO - spain_scraper.py:79 - Scraping data for 2025-01-09
2025-06-12 16:29:14,526 - ERROR - spain.py:38 - Error changing date to 09/01/2025: Message: element click intercepted: Element <button class="arrow-submit" type="button"></button> is not clickable at point (330, 623). Other element would receive the click: <div id="onetrust-banner-sdk" class="otFloatingRounded ot-bottom-left ot-wo-title" tabindex="0" role="region" aria-label="Cookie banner" style="bottom: 1rem;">...</div>
  (Session info: chrome=137.0.7151.69)
Stacktrace:
0   chromedriver                        0x000000010278e668 cxxbridge1$str$ptr + 2723108
1   chromedriver                        0x00000001027868dc cxxbridge1$str$ptr + 2690968
2   chromedriver                        0x00000001022da714 cxxbridge1$string$len + 90428
3   chromedriver                        0x0000000102327324 cxxbridge1$string$len + 404812
4   chromedriver                        0x0000000102325890 cxxbridge1$string$len + 398008
5   chromedriver                        0x00000001023236a4 cxxbridge1$string$len + 389324
6   chromedriver                        0x0000000102322aa0 cxxbridge1$string$len + 386248
7   chromedriver                        0x0000000102317508 cxxbridge1$string$len + 339760
8   chromedriver                        0x0000000102316f94 cxxbridge1$string$len + 338364
9   chromedriver                        0x0000000102362de8 cxxbridge1$string$len + 649232
10  chromedriver                        0x00000001023159c8 cxxbridge1$string$len + 332784
11  chromedriver                        0x000000010275228c cxxbridge1$str$ptr + 2476360
12  chromedriver                        0x0000000102755520 cxxbridge1$str$ptr + 2489308
13  chromedriver                        0x0000000102733a78 cxxbridge1$str$ptr + 2351412
14  chromedriver                        0x0000000102755da8 cxxbridge1$str$ptr + 2491492
15  chromedriver                        0x0000000102724d6c cxxbridge1$str$ptr + 2290728
16  chromedriver                        0x0000000102775d74 cxxbridge1$str$ptr + 2622512
17  chromedriver                        0x0000000102775f00 cxxbridge1$str$ptr + 2622908
18  chromedriver                        0x0000000102786528 cxxbridge1$str$ptr + 2690020
19  libsystem_pthread.dylib             0x0000000187f0ac0c _pthread_start + 136
20  libsystem_pthread.dylib             0x0000000187f05b80 thread_start + 8

2025-06-12 16:29:16,935 - INFO - spain_scraper.py:79 - Scraping data for 2025-01-10
2025-06-12 16:29:18,059 - ERROR - spain.py:38 - Error changing date to 10/01/2025: Message: element click intercepted: Element <button class="arrow-submit" type="button"></button> is not clickable at point (330, 623). Other element would receive the click: <div id="onetrust-banner-sdk" class="otFloatingRounded ot-bottom-left ot-wo-title" tabindex="0" role="region" aria-label="Cookie banner" style="bottom: 1rem;">...</div>
  (Session info: chrome=137.0.7151.69)
Stacktrace:
0   chromedriver                        0x000000010278e668 cxxbridge1$str$ptr + 2723108
1   chromedriver                        0x00000001027868dc cxxbridge1$str$ptr + 2690968
2   chromedriver                        0x00000001022da714 cxxbridge1$string$len + 90428
3   chromedriver                        0x0000000102327324 cxxbridge1$string$len + 404812
4   chromedriver                        0x0000000102325890 cxxbridge1$string$len + 398008
5   chromedriver                        0x00000001023236a4 cxxbridge1$string$len + 389324
6   chromedriver                        0x0000000102322aa0 cxxbridge1$string$len + 386248
7   chromedriver                        0x0000000102317508 cxxbridge1$string$len + 339760
8   chromedriver                        0x0000000102316f94 cxxbridge1$string$len + 338364
9   chromedriver                        0x0000000102362de8 cxxbridge1$string$len + 649232
10  chromedriver                        0x00000001023159c8 cxxbridge1$string$len + 332784
11  chromedriver                        0x000000010275228c cxxbridge1$str$ptr + 2476360
12  chromedriver                        0x0000000102755520 cxxbridge1$str$ptr + 2489308
13  chromedriver                        0x0000000102733a78 cxxbridge1$str$ptr + 2351412
14  chromedriver                        0x0000000102755da8 cxxbridge1$str$ptr + 2491492
15  chromedriver                        0x0000000102724d6c cxxbridge1$str$ptr + 2290728
16  chromedriver                        0x0000000102775d74 cxxbridge1$str$ptr + 2622512
17  chromedriver                        0x0000000102775f00 cxxbridge1$str$ptr + 2622908
18  chromedriver                        0x0000000102786528 cxxbridge1$str$ptr + 2690020
19  libsystem_pthread.dylib             0x0000000187f0ac0c _pthread_start + 136
20  libsystem_pthread.dylib             0x0000000187f05b80 thread_start + 8

2025-06-12 16:29:20,250 - INFO - spain_scraper.py:79 - Scraping data for 2025-01-11
2025-06-12 16:29:21,384 - ERROR - spain.py:38 - Error changing date to 11/01/2025: Message: element click intercepted: Element <button class="arrow-submit" type="button"></button> is not clickable at point (330, 623). Other element would receive the click: <div id="onetrust-banner-sdk" class="otFloatingRounded ot-bottom-left ot-wo-title" tabindex="0" role="region" aria-label="Cookie banner" style="bottom: 1rem;">...</div>
  (Session info: chrome=137.0.7151.69)
Stacktrace:
0   chromedriver                        0x000000010278e668 cxxbridge1$str$ptr + 2723108
1   chromedriver                        0x00000001027868dc cxxbridge1$str$ptr + 2690968
2   chromedriver                        0x00000001022da714 cxxbridge1$string$len + 90428
3   chromedriver                        0x0000000102327324 cxxbridge1$string$len + 404812
4   chromedriver                        0x0000000102325890 cxxbridge1$string$len + 398008
5   chromedriver                        0x00000001023236a4 cxxbridge1$string$len + 389324
6   chromedriver                        0x0000000102322aa0 cxxbridge1$string$len + 386248
7   chromedriver                        0x0000000102317508 cxxbridge1$string$len + 339760
8   chromedriver                        0x0000000102316f94 cxxbridge1$string$len + 338364
9   chromedriver                        0x0000000102362de8 cxxbridge1$string$len + 649232
10  chromedriver                        0x00000001023159c8 cxxbridge1$string$len + 332784
11  chromedriver                        0x000000010275228c cxxbridge1$str$ptr + 2476360
12  chromedriver                        0x0000000102755520 cxxbridge1$str$ptr + 2489308
13  chromedriver                        0x0000000102733a78 cxxbridge1$str$ptr + 2351412
14  chromedriver                        0x0000000102755da8 cxxbridge1$str$ptr + 2491492
15  chromedriver                        0x0000000102724d6c cxxbridge1$str$ptr + 2290728
16  chromedriver                        0x0000000102775d74 cxxbridge1$str$ptr + 2622512
17  chromedriver                        0x0000000102775f00 cxxbridge1$str$ptr + 2622908
18  chromedriver                        0x0000000102786528 cxxbridge1$str$ptr + 2690020
19  libsystem_pthread.dylib             0x0000000187f0ac0c _pthread_start + 136
20  libsystem_pthread.dylib             0x0000000187f05b80 thread_start + 8

2025-06-12 16:29:24,673 - INFO - spain_scraper.py:79 - Scraping data for 2025-01-12
2025-06-12 16:29:25,809 - ERROR - spain.py:38 - Error changing date to 12/01/2025: Message: element click intercepted: Element <button class="arrow-submit" type="button"></button> is not clickable at point (330, 623). Other element would receive the click: <div id="onetrust-banner-sdk" class="otFloatingRounded ot-bottom-left ot-wo-title" tabindex="0" role="region" aria-label="Cookie banner" style="bottom: 1rem;">...</div>
  (Session info: chrome=137.0.7151.69)
Stacktrace:
0   chromedriver                        0x000000010278e668 cxxbridge1$str$ptr + 2723108
1   chromedriver                        0x00000001027868dc cxxbridge1$str$ptr + 2690968
2   chromedriver                        0x00000001022da714 cxxbridge1$string$len + 90428
3   chromedriver                        0x0000000102327324 cxxbridge1$string$len + 404812
4   chromedriver                        0x0000000102325890 cxxbridge1$string$len + 398008
5   chromedriver                        0x00000001023236a4 cxxbridge1$string$len + 389324
6   chromedriver                        0x0000000102322aa0 cxxbridge1$string$len + 386248
7   chromedriver                        0x0000000102317508 cxxbridge1$string$len + 339760
8   chromedriver                        0x0000000102316f94 cxxbridge1$string$len + 338364
9   chromedriver                        0x0000000102362de8 cxxbridge1$string$len + 649232
10  chromedriver                        0x00000001023159c8 cxxbridge1$string$len + 332784
11  chromedriver                        0x000000010275228c cxxbridge1$str$ptr + 2476360
12  chromedriver                        0x0000000102755520 cxxbridge1$str$ptr + 2489308
13  chromedriver                        0x0000000102733a78 cxxbridge1$str$ptr + 2351412
14  chromedriver                        0x0000000102755da8 cxxbridge1$str$ptr + 2491492
15  chromedriver                        0x0000000102724d6c cxxbridge1$str$ptr + 2290728
16  chromedriver                        0x0000000102775d74 cxxbridge1$str$ptr + 2622512
17  chromedriver                        0x0000000102775f00 cxxbridge1$str$ptr + 2622908
18  chromedriver                        0x0000000102786528 cxxbridge1$str$ptr + 2690020
19  libsystem_pthread.dylib             0x0000000187f0ac0c _pthread_start + 136
20  libsystem_pthread.dylib             0x0000000187f05b80 thread_start + 8

2025-06-12 16:29:29,598 - INFO - spain_scraper.py:79 - Scraping data for 2025-01-13
2025-06-12 16:29:30,718 - ERROR - spain.py:38 - Error changing date to 13/01/2025: Message: element click intercepted: Element <button class="arrow-submit" type="button"></button> is not clickable at point (330, 623). Other element would receive the click: <div id="onetrust-banner-sdk" class="otFloatingRounded ot-bottom-left ot-wo-title" tabindex="0" role="region" aria-label="Cookie banner" style="bottom: 1rem;">...</div>
  (Session info: chrome=137.0.7151.69)
Stacktrace:
0   chromedriver                        0x000000010278e668 cxxbridge1$str$ptr + 2723108
1   chromedriver                        0x00000001027868dc cxxbridge1$str$ptr + 2690968
2   chromedriver                        0x00000001022da714 cxxbridge1$string$len + 90428
3   chromedriver                        0x0000000102327324 cxxbridge1$string$len + 404812
4   chromedriver                        0x0000000102325890 cxxbridge1$string$len + 398008
5   chromedriver                        0x00000001023236a4 cxxbridge1$string$len + 389324
6   chromedriver                        0x0000000102322aa0 cxxbridge1$string$len + 386248
7   chromedriver                        0x0000000102317508 cxxbridge1$string$len + 339760
8   chromedriver                        0x0000000102316f94 cxxbridge1$string$len + 338364
9   chromedriver                        0x0000000102362de8 cxxbridge1$string$len + 649232
10  chromedriver                        0x00000001023159c8 cxxbridge1$string$len + 332784
11  chromedriver                        0x000000010275228c cxxbridge1$str$ptr + 2476360
12  chromedriver                        0x0000000102755520 cxxbridge1$str$ptr + 2489308
13  chromedriver                        0x0000000102733a78 cxxbridge1$str$ptr + 2351412
14  chromedriver                        0x0000000102755da8 cxxbridge1$str$ptr + 2491492
15  chromedriver                        0x0000000102724d6c cxxbridge1$str$ptr + 2290728
16  chromedriver                        0x0000000102775d74 cxxbridge1$str$ptr + 2622512
17  chromedriver                        0x0000000102775f00 cxxbridge1$str$ptr + 2622908
18  chromedriver                        0x0000000102786528 cxxbridge1$str$ptr + 2690020
19  libsystem_pthread.dylib             0x0000000187f0ac0c _pthread_start + 136
20  libsystem_pthread.dylib             0x0000000187f05b80 thread_start + 8

2025-06-12 16:29:33,290 - INFO - spain_scraper.py:79 - Scraping data for 2025-01-14
2025-06-12 16:29:34,411 - ERROR - spain.py:38 - Error changing date to 14/01/2025: Message: element click intercepted: Element <button class="arrow-submit" type="button"></button> is not clickable at point (330, 623). Other element would receive the click: <div id="onetrust-banner-sdk" class="otFloatingRounded ot-bottom-left ot-wo-title" tabindex="0" role="region" aria-label="Cookie banner" style="bottom: 1rem;">...</div>
  (Session info: chrome=137.0.7151.69)
Stacktrace:
0   chromedriver                        0x000000010278e668 cxxbridge1$str$ptr + 2723108
1   chromedriver                        0x00000001027868dc cxxbridge1$str$ptr + 2690968
2   chromedriver                        0x00000001022da714 cxxbridge1$string$len + 90428
3   chromedriver                        0x0000000102327324 cxxbridge1$string$len + 404812
4   chromedriver                        0x0000000102325890 cxxbridge1$string$len + 398008
5   chromedriver                        0x00000001023236a4 cxxbridge1$string$len + 389324
6   chromedriver                        0x0000000102322aa0 cxxbridge1$string$len + 386248
7   chromedriver                        0x0000000102317508 cxxbridge1$string$len + 339760
8   chromedriver                        0x0000000102316f94 cxxbridge1$string$len + 338364
9   chromedriver                        0x0000000102362de8 cxxbridge1$string$len + 649232
10  chromedriver                        0x00000001023159c8 cxxbridge1$string$len + 332784
11  chromedriver                        0x000000010275228c cxxbridge1$str$ptr + 2476360
12  chromedriver                        0x0000000102755520 cxxbridge1$str$ptr + 2489308
13  chromedriver                        0x0000000102733a78 cxxbridge1$str$ptr + 2351412
14  chromedriver                        0x0000000102755da8 cxxbridge1$str$ptr + 2491492
15  chromedriver                        0x0000000102724d6c cxxbridge1$str$ptr + 2290728
16  chromedriver                        0x0000000102775d74 cxxbridge1$str$ptr + 2622512
17  chromedriver                        0x0000000102775f00 cxxbridge1$str$ptr + 2622908
18  chromedriver                        0x0000000102786528 cxxbridge1$str$ptr + 2690020
19  libsystem_pthread.dylib             0x0000000187f0ac0c _pthread_start + 136
20  libsystem_pthread.dylib             0x0000000187f05b80 thread_start + 8

2025-06-12 16:29:38,060 - INFO - spain_scraper.py:79 - Scraping data for 2025-01-15
2025-06-12 16:29:39,149 - ERROR - spain.py:38 - Error changing date to 15/01/2025: Message: element click intercepted: Element <button class="arrow-submit" type="button"></button> is not clickable at point (330, 623). Other element would receive the click: <div id="onetrust-banner-sdk" class="otFloatingRounded ot-bottom-left ot-wo-title" tabindex="0" role="region" aria-label="Cookie banner" style="bottom: 1rem;">...</div>
  (Session info: chrome=137.0.7151.69)
Stacktrace:
0   chromedriver                        0x000000010278e668 cxxbridge1$str$ptr + 2723108
1   chromedriver                        0x00000001027868dc cxxbridge1$str$ptr + 2690968
2   chromedriver                        0x00000001022da714 cxxbridge1$string$len + 90428
3   chromedriver                        0x0000000102327324 cxxbridge1$string$len + 404812
4   chromedriver                        0x0000000102325890 cxxbridge1$string$len + 398008
5   chromedriver                        0x00000001023236a4 cxxbridge1$string$len + 389324
6   chromedriver                        0x0000000102322aa0 cxxbridge1$string$len + 386248
7   chromedriver                        0x0000000102317508 cxxbridge1$string$len + 339760
8   chromedriver                        0x0000000102316f94 cxxbridge1$string$len + 338364
9   chromedriver                        0x0000000102362de8 cxxbridge1$string$len + 649232
10  chromedriver                        0x00000001023159c8 cxxbridge1$string$len + 332784
11  chromedriver                        0x000000010275228c cxxbridge1$str$ptr + 2476360
12  chromedriver                        0x0000000102755520 cxxbridge1$str$ptr + 2489308
13  chromedriver                        0x0000000102733a78 cxxbridge1$str$ptr + 2351412
14  chromedriver                        0x0000000102755da8 cxxbridge1$str$ptr + 2491492
15  chromedriver                        0x0000000102724d6c cxxbridge1$str$ptr + 2290728
16  chromedriver                        0x0000000102775d74 cxxbridge1$str$ptr + 2622512
17  chromedriver                        0x0000000102775f00 cxxbridge1$str$ptr + 2622908
18  chromedriver                        0x0000000102786528 cxxbridge1$str$ptr + 2690020
19  libsystem_pthread.dylib             0x0000000187f0ac0c _pthread_start + 136
20  libsystem_pthread.dylib             0x0000000187f05b80 thread_start + 8

2025-06-12 16:29:41,321 - INFO - spain_scraper.py:79 - Scraping data for 2025-01-16
2025-06-12 16:29:42,448 - ERROR - spain.py:38 - Error changing date to 16/01/2025: Message: element click intercepted: Element <button class="arrow-submit" type="button"></button> is not clickable at point (330, 623). Other element would receive the click: <div id="onetrust-banner-sdk" class="otFloatingRounded ot-bottom-left ot-wo-title" tabindex="0" role="region" aria-label="Cookie banner" style="bottom: 1rem;">...</div>
  (Session info: chrome=137.0.7151.69)
Stacktrace:
0   chromedriver                        0x000000010278e668 cxxbridge1$str$ptr + 2723108
1   chromedriver                        0x00000001027868dc cxxbridge1$str$ptr + 2690968
2   chromedriver                        0x00000001022da714 cxxbridge1$string$len + 90428
3   chromedriver                        0x0000000102327324 cxxbridge1$string$len + 404812
4   chromedriver                        0x0000000102325890 cxxbridge1$string$len + 398008
5   chromedriver                        0x00000001023236a4 cxxbridge1$string$len + 389324
6   chromedriver                        0x0000000102322aa0 cxxbridge1$string$len + 386248
7   chromedriver                        0x0000000102317508 cxxbridge1$string$len + 339760
8   chromedriver                        0x0000000102316f94 cxxbridge1$string$len + 338364
9   chromedriver                        0x0000000102362de8 cxxbridge1$string$len + 649232
10  chromedriver                        0x00000001023159c8 cxxbridge1$string$len + 332784
11  chromedriver                        0x000000010275228c cxxbridge1$str$ptr + 2476360
12  chromedriver                        0x0000000102755520 cxxbridge1$str$ptr + 2489308
13  chromedriver                        0x0000000102733a78 cxxbridge1$str$ptr + 2351412
14  chromedriver                        0x0000000102755da8 cxxbridge1$str$ptr + 2491492
15  chromedriver                        0x0000000102724d6c cxxbridge1$str$ptr + 2290728
16  chromedriver                        0x0000000102775d74 cxxbridge1$str$ptr + 2622512
17  chromedriver                        0x0000000102775f00 cxxbridge1$str$ptr + 2622908
18  chromedriver                        0x0000000102786528 cxxbridge1$str$ptr + 2690020
19  libsystem_pthread.dylib             0x0000000187f0ac0c _pthread_start + 136
20  libsystem_pthread.dylib             0x0000000187f05b80 thread_start + 8

2025-06-12 16:29:45,152 - INFO - spain_scraper.py:79 - Scraping data for 2025-01-17
2025-06-12 16:29:46,266 - ERROR - spain.py:38 - Error changing date to 17/01/2025: Message: element click intercepted: Element <button class="arrow-submit" type="button"></button> is not clickable at point (330, 623). Other element would receive the click: <div id="onetrust-banner-sdk" class="otFloatingRounded ot-bottom-left ot-wo-title" tabindex="0" role="region" aria-label="Cookie banner" style="bottom: 1rem;">...</div>
  (Session info: chrome=137.0.7151.69)
Stacktrace:
0   chromedriver                        0x000000010278e668 cxxbridge1$str$ptr + 2723108
1   chromedriver                        0x00000001027868dc cxxbridge1$str$ptr + 2690968
2   chromedriver                        0x00000001022da714 cxxbridge1$string$len + 90428
3   chromedriver                        0x0000000102327324 cxxbridge1$string$len + 404812
4   chromedriver                        0x0000000102325890 cxxbridge1$string$len + 398008
5   chromedriver                        0x00000001023236a4 cxxbridge1$string$len + 389324
6   chromedriver                        0x0000000102322aa0 cxxbridge1$string$len + 386248
7   chromedriver                        0x0000000102317508 cxxbridge1$string$len + 339760
8   chromedriver                        0x0000000102316f94 cxxbridge1$string$len + 338364
9   chromedriver                        0x0000000102362de8 cxxbridge1$string$len + 649232
10  chromedriver                        0x00000001023159c8 cxxbridge1$string$len + 332784
11  chromedriver                        0x000000010275228c cxxbridge1$str$ptr + 2476360
12  chromedriver                        0x0000000102755520 cxxbridge1$str$ptr + 2489308
13  chromedriver                        0x0000000102733a78 cxxbridge1$str$ptr + 2351412
14  chromedriver                        0x0000000102755da8 cxxbridge1$str$ptr + 2491492
15  chromedriver                        0x0000000102724d6c cxxbridge1$str$ptr + 2290728
16  chromedriver                        0x0000000102775d74 cxxbridge1$str$ptr + 2622512
17  chromedriver                        0x0000000102775f00 cxxbridge1$str$ptr + 2622908
18  chromedriver                        0x0000000102786528 cxxbridge1$str$ptr + 2690020
19  libsystem_pthread.dylib             0x0000000187f0ac0c _pthread_start + 136
20  libsystem_pthread.dylib             0x0000000187f05b80 thread_start + 8

2025-06-12 16:29:50,151 - INFO - spain_scraper.py:79 - Scraping data for 2025-01-18
2025-06-12 16:29:51,279 - ERROR - spain.py:38 - Error changing date to 18/01/2025: Message: element click intercepted: Element <button class="arrow-submit" type="button"></button> is not clickable at point (330, 623). Other element would receive the click: <div id="onetrust-banner-sdk" class="otFloatingRounded ot-bottom-left ot-wo-title" tabindex="0" role="region" aria-label="Cookie banner" style="bottom: 1rem;">...</div>
  (Session info: chrome=137.0.7151.69)
Stacktrace:
0   chromedriver                        0x000000010278e668 cxxbridge1$str$ptr + 2723108
1   chromedriver                        0x00000001027868dc cxxbridge1$str$ptr + 2690968
2   chromedriver                        0x00000001022da714 cxxbridge1$string$len + 90428
3   chromedriver                        0x0000000102327324 cxxbridge1$string$len + 404812
4   chromedriver                        0x0000000102325890 cxxbridge1$string$len + 398008
5   chromedriver                        0x00000001023236a4 cxxbridge1$string$len + 389324
6   chromedriver                        0x0000000102322aa0 cxxbridge1$string$len + 386248
7   chromedriver                        0x0000000102317508 cxxbridge1$string$len + 339760
8   chromedriver                        0x0000000102316f94 cxxbridge1$string$len + 338364
9   chromedriver                        0x0000000102362de8 cxxbridge1$string$len + 649232
10  chromedriver                        0x00000001023159c8 cxxbridge1$string$len + 332784
11  chromedriver                        0x000000010275228c cxxbridge1$str$ptr + 2476360
12  chromedriver                        0x0000000102755520 cxxbridge1$str$ptr + 2489308
13  chromedriver                        0x0000000102733a78 cxxbridge1$str$ptr + 2351412
14  chromedriver                        0x0000000102755da8 cxxbridge1$str$ptr + 2491492
15  chromedriver                        0x0000000102724d6c cxxbridge1$str$ptr + 2290728
16  chromedriver                        0x0000000102775d74 cxxbridge1$str$ptr + 2622512
17  chromedriver                        0x0000000102775f00 cxxbridge1$str$ptr + 2622908
18  chromedriver                        0x0000000102786528 cxxbridge1$str$ptr + 2690020
19  libsystem_pthread.dylib             0x0000000187f0ac0c _pthread_start + 136
20  libsystem_pthread.dylib             0x0000000187f05b80 thread_start + 8

2025-06-12 16:29:54,756 - INFO - spain_scraper.py:79 - Scraping data for 2025-01-19
2025-06-12 16:29:55,868 - ERROR - spain.py:38 - Error changing date to 19/01/2025: Message: element click intercepted: Element <button class="arrow-submit" type="button"></button> is not clickable at point (330, 623). Other element would receive the click: <div id="onetrust-banner-sdk" class="otFloatingRounded ot-bottom-left ot-wo-title" tabindex="0" role="region" aria-label="Cookie banner" style="bottom: 1rem;">...</div>
  (Session info: chrome=137.0.7151.69)
Stacktrace:
0   chromedriver                        0x000000010278e668 cxxbridge1$str$ptr + 2723108
1   chromedriver                        0x00000001027868dc cxxbridge1$str$ptr + 2690968
2   chromedriver                        0x00000001022da714 cxxbridge1$string$len + 90428
3   chromedriver                        0x0000000102327324 cxxbridge1$string$len + 404812
4   chromedriver                        0x0000000102325890 cxxbridge1$string$len + 398008
5   chromedriver                        0x00000001023236a4 cxxbridge1$string$len + 389324
6   chromedriver                        0x0000000102322aa0 cxxbridge1$string$len + 386248
7   chromedriver                        0x0000000102317508 cxxbridge1$string$len + 339760
8   chromedriver                        0x0000000102316f94 cxxbridge1$string$len + 338364
9   chromedriver                        0x0000000102362de8 cxxbridge1$string$len + 649232
10  chromedriver                        0x00000001023159c8 cxxbridge1$string$len + 332784
11  chromedriver                        0x000000010275228c cxxbridge1$str$ptr + 2476360
12  chromedriver                        0x0000000102755520 cxxbridge1$str$ptr + 2489308
13  chromedriver                        0x0000000102733a78 cxxbridge1$str$ptr + 2351412
14  chromedriver                        0x0000000102755da8 cxxbridge1$str$ptr + 2491492
15  chromedriver                        0x0000000102724d6c cxxbridge1$str$ptr + 2290728
16  chromedriver                        0x0000000102775d74 cxxbridge1$str$ptr + 2622512
17  chromedriver                        0x0000000102775f00 cxxbridge1$str$ptr + 2622908
18  chromedriver                        0x0000000102786528 cxxbridge1$str$ptr + 2690020
19  libsystem_pthread.dylib             0x0000000187f0ac0c _pthread_start + 136
20  libsystem_pthread.dylib             0x0000000187f05b80 thread_start + 8

2025-06-12 16:29:58,601 - INFO - spain_scraper.py:79 - Scraping data for 2025-01-20
2025-06-12 16:29:59,736 - ERROR - spain.py:38 - Error changing date to 20/01/2025: Message: element click intercepted: Element <button class="arrow-submit" type="button"></button> is not clickable at point (330, 623). Other element would receive the click: <div id="onetrust-banner-sdk" class="otFloatingRounded ot-bottom-left ot-wo-title" tabindex="0" role="region" aria-label="Cookie banner" style="bottom: 1rem;">...</div>
  (Session info: chrome=137.0.7151.69)
Stacktrace:
0   chromedriver                        0x000000010278e668 cxxbridge1$str$ptr + 2723108
1   chromedriver                        0x00000001027868dc cxxbridge1$str$ptr + 2690968
2   chromedriver                        0x00000001022da714 cxxbridge1$string$len + 90428
3   chromedriver                        0x0000000102327324 cxxbridge1$string$len + 404812
4   chromedriver                        0x0000000102325890 cxxbridge1$string$len + 398008
5   chromedriver                        0x00000001023236a4 cxxbridge1$string$len + 389324
6   chromedriver                        0x0000000102322aa0 cxxbridge1$string$len + 386248
7   chromedriver                        0x0000000102317508 cxxbridge1$string$len + 339760
8   chromedriver                        0x0000000102316f94 cxxbridge1$string$len + 338364
9   chromedriver                        0x0000000102362de8 cxxbridge1$string$len + 649232
10  chromedriver                        0x00000001023159c8 cxxbridge1$string$len + 332784
11  chromedriver                        0x000000010275228c cxxbridge1$str$ptr + 2476360
12  chromedriver                        0x0000000102755520 cxxbridge1$str$ptr + 2489308
13  chromedriver                        0x0000000102733a78 cxxbridge1$str$ptr + 2351412
14  chromedriver                        0x0000000102755da8 cxxbridge1$str$ptr + 2491492
15  chromedriver                        0x0000000102724d6c cxxbridge1$str$ptr + 2290728
16  chromedriver                        0x0000000102775d74 cxxbridge1$str$ptr + 2622512
17  chromedriver                        0x0000000102775f00 cxxbridge1$str$ptr + 2622908
18  chromedriver                        0x0000000102786528 cxxbridge1$str$ptr + 2690020
19  libsystem_pthread.dylib             0x0000000187f0ac0c _pthread_start + 136
20  libsystem_pthread.dylib             0x0000000187f05b80 thread_start + 8

2025-06-12 16:30:01,959 - INFO - spain_scraper.py:79 - Scraping data for 2025-01-21
2025-06-12 16:30:03,063 - ERROR - spain.py:38 - Error changing date to 21/01/2025: Message: element click intercepted: Element <button class="arrow-submit" type="button"></button> is not clickable at point (330, 623). Other element would receive the click: <div id="onetrust-banner-sdk" class="otFloatingRounded ot-bottom-left ot-wo-title" tabindex="0" role="region" aria-label="Cookie banner" style="bottom: 1rem;">...</div>
  (Session info: chrome=137.0.7151.69)
Stacktrace:
0   chromedriver                        0x000000010278e668 cxxbridge1$str$ptr + 2723108
1   chromedriver                        0x00000001027868dc cxxbridge1$str$ptr + 2690968
2   chromedriver                        0x00000001022da714 cxxbridge1$string$len + 90428
3   chromedriver                        0x0000000102327324 cxxbridge1$string$len + 404812
4   chromedriver                        0x0000000102325890 cxxbridge1$string$len + 398008
5   chromedriver                        0x00000001023236a4 cxxbridge1$string$len + 389324
6   chromedriver                        0x0000000102322aa0 cxxbridge1$string$len + 386248
7   chromedriver                        0x0000000102317508 cxxbridge1$string$len + 339760
8   chromedriver                        0x0000000102316f94 cxxbridge1$string$len + 338364
9   chromedriver                        0x0000000102362de8 cxxbridge1$string$len + 649232
10  chromedriver                        0x00000001023159c8 cxxbridge1$string$len + 332784
11  chromedriver                        0x000000010275228c cxxbridge1$str$ptr + 2476360
12  chromedriver                        0x0000000102755520 cxxbridge1$str$ptr + 2489308
13  chromedriver                        0x0000000102733a78 cxxbridge1$str$ptr + 2351412
14  chromedriver                        0x0000000102755da8 cxxbridge1$str$ptr + 2491492
15  chromedriver                        0x0000000102724d6c cxxbridge1$str$ptr + 2290728
16  chromedriver                        0x0000000102775d74 cxxbridge1$str$ptr + 2622512
17  chromedriver                        0x0000000102775f00 cxxbridge1$str$ptr + 2622908
18  chromedriver                        0x0000000102786528 cxxbridge1$str$ptr + 2690020
19  libsystem_pthread.dylib             0x0000000187f0ac0c _pthread_start + 136
20  libsystem_pthread.dylib             0x0000000187f05b80 thread_start + 8

2025-06-12 16:30:05,636 - INFO - spain_scraper.py:79 - Scraping data for 2025-01-22
2025-06-12 16:30:06,775 - ERROR - spain.py:38 - Error changing date to 22/01/2025: Message: element click intercepted: Element <button class="arrow-submit" type="button"></button> is not clickable at point (330, 623). Other element would receive the click: <div id="onetrust-banner-sdk" class="otFloatingRounded ot-bottom-left ot-wo-title" tabindex="0" role="region" aria-label="Cookie banner" style="bottom: 1rem;">...</div>
  (Session info: chrome=137.0.7151.69)
Stacktrace:
0   chromedriver                        0x000000010278e668 cxxbridge1$str$ptr + 2723108
1   chromedriver                        0x00000001027868dc cxxbridge1$str$ptr + 2690968
2   chromedriver                        0x00000001022da714 cxxbridge1$string$len + 90428
3   chromedriver                        0x0000000102327324 cxxbridge1$string$len + 404812
4   chromedriver                        0x0000000102325890 cxxbridge1$string$len + 398008
5   chromedriver                        0x00000001023236a4 cxxbridge1$string$len + 389324
6   chromedriver                        0x0000000102322aa0 cxxbridge1$string$len + 386248
7   chromedriver                        0x0000000102317508 cxxbridge1$string$len + 339760
8   chromedriver                        0x0000000102316f94 cxxbridge1$string$len + 338364
9   chromedriver                        0x0000000102362de8 cxxbridge1$string$len + 649232
10  chromedriver                        0x00000001023159c8 cxxbridge1$string$len + 332784
11  chromedriver                        0x000000010275228c cxxbridge1$str$ptr + 2476360
12  chromedriver                        0x0000000102755520 cxxbridge1$str$ptr + 2489308
13  chromedriver                        0x0000000102733a78 cxxbridge1$str$ptr + 2351412
14  chromedriver                        0x0000000102755da8 cxxbridge1$str$ptr + 2491492
15  chromedriver                        0x0000000102724d6c cxxbridge1$str$ptr + 2290728
16  chromedriver                        0x0000000102775d74 cxxbridge1$str$ptr + 2622512
17  chromedriver                        0x0000000102775f00 cxxbridge1$str$ptr + 2622908
18  chromedriver                        0x0000000102786528 cxxbridge1$str$ptr + 2690020
19  libsystem_pthread.dylib             0x0000000187f0ac0c _pthread_start + 136
20  libsystem_pthread.dylib             0x0000000187f05b80 thread_start + 8

2025-06-12 16:30:09,709 - INFO - spain_scraper.py:79 - Scraping data for 2025-01-23
2025-06-12 16:30:10,814 - ERROR - spain.py:38 - Error changing date to 23/01/2025: Message: element click intercepted: Element <button class="arrow-submit" type="button"></button> is not clickable at point (330, 623). Other element would receive the click: <div id="onetrust-banner-sdk" class="otFloatingRounded ot-bottom-left ot-wo-title" tabindex="0" role="region" aria-label="Cookie banner" style="bottom: 1rem;">...</div>
  (Session info: chrome=137.0.7151.69)
Stacktrace:
0   chromedriver                        0x000000010278e668 cxxbridge1$str$ptr + 2723108
1   chromedriver                        0x00000001027868dc cxxbridge1$str$ptr + 2690968
2   chromedriver                        0x00000001022da714 cxxbridge1$string$len + 90428
3   chromedriver                        0x0000000102327324 cxxbridge1$string$len + 404812
4   chromedriver                        0x0000000102325890 cxxbridge1$string$len + 398008
5   chromedriver                        0x00000001023236a4 cxxbridge1$string$len + 389324
6   chromedriver                        0x0000000102322aa0 cxxbridge1$string$len + 386248
7   chromedriver                        0x0000000102317508 cxxbridge1$string$len + 339760
8   chromedriver                        0x0000000102316f94 cxxbridge1$string$len + 338364
9   chromedriver                        0x0000000102362de8 cxxbridge1$string$len + 649232
10  chromedriver                        0x00000001023159c8 cxxbridge1$string$len + 332784
11  chromedriver                        0x000000010275228c cxxbridge1$str$ptr + 2476360
12  chromedriver                        0x0000000102755520 cxxbridge1$str$ptr + 2489308
13  chromedriver                        0x0000000102733a78 cxxbridge1$str$ptr + 2351412
14  chromedriver                        0x0000000102755da8 cxxbridge1$str$ptr + 2491492
15  chromedriver                        0x0000000102724d6c cxxbridge1$str$ptr + 2290728
16  chromedriver                        0x0000000102775d74 cxxbridge1$str$ptr + 2622512
17  chromedriver                        0x0000000102775f00 cxxbridge1$str$ptr + 2622908
18  chromedriver                        0x0000000102786528 cxxbridge1$str$ptr + 2690020
19  libsystem_pthread.dylib             0x0000000187f0ac0c _pthread_start + 136
20  libsystem_pthread.dylib             0x0000000187f05b80 thread_start + 8

2025-06-12 16:30:14,503 - INFO - spain_scraper.py:79 - Scraping data for 2025-01-24
2025-06-12 16:30:15,615 - ERROR - spain.py:38 - Error changing date to 24/01/2025: Message: element click intercepted: Element <button class="arrow-submit" type="button"></button> is not clickable at point (330, 623). Other element would receive the click: <div id="onetrust-banner-sdk" class="otFloatingRounded ot-bottom-left ot-wo-title" tabindex="0" role="region" aria-label="Cookie banner" style="bottom: 1rem;">...</div>
  (Session info: chrome=137.0.7151.69)
Stacktrace:
0   chromedriver                        0x000000010278e668 cxxbridge1$str$ptr + 2723108
1   chromedriver                        0x00000001027868dc cxxbridge1$str$ptr + 2690968
2   chromedriver                        0x00000001022da714 cxxbridge1$string$len + 90428
3   chromedriver                        0x0000000102327324 cxxbridge1$string$len + 404812
4   chromedriver                        0x0000000102325890 cxxbridge1$string$len + 398008
5   chromedriver                        0x00000001023236a4 cxxbridge1$string$len + 389324
6   chromedriver                        0x0000000102322aa0 cxxbridge1$string$len + 386248
7   chromedriver                        0x0000000102317508 cxxbridge1$string$len + 339760
8   chromedriver                        0x0000000102316f94 cxxbridge1$string$len + 338364
9   chromedriver                        0x0000000102362de8 cxxbridge1$string$len + 649232
10  chromedriver                        0x00000001023159c8 cxxbridge1$string$len + 332784
11  chromedriver                        0x000000010275228c cxxbridge1$str$ptr + 2476360
12  chromedriver                        0x0000000102755520 cxxbridge1$str$ptr + 2489308
13  chromedriver                        0x0000000102733a78 cxxbridge1$str$ptr + 2351412
14  chromedriver                        0x0000000102755da8 cxxbridge1$str$ptr + 2491492
15  chromedriver                        0x0000000102724d6c cxxbridge1$str$ptr + 2290728
16  chromedriver                        0x0000000102775d74 cxxbridge1$str$ptr + 2622512
17  chromedriver                        0x0000000102775f00 cxxbridge1$str$ptr + 2622908
18  chromedriver                        0x0000000102786528 cxxbridge1$str$ptr + 2690020
19  libsystem_pthread.dylib             0x0000000187f0ac0c _pthread_start + 136
20  libsystem_pthread.dylib             0x0000000187f05b80 thread_start + 8

2025-06-12 16:30:18,166 - INFO - spain_scraper.py:79 - Scraping data for 2025-01-25
2025-06-12 16:30:19,285 - ERROR - spain.py:38 - Error changing date to 25/01/2025: Message: element click intercepted: Element <button class="arrow-submit" type="button"></button> is not clickable at point (330, 623). Other element would receive the click: <div id="onetrust-banner-sdk" class="otFloatingRounded ot-bottom-left ot-wo-title" tabindex="0" role="region" aria-label="Cookie banner" style="bottom: 1rem;">...</div>
  (Session info: chrome=137.0.7151.69)
Stacktrace:
0   chromedriver                        0x000000010278e668 cxxbridge1$str$ptr + 2723108
1   chromedriver                        0x00000001027868dc cxxbridge1$str$ptr + 2690968
2   chromedriver                        0x00000001022da714 cxxbridge1$string$len + 90428
3   chromedriver                        0x0000000102327324 cxxbridge1$string$len + 404812
4   chromedriver                        0x0000000102325890 cxxbridge1$string$len + 398008
5   chromedriver                        0x00000001023236a4 cxxbridge1$string$len + 389324
6   chromedriver                        0x0000000102322aa0 cxxbridge1$string$len + 386248
7   chromedriver                        0x0000000102317508 cxxbridge1$string$len + 339760
8   chromedriver                        0x0000000102316f94 cxxbridge1$string$len + 338364
9   chromedriver                        0x0000000102362de8 cxxbridge1$string$len + 649232
10  chromedriver                        0x00000001023159c8 cxxbridge1$string$len + 332784
11  chromedriver                        0x000000010275228c cxxbridge1$str$ptr + 2476360
12  chromedriver                        0x0000000102755520 cxxbridge1$str$ptr + 2489308
13  chromedriver                        0x0000000102733a78 cxxbridge1$str$ptr + 2351412
14  chromedriver                        0x0000000102755da8 cxxbridge1$str$ptr + 2491492
15  chromedriver                        0x0000000102724d6c cxxbridge1$str$ptr + 2290728
16  chromedriver                        0x0000000102775d74 cxxbridge1$str$ptr + 2622512
17  chromedriver                        0x0000000102775f00 cxxbridge1$str$ptr + 2622908
18  chromedriver                        0x0000000102786528 cxxbridge1$str$ptr + 2690020
19  libsystem_pthread.dylib             0x0000000187f0ac0c _pthread_start + 136
20  libsystem_pthread.dylib             0x0000000187f05b80 thread_start + 8

2025-06-12 16:30:22,380 - INFO - spain_scraper.py:79 - Scraping data for 2025-01-26
2025-06-12 16:30:23,500 - ERROR - spain.py:38 - Error changing date to 26/01/2025: Message: element click intercepted: Element <button class="arrow-submit" type="button"></button> is not clickable at point (330, 623). Other element would receive the click: <div id="onetrust-banner-sdk" class="otFloatingRounded ot-bottom-left ot-wo-title" tabindex="0" role="region" aria-label="Cookie banner" style="bottom: 1rem;">...</div>
  (Session info: chrome=137.0.7151.69)
Stacktrace:
0   chromedriver                        0x000000010278e668 cxxbridge1$str$ptr + 2723108
1   chromedriver                        0x00000001027868dc cxxbridge1$str$ptr + 2690968
2   chromedriver                        0x00000001022da714 cxxbridge1$string$len + 90428
3   chromedriver                        0x0000000102327324 cxxbridge1$string$len + 404812
4   chromedriver                        0x0000000102325890 cxxbridge1$string$len + 398008
5   chromedriver                        0x00000001023236a4 cxxbridge1$string$len + 389324
6   chromedriver                        0x0000000102322aa0 cxxbridge1$string$len + 386248
7   chromedriver                        0x0000000102317508 cxxbridge1$string$len + 339760
8   chromedriver                        0x0000000102316f94 cxxbridge1$string$len + 338364
9   chromedriver                        0x0000000102362de8 cxxbridge1$string$len + 649232
10  chromedriver                        0x00000001023159c8 cxxbridge1$string$len + 332784
11  chromedriver                        0x000000010275228c cxxbridge1$str$ptr + 2476360
12  chromedriver                        0x0000000102755520 cxxbridge1$str$ptr + 2489308
13  chromedriver                        0x0000000102733a78 cxxbridge1$str$ptr + 2351412
14  chromedriver                        0x0000000102755da8 cxxbridge1$str$ptr + 2491492
15  chromedriver                        0x0000000102724d6c cxxbridge1$str$ptr + 2290728
16  chromedriver                        0x0000000102775d74 cxxbridge1$str$ptr + 2622512
17  chromedriver                        0x0000000102775f00 cxxbridge1$str$ptr + 2622908
18  chromedriver                        0x0000000102786528 cxxbridge1$str$ptr + 2690020
19  libsystem_pthread.dylib             0x0000000187f0ac0c _pthread_start + 136
20  libsystem_pthread.dylib             0x0000000187f05b80 thread_start + 8

2025-06-12 16:30:25,907 - INFO - spain_scraper.py:79 - Scraping data for 2025-01-27
2025-06-12 16:30:27,027 - ERROR - spain.py:38 - Error changing date to 27/01/2025: Message: element click intercepted: Element <button class="arrow-submit" type="button"></button> is not clickable at point (330, 623). Other element would receive the click: <div id="onetrust-banner-sdk" class="otFloatingRounded ot-bottom-left ot-wo-title" tabindex="0" role="region" aria-label="Cookie banner" style="bottom: 1rem;">...</div>
  (Session info: chrome=137.0.7151.69)
Stacktrace:
0   chromedriver                        0x000000010278e668 cxxbridge1$str$ptr + 2723108
1   chromedriver                        0x00000001027868dc cxxbridge1$str$ptr + 2690968
2   chromedriver                        0x00000001022da714 cxxbridge1$string$len + 90428
3   chromedriver                        0x0000000102327324 cxxbridge1$string$len + 404812
4   chromedriver                        0x0000000102325890 cxxbridge1$string$len + 398008
5   chromedriver                        0x00000001023236a4 cxxbridge1$string$len + 389324
6   chromedriver                        0x0000000102322aa0 cxxbridge1$string$len + 386248
7   chromedriver                        0x0000000102317508 cxxbridge1$string$len + 339760
8   chromedriver                        0x0000000102316f94 cxxbridge1$string$len + 338364
9   chromedriver                        0x0000000102362de8 cxxbridge1$string$len + 649232
10  chromedriver                        0x00000001023159c8 cxxbridge1$string$len + 332784
11  chromedriver                        0x000000010275228c cxxbridge1$str$ptr + 2476360
12  chromedriver                        0x0000000102755520 cxxbridge1$str$ptr + 2489308
13  chromedriver                        0x0000000102733a78 cxxbridge1$str$ptr + 2351412
14  chromedriver                        0x0000000102755da8 cxxbridge1$str$ptr + 2491492
15  chromedriver                        0x0000000102724d6c cxxbridge1$str$ptr + 2290728
16  chromedriver                        0x0000000102775d74 cxxbridge1$str$ptr + 2622512
17  chromedriver                        0x0000000102775f00 cxxbridge1$str$ptr + 2622908
18  chromedriver                        0x0000000102786528 cxxbridge1$str$ptr + 2690020
19  libsystem_pthread.dylib             0x0000000187f0ac0c _pthread_start + 136
20  libsystem_pthread.dylib             0x0000000187f05b80 thread_start + 8

2025-06-12 16:30:30,371 - INFO - spain_scraper.py:79 - Scraping data for 2025-01-28
2025-06-12 16:30:31,498 - ERROR - spain.py:38 - Error changing date to 28/01/2025: Message: element click intercepted: Element <button class="arrow-submit" type="button"></button> is not clickable at point (330, 623). Other element would receive the click: <div id="onetrust-banner-sdk" class="otFloatingRounded ot-bottom-left ot-wo-title" tabindex="0" role="region" aria-label="Cookie banner" style="bottom: 1rem;">...</div>
  (Session info: chrome=137.0.7151.69)
Stacktrace:
0   chromedriver                        0x000000010278e668 cxxbridge1$str$ptr + 2723108
1   chromedriver                        0x00000001027868dc cxxbridge1$str$ptr + 2690968
2   chromedriver                        0x00000001022da714 cxxbridge1$string$len + 90428
3   chromedriver                        0x0000000102327324 cxxbridge1$string$len + 404812
4   chromedriver                        0x0000000102325890 cxxbridge1$string$len + 398008
5   chromedriver                        0x00000001023236a4 cxxbridge1$string$len + 389324
6   chromedriver                        0x0000000102322aa0 cxxbridge1$string$len + 386248
7   chromedriver                        0x0000000102317508 cxxbridge1$string$len + 339760
8   chromedriver                        0x0000000102316f94 cxxbridge1$string$len + 338364
9   chromedriver                        0x0000000102362de8 cxxbridge1$string$len + 649232
10  chromedriver                        0x00000001023159c8 cxxbridge1$string$len + 332784
11  chromedriver                        0x000000010275228c cxxbridge1$str$ptr + 2476360
12  chromedriver                        0x0000000102755520 cxxbridge1$str$ptr + 2489308
13  chromedriver                        0x0000000102733a78 cxxbridge1$str$ptr + 2351412
14  chromedriver                        0x0000000102755da8 cxxbridge1$str$ptr + 2491492
15  chromedriver                        0x0000000102724d6c cxxbridge1$str$ptr + 2290728
16  chromedriver                        0x0000000102775d74 cxxbridge1$str$ptr + 2622512
17  chromedriver                        0x0000000102775f00 cxxbridge1$str$ptr + 2622908
18  chromedriver                        0x0000000102786528 cxxbridge1$str$ptr + 2690020
19  libsystem_pthread.dylib             0x0000000187f0ac0c _pthread_start + 136
20  libsystem_pthread.dylib             0x0000000187f05b80 thread_start + 8

2025-06-12 16:30:35,362 - INFO - spain_scraper.py:79 - Scraping data for 2025-01-29
2025-06-12 16:30:36,480 - ERROR - spain.py:38 - Error changing date to 29/01/2025: Message: element click intercepted: Element <button class="arrow-submit" type="button"></button> is not clickable at point (330, 623). Other element would receive the click: <div id="onetrust-banner-sdk" class="otFloatingRounded ot-bottom-left ot-wo-title" tabindex="0" role="region" aria-label="Cookie banner" style="bottom: 1rem;">...</div>
  (Session info: chrome=137.0.7151.69)
Stacktrace:
0   chromedriver                        0x000000010278e668 cxxbridge1$str$ptr + 2723108
1   chromedriver                        0x00000001027868dc cxxbridge1$str$ptr + 2690968
2   chromedriver                        0x00000001022da714 cxxbridge1$string$len + 90428
3   chromedriver                        0x0000000102327324 cxxbridge1$string$len + 404812
4   chromedriver                        0x0000000102325890 cxxbridge1$string$len + 398008
5   chromedriver                        0x00000001023236a4 cxxbridge1$string$len + 389324
6   chromedriver                        0x0000000102322aa0 cxxbridge1$string$len + 386248
7   chromedriver                        0x0000000102317508 cxxbridge1$string$len + 339760
8   chromedriver                        0x0000000102316f94 cxxbridge1$string$len + 338364
9   chromedriver                        0x0000000102362de8 cxxbridge1$string$len + 649232
10  chromedriver                        0x00000001023159c8 cxxbridge1$string$len + 332784
11  chromedriver                        0x000000010275228c cxxbridge1$str$ptr + 2476360
12  chromedriver                        0x0000000102755520 cxxbridge1$str$ptr + 2489308
13  chromedriver                        0x0000000102733a78 cxxbridge1$str$ptr + 2351412
14  chromedriver                        0x0000000102755da8 cxxbridge1$str$ptr + 2491492
15  chromedriver                        0x0000000102724d6c cxxbridge1$str$ptr + 2290728
16  chromedriver                        0x0000000102775d74 cxxbridge1$str$ptr + 2622512
17  chromedriver                        0x0000000102775f00 cxxbridge1$str$ptr + 2622908
18  chromedriver                        0x0000000102786528 cxxbridge1$str$ptr + 2690020
19  libsystem_pthread.dylib             0x0000000187f0ac0c _pthread_start + 136
20  libsystem_pthread.dylib             0x0000000187f05b80 thread_start + 8

2025-06-12 16:30:39,006 - INFO - spain_scraper.py:79 - Scraping data for 2025-01-30
2025-06-12 16:30:40,117 - ERROR - spain.py:38 - Error changing date to 30/01/2025: Message: element click intercepted: Element <button class="arrow-submit" type="button"></button> is not clickable at point (330, 623). Other element would receive the click: <div id="onetrust-banner-sdk" class="otFloatingRounded ot-bottom-left ot-wo-title" tabindex="0" role="region" aria-label="Cookie banner" style="bottom: 1rem;">...</div>
  (Session info: chrome=137.0.7151.69)
Stacktrace:
0   chromedriver                        0x000000010278e668 cxxbridge1$str$ptr + 2723108
1   chromedriver                        0x00000001027868dc cxxbridge1$str$ptr + 2690968
2   chromedriver                        0x00000001022da714 cxxbridge1$string$len + 90428
3   chromedriver                        0x0000000102327324 cxxbridge1$string$len + 404812
4   chromedriver                        0x0000000102325890 cxxbridge1$string$len + 398008
5   chromedriver                        0x00000001023236a4 cxxbridge1$string$len + 389324
6   chromedriver                        0x0000000102322aa0 cxxbridge1$string$len + 386248
7   chromedriver                        0x0000000102317508 cxxbridge1$string$len + 339760
8   chromedriver                        0x0000000102316f94 cxxbridge1$string$len + 338364
9   chromedriver                        0x0000000102362de8 cxxbridge1$string$len + 649232
10  chromedriver                        0x00000001023159c8 cxxbridge1$string$len + 332784
11  chromedriver                        0x000000010275228c cxxbridge1$str$ptr + 2476360
12  chromedriver                        0x0000000102755520 cxxbridge1$str$ptr + 2489308
13  chromedriver                        0x0000000102733a78 cxxbridge1$str$ptr + 2351412
14  chromedriver                        0x0000000102755da8 cxxbridge1$str$ptr + 2491492
15  chromedriver                        0x0000000102724d6c cxxbridge1$str$ptr + 2290728
16  chromedriver                        0x0000000102775d74 cxxbridge1$str$ptr + 2622512
17  chromedriver                        0x0000000102775f00 cxxbridge1$str$ptr + 2622908
18  chromedriver                        0x0000000102786528 cxxbridge1$str$ptr + 2690020
19  libsystem_pthread.dylib             0x0000000187f0ac0c _pthread_start + 136
20  libsystem_pthread.dylib             0x0000000187f05b80 thread_start + 8

2025-06-12 16:30:42,830 - INFO - spain_scraper.py:79 - Scraping data for 2025-01-31
2025-06-12 16:30:43,958 - ERROR - spain.py:38 - Error changing date to 31/01/2025: Message: element click intercepted: Element <button class="arrow-submit" type="button"></button> is not clickable at point (330, 623). Other element would receive the click: <div id="onetrust-banner-sdk" class="otFloatingRounded ot-bottom-left ot-wo-title" tabindex="0" role="region" aria-label="Cookie banner" style="bottom: 1rem;">...</div>
  (Session info: chrome=137.0.7151.69)
Stacktrace:
0   chromedriver                        0x000000010278e668 cxxbridge1$str$ptr + 2723108
1   chromedriver                        0x00000001027868dc cxxbridge1$str$ptr + 2690968
2   chromedriver                        0x00000001022da714 cxxbridge1$string$len + 90428
3   chromedriver                        0x0000000102327324 cxxbridge1$string$len + 404812
4   chromedriver                        0x0000000102325890 cxxbridge1$string$len + 398008
5   chromedriver                        0x00000001023236a4 cxxbridge1$string$len + 389324
6   chromedriver                        0x0000000102322aa0 cxxbridge1$string$len + 386248
7   chromedriver                        0x0000000102317508 cxxbridge1$string$len + 339760
8   chromedriver                        0x0000000102316f94 cxxbridge1$string$len + 338364
9   chromedriver                        0x0000000102362de8 cxxbridge1$string$len + 649232
10  chromedriver                        0x00000001023159c8 cxxbridge1$string$len + 332784
11  chromedriver                        0x000000010275228c cxxbridge1$str$ptr + 2476360
12  chromedriver                        0x0000000102755520 cxxbridge1$str$ptr + 2489308
13  chromedriver                        0x0000000102733a78 cxxbridge1$str$ptr + 2351412
14  chromedriver                        0x0000000102755da8 cxxbridge1$str$ptr + 2491492
15  chromedriver                        0x0000000102724d6c cxxbridge1$str$ptr + 2290728
16  chromedriver                        0x0000000102775d74 cxxbridge1$str$ptr + 2622512
17  chromedriver                        0x0000000102775f00 cxxbridge1$str$ptr + 2622908
18  chromedriver                        0x0000000102786528 cxxbridge1$str$ptr + 2690020
19  libsystem_pthread.dylib             0x0000000187f0ac0c _pthread_start + 136
20  libsystem_pthread.dylib             0x0000000187f05b80 thread_start + 8

2025-06-12 16:30:45,987 - INFO - spain_scraper.py:79 - Scraping data for 2025-02-01
2025-06-12 16:30:47,109 - ERROR - spain.py:38 - Error changing date to 01/02/2025: Message: element click intercepted: Element <button class="arrow-submit" type="button"></button> is not clickable at point (330, 623). Other element would receive the click: <div id="onetrust-banner-sdk" class="otFloatingRounded ot-bottom-left ot-wo-title" tabindex="0" role="region" aria-label="Cookie banner" style="bottom: 1rem;">...</div>
  (Session info: chrome=137.0.7151.69)
Stacktrace:
0   chromedriver                        0x000000010278e668 cxxbridge1$str$ptr + 2723108
1   chromedriver                        0x00000001027868dc cxxbridge1$str$ptr + 2690968
2   chromedriver                        0x00000001022da714 cxxbridge1$string$len + 90428
3   chromedriver                        0x0000000102327324 cxxbridge1$string$len + 404812
4   chromedriver                        0x0000000102325890 cxxbridge1$string$len + 398008
5   chromedriver                        0x00000001023236a4 cxxbridge1$string$len + 389324
6   chromedriver                        0x0000000102322aa0 cxxbridge1$string$len + 386248
7   chromedriver                        0x0000000102317508 cxxbridge1$string$len + 339760
8   chromedriver                        0x0000000102316f94 cxxbridge1$string$len + 338364
9   chromedriver                        0x0000000102362de8 cxxbridge1$string$len + 649232
10  chromedriver                        0x00000001023159c8 cxxbridge1$string$len + 332784
11  chromedriver                        0x000000010275228c cxxbridge1$str$ptr + 2476360
12  chromedriver                        0x0000000102755520 cxxbridge1$str$ptr + 2489308
13  chromedriver                        0x0000000102733a78 cxxbridge1$str$ptr + 2351412
14  chromedriver                        0x0000000102755da8 cxxbridge1$str$ptr + 2491492
15  chromedriver                        0x0000000102724d6c cxxbridge1$str$ptr + 2290728
16  chromedriver                        0x0000000102775d74 cxxbridge1$str$ptr + 2622512
17  chromedriver                        0x0000000102775f00 cxxbridge1$str$ptr + 2622908
18  chromedriver                        0x0000000102786528 cxxbridge1$str$ptr + 2690020
19  libsystem_pthread.dylib             0x0000000187f0ac0c _pthread_start + 136
20  libsystem_pthread.dylib             0x0000000187f05b80 thread_start + 8

2025-06-12 16:30:50,216 - INFO - spain_scraper.py:79 - Scraping data for 2025-02-02
2025-06-12 16:30:51,349 - ERROR - spain.py:38 - Error changing date to 02/02/2025: Message: element click intercepted: Element <button class="arrow-submit" type="button"></button> is not clickable at point (330, 623). Other element would receive the click: <div id="onetrust-banner-sdk" class="otFloatingRounded ot-bottom-left ot-wo-title" tabindex="0" role="region" aria-label="Cookie banner" style="bottom: 1rem;">...</div>
  (Session info: chrome=137.0.7151.69)
Stacktrace:
0   chromedriver                        0x000000010278e668 cxxbridge1$str$ptr + 2723108
1   chromedriver                        0x00000001027868dc cxxbridge1$str$ptr + 2690968
2   chromedriver                        0x00000001022da714 cxxbridge1$string$len + 90428
3   chromedriver                        0x0000000102327324 cxxbridge1$string$len + 404812
4   chromedriver                        0x0000000102325890 cxxbridge1$string$len + 398008
5   chromedriver                        0x00000001023236a4 cxxbridge1$string$len + 389324
6   chromedriver                        0x0000000102322aa0 cxxbridge1$string$len + 386248
7   chromedriver                        0x0000000102317508 cxxbridge1$string$len + 339760
8   chromedriver                        0x0000000102316f94 cxxbridge1$string$len + 338364
9   chromedriver                        0x0000000102362de8 cxxbridge1$string$len + 649232
10  chromedriver                        0x00000001023159c8 cxxbridge1$string$len + 332784
11  chromedriver                        0x000000010275228c cxxbridge1$str$ptr + 2476360
12  chromedriver                        0x0000000102755520 cxxbridge1$str$ptr + 2489308
13  chromedriver                        0x0000000102733a78 cxxbridge1$str$ptr + 2351412
14  chromedriver                        0x0000000102755da8 cxxbridge1$str$ptr + 2491492
15  chromedriver                        0x0000000102724d6c cxxbridge1$str$ptr + 2290728
16  chromedriver                        0x0000000102775d74 cxxbridge1$str$ptr + 2622512
17  chromedriver                        0x0000000102775f00 cxxbridge1$str$ptr + 2622908
18  chromedriver                        0x0000000102786528 cxxbridge1$str$ptr + 2690020
19  libsystem_pthread.dylib             0x0000000187f0ac0c _pthread_start + 136
20  libsystem_pthread.dylib             0x0000000187f05b80 thread_start + 8

2025-06-12 16:30:55,082 - INFO - spain_scraper.py:79 - Scraping data for 2025-02-03
2025-06-12 16:30:56,207 - ERROR - spain.py:38 - Error changing date to 03/02/2025: Message: element click intercepted: Element <button class="arrow-submit" type="button"></button> is not clickable at point (330, 623). Other element would receive the click: <div id="onetrust-banner-sdk" class="otFloatingRounded ot-bottom-left ot-wo-title" tabindex="0" role="region" aria-label="Cookie banner" style="bottom: 1rem;">...</div>
  (Session info: chrome=137.0.7151.69)
Stacktrace:
0   chromedriver                        0x000000010278e668 cxxbridge1$str$ptr + 2723108
1   chromedriver                        0x00000001027868dc cxxbridge1$str$ptr + 2690968
2   chromedriver                        0x00000001022da714 cxxbridge1$string$len + 90428
3   chromedriver                        0x0000000102327324 cxxbridge1$string$len + 404812
4   chromedriver                        0x0000000102325890 cxxbridge1$string$len + 398008
5   chromedriver                        0x00000001023236a4 cxxbridge1$string$len + 389324
6   chromedriver                        0x0000000102322aa0 cxxbridge1$string$len + 386248
7   chromedriver                        0x0000000102317508 cxxbridge1$string$len + 339760
8   chromedriver                        0x0000000102316f94 cxxbridge1$string$len + 338364
9   chromedriver                        0x0000000102362de8 cxxbridge1$string$len + 649232
10  chromedriver                        0x00000001023159c8 cxxbridge1$string$len + 332784
11  chromedriver                        0x000000010275228c cxxbridge1$str$ptr + 2476360
12  chromedriver                        0x0000000102755520 cxxbridge1$str$ptr + 2489308
13  chromedriver                        0x0000000102733a78 cxxbridge1$str$ptr + 2351412
14  chromedriver                        0x0000000102755da8 cxxbridge1$str$ptr + 2491492
15  chromedriver                        0x0000000102724d6c cxxbridge1$str$ptr + 2290728
16  chromedriver                        0x0000000102775d74 cxxbridge1$str$ptr + 2622512
17  chromedriver                        0x0000000102775f00 cxxbridge1$str$ptr + 2622908
18  chromedriver                        0x0000000102786528 cxxbridge1$str$ptr + 2690020
19  libsystem_pthread.dylib             0x0000000187f0ac0c _pthread_start + 136
20  libsystem_pthread.dylib             0x0000000187f05b80 thread_start + 8

2025-06-12 16:30:58,546 - INFO - spain_scraper.py:79 - Scraping data for 2025-02-04
2025-06-12 16:30:59,679 - ERROR - spain.py:38 - Error changing date to 04/02/2025: Message: element click intercepted: Element <button class="arrow-submit" type="button"></button> is not clickable at point (330, 623). Other element would receive the click: <div id="onetrust-banner-sdk" class="otFloatingRounded ot-bottom-left ot-wo-title" tabindex="0" role="region" aria-label="Cookie banner" style="bottom: 1rem;">...</div>
  (Session info: chrome=137.0.7151.69)
Stacktrace:
0   chromedriver                        0x000000010278e668 cxxbridge1$str$ptr + 2723108
1   chromedriver                        0x00000001027868dc cxxbridge1$str$ptr + 2690968
2   chromedriver                        0x00000001022da714 cxxbridge1$string$len + 90428
3   chromedriver                        0x0000000102327324 cxxbridge1$string$len + 404812
4   chromedriver                        0x0000000102325890 cxxbridge1$string$len + 398008
5   chromedriver                        0x00000001023236a4 cxxbridge1$string$len + 389324
6   chromedriver                        0x0000000102322aa0 cxxbridge1$string$len + 386248
7   chromedriver                        0x0000000102317508 cxxbridge1$string$len + 339760
8   chromedriver                        0x0000000102316f94 cxxbridge1$string$len + 338364
9   chromedriver                        0x0000000102362de8 cxxbridge1$string$len + 649232
10  chromedriver                        0x00000001023159c8 cxxbridge1$string$len + 332784
11  chromedriver                        0x000000010275228c cxxbridge1$str$ptr + 2476360
12  chromedriver                        0x0000000102755520 cxxbridge1$str$ptr + 2489308
13  chromedriver                        0x0000000102733a78 cxxbridge1$str$ptr + 2351412
14  chromedriver                        0x0000000102755da8 cxxbridge1$str$ptr + 2491492
15  chromedriver                        0x0000000102724d6c cxxbridge1$str$ptr + 2290728
16  chromedriver                        0x0000000102775d74 cxxbridge1$str$ptr + 2622512
17  chromedriver                        0x0000000102775f00 cxxbridge1$str$ptr + 2622908
18  chromedriver                        0x0000000102786528 cxxbridge1$str$ptr + 2690020
19  libsystem_pthread.dylib             0x0000000187f0ac0c _pthread_start + 136
20  libsystem_pthread.dylib             0x0000000187f05b80 thread_start + 8

2025-06-12 16:31:03,156 - INFO - spain_scraper.py:79 - Scraping data for 2025-02-05
2025-06-12 16:31:04,297 - ERROR - spain.py:38 - Error changing date to 05/02/2025: Message: element click intercepted: Element <button class="arrow-submit" type="button"></button> is not clickable at point (330, 623). Other element would receive the click: <div id="onetrust-banner-sdk" class="otFloatingRounded ot-bottom-left ot-wo-title" tabindex="0" role="region" aria-label="Cookie banner" style="bottom: 1rem;">...</div>
  (Session info: chrome=137.0.7151.69)
Stacktrace:
0   chromedriver                        0x000000010278e668 cxxbridge1$str$ptr + 2723108
1   chromedriver                        0x00000001027868dc cxxbridge1$str$ptr + 2690968
2   chromedriver                        0x00000001022da714 cxxbridge1$string$len + 90428
3   chromedriver                        0x0000000102327324 cxxbridge1$string$len + 404812
4   chromedriver                        0x0000000102325890 cxxbridge1$string$len + 398008
5   chromedriver                        0x00000001023236a4 cxxbridge1$string$len + 389324
6   chromedriver                        0x0000000102322aa0 cxxbridge1$string$len + 386248
7   chromedriver                        0x0000000102317508 cxxbridge1$string$len + 339760
8   chromedriver                        0x0000000102316f94 cxxbridge1$string$len + 338364
9   chromedriver                        0x0000000102362de8 cxxbridge1$string$len + 649232
10  chromedriver                        0x00000001023159c8 cxxbridge1$string$len + 332784
11  chromedriver                        0x000000010275228c cxxbridge1$str$ptr + 2476360
12  chromedriver                        0x0000000102755520 cxxbridge1$str$ptr + 2489308
13  chromedriver                        0x0000000102733a78 cxxbridge1$str$ptr + 2351412
14  chromedriver                        0x0000000102755da8 cxxbridge1$str$ptr + 2491492
15  chromedriver                        0x0000000102724d6c cxxbridge1$str$ptr + 2290728
16  chromedriver                        0x0000000102775d74 cxxbridge1$str$ptr + 2622512
17  chromedriver                        0x0000000102775f00 cxxbridge1$str$ptr + 2622908
18  chromedriver                        0x0000000102786528 cxxbridge1$str$ptr + 2690020
19  libsystem_pthread.dylib             0x0000000187f0ac0c _pthread_start + 136
20  libsystem_pthread.dylib             0x0000000187f05b80 thread_start + 8

2025-06-12 16:31:06,789 - INFO - spain_scraper.py:79 - Scraping data for 2025-02-06
2025-06-12 16:31:07,914 - ERROR - spain.py:38 - Error changing date to 06/02/2025: Message: element click intercepted: Element <button class="arrow-submit" type="button"></button> is not clickable at point (330, 623). Other element would receive the click: <div id="onetrust-banner-sdk" class="otFloatingRounded ot-bottom-left ot-wo-title" tabindex="0" role="region" aria-label="Cookie banner" style="bottom: 1rem;">...</div>
  (Session info: chrome=137.0.7151.69)
Stacktrace:
0   chromedriver                        0x000000010278e668 cxxbridge1$str$ptr + 2723108
1   chromedriver                        0x00000001027868dc cxxbridge1$str$ptr + 2690968
2   chromedriver                        0x00000001022da714 cxxbridge1$string$len + 90428
3   chromedriver                        0x0000000102327324 cxxbridge1$string$len + 404812
4   chromedriver                        0x0000000102325890 cxxbridge1$string$len + 398008
5   chromedriver                        0x00000001023236a4 cxxbridge1$string$len + 389324
6   chromedriver                        0x0000000102322aa0 cxxbridge1$string$len + 386248
7   chromedriver                        0x0000000102317508 cxxbridge1$string$len + 339760
8   chromedriver                        0x0000000102316f94 cxxbridge1$string$len + 338364
9   chromedriver                        0x0000000102362de8 cxxbridge1$string$len + 649232
10  chromedriver                        0x00000001023159c8 cxxbridge1$string$len + 332784
11  chromedriver                        0x000000010275228c cxxbridge1$str$ptr + 2476360
12  chromedriver                        0x0000000102755520 cxxbridge1$str$ptr + 2489308
13  chromedriver                        0x0000000102733a78 cxxbridge1$str$ptr + 2351412
14  chromedriver                        0x0000000102755da8 cxxbridge1$str$ptr + 2491492
15  chromedriver                        0x0000000102724d6c cxxbridge1$str$ptr + 2290728
16  chromedriver                        0x0000000102775d74 cxxbridge1$str$ptr + 2622512
17  chromedriver                        0x0000000102775f00 cxxbridge1$str$ptr + 2622908
18  chromedriver                        0x0000000102786528 cxxbridge1$str$ptr + 2690020
19  libsystem_pthread.dylib             0x0000000187f0ac0c _pthread_start + 136
20  libsystem_pthread.dylib             0x0000000187f05b80 thread_start + 8

2025-06-12 16:31:10,805 - INFO - spain_scraper.py:79 - Scraping data for 2025-02-07
2025-06-12 16:31:11,935 - ERROR - spain.py:38 - Error changing date to 07/02/2025: Message: element click intercepted: Element <button class="arrow-submit" type="button"></button> is not clickable at point (330, 623). Other element would receive the click: <div id="onetrust-banner-sdk" class="otFloatingRounded ot-bottom-left ot-wo-title" tabindex="0" role="region" aria-label="Cookie banner" style="bottom: 1rem;">...</div>
  (Session info: chrome=137.0.7151.69)
Stacktrace:
0   chromedriver                        0x000000010278e668 cxxbridge1$str$ptr + 2723108
1   chromedriver                        0x00000001027868dc cxxbridge1$str$ptr + 2690968
2   chromedriver                        0x00000001022da714 cxxbridge1$string$len + 90428
3   chromedriver                        0x0000000102327324 cxxbridge1$string$len + 404812
4   chromedriver                        0x0000000102325890 cxxbridge1$string$len + 398008
5   chromedriver                        0x00000001023236a4 cxxbridge1$string$len + 389324
6   chromedriver                        0x0000000102322aa0 cxxbridge1$string$len + 386248
7   chromedriver                        0x0000000102317508 cxxbridge1$string$len + 339760
8   chromedriver                        0x0000000102316f94 cxxbridge1$string$len + 338364
9   chromedriver                        0x0000000102362de8 cxxbridge1$string$len + 649232
10  chromedriver                        0x00000001023159c8 cxxbridge1$string$len + 332784
11  chromedriver                        0x000000010275228c cxxbridge1$str$ptr + 2476360
12  chromedriver                        0x0000000102755520 cxxbridge1$str$ptr + 2489308
13  chromedriver                        0x0000000102733a78 cxxbridge1$str$ptr + 2351412
14  chromedriver                        0x0000000102755da8 cxxbridge1$str$ptr + 2491492
15  chromedriver                        0x0000000102724d6c cxxbridge1$str$ptr + 2290728
16  chromedriver                        0x0000000102775d74 cxxbridge1$str$ptr + 2622512
17  chromedriver                        0x0000000102775f00 cxxbridge1$str$ptr + 2622908
18  chromedriver                        0x0000000102786528 cxxbridge1$str$ptr + 2690020
19  libsystem_pthread.dylib             0x0000000187f0ac0c _pthread_start + 136
20  libsystem_pthread.dylib             0x0000000187f05b80 thread_start + 8

2025-06-12 16:31:14,005 - INFO - spain_scraper.py:79 - Scraping data for 2025-02-08
2025-06-12 16:31:15,107 - ERROR - spain.py:38 - Error changing date to 08/02/2025: Message: element click intercepted: Element <button class="arrow-submit" type="button"></button> is not clickable at point (330, 623). Other element would receive the click: <div id="onetrust-banner-sdk" class="otFloatingRounded ot-bottom-left ot-wo-title" tabindex="0" role="region" aria-label="Cookie banner" style="bottom: 1rem;">...</div>
  (Session info: chrome=137.0.7151.69)
Stacktrace:
0   chromedriver                        0x000000010278e668 cxxbridge1$str$ptr + 2723108
1   chromedriver                        0x00000001027868dc cxxbridge1$str$ptr + 2690968
2   chromedriver                        0x00000001022da714 cxxbridge1$string$len + 90428
3   chromedriver                        0x0000000102327324 cxxbridge1$string$len + 404812
4   chromedriver                        0x0000000102325890 cxxbridge1$string$len + 398008
5   chromedriver                        0x00000001023236a4 cxxbridge1$string$len + 389324
6   chromedriver                        0x0000000102322aa0 cxxbridge1$string$len + 386248
7   chromedriver                        0x0000000102317508 cxxbridge1$string$len + 339760
8   chromedriver                        0x0000000102316f94 cxxbridge1$string$len + 338364
9   chromedriver                        0x0000000102362de8 cxxbridge1$string$len + 649232
10  chromedriver                        0x00000001023159c8 cxxbridge1$string$len + 332784
11  chromedriver                        0x000000010275228c cxxbridge1$str$ptr + 2476360
12  chromedriver                        0x0000000102755520 cxxbridge1$str$ptr + 2489308
13  chromedriver                        0x0000000102733a78 cxxbridge1$str$ptr + 2351412
14  chromedriver                        0x0000000102755da8 cxxbridge1$str$ptr + 2491492
15  chromedriver                        0x0000000102724d6c cxxbridge1$str$ptr + 2290728
16  chromedriver                        0x0000000102775d74 cxxbridge1$str$ptr + 2622512
17  chromedriver                        0x0000000102775f00 cxxbridge1$str$ptr + 2622908
18  chromedriver                        0x0000000102786528 cxxbridge1$str$ptr + 2690020
19  libsystem_pthread.dylib             0x0000000187f0ac0c _pthread_start + 136
20  libsystem_pthread.dylib             0x0000000187f05b80 thread_start + 8

2025-06-12 16:31:17,841 - INFO - spain_scraper.py:79 - Scraping data for 2025-02-09
2025-06-12 16:31:18,974 - ERROR - spain.py:38 - Error changing date to 09/02/2025: Message: element click intercepted: Element <button class="arrow-submit" type="button"></button> is not clickable at point (330, 623). Other element would receive the click: <div id="onetrust-banner-sdk" class="otFloatingRounded ot-bottom-left ot-wo-title" tabindex="0" role="region" aria-label="Cookie banner" style="bottom: 1rem;">...</div>
  (Session info: chrome=137.0.7151.69)
Stacktrace:
0   chromedriver                        0x000000010278e668 cxxbridge1$str$ptr + 2723108
1   chromedriver                        0x00000001027868dc cxxbridge1$str$ptr + 2690968
2   chromedriver                        0x00000001022da714 cxxbridge1$string$len + 90428
3   chromedriver                        0x0000000102327324 cxxbridge1$string$len + 404812
4   chromedriver                        0x0000000102325890 cxxbridge1$string$len + 398008
5   chromedriver                        0x00000001023236a4 cxxbridge1$string$len + 389324
6   chromedriver                        0x0000000102322aa0 cxxbridge1$string$len + 386248
7   chromedriver                        0x0000000102317508 cxxbridge1$string$len + 339760
8   chromedriver                        0x0000000102316f94 cxxbridge1$string$len + 338364
9   chromedriver                        0x0000000102362de8 cxxbridge1$string$len + 649232
10  chromedriver                        0x00000001023159c8 cxxbridge1$string$len + 332784
11  chromedriver                        0x000000010275228c cxxbridge1$str$ptr + 2476360
12  chromedriver                        0x0000000102755520 cxxbridge1$str$ptr + 2489308
13  chromedriver                        0x0000000102733a78 cxxbridge1$str$ptr + 2351412
14  chromedriver                        0x0000000102755da8 cxxbridge1$str$ptr + 2491492
15  chromedriver                        0x0000000102724d6c cxxbridge1$str$ptr + 2290728
16  chromedriver                        0x0000000102775d74 cxxbridge1$str$ptr + 2622512
17  chromedriver                        0x0000000102775f00 cxxbridge1$str$ptr + 2622908
18  chromedriver                        0x0000000102786528 cxxbridge1$str$ptr + 2690020
19  libsystem_pthread.dylib             0x0000000187f0ac0c _pthread_start + 136
20  libsystem_pthread.dylib             0x0000000187f05b80 thread_start + 8

2025-06-12 16:31:21,029 - INFO - spain_scraper.py:79 - Scraping data for 2025-02-10
2025-06-12 16:31:22,151 - ERROR - spain.py:38 - Error changing date to 10/02/2025: Message: element click intercepted: Element <button class="arrow-submit" type="button"></button> is not clickable at point (330, 623). Other element would receive the click: <div id="onetrust-banner-sdk" class="otFloatingRounded ot-bottom-left ot-wo-title" tabindex="0" role="region" aria-label="Cookie banner" style="bottom: 1rem;">...</div>
  (Session info: chrome=137.0.7151.69)
Stacktrace:
0   chromedriver                        0x000000010278e668 cxxbridge1$str$ptr + 2723108
1   chromedriver                        0x00000001027868dc cxxbridge1$str$ptr + 2690968
2   chromedriver                        0x00000001022da714 cxxbridge1$string$len + 90428
3   chromedriver                        0x0000000102327324 cxxbridge1$string$len + 404812
4   chromedriver                        0x0000000102325890 cxxbridge1$string$len + 398008
5   chromedriver                        0x00000001023236a4 cxxbridge1$string$len + 389324
6   chromedriver                        0x0000000102322aa0 cxxbridge1$string$len + 386248
7   chromedriver                        0x0000000102317508 cxxbridge1$string$len + 339760
8   chromedriver                        0x0000000102316f94 cxxbridge1$string$len + 338364
9   chromedriver                        0x0000000102362de8 cxxbridge1$string$len + 649232
10  chromedriver                        0x00000001023159c8 cxxbridge1$string$len + 332784
11  chromedriver                        0x000000010275228c cxxbridge1$str$ptr + 2476360
12  chromedriver                        0x0000000102755520 cxxbridge1$str$ptr + 2489308
13  chromedriver                        0x0000000102733a78 cxxbridge1$str$ptr + 2351412
14  chromedriver                        0x0000000102755da8 cxxbridge1$str$ptr + 2491492
15  chromedriver                        0x0000000102724d6c cxxbridge1$str$ptr + 2290728
16  chromedriver                        0x0000000102775d74 cxxbridge1$str$ptr + 2622512
17  chromedriver                        0x0000000102775f00 cxxbridge1$str$ptr + 2622908
18  chromedriver                        0x0000000102786528 cxxbridge1$str$ptr + 2690020
19  libsystem_pthread.dylib             0x0000000187f0ac0c _pthread_start + 136
20  libsystem_pthread.dylib             0x0000000187f05b80 thread_start + 8

2025-06-12 16:31:25,278 - INFO - spain_scraper.py:79 - Scraping data for 2025-02-11
2025-06-12 16:31:26,378 - ERROR - spain.py:38 - Error changing date to 11/02/2025: Message: element click intercepted: Element <button class="arrow-submit" type="button"></button> is not clickable at point (330, 623). Other element would receive the click: <div id="onetrust-banner-sdk" class="otFloatingRounded ot-bottom-left ot-wo-title" tabindex="0" role="region" aria-label="Cookie banner" style="bottom: 1rem;">...</div>
  (Session info: chrome=137.0.7151.69)
Stacktrace:
0   chromedriver                        0x000000010278e668 cxxbridge1$str$ptr + 2723108
1   chromedriver                        0x00000001027868dc cxxbridge1$str$ptr + 2690968
2   chromedriver                        0x00000001022da714 cxxbridge1$string$len + 90428
3   chromedriver                        0x0000000102327324 cxxbridge1$string$len + 404812
4   chromedriver                        0x0000000102325890 cxxbridge1$string$len + 398008
5   chromedriver                        0x00000001023236a4 cxxbridge1$string$len + 389324
6   chromedriver                        0x0000000102322aa0 cxxbridge1$string$len + 386248
7   chromedriver                        0x0000000102317508 cxxbridge1$string$len + 339760
8   chromedriver                        0x0000000102316f94 cxxbridge1$string$len + 338364
9   chromedriver                        0x0000000102362de8 cxxbridge1$string$len + 649232
10  chromedriver                        0x00000001023159c8 cxxbridge1$string$len + 332784
11  chromedriver                        0x000000010275228c cxxbridge1$str$ptr + 2476360
12  chromedriver                        0x0000000102755520 cxxbridge1$str$ptr + 2489308
13  chromedriver                        0x0000000102733a78 cxxbridge1$str$ptr + 2351412
14  chromedriver                        0x0000000102755da8 cxxbridge1$str$ptr + 2491492
15  chromedriver                        0x0000000102724d6c cxxbridge1$str$ptr + 2290728
16  chromedriver                        0x0000000102775d74 cxxbridge1$str$ptr + 2622512
17  chromedriver                        0x0000000102775f00 cxxbridge1$str$ptr + 2622908
18  chromedriver                        0x0000000102786528 cxxbridge1$str$ptr + 2690020
19  libsystem_pthread.dylib             0x0000000187f0ac0c _pthread_start + 136
20  libsystem_pthread.dylib             0x0000000187f05b80 thread_start + 8

2025-06-12 16:31:30,180 - INFO - spain_scraper.py:79 - Scraping data for 2025-02-12
2025-06-12 16:31:31,305 - ERROR - spain.py:38 - Error changing date to 12/02/2025: Message: element click intercepted: Element <button class="arrow-submit" type="button"></button> is not clickable at point (330, 623). Other element would receive the click: <div id="onetrust-banner-sdk" class="otFloatingRounded ot-bottom-left ot-wo-title" tabindex="0" role="region" aria-label="Cookie banner" style="bottom: 1rem;">...</div>
  (Session info: chrome=137.0.7151.69)
Stacktrace:
0   chromedriver                        0x000000010278e668 cxxbridge1$str$ptr + 2723108
1   chromedriver                        0x00000001027868dc cxxbridge1$str$ptr + 2690968
2   chromedriver                        0x00000001022da714 cxxbridge1$string$len + 90428
3   chromedriver                        0x0000000102327324 cxxbridge1$string$len + 404812
4   chromedriver                        0x0000000102325890 cxxbridge1$string$len + 398008
5   chromedriver                        0x00000001023236a4 cxxbridge1$string$len + 389324
6   chromedriver                        0x0000000102322aa0 cxxbridge1$string$len + 386248
7   chromedriver                        0x0000000102317508 cxxbridge1$string$len + 339760
8   chromedriver                        0x0000000102316f94 cxxbridge1$string$len + 338364
9   chromedriver                        0x0000000102362de8 cxxbridge1$string$len + 649232
10  chromedriver                        0x00000001023159c8 cxxbridge1$string$len + 332784
11  chromedriver                        0x000000010275228c cxxbridge1$str$ptr + 2476360
12  chromedriver                        0x0000000102755520 cxxbridge1$str$ptr + 2489308
13  chromedriver                        0x0000000102733a78 cxxbridge1$str$ptr + 2351412
14  chromedriver                        0x0000000102755da8 cxxbridge1$str$ptr + 2491492
15  chromedriver                        0x0000000102724d6c cxxbridge1$str$ptr + 2290728
16  chromedriver                        0x0000000102775d74 cxxbridge1$str$ptr + 2622512
17  chromedriver                        0x0000000102775f00 cxxbridge1$str$ptr + 2622908
18  chromedriver                        0x0000000102786528 cxxbridge1$str$ptr + 2690020
19  libsystem_pthread.dylib             0x0000000187f0ac0c _pthread_start + 136
20  libsystem_pthread.dylib             0x0000000187f05b80 thread_start + 8

2025-06-12 16:31:34,456 - INFO - spain_scraper.py:79 - Scraping data for 2025-02-13
2025-06-12 16:31:35,593 - ERROR - spain.py:38 - Error changing date to 13/02/2025: Message: element click intercepted: Element <button class="arrow-submit" type="button"></button> is not clickable at point (330, 623). Other element would receive the click: <div id="onetrust-banner-sdk" class="otFloatingRounded ot-bottom-left ot-wo-title" tabindex="0" role="region" aria-label="Cookie banner" style="bottom: 1rem;">...</div>
  (Session info: chrome=137.0.7151.69)
Stacktrace:
0   chromedriver                        0x000000010278e668 cxxbridge1$str$ptr + 2723108
1   chromedriver                        0x00000001027868dc cxxbridge1$str$ptr + 2690968
2   chromedriver                        0x00000001022da714 cxxbridge1$string$len + 90428
3   chromedriver                        0x0000000102327324 cxxbridge1$string$len + 404812
4   chromedriver                        0x0000000102325890 cxxbridge1$string$len + 398008
5   chromedriver                        0x00000001023236a4 cxxbridge1$string$len + 389324
6   chromedriver                        0x0000000102322aa0 cxxbridge1$string$len + 386248
7   chromedriver                        0x0000000102317508 cxxbridge1$string$len + 339760
8   chromedriver                        0x0000000102316f94 cxxbridge1$string$len + 338364
9   chromedriver                        0x0000000102362de8 cxxbridge1$string$len + 649232
10  chromedriver                        0x00000001023159c8 cxxbridge1$string$len + 332784
11  chromedriver                        0x000000010275228c cxxbridge1$str$ptr + 2476360
12  chromedriver                        0x0000000102755520 cxxbridge1$str$ptr + 2489308
13  chromedriver                        0x0000000102733a78 cxxbridge1$str$ptr + 2351412
14  chromedriver                        0x0000000102755da8 cxxbridge1$str$ptr + 2491492
15  chromedriver                        0x0000000102724d6c cxxbridge1$str$ptr + 2290728
16  chromedriver                        0x0000000102775d74 cxxbridge1$str$ptr + 2622512
17  chromedriver                        0x0000000102775f00 cxxbridge1$str$ptr + 2622908
18  chromedriver                        0x0000000102786528 cxxbridge1$str$ptr + 2690020
19  libsystem_pthread.dylib             0x0000000187f0ac0c _pthread_start + 136
20  libsystem_pthread.dylib             0x0000000187f05b80 thread_start + 8

2025-06-12 16:31:38,630 - INFO - spain_scraper.py:79 - Scraping data for 2025-02-14
2025-06-12 16:31:39,762 - ERROR - spain.py:38 - Error changing date to 14/02/2025: Message: element click intercepted: Element <button class="arrow-submit" type="button"></button> is not clickable at point (330, 623). Other element would receive the click: <div id="onetrust-banner-sdk" class="otFloatingRounded ot-bottom-left ot-wo-title" tabindex="0" role="region" aria-label="Cookie banner" style="bottom: 1rem;">...</div>
  (Session info: chrome=137.0.7151.69)
Stacktrace:
0   chromedriver                        0x000000010278e668 cxxbridge1$str$ptr + 2723108
1   chromedriver                        0x00000001027868dc cxxbridge1$str$ptr + 2690968
2   chromedriver                        0x00000001022da714 cxxbridge1$string$len + 90428
3   chromedriver                        0x0000000102327324 cxxbridge1$string$len + 404812
4   chromedriver                        0x0000000102325890 cxxbridge1$string$len + 398008
5   chromedriver                        0x00000001023236a4 cxxbridge1$string$len + 389324
6   chromedriver                        0x0000000102322aa0 cxxbridge1$string$len + 386248
7   chromedriver                        0x0000000102317508 cxxbridge1$string$len + 339760
8   chromedriver                        0x0000000102316f94 cxxbridge1$string$len + 338364
9   chromedriver                        0x0000000102362de8 cxxbridge1$string$len + 649232
10  chromedriver                        0x00000001023159c8 cxxbridge1$string$len + 332784
11  chromedriver                        0x000000010275228c cxxbridge1$str$ptr + 2476360
12  chromedriver                        0x0000000102755520 cxxbridge1$str$ptr + 2489308
13  chromedriver                        0x0000000102733a78 cxxbridge1$str$ptr + 2351412
14  chromedriver                        0x0000000102755da8 cxxbridge1$str$ptr + 2491492
15  chromedriver                        0x0000000102724d6c cxxbridge1$str$ptr + 2290728
16  chromedriver                        0x0000000102775d74 cxxbridge1$str$ptr + 2622512
17  chromedriver                        0x0000000102775f00 cxxbridge1$str$ptr + 2622908
18  chromedriver                        0x0000000102786528 cxxbridge1$str$ptr + 2690020
19  libsystem_pthread.dylib             0x0000000187f0ac0c _pthread_start + 136
20  libsystem_pthread.dylib             0x0000000187f05b80 thread_start + 8

2025-06-12 16:31:42,053 - INFO - spain_scraper.py:79 - Scraping data for 2025-02-15
2025-06-12 16:31:43,175 - ERROR - spain.py:38 - Error changing date to 15/02/2025: Message: element click intercepted: Element <button class="arrow-submit" type="button"></button> is not clickable at point (330, 623). Other element would receive the click: <div id="onetrust-banner-sdk" class="otFloatingRounded ot-bottom-left ot-wo-title" tabindex="0" role="region" aria-label="Cookie banner" style="bottom: 1rem;">...</div>
  (Session info: chrome=137.0.7151.69)
Stacktrace:
0   chromedriver                        0x000000010278e668 cxxbridge1$str$ptr + 2723108
1   chromedriver                        0x00000001027868dc cxxbridge1$str$ptr + 2690968
2   chromedriver                        0x00000001022da714 cxxbridge1$string$len + 90428
3   chromedriver                        0x0000000102327324 cxxbridge1$string$len + 404812
4   chromedriver                        0x0000000102325890 cxxbridge1$string$len + 398008
5   chromedriver                        0x00000001023236a4 cxxbridge1$string$len + 389324
6   chromedriver                        0x0000000102322aa0 cxxbridge1$string$len + 386248
7   chromedriver                        0x0000000102317508 cxxbridge1$string$len + 339760
8   chromedriver                        0x0000000102316f94 cxxbridge1$string$len + 338364
9   chromedriver                        0x0000000102362de8 cxxbridge1$string$len + 649232
10  chromedriver                        0x00000001023159c8 cxxbridge1$string$len + 332784
11  chromedriver                        0x000000010275228c cxxbridge1$str$ptr + 2476360
12  chromedriver                        0x0000000102755520 cxxbridge1$str$ptr + 2489308
13  chromedriver                        0x0000000102733a78 cxxbridge1$str$ptr + 2351412
14  chromedriver                        0x0000000102755da8 cxxbridge1$str$ptr + 2491492
15  chromedriver                        0x0000000102724d6c cxxbridge1$str$ptr + 2290728
16  chromedriver                        0x0000000102775d74 cxxbridge1$str$ptr + 2622512
17  chromedriver                        0x0000000102775f00 cxxbridge1$str$ptr + 2622908
18  chromedriver                        0x0000000102786528 cxxbridge1$str$ptr + 2690020
19  libsystem_pthread.dylib             0x0000000187f0ac0c _pthread_start + 136
20  libsystem_pthread.dylib             0x0000000187f05b80 thread_start + 8

2025-06-12 16:31:46,912 - INFO - spain_scraper.py:79 - Scraping data for 2025-02-16
2025-06-12 16:31:48,028 - ERROR - spain.py:38 - Error changing date to 16/02/2025: Message: element click intercepted: Element <button class="arrow-submit" type="button"></button> is not clickable at point (330, 623). Other element would receive the click: <div id="onetrust-banner-sdk" class="otFloatingRounded ot-bottom-left ot-wo-title" tabindex="0" role="region" aria-label="Cookie banner" style="bottom: 1rem;">...</div>
  (Session info: chrome=137.0.7151.69)
Stacktrace:
0   chromedriver                        0x000000010278e668 cxxbridge1$str$ptr + 2723108
1   chromedriver                        0x00000001027868dc cxxbridge1$str$ptr + 2690968
2   chromedriver                        0x00000001022da714 cxxbridge1$string$len + 90428
3   chromedriver                        0x0000000102327324 cxxbridge1$string$len + 404812
4   chromedriver                        0x0000000102325890 cxxbridge1$string$len + 398008
5   chromedriver                        0x00000001023236a4 cxxbridge1$string$len + 389324
6   chromedriver                        0x0000000102322aa0 cxxbridge1$string$len + 386248
7   chromedriver                        0x0000000102317508 cxxbridge1$string$len + 339760
8   chromedriver                        0x0000000102316f94 cxxbridge1$string$len + 338364
9   chromedriver                        0x0000000102362de8 cxxbridge1$string$len + 649232
10  chromedriver                        0x00000001023159c8 cxxbridge1$string$len + 332784
11  chromedriver                        0x000000010275228c cxxbridge1$str$ptr + 2476360
12  chromedriver                        0x0000000102755520 cxxbridge1$str$ptr + 2489308
13  chromedriver                        0x0000000102733a78 cxxbridge1$str$ptr + 2351412
14  chromedriver                        0x0000000102755da8 cxxbridge1$str$ptr + 2491492
15  chromedriver                        0x0000000102724d6c cxxbridge1$str$ptr + 2290728
16  chromedriver                        0x0000000102775d74 cxxbridge1$str$ptr + 2622512
17  chromedriver                        0x0000000102775f00 cxxbridge1$str$ptr + 2622908
18  chromedriver                        0x0000000102786528 cxxbridge1$str$ptr + 2690020
19  libsystem_pthread.dylib             0x0000000187f0ac0c _pthread_start + 136
20  libsystem_pthread.dylib             0x0000000187f05b80 thread_start + 8

2025-06-12 16:31:51,009 - INFO - spain_scraper.py:79 - Scraping data for 2025-02-17
2025-06-12 16:31:52,104 - ERROR - spain.py:38 - Error changing date to 17/02/2025: Message: element click intercepted: Element <button class="arrow-submit" type="button"></button> is not clickable at point (330, 623). Other element would receive the click: <div id="onetrust-banner-sdk" class="otFloatingRounded ot-bottom-left ot-wo-title" tabindex="0" role="region" aria-label="Cookie banner" style="bottom: 1rem;">...</div>
  (Session info: chrome=137.0.7151.69)
Stacktrace:
0   chromedriver                        0x000000010278e668 cxxbridge1$str$ptr + 2723108
1   chromedriver                        0x00000001027868dc cxxbridge1$str$ptr + 2690968
2   chromedriver                        0x00000001022da714 cxxbridge1$string$len + 90428
3   chromedriver                        0x0000000102327324 cxxbridge1$string$len + 404812
4   chromedriver                        0x0000000102325890 cxxbridge1$string$len + 398008
5   chromedriver                        0x00000001023236a4 cxxbridge1$string$len + 389324
6   chromedriver                        0x0000000102322aa0 cxxbridge1$string$len + 386248
7   chromedriver                        0x0000000102317508 cxxbridge1$string$len + 339760
8   chromedriver                        0x0000000102316f94 cxxbridge1$string$len + 338364
9   chromedriver                        0x0000000102362de8 cxxbridge1$string$len + 649232
10  chromedriver                        0x00000001023159c8 cxxbridge1$string$len + 332784
11  chromedriver                        0x000000010275228c cxxbridge1$str$ptr + 2476360
12  chromedriver                        0x0000000102755520 cxxbridge1$str$ptr + 2489308
13  chromedriver                        0x0000000102733a78 cxxbridge1$str$ptr + 2351412
14  chromedriver                        0x0000000102755da8 cxxbridge1$str$ptr + 2491492
15  chromedriver                        0x0000000102724d6c cxxbridge1$str$ptr + 2290728
16  chromedriver                        0x0000000102775d74 cxxbridge1$str$ptr + 2622512
17  chromedriver                        0x0000000102775f00 cxxbridge1$str$ptr + 2622908
18  chromedriver                        0x0000000102786528 cxxbridge1$str$ptr + 2690020
19  libsystem_pthread.dylib             0x0000000187f0ac0c _pthread_start + 136
20  libsystem_pthread.dylib             0x0000000187f05b80 thread_start + 8

2025-06-12 16:31:54,966 - INFO - spain_scraper.py:79 - Scraping data for 2025-02-18
2025-06-12 16:31:56,076 - ERROR - spain.py:38 - Error changing date to 18/02/2025: Message: element click intercepted: Element <button class="arrow-submit" type="button"></button> is not clickable at point (330, 623). Other element would receive the click: <div id="onetrust-banner-sdk" class="otFloatingRounded ot-bottom-left ot-wo-title" tabindex="0" role="region" aria-label="Cookie banner" style="bottom: 1rem;">...</div>
  (Session info: chrome=137.0.7151.69)
Stacktrace:
0   chromedriver                        0x000000010278e668 cxxbridge1$str$ptr + 2723108
1   chromedriver                        0x00000001027868dc cxxbridge1$str$ptr + 2690968
2   chromedriver                        0x00000001022da714 cxxbridge1$string$len + 90428
3   chromedriver                        0x0000000102327324 cxxbridge1$string$len + 404812
4   chromedriver                        0x0000000102325890 cxxbridge1$string$len + 398008
5   chromedriver                        0x00000001023236a4 cxxbridge1$string$len + 389324
6   chromedriver                        0x0000000102322aa0 cxxbridge1$string$len + 386248
7   chromedriver                        0x0000000102317508 cxxbridge1$string$len + 339760
8   chromedriver                        0x0000000102316f94 cxxbridge1$string$len + 338364
9   chromedriver                        0x0000000102362de8 cxxbridge1$string$len + 649232
10  chromedriver                        0x00000001023159c8 cxxbridge1$string$len + 332784
11  chromedriver                        0x000000010275228c cxxbridge1$str$ptr + 2476360
12  chromedriver                        0x0000000102755520 cxxbridge1$str$ptr + 2489308
13  chromedriver                        0x0000000102733a78 cxxbridge1$str$ptr + 2351412
14  chromedriver                        0x0000000102755da8 cxxbridge1$str$ptr + 2491492
15  chromedriver                        0x0000000102724d6c cxxbridge1$str$ptr + 2290728
16  chromedriver                        0x0000000102775d74 cxxbridge1$str$ptr + 2622512
17  chromedriver                        0x0000000102775f00 cxxbridge1$str$ptr + 2622908
18  chromedriver                        0x0000000102786528 cxxbridge1$str$ptr + 2690020
19  libsystem_pthread.dylib             0x0000000187f0ac0c _pthread_start + 136
20  libsystem_pthread.dylib             0x0000000187f05b80 thread_start + 8

2025-06-12 16:31:58,143 - INFO - spain_scraper.py:79 - Scraping data for 2025-02-19
2025-06-12 16:31:59,267 - ERROR - spain.py:38 - Error changing date to 19/02/2025: Message: element click intercepted: Element <button class="arrow-submit" type="button"></button> is not clickable at point (330, 623). Other element would receive the click: <div id="onetrust-banner-sdk" class="otFloatingRounded ot-bottom-left ot-wo-title" tabindex="0" role="region" aria-label="Cookie banner" style="bottom: 1rem;">...</div>
  (Session info: chrome=137.0.7151.69)
Stacktrace:
0   chromedriver                        0x000000010278e668 cxxbridge1$str$ptr + 2723108
1   chromedriver                        0x00000001027868dc cxxbridge1$str$ptr + 2690968
2   chromedriver                        0x00000001022da714 cxxbridge1$string$len + 90428
3   chromedriver                        0x0000000102327324 cxxbridge1$string$len + 404812
4   chromedriver                        0x0000000102325890 cxxbridge1$string$len + 398008
5   chromedriver                        0x00000001023236a4 cxxbridge1$string$len + 389324
6   chromedriver                        0x0000000102322aa0 cxxbridge1$string$len + 386248
7   chromedriver                        0x0000000102317508 cxxbridge1$string$len + 339760
8   chromedriver                        0x0000000102316f94 cxxbridge1$string$len + 338364
9   chromedriver                        0x0000000102362de8 cxxbridge1$string$len + 649232
10  chromedriver                        0x00000001023159c8 cxxbridge1$string$len + 332784
11  chromedriver                        0x000000010275228c cxxbridge1$str$ptr + 2476360
12  chromedriver                        0x0000000102755520 cxxbridge1$str$ptr + 2489308
13  chromedriver                        0x0000000102733a78 cxxbridge1$str$ptr + 2351412
14  chromedriver                        0x0000000102755da8 cxxbridge1$str$ptr + 2491492
15  chromedriver                        0x0000000102724d6c cxxbridge1$str$ptr + 2290728
16  chromedriver                        0x0000000102775d74 cxxbridge1$str$ptr + 2622512
17  chromedriver                        0x0000000102775f00 cxxbridge1$str$ptr + 2622908
18  chromedriver                        0x0000000102786528 cxxbridge1$str$ptr + 2690020
19  libsystem_pthread.dylib             0x0000000187f0ac0c _pthread_start + 136
20  libsystem_pthread.dylib             0x0000000187f05b80 thread_start + 8

2025-06-12 16:32:02,290 - INFO - spain_scraper.py:79 - Scraping data for 2025-02-20
2025-06-12 16:32:03,416 - ERROR - spain.py:38 - Error changing date to 20/02/2025: Message: element click intercepted: Element <button class="arrow-submit" type="button"></button> is not clickable at point (330, 623). Other element would receive the click: <div id="onetrust-banner-sdk" class="otFloatingRounded ot-bottom-left ot-wo-title" tabindex="0" role="region" aria-label="Cookie banner" style="bottom: 1rem;">...</div>
  (Session info: chrome=137.0.7151.69)
Stacktrace:
0   chromedriver                        0x000000010278e668 cxxbridge1$str$ptr + 2723108
1   chromedriver                        0x00000001027868dc cxxbridge1$str$ptr + 2690968
2   chromedriver                        0x00000001022da714 cxxbridge1$string$len + 90428
3   chromedriver                        0x0000000102327324 cxxbridge1$string$len + 404812
4   chromedriver                        0x0000000102325890 cxxbridge1$string$len + 398008
5   chromedriver                        0x00000001023236a4 cxxbridge1$string$len + 389324
6   chromedriver                        0x0000000102322aa0 cxxbridge1$string$len + 386248
7   chromedriver                        0x0000000102317508 cxxbridge1$string$len + 339760
8   chromedriver                        0x0000000102316f94 cxxbridge1$string$len + 338364
9   chromedriver                        0x0000000102362de8 cxxbridge1$string$len + 649232
10  chromedriver                        0x00000001023159c8 cxxbridge1$string$len + 332784
11  chromedriver                        0x000000010275228c cxxbridge1$str$ptr + 2476360
12  chromedriver                        0x0000000102755520 cxxbridge1$str$ptr + 2489308
13  chromedriver                        0x0000000102733a78 cxxbridge1$str$ptr + 2351412
14  chromedriver                        0x0000000102755da8 cxxbridge1$str$ptr + 2491492
15  chromedriver                        0x0000000102724d6c cxxbridge1$str$ptr + 2290728
16  chromedriver                        0x0000000102775d74 cxxbridge1$str$ptr + 2622512
17  chromedriver                        0x0000000102775f00 cxxbridge1$str$ptr + 2622908
18  chromedriver                        0x0000000102786528 cxxbridge1$str$ptr + 2690020
19  libsystem_pthread.dylib             0x0000000187f0ac0c _pthread_start + 136
20  libsystem_pthread.dylib             0x0000000187f05b80 thread_start + 8

2025-06-12 16:32:07,413 - INFO - spain_scraper.py:79 - Scraping data for 2025-02-21
2025-06-12 16:32:08,533 - ERROR - spain.py:38 - Error changing date to 21/02/2025: Message: element click intercepted: Element <button class="arrow-submit" type="button"></button> is not clickable at point (330, 623). Other element would receive the click: <div id="onetrust-banner-sdk" class="otFloatingRounded ot-bottom-left ot-wo-title" tabindex="0" role="region" aria-label="Cookie banner" style="bottom: 1rem;">...</div>
  (Session info: chrome=137.0.7151.69)
Stacktrace:
0   chromedriver                        0x000000010278e668 cxxbridge1$str$ptr + 2723108
1   chromedriver                        0x00000001027868dc cxxbridge1$str$ptr + 2690968
2   chromedriver                        0x00000001022da714 cxxbridge1$string$len + 90428
3   chromedriver                        0x0000000102327324 cxxbridge1$string$len + 404812
4   chromedriver                        0x0000000102325890 cxxbridge1$string$len + 398008
5   chromedriver                        0x00000001023236a4 cxxbridge1$string$len + 389324
6   chromedriver                        0x0000000102322aa0 cxxbridge1$string$len + 386248
7   chromedriver                        0x0000000102317508 cxxbridge1$string$len + 339760
8   chromedriver                        0x0000000102316f94 cxxbridge1$string$len + 338364
9   chromedriver                        0x0000000102362de8 cxxbridge1$string$len + 649232
10  chromedriver                        0x00000001023159c8 cxxbridge1$string$len + 332784
11  chromedriver                        0x000000010275228c cxxbridge1$str$ptr + 2476360
12  chromedriver                        0x0000000102755520 cxxbridge1$str$ptr + 2489308
13  chromedriver                        0x0000000102733a78 cxxbridge1$str$ptr + 2351412
14  chromedriver                        0x0000000102755da8 cxxbridge1$str$ptr + 2491492
15  chromedriver                        0x0000000102724d6c cxxbridge1$str$ptr + 2290728
16  chromedriver                        0x0000000102775d74 cxxbridge1$str$ptr + 2622512
17  chromedriver                        0x0000000102775f00 cxxbridge1$str$ptr + 2622908
18  chromedriver                        0x0000000102786528 cxxbridge1$str$ptr + 2690020
19  libsystem_pthread.dylib             0x0000000187f0ac0c _pthread_start + 136
20  libsystem_pthread.dylib             0x0000000187f05b80 thread_start + 8

2025-06-12 16:32:10,838 - INFO - spain_scraper.py:79 - Scraping data for 2025-02-22
2025-06-12 16:32:11,962 - ERROR - spain.py:38 - Error changing date to 22/02/2025: Message: element click intercepted: Element <button class="arrow-submit" type="button"></button> is not clickable at point (330, 623). Other element would receive the click: <div id="onetrust-banner-sdk" class="otFloatingRounded ot-bottom-left ot-wo-title" tabindex="0" role="region" aria-label="Cookie banner" style="bottom: 1rem;">...</div>
  (Session info: chrome=137.0.7151.69)
Stacktrace:
0   chromedriver                        0x000000010278e668 cxxbridge1$str$ptr + 2723108
1   chromedriver                        0x00000001027868dc cxxbridge1$str$ptr + 2690968
2   chromedriver                        0x00000001022da714 cxxbridge1$string$len + 90428
3   chromedriver                        0x0000000102327324 cxxbridge1$string$len + 404812
4   chromedriver                        0x0000000102325890 cxxbridge1$string$len + 398008
5   chromedriver                        0x00000001023236a4 cxxbridge1$string$len + 389324
6   chromedriver                        0x0000000102322aa0 cxxbridge1$string$len + 386248
7   chromedriver                        0x0000000102317508 cxxbridge1$string$len + 339760
8   chromedriver                        0x0000000102316f94 cxxbridge1$string$len + 338364
9   chromedriver                        0x0000000102362de8 cxxbridge1$string$len + 649232
10  chromedriver                        0x00000001023159c8 cxxbridge1$string$len + 332784
11  chromedriver                        0x000000010275228c cxxbridge1$str$ptr + 2476360
12  chromedriver                        0x0000000102755520 cxxbridge1$str$ptr + 2489308
13  chromedriver                        0x0000000102733a78 cxxbridge1$str$ptr + 2351412
14  chromedriver                        0x0000000102755da8 cxxbridge1$str$ptr + 2491492
15  chromedriver                        0x0000000102724d6c cxxbridge1$str$ptr + 2290728
16  chromedriver                        0x0000000102775d74 cxxbridge1$str$ptr + 2622512
17  chromedriver                        0x0000000102775f00 cxxbridge1$str$ptr + 2622908
18  chromedriver                        0x0000000102786528 cxxbridge1$str$ptr + 2690020
19  libsystem_pthread.dylib             0x0000000187f0ac0c _pthread_start + 136
20  libsystem_pthread.dylib             0x0000000187f05b80 thread_start + 8

2025-06-12 16:32:14,363 - INFO - spain_scraper.py:79 - Scraping data for 2025-02-23
2025-06-12 16:32:15,488 - ERROR - spain.py:38 - Error changing date to 23/02/2025: Message: element click intercepted: Element <button class="arrow-submit" type="button"></button> is not clickable at point (330, 623). Other element would receive the click: <div id="onetrust-banner-sdk" class="otFloatingRounded ot-bottom-left ot-wo-title" tabindex="0" role="region" aria-label="Cookie banner" style="bottom: 1rem;">...</div>
  (Session info: chrome=137.0.7151.69)
Stacktrace:
0   chromedriver                        0x000000010278e668 cxxbridge1$str$ptr + 2723108
1   chromedriver                        0x00000001027868dc cxxbridge1$str$ptr + 2690968
2   chromedriver                        0x00000001022da714 cxxbridge1$string$len + 90428
3   chromedriver                        0x0000000102327324 cxxbridge1$string$len + 404812
4   chromedriver                        0x0000000102325890 cxxbridge1$string$len + 398008
5   chromedriver                        0x00000001023236a4 cxxbridge1$string$len + 389324
6   chromedriver                        0x0000000102322aa0 cxxbridge1$string$len + 386248
7   chromedriver                        0x0000000102317508 cxxbridge1$string$len + 339760
8   chromedriver                        0x0000000102316f94 cxxbridge1$string$len + 338364
9   chromedriver                        0x0000000102362de8 cxxbridge1$string$len + 649232
10  chromedriver                        0x00000001023159c8 cxxbridge1$string$len + 332784
11  chromedriver                        0x000000010275228c cxxbridge1$str$ptr + 2476360
12  chromedriver                        0x0000000102755520 cxxbridge1$str$ptr + 2489308
13  chromedriver                        0x0000000102733a78 cxxbridge1$str$ptr + 2351412
14  chromedriver                        0x0000000102755da8 cxxbridge1$str$ptr + 2491492
15  chromedriver                        0x0000000102724d6c cxxbridge1$str$ptr + 2290728
16  chromedriver                        0x0000000102775d74 cxxbridge1$str$ptr + 2622512
17  chromedriver                        0x0000000102775f00 cxxbridge1$str$ptr + 2622908
18  chromedriver                        0x0000000102786528 cxxbridge1$str$ptr + 2690020
19  libsystem_pthread.dylib             0x0000000187f0ac0c _pthread_start + 136
20  libsystem_pthread.dylib             0x0000000187f05b80 thread_start + 8

2025-06-12 16:32:18,079 - INFO - spain_scraper.py:79 - Scraping data for 2025-02-24
2025-06-12 16:32:19,180 - ERROR - spain.py:38 - Error changing date to 24/02/2025: Message: element click intercepted: Element <button class="arrow-submit" type="button"></button> is not clickable at point (330, 623). Other element would receive the click: <div id="onetrust-banner-sdk" class="otFloatingRounded ot-bottom-left ot-wo-title" tabindex="0" role="region" aria-label="Cookie banner" style="bottom: 1rem;">...</div>
  (Session info: chrome=137.0.7151.69)
Stacktrace:
0   chromedriver                        0x000000010278e668 cxxbridge1$str$ptr + 2723108
1   chromedriver                        0x00000001027868dc cxxbridge1$str$ptr + 2690968
2   chromedriver                        0x00000001022da714 cxxbridge1$string$len + 90428
3   chromedriver                        0x0000000102327324 cxxbridge1$string$len + 404812
4   chromedriver                        0x0000000102325890 cxxbridge1$string$len + 398008
5   chromedriver                        0x00000001023236a4 cxxbridge1$string$len + 389324
6   chromedriver                        0x0000000102322aa0 cxxbridge1$string$len + 386248
7   chromedriver                        0x0000000102317508 cxxbridge1$string$len + 339760
8   chromedriver                        0x0000000102316f94 cxxbridge1$string$len + 338364
9   chromedriver                        0x0000000102362de8 cxxbridge1$string$len + 649232
10  chromedriver                        0x00000001023159c8 cxxbridge1$string$len + 332784
11  chromedriver                        0x000000010275228c cxxbridge1$str$ptr + 2476360
12  chromedriver                        0x0000000102755520 cxxbridge1$str$ptr + 2489308
13  chromedriver                        0x0000000102733a78 cxxbridge1$str$ptr + 2351412
14  chromedriver                        0x0000000102755da8 cxxbridge1$str$ptr + 2491492
15  chromedriver                        0x0000000102724d6c cxxbridge1$str$ptr + 2290728
16  chromedriver                        0x0000000102775d74 cxxbridge1$str$ptr + 2622512
17  chromedriver                        0x0000000102775f00 cxxbridge1$str$ptr + 2622908
18  chromedriver                        0x0000000102786528 cxxbridge1$str$ptr + 2690020
19  libsystem_pthread.dylib             0x0000000187f0ac0c _pthread_start + 136
20  libsystem_pthread.dylib             0x0000000187f05b80 thread_start + 8

2025-06-12 16:32:22,161 - WARNING - connectionpool.py:868 - Retrying (Retry(total=2, connect=None, read=None, redirect=None, status=None)) after connection broken by 'ConnectionResetError(54, 'Connection reset by peer')': /session/634c91c52e75d2c4f4505d488e72a01a
2025-06-12 16:32:22,162 - WARNING - connectionpool.py:868 - Retrying (Retry(total=1, connect=None, read=None, redirect=None, status=None)) after connection broken by 'NewConnectionError('<urllib3.connection.HTTPConnection object at 0x10649f910>: Failed to establish a new connection: [Errno 61] Connection refused')': /session/634c91c52e75d2c4f4505d488e72a01a
2025-06-12 16:32:22,164 - WARNING - connectionpool.py:868 - Retrying (Retry(total=0, connect=None, read=None, redirect=None, status=None)) after connection broken by 'NewConnectionError('<urllib3.connection.HTTPConnection object at 0x10650bfd0>: Failed to establish a new connection: [Errno 61] Connection refused')': /session/634c91c52e75d2c4f4505d488e72a01a
2025-06-12 16:34:48,459 - INFO - main.py:30 - Updating raw data files...
2025-06-12 16:34:48,460 - INFO - update_raw_data.py:36 - Running SpainScraper...
2025-06-12 16:34:48,460 - INFO - spain_scraper.py:65 - Scraping from 2025-01-01 to 2025-06-10
2025-06-12 16:34:48,460 - INFO - logger.py:11 - ====== WebDriver manager ======
2025-06-12 16:34:48,568 - INFO - logger.py:11 - Get LATEST chromedriver version for google-chrome
2025-06-12 16:34:48,816 - INFO - logger.py:11 - Get LATEST chromedriver version for google-chrome
2025-06-12 16:34:49,036 - INFO - logger.py:11 - Driver [/Users/benjamin_mcwilliams/.wdm/drivers/chromedriver/mac64/137.0.7151.70/chromedriver-mac-arm64/chromedriver] found in cache
2025-06-12 16:34:51,339 - ERROR - spain_scraper.py:105 - Error during scraping: 'SpainScraper' object has no attribute 'accept_cookies'
2025-06-12 16:34:51,412 - ERROR - main.py:79 - Critical error in main process: 'SpainScraper' object has no attribute 'save_progress'
2025-06-12 16:35:07,330 - INFO - main.py:30 - Updating raw data files...
2025-06-12 16:35:07,330 - INFO - update_raw_data.py:36 - Running SpainScraper...
2025-06-12 16:35:07,330 - INFO - spain_scraper.py:65 - Scraping from 2025-01-01 to 2025-06-10
2025-06-12 16:35:07,331 - INFO - logger.py:11 - ====== WebDriver manager ======
2025-06-12 16:35:07,442 - INFO - logger.py:11 - Get LATEST chromedriver version for google-chrome
2025-06-12 16:35:07,746 - INFO - logger.py:11 - Get LATEST chromedriver version for google-chrome
2025-06-12 16:35:07,977 - INFO - logger.py:11 - Driver [/Users/benjamin_mcwilliams/.wdm/drivers/chromedriver/mac64/137.0.7151.70/chromedriver-mac-arm64/chromedriver] found in cache
2025-06-12 16:35:11,018 - ERROR - spain.py:15 - Error accepting cookies: Message: element click intercepted: Element is not clickable at point (1016, 836)
  (Session info: chrome=137.0.7151.69)
Stacktrace:
0   chromedriver                        0x0000000100df6668 cxxbridge1$str$ptr + 2723108
1   chromedriver                        0x0000000100dee8dc cxxbridge1$str$ptr + 2690968
2   chromedriver                        0x0000000100942714 cxxbridge1$string$len + 90428
3   chromedriver                        0x000000010098f324 cxxbridge1$string$len + 404812
4   chromedriver                        0x000000010098d890 cxxbridge1$string$len + 398008
5   chromedriver                        0x000000010098b6a4 cxxbridge1$string$len + 389324
6   chromedriver                        0x000000010098aaa0 cxxbridge1$string$len + 386248
7   chromedriver                        0x000000010097f508 cxxbridge1$string$len + 339760
8   chromedriver                        0x000000010097ef94 cxxbridge1$string$len + 338364
9   chromedriver                        0x00000001009cade8 cxxbridge1$string$len + 649232
10  chromedriver                        0x000000010097d9c8 cxxbridge1$string$len + 332784
11  chromedriver                        0x0000000100dba28c cxxbridge1$str$ptr + 2476360
12  chromedriver                        0x0000000100dbd520 cxxbridge1$str$ptr + 2489308
13  chromedriver                        0x0000000100d9ba78 cxxbridge1$str$ptr + 2351412
14  chromedriver                        0x0000000100dbdda8 cxxbridge1$str$ptr + 2491492
15  chromedriver                        0x0000000100d8cd6c cxxbridge1$str$ptr + 2290728
16  chromedriver                        0x0000000100dddd74 cxxbridge1$str$ptr + 2622512
17  chromedriver                        0x0000000100dddf00 cxxbridge1$str$ptr + 2622908
18  chromedriver                        0x0000000100dee528 cxxbridge1$str$ptr + 2690020
19  libsystem_pthread.dylib             0x0000000187f0ac0c _pthread_start + 136
20  libsystem_pthread.dylib             0x0000000187f05b80 thread_start + 8

2025-06-12 16:35:11,019 - INFO - spain_scraper.py:79 - Scraping data for 2025-01-01
2025-06-12 16:35:12,200 - ERROR - spain.py:38 - Error changing date to 01/01/2025: Message: element click intercepted: Element <button class="arrow-submit" type="button"></button> is not clickable at point (330, 461). Other element would receive the click: <div id="onetrust-group-container" class="ot-sdk-twelve ot-sdk-columns">...</div>
  (Session info: chrome=137.0.7151.69)
Stacktrace:
0   chromedriver                        0x0000000100df6668 cxxbridge1$str$ptr + 2723108
1   chromedriver                        0x0000000100dee8dc cxxbridge1$str$ptr + 2690968
2   chromedriver                        0x0000000100942714 cxxbridge1$string$len + 90428
3   chromedriver                        0x000000010098f324 cxxbridge1$string$len + 404812
4   chromedriver                        0x000000010098d890 cxxbridge1$string$len + 398008
5   chromedriver                        0x000000010098b6a4 cxxbridge1$string$len + 389324
6   chromedriver                        0x000000010098aaa0 cxxbridge1$string$len + 386248
7   chromedriver                        0x000000010097f508 cxxbridge1$string$len + 339760
8   chromedriver                        0x000000010097ef94 cxxbridge1$string$len + 338364
9   chromedriver                        0x00000001009cade8 cxxbridge1$string$len + 649232
10  chromedriver                        0x000000010097d9c8 cxxbridge1$string$len + 332784
11  chromedriver                        0x0000000100dba28c cxxbridge1$str$ptr + 2476360
12  chromedriver                        0x0000000100dbd520 cxxbridge1$str$ptr + 2489308
13  chromedriver                        0x0000000100d9ba78 cxxbridge1$str$ptr + 2351412
14  chromedriver                        0x0000000100dbdda8 cxxbridge1$str$ptr + 2491492
15  chromedriver                        0x0000000100d8cd6c cxxbridge1$str$ptr + 2290728
16  chromedriver                        0x0000000100dddd74 cxxbridge1$str$ptr + 2622512
17  chromedriver                        0x0000000100dddf00 cxxbridge1$str$ptr + 2622908
18  chromedriver                        0x0000000100dee528 cxxbridge1$str$ptr + 2690020
19  libsystem_pthread.dylib             0x0000000187f0ac0c _pthread_start + 136
20  libsystem_pthread.dylib             0x0000000187f05b80 thread_start + 8

2025-06-12 16:35:15,630 - INFO - spain_scraper.py:79 - Scraping data for 2025-01-02
2025-06-12 16:35:16,753 - ERROR - spain.py:38 - Error changing date to 02/01/2025: Message: element click intercepted: Element <button class="arrow-submit" type="button"></button> is not clickable at point (330, 461). Other element would receive the click: <div id="onetrust-group-container" class="ot-sdk-twelve ot-sdk-columns">...</div>
  (Session info: chrome=137.0.7151.69)
Stacktrace:
0   chromedriver                        0x0000000100df6668 cxxbridge1$str$ptr + 2723108
1   chromedriver                        0x0000000100dee8dc cxxbridge1$str$ptr + 2690968
2   chromedriver                        0x0000000100942714 cxxbridge1$string$len + 90428
3   chromedriver                        0x000000010098f324 cxxbridge1$string$len + 404812
4   chromedriver                        0x000000010098d890 cxxbridge1$string$len + 398008
5   chromedriver                        0x000000010098b6a4 cxxbridge1$string$len + 389324
6   chromedriver                        0x000000010098aaa0 cxxbridge1$string$len + 386248
7   chromedriver                        0x000000010097f508 cxxbridge1$string$len + 339760
8   chromedriver                        0x000000010097ef94 cxxbridge1$string$len + 338364
9   chromedriver                        0x00000001009cade8 cxxbridge1$string$len + 649232
10  chromedriver                        0x000000010097d9c8 cxxbridge1$string$len + 332784
11  chromedriver                        0x0000000100dba28c cxxbridge1$str$ptr + 2476360
12  chromedriver                        0x0000000100dbd520 cxxbridge1$str$ptr + 2489308
13  chromedriver                        0x0000000100d9ba78 cxxbridge1$str$ptr + 2351412
14  chromedriver                        0x0000000100dbdda8 cxxbridge1$str$ptr + 2491492
15  chromedriver                        0x0000000100d8cd6c cxxbridge1$str$ptr + 2290728
16  chromedriver                        0x0000000100dddd74 cxxbridge1$str$ptr + 2622512
17  chromedriver                        0x0000000100dddf00 cxxbridge1$str$ptr + 2622908
18  chromedriver                        0x0000000100dee528 cxxbridge1$str$ptr + 2690020
19  libsystem_pthread.dylib             0x0000000187f0ac0c _pthread_start + 136
20  libsystem_pthread.dylib             0x0000000187f05b80 thread_start + 8

2025-06-12 16:35:19,313 - INFO - spain_scraper.py:79 - Scraping data for 2025-01-03
2025-06-12 16:35:20,397 - ERROR - spain.py:38 - Error changing date to 03/01/2025: Message: element click intercepted: Element <button class="arrow-submit" type="button"></button> is not clickable at point (330, 461). Other element would receive the click: <div id="onetrust-group-container" class="ot-sdk-twelve ot-sdk-columns">...</div>
  (Session info: chrome=137.0.7151.69)
Stacktrace:
0   chromedriver                        0x0000000100df6668 cxxbridge1$str$ptr + 2723108
1   chromedriver                        0x0000000100dee8dc cxxbridge1$str$ptr + 2690968
2   chromedriver                        0x0000000100942714 cxxbridge1$string$len + 90428
3   chromedriver                        0x000000010098f324 cxxbridge1$string$len + 404812
4   chromedriver                        0x000000010098d890 cxxbridge1$string$len + 398008
5   chromedriver                        0x000000010098b6a4 cxxbridge1$string$len + 389324
6   chromedriver                        0x000000010098aaa0 cxxbridge1$string$len + 386248
7   chromedriver                        0x000000010097f508 cxxbridge1$string$len + 339760
8   chromedriver                        0x000000010097ef94 cxxbridge1$string$len + 338364
9   chromedriver                        0x00000001009cade8 cxxbridge1$string$len + 649232
10  chromedriver                        0x000000010097d9c8 cxxbridge1$string$len + 332784
11  chromedriver                        0x0000000100dba28c cxxbridge1$str$ptr + 2476360
12  chromedriver                        0x0000000100dbd520 cxxbridge1$str$ptr + 2489308
13  chromedriver                        0x0000000100d9ba78 cxxbridge1$str$ptr + 2351412
14  chromedriver                        0x0000000100dbdda8 cxxbridge1$str$ptr + 2491492
15  chromedriver                        0x0000000100d8cd6c cxxbridge1$str$ptr + 2290728
16  chromedriver                        0x0000000100dddd74 cxxbridge1$str$ptr + 2622512
17  chromedriver                        0x0000000100dddf00 cxxbridge1$str$ptr + 2622908
18  chromedriver                        0x0000000100dee528 cxxbridge1$str$ptr + 2690020
19  libsystem_pthread.dylib             0x0000000187f0ac0c _pthread_start + 136
20  libsystem_pthread.dylib             0x0000000187f05b80 thread_start + 8

2025-06-12 16:35:24,274 - INFO - spain_scraper.py:79 - Scraping data for 2025-01-04
2025-06-12 16:35:25,415 - ERROR - spain.py:38 - Error changing date to 04/01/2025: Message: element click intercepted: Element <button class="arrow-submit" type="button"></button> is not clickable at point (330, 461). Other element would receive the click: <div id="onetrust-group-container" class="ot-sdk-twelve ot-sdk-columns">...</div>
  (Session info: chrome=137.0.7151.69)
Stacktrace:
0   chromedriver                        0x0000000100df6668 cxxbridge1$str$ptr + 2723108
1   chromedriver                        0x0000000100dee8dc cxxbridge1$str$ptr + 2690968
2   chromedriver                        0x0000000100942714 cxxbridge1$string$len + 90428
3   chromedriver                        0x000000010098f324 cxxbridge1$string$len + 404812
4   chromedriver                        0x000000010098d890 cxxbridge1$string$len + 398008
5   chromedriver                        0x000000010098b6a4 cxxbridge1$string$len + 389324
6   chromedriver                        0x000000010098aaa0 cxxbridge1$string$len + 386248
7   chromedriver                        0x000000010097f508 cxxbridge1$string$len + 339760
8   chromedriver                        0x000000010097ef94 cxxbridge1$string$len + 338364
9   chromedriver                        0x00000001009cade8 cxxbridge1$string$len + 649232
10  chromedriver                        0x000000010097d9c8 cxxbridge1$string$len + 332784
11  chromedriver                        0x0000000100dba28c cxxbridge1$str$ptr + 2476360
12  chromedriver                        0x0000000100dbd520 cxxbridge1$str$ptr + 2489308
13  chromedriver                        0x0000000100d9ba78 cxxbridge1$str$ptr + 2351412
14  chromedriver                        0x0000000100dbdda8 cxxbridge1$str$ptr + 2491492
15  chromedriver                        0x0000000100d8cd6c cxxbridge1$str$ptr + 2290728
16  chromedriver                        0x0000000100dddd74 cxxbridge1$str$ptr + 2622512
17  chromedriver                        0x0000000100dddf00 cxxbridge1$str$ptr + 2622908
18  chromedriver                        0x0000000100dee528 cxxbridge1$str$ptr + 2690020
19  libsystem_pthread.dylib             0x0000000187f0ac0c _pthread_start + 136
20  libsystem_pthread.dylib             0x0000000187f05b80 thread_start + 8

2025-06-12 16:35:27,630 - INFO - spain_scraper.py:79 - Scraping data for 2025-01-05
2025-06-12 16:35:28,775 - ERROR - spain.py:38 - Error changing date to 05/01/2025: Message: element click intercepted: Element <button class="arrow-submit" type="button"></button> is not clickable at point (330, 461). Other element would receive the click: <div id="onetrust-group-container" class="ot-sdk-twelve ot-sdk-columns">...</div>
  (Session info: chrome=137.0.7151.69)
Stacktrace:
0   chromedriver                        0x0000000100df6668 cxxbridge1$str$ptr + 2723108
1   chromedriver                        0x0000000100dee8dc cxxbridge1$str$ptr + 2690968
2   chromedriver                        0x0000000100942714 cxxbridge1$string$len + 90428
3   chromedriver                        0x000000010098f324 cxxbridge1$string$len + 404812
4   chromedriver                        0x000000010098d890 cxxbridge1$string$len + 398008
5   chromedriver                        0x000000010098b6a4 cxxbridge1$string$len + 389324
6   chromedriver                        0x000000010098aaa0 cxxbridge1$string$len + 386248
7   chromedriver                        0x000000010097f508 cxxbridge1$string$len + 339760
8   chromedriver                        0x000000010097ef94 cxxbridge1$string$len + 338364
9   chromedriver                        0x00000001009cade8 cxxbridge1$string$len + 649232
10  chromedriver                        0x000000010097d9c8 cxxbridge1$string$len + 332784
11  chromedriver                        0x0000000100dba28c cxxbridge1$str$ptr + 2476360
12  chromedriver                        0x0000000100dbd520 cxxbridge1$str$ptr + 2489308
13  chromedriver                        0x0000000100d9ba78 cxxbridge1$str$ptr + 2351412
14  chromedriver                        0x0000000100dbdda8 cxxbridge1$str$ptr + 2491492
15  chromedriver                        0x0000000100d8cd6c cxxbridge1$str$ptr + 2290728
16  chromedriver                        0x0000000100dddd74 cxxbridge1$str$ptr + 2622512
17  chromedriver                        0x0000000100dddf00 cxxbridge1$str$ptr + 2622908
18  chromedriver                        0x0000000100dee528 cxxbridge1$str$ptr + 2690020
19  libsystem_pthread.dylib             0x0000000187f0ac0c _pthread_start + 136
20  libsystem_pthread.dylib             0x0000000187f05b80 thread_start + 8

2025-06-12 16:35:32,471 - INFO - spain_scraper.py:79 - Scraping data for 2025-01-06
2025-06-12 16:35:33,621 - ERROR - spain.py:38 - Error changing date to 06/01/2025: Message: element click intercepted: Element <button class="arrow-submit" type="button"></button> is not clickable at point (238, 430). Other element would receive the click: <div id="onetrust-policy-text">...</div>
  (Session info: chrome=137.0.7151.69)
Stacktrace:
0   chromedriver                        0x0000000100df6668 cxxbridge1$str$ptr + 2723108
1   chromedriver                        0x0000000100dee8dc cxxbridge1$str$ptr + 2690968
2   chromedriver                        0x0000000100942714 cxxbridge1$string$len + 90428
3   chromedriver                        0x000000010098f324 cxxbridge1$string$len + 404812
4   chromedriver                        0x000000010098d890 cxxbridge1$string$len + 398008
5   chromedriver                        0x000000010098b6a4 cxxbridge1$string$len + 389324
6   chromedriver                        0x000000010098aaa0 cxxbridge1$string$len + 386248
7   chromedriver                        0x000000010097f508 cxxbridge1$string$len + 339760
8   chromedriver                        0x000000010097ef94 cxxbridge1$string$len + 338364
9   chromedriver                        0x00000001009cade8 cxxbridge1$string$len + 649232
10  chromedriver                        0x000000010097d9c8 cxxbridge1$string$len + 332784
11  chromedriver                        0x0000000100dba28c cxxbridge1$str$ptr + 2476360
12  chromedriver                        0x0000000100dbd520 cxxbridge1$str$ptr + 2489308
13  chromedriver                        0x0000000100d9ba78 cxxbridge1$str$ptr + 2351412
14  chromedriver                        0x0000000100dbdda8 cxxbridge1$str$ptr + 2491492
15  chromedriver                        0x0000000100d8cd6c cxxbridge1$str$ptr + 2290728
16  chromedriver                        0x0000000100dddd74 cxxbridge1$str$ptr + 2622512
17  chromedriver                        0x0000000100dddf00 cxxbridge1$str$ptr + 2622908
18  chromedriver                        0x0000000100dee528 cxxbridge1$str$ptr + 2690020
19  libsystem_pthread.dylib             0x0000000187f0ac0c _pthread_start + 136
20  libsystem_pthread.dylib             0x0000000187f05b80 thread_start + 8

2025-06-12 16:35:36,491 - INFO - spain_scraper.py:79 - Scraping data for 2025-01-07
2025-06-12 16:35:37,615 - ERROR - spain.py:38 - Error changing date to 07/01/2025: Message: element click intercepted: Element <button class="arrow-submit" type="button"></button> is not clickable at point (238, 430). Other element would receive the click: <div id="onetrust-policy-text">...</div>
  (Session info: chrome=137.0.7151.69)
Stacktrace:
0   chromedriver                        0x0000000100df6668 cxxbridge1$str$ptr + 2723108
1   chromedriver                        0x0000000100dee8dc cxxbridge1$str$ptr + 2690968
2   chromedriver                        0x0000000100942714 cxxbridge1$string$len + 90428
3   chromedriver                        0x000000010098f324 cxxbridge1$string$len + 404812
4   chromedriver                        0x000000010098d890 cxxbridge1$string$len + 398008
5   chromedriver                        0x000000010098b6a4 cxxbridge1$string$len + 389324
6   chromedriver                        0x000000010098aaa0 cxxbridge1$string$len + 386248
7   chromedriver                        0x000000010097f508 cxxbridge1$string$len + 339760
8   chromedriver                        0x000000010097ef94 cxxbridge1$string$len + 338364
9   chromedriver                        0x00000001009cade8 cxxbridge1$string$len + 649232
10  chromedriver                        0x000000010097d9c8 cxxbridge1$string$len + 332784
11  chromedriver                        0x0000000100dba28c cxxbridge1$str$ptr + 2476360
12  chromedriver                        0x0000000100dbd520 cxxbridge1$str$ptr + 2489308
13  chromedriver                        0x0000000100d9ba78 cxxbridge1$str$ptr + 2351412
14  chromedriver                        0x0000000100dbdda8 cxxbridge1$str$ptr + 2491492
15  chromedriver                        0x0000000100d8cd6c cxxbridge1$str$ptr + 2290728
16  chromedriver                        0x0000000100dddd74 cxxbridge1$str$ptr + 2622512
17  chromedriver                        0x0000000100dddf00 cxxbridge1$str$ptr + 2622908
18  chromedriver                        0x0000000100dee528 cxxbridge1$str$ptr + 2690020
19  libsystem_pthread.dylib             0x0000000187f0ac0c _pthread_start + 136
20  libsystem_pthread.dylib             0x0000000187f05b80 thread_start + 8

2025-06-12 16:35:39,773 - WARNING - connectionpool.py:868 - Retrying (Retry(total=2, connect=None, read=None, redirect=None, status=None)) after connection broken by 'ConnectionResetError(54, 'Connection reset by peer')': /session/bb5694efd8ea7498af20df545fa0f21c
2025-06-12 16:35:39,776 - WARNING - connectionpool.py:868 - Retrying (Retry(total=1, connect=None, read=None, redirect=None, status=None)) after connection broken by 'NewConnectionError('<urllib3.connection.HTTPConnection object at 0x10663f0a0>: Failed to establish a new connection: [Errno 61] Connection refused')': /session/bb5694efd8ea7498af20df545fa0f21c
2025-06-12 16:35:39,778 - WARNING - connectionpool.py:868 - Retrying (Retry(total=0, connect=None, read=None, redirect=None, status=None)) after connection broken by 'NewConnectionError('<urllib3.connection.HTTPConnection object at 0x10663f6a0>: Failed to establish a new connection: [Errno 61] Connection refused')': /session/bb5694efd8ea7498af20df545fa0f21c
2025-06-12 16:36:12,854 - INFO - main.py:30 - Updating raw data files...
2025-06-12 16:36:12,855 - INFO - update_raw_data.py:36 - Running SpainScraper...
2025-06-12 16:36:12,855 - INFO - spain_scraper.py:65 - Scraping from 2025-01-01 to 2025-06-10
2025-06-12 16:36:12,855 - INFO - logger.py:11 - ====== WebDriver manager ======
2025-06-12 16:36:12,948 - INFO - logger.py:11 - Get LATEST chromedriver version for google-chrome
2025-06-12 16:36:13,223 - INFO - logger.py:11 - Get LATEST chromedriver version for google-chrome
2025-06-12 16:36:13,446 - INFO - logger.py:11 - Driver [/Users/benjamin_mcwilliams/.wdm/drivers/chromedriver/mac64/137.0.7151.70/chromedriver-mac-arm64/chromedriver] found in cache
2025-06-12 16:36:16,658 - ERROR - spain.py:15 - Error accepting cookies: Message: element click intercepted: Element is not clickable at point (1016, 832)
  (Session info: chrome=137.0.7151.69)
Stacktrace:
0   chromedriver                        0x000000010069a668 cxxbridge1$str$ptr + 2723108
1   chromedriver                        0x00000001006928dc cxxbridge1$str$ptr + 2690968
2   chromedriver                        0x00000001001e6714 cxxbridge1$string$len + 90428
3   chromedriver                        0x0000000100233324 cxxbridge1$string$len + 404812
4   chromedriver                        0x0000000100231890 cxxbridge1$string$len + 398008
5   chromedriver                        0x000000010022f6a4 cxxbridge1$string$len + 389324
6   chromedriver                        0x000000010022eaa0 cxxbridge1$string$len + 386248
7   chromedriver                        0x0000000100223508 cxxbridge1$string$len + 339760
8   chromedriver                        0x0000000100222f94 cxxbridge1$string$len + 338364
9   chromedriver                        0x000000010026ede8 cxxbridge1$string$len + 649232
10  chromedriver                        0x00000001002219c8 cxxbridge1$string$len + 332784
11  chromedriver                        0x000000010065e28c cxxbridge1$str$ptr + 2476360
12  chromedriver                        0x0000000100661520 cxxbridge1$str$ptr + 2489308
13  chromedriver                        0x000000010063fa78 cxxbridge1$str$ptr + 2351412
14  chromedriver                        0x0000000100661da8 cxxbridge1$str$ptr + 2491492
15  chromedriver                        0x0000000100630d6c cxxbridge1$str$ptr + 2290728
16  chromedriver                        0x0000000100681d74 cxxbridge1$str$ptr + 2622512
17  chromedriver                        0x0000000100681f00 cxxbridge1$str$ptr + 2622908
18  chromedriver                        0x0000000100692528 cxxbridge1$str$ptr + 2690020
19  libsystem_pthread.dylib             0x0000000187f0ac0c _pthread_start + 136
20  libsystem_pthread.dylib             0x0000000187f05b80 thread_start + 8

2025-06-12 16:36:16,658 - INFO - spain_scraper.py:79 - Scraping data for 2025-01-01
2025-06-12 16:36:17,829 - ERROR - spain.py:38 - Error changing date to 01/01/2025: Message: element click intercepted: Element <button class="arrow-submit" type="button"></button> is not clickable at point (330, 470). Other element would receive the click: <div id="onetrust-group-container" class="ot-sdk-twelve ot-sdk-columns">...</div>
  (Session info: chrome=137.0.7151.69)
Stacktrace:
0   chromedriver                        0x000000010069a668 cxxbridge1$str$ptr + 2723108
1   chromedriver                        0x00000001006928dc cxxbridge1$str$ptr + 2690968
2   chromedriver                        0x00000001001e6714 cxxbridge1$string$len + 90428
3   chromedriver                        0x0000000100233324 cxxbridge1$string$len + 404812
4   chromedriver                        0x0000000100231890 cxxbridge1$string$len + 398008
5   chromedriver                        0x000000010022f6a4 cxxbridge1$string$len + 389324
6   chromedriver                        0x000000010022eaa0 cxxbridge1$string$len + 386248
7   chromedriver                        0x0000000100223508 cxxbridge1$string$len + 339760
8   chromedriver                        0x0000000100222f94 cxxbridge1$string$len + 338364
9   chromedriver                        0x000000010026ede8 cxxbridge1$string$len + 649232
10  chromedriver                        0x00000001002219c8 cxxbridge1$string$len + 332784
11  chromedriver                        0x000000010065e28c cxxbridge1$str$ptr + 2476360
12  chromedriver                        0x0000000100661520 cxxbridge1$str$ptr + 2489308
13  chromedriver                        0x000000010063fa78 cxxbridge1$str$ptr + 2351412
14  chromedriver                        0x0000000100661da8 cxxbridge1$str$ptr + 2491492
15  chromedriver                        0x0000000100630d6c cxxbridge1$str$ptr + 2290728
16  chromedriver                        0x0000000100681d74 cxxbridge1$str$ptr + 2622512
17  chromedriver                        0x0000000100681f00 cxxbridge1$str$ptr + 2622908
18  chromedriver                        0x0000000100692528 cxxbridge1$str$ptr + 2690020
19  libsystem_pthread.dylib             0x0000000187f0ac0c _pthread_start + 136
20  libsystem_pthread.dylib             0x0000000187f05b80 thread_start + 8

2025-06-12 16:36:20,854 - INFO - spain_scraper.py:79 - Scraping data for 2025-01-02
2025-06-12 16:36:22,066 - ERROR - spain.py:38 - Error changing date to 02/01/2025: Message: element click intercepted: Element <button class="arrow-submit" type="button"></button> is not clickable at point (238, 439). Other element would receive the click: <div id="onetrust-policy-text">...</div>
  (Session info: chrome=137.0.7151.69)
Stacktrace:
0   chromedriver                        0x000000010069a668 cxxbridge1$str$ptr + 2723108
1   chromedriver                        0x00000001006928dc cxxbridge1$str$ptr + 2690968
2   chromedriver                        0x00000001001e6714 cxxbridge1$string$len + 90428
3   chromedriver                        0x0000000100233324 cxxbridge1$string$len + 404812
4   chromedriver                        0x0000000100231890 cxxbridge1$string$len + 398008
5   chromedriver                        0x000000010022f6a4 cxxbridge1$string$len + 389324
6   chromedriver                        0x000000010022eaa0 cxxbridge1$string$len + 386248
7   chromedriver                        0x0000000100223508 cxxbridge1$string$len + 339760
8   chromedriver                        0x0000000100222f94 cxxbridge1$string$len + 338364
9   chromedriver                        0x000000010026ede8 cxxbridge1$string$len + 649232
10  chromedriver                        0x00000001002219c8 cxxbridge1$string$len + 332784
11  chromedriver                        0x000000010065e28c cxxbridge1$str$ptr + 2476360
12  chromedriver                        0x0000000100661520 cxxbridge1$str$ptr + 2489308
13  chromedriver                        0x000000010063fa78 cxxbridge1$str$ptr + 2351412
14  chromedriver                        0x0000000100661da8 cxxbridge1$str$ptr + 2491492
15  chromedriver                        0x0000000100630d6c cxxbridge1$str$ptr + 2290728
16  chromedriver                        0x0000000100681d74 cxxbridge1$str$ptr + 2622512
17  chromedriver                        0x0000000100681f00 cxxbridge1$str$ptr + 2622908
18  chromedriver                        0x0000000100692528 cxxbridge1$str$ptr + 2690020
19  libsystem_pthread.dylib             0x0000000187f0ac0c _pthread_start + 136
20  libsystem_pthread.dylib             0x0000000187f05b80 thread_start + 8

2025-06-12 16:36:25,064 - INFO - spain_scraper.py:79 - Scraping data for 2025-01-03
2025-06-12 16:36:26,197 - ERROR - spain.py:38 - Error changing date to 03/01/2025: Message: element click intercepted: Element <button class="arrow-submit" type="button"></button> is not clickable at point (238, 439). Other element would receive the click: <div id="onetrust-policy-text">...</div>
  (Session info: chrome=137.0.7151.69)
Stacktrace:
0   chromedriver                        0x000000010069a668 cxxbridge1$str$ptr + 2723108
1   chromedriver                        0x00000001006928dc cxxbridge1$str$ptr + 2690968
2   chromedriver                        0x00000001001e6714 cxxbridge1$string$len + 90428
3   chromedriver                        0x0000000100233324 cxxbridge1$string$len + 404812
4   chromedriver                        0x0000000100231890 cxxbridge1$string$len + 398008
5   chromedriver                        0x000000010022f6a4 cxxbridge1$string$len + 389324
6   chromedriver                        0x000000010022eaa0 cxxbridge1$string$len + 386248
7   chromedriver                        0x0000000100223508 cxxbridge1$string$len + 339760
8   chromedriver                        0x0000000100222f94 cxxbridge1$string$len + 338364
9   chromedriver                        0x000000010026ede8 cxxbridge1$string$len + 649232
10  chromedriver                        0x00000001002219c8 cxxbridge1$string$len + 332784
11  chromedriver                        0x000000010065e28c cxxbridge1$str$ptr + 2476360
12  chromedriver                        0x0000000100661520 cxxbridge1$str$ptr + 2489308
13  chromedriver                        0x000000010063fa78 cxxbridge1$str$ptr + 2351412
14  chromedriver                        0x0000000100661da8 cxxbridge1$str$ptr + 2491492
15  chromedriver                        0x0000000100630d6c cxxbridge1$str$ptr + 2290728
16  chromedriver                        0x0000000100681d74 cxxbridge1$str$ptr + 2622512
17  chromedriver                        0x0000000100681f00 cxxbridge1$str$ptr + 2622908
18  chromedriver                        0x0000000100692528 cxxbridge1$str$ptr + 2690020
19  libsystem_pthread.dylib             0x0000000187f0ac0c _pthread_start + 136
20  libsystem_pthread.dylib             0x0000000187f05b80 thread_start + 8

2025-06-12 16:36:29,729 - INFO - spain_scraper.py:79 - Scraping data for 2025-01-04
2025-06-12 16:36:30,912 - ERROR - spain.py:38 - Error changing date to 04/01/2025: Message: element click intercepted: Element <button class="arrow-submit" type="button"></button> is not clickable at point (238, 439). Other element would receive the click: <div id="onetrust-policy-text">...</div>
  (Session info: chrome=137.0.7151.69)
Stacktrace:
0   chromedriver                        0x000000010069a668 cxxbridge1$str$ptr + 2723108
1   chromedriver                        0x00000001006928dc cxxbridge1$str$ptr + 2690968
2   chromedriver                        0x00000001001e6714 cxxbridge1$string$len + 90428
3   chromedriver                        0x0000000100233324 cxxbridge1$string$len + 404812
4   chromedriver                        0x0000000100231890 cxxbridge1$string$len + 398008
5   chromedriver                        0x000000010022f6a4 cxxbridge1$string$len + 389324
6   chromedriver                        0x000000010022eaa0 cxxbridge1$string$len + 386248
7   chromedriver                        0x0000000100223508 cxxbridge1$string$len + 339760
8   chromedriver                        0x0000000100222f94 cxxbridge1$string$len + 338364
9   chromedriver                        0x000000010026ede8 cxxbridge1$string$len + 649232
10  chromedriver                        0x00000001002219c8 cxxbridge1$string$len + 332784
11  chromedriver                        0x000000010065e28c cxxbridge1$str$ptr + 2476360
12  chromedriver                        0x0000000100661520 cxxbridge1$str$ptr + 2489308
13  chromedriver                        0x000000010063fa78 cxxbridge1$str$ptr + 2351412
14  chromedriver                        0x0000000100661da8 cxxbridge1$str$ptr + 2491492
15  chromedriver                        0x0000000100630d6c cxxbridge1$str$ptr + 2290728
16  chromedriver                        0x0000000100681d74 cxxbridge1$str$ptr + 2622512
17  chromedriver                        0x0000000100681f00 cxxbridge1$str$ptr + 2622908
18  chromedriver                        0x0000000100692528 cxxbridge1$str$ptr + 2690020
19  libsystem_pthread.dylib             0x0000000187f0ac0c _pthread_start + 136
20  libsystem_pthread.dylib             0x0000000187f05b80 thread_start + 8

2025-06-12 16:36:33,222 - INFO - spain_scraper.py:79 - Scraping data for 2025-01-05
2025-06-12 16:36:34,349 - ERROR - spain.py:38 - Error changing date to 05/01/2025: Message: element click intercepted: Element <button class="arrow-submit" type="button"></button> is not clickable at point (238, 439). Other element would receive the click: <div id="onetrust-policy-text">...</div>
  (Session info: chrome=137.0.7151.69)
Stacktrace:
0   chromedriver                        0x000000010069a668 cxxbridge1$str$ptr + 2723108
1   chromedriver                        0x00000001006928dc cxxbridge1$str$ptr + 2690968
2   chromedriver                        0x00000001001e6714 cxxbridge1$string$len + 90428
3   chromedriver                        0x0000000100233324 cxxbridge1$string$len + 404812
4   chromedriver                        0x0000000100231890 cxxbridge1$string$len + 398008
5   chromedriver                        0x000000010022f6a4 cxxbridge1$string$len + 389324
6   chromedriver                        0x000000010022eaa0 cxxbridge1$string$len + 386248
7   chromedriver                        0x0000000100223508 cxxbridge1$string$len + 339760
8   chromedriver                        0x0000000100222f94 cxxbridge1$string$len + 338364
9   chromedriver                        0x000000010026ede8 cxxbridge1$string$len + 649232
10  chromedriver                        0x00000001002219c8 cxxbridge1$string$len + 332784
11  chromedriver                        0x000000010065e28c cxxbridge1$str$ptr + 2476360
12  chromedriver                        0x0000000100661520 cxxbridge1$str$ptr + 2489308
13  chromedriver                        0x000000010063fa78 cxxbridge1$str$ptr + 2351412
14  chromedriver                        0x0000000100661da8 cxxbridge1$str$ptr + 2491492
15  chromedriver                        0x0000000100630d6c cxxbridge1$str$ptr + 2290728
16  chromedriver                        0x0000000100681d74 cxxbridge1$str$ptr + 2622512
17  chromedriver                        0x0000000100681f00 cxxbridge1$str$ptr + 2622908
18  chromedriver                        0x0000000100692528 cxxbridge1$str$ptr + 2690020
19  libsystem_pthread.dylib             0x0000000187f0ac0c _pthread_start + 136
20  libsystem_pthread.dylib             0x0000000187f05b80 thread_start + 8

2025-06-12 16:36:37,447 - INFO - spain_scraper.py:79 - Scraping data for 2025-01-06
2025-06-12 16:36:38,575 - ERROR - spain.py:38 - Error changing date to 06/01/2025: Message: element click intercepted: Element <button class="arrow-submit" type="button"></button> is not clickable at point (238, 439). Other element would receive the click: <div id="onetrust-policy-text">...</div>
  (Session info: chrome=137.0.7151.69)
Stacktrace:
0   chromedriver                        0x000000010069a668 cxxbridge1$str$ptr + 2723108
1   chromedriver                        0x00000001006928dc cxxbridge1$str$ptr + 2690968
2   chromedriver                        0x00000001001e6714 cxxbridge1$string$len + 90428
3   chromedriver                        0x0000000100233324 cxxbridge1$string$len + 404812
4   chromedriver                        0x0000000100231890 cxxbridge1$string$len + 398008
5   chromedriver                        0x000000010022f6a4 cxxbridge1$string$len + 389324
6   chromedriver                        0x000000010022eaa0 cxxbridge1$string$len + 386248
7   chromedriver                        0x0000000100223508 cxxbridge1$string$len + 339760
8   chromedriver                        0x0000000100222f94 cxxbridge1$string$len + 338364
9   chromedriver                        0x000000010026ede8 cxxbridge1$string$len + 649232
10  chromedriver                        0x00000001002219c8 cxxbridge1$string$len + 332784
11  chromedriver                        0x000000010065e28c cxxbridge1$str$ptr + 2476360
12  chromedriver                        0x0000000100661520 cxxbridge1$str$ptr + 2489308
13  chromedriver                        0x000000010063fa78 cxxbridge1$str$ptr + 2351412
14  chromedriver                        0x0000000100661da8 cxxbridge1$str$ptr + 2491492
15  chromedriver                        0x0000000100630d6c cxxbridge1$str$ptr + 2290728
16  chromedriver                        0x0000000100681d74 cxxbridge1$str$ptr + 2622512
17  chromedriver                        0x0000000100681f00 cxxbridge1$str$ptr + 2622908
18  chromedriver                        0x0000000100692528 cxxbridge1$str$ptr + 2690020
19  libsystem_pthread.dylib             0x0000000187f0ac0c _pthread_start + 136
20  libsystem_pthread.dylib             0x0000000187f05b80 thread_start + 8

2025-06-12 16:36:42,063 - INFO - spain_scraper.py:79 - Scraping data for 2025-01-07
2025-06-12 16:36:43,208 - ERROR - spain.py:38 - Error changing date to 07/01/2025: Message: element click intercepted: Element <button class="arrow-submit" type="button"></button> is not clickable at point (238, 439). Other element would receive the click: <div id="onetrust-policy-text">...</div>
  (Session info: chrome=137.0.7151.69)
Stacktrace:
0   chromedriver                        0x000000010069a668 cxxbridge1$str$ptr + 2723108
1   chromedriver                        0x00000001006928dc cxxbridge1$str$ptr + 2690968
2   chromedriver                        0x00000001001e6714 cxxbridge1$string$len + 90428
3   chromedriver                        0x0000000100233324 cxxbridge1$string$len + 404812
4   chromedriver                        0x0000000100231890 cxxbridge1$string$len + 398008
5   chromedriver                        0x000000010022f6a4 cxxbridge1$string$len + 389324
6   chromedriver                        0x000000010022eaa0 cxxbridge1$string$len + 386248
7   chromedriver                        0x0000000100223508 cxxbridge1$string$len + 339760
8   chromedriver                        0x0000000100222f94 cxxbridge1$string$len + 338364
9   chromedriver                        0x000000010026ede8 cxxbridge1$string$len + 649232
10  chromedriver                        0x00000001002219c8 cxxbridge1$string$len + 332784
11  chromedriver                        0x000000010065e28c cxxbridge1$str$ptr + 2476360
12  chromedriver                        0x0000000100661520 cxxbridge1$str$ptr + 2489308
13  chromedriver                        0x000000010063fa78 cxxbridge1$str$ptr + 2351412
14  chromedriver                        0x0000000100661da8 cxxbridge1$str$ptr + 2491492
15  chromedriver                        0x0000000100630d6c cxxbridge1$str$ptr + 2290728
16  chromedriver                        0x0000000100681d74 cxxbridge1$str$ptr + 2622512
17  chromedriver                        0x0000000100681f00 cxxbridge1$str$ptr + 2622908
18  chromedriver                        0x0000000100692528 cxxbridge1$str$ptr + 2690020
19  libsystem_pthread.dylib             0x0000000187f0ac0c _pthread_start + 136
20  libsystem_pthread.dylib             0x0000000187f05b80 thread_start + 8

2025-06-12 16:36:46,559 - INFO - spain_scraper.py:79 - Scraping data for 2025-01-08
2025-06-12 16:36:47,682 - ERROR - spain.py:38 - Error changing date to 08/01/2025: Message: element click intercepted: Element <button class="arrow-submit" type="button"></button> is not clickable at point (238, 439). Other element would receive the click: <div id="onetrust-policy-text">...</div>
  (Session info: chrome=137.0.7151.69)
Stacktrace:
0   chromedriver                        0x000000010069a668 cxxbridge1$str$ptr + 2723108
1   chromedriver                        0x00000001006928dc cxxbridge1$str$ptr + 2690968
2   chromedriver                        0x00000001001e6714 cxxbridge1$string$len + 90428
3   chromedriver                        0x0000000100233324 cxxbridge1$string$len + 404812
4   chromedriver                        0x0000000100231890 cxxbridge1$string$len + 398008
5   chromedriver                        0x000000010022f6a4 cxxbridge1$string$len + 389324
6   chromedriver                        0x000000010022eaa0 cxxbridge1$string$len + 386248
7   chromedriver                        0x0000000100223508 cxxbridge1$string$len + 339760
8   chromedriver                        0x0000000100222f94 cxxbridge1$string$len + 338364
9   chromedriver                        0x000000010026ede8 cxxbridge1$string$len + 649232
10  chromedriver                        0x00000001002219c8 cxxbridge1$string$len + 332784
11  chromedriver                        0x000000010065e28c cxxbridge1$str$ptr + 2476360
12  chromedriver                        0x0000000100661520 cxxbridge1$str$ptr + 2489308
13  chromedriver                        0x000000010063fa78 cxxbridge1$str$ptr + 2351412
14  chromedriver                        0x0000000100661da8 cxxbridge1$str$ptr + 2491492
15  chromedriver                        0x0000000100630d6c cxxbridge1$str$ptr + 2290728
16  chromedriver                        0x0000000100681d74 cxxbridge1$str$ptr + 2622512
17  chromedriver                        0x0000000100681f00 cxxbridge1$str$ptr + 2622908
18  chromedriver                        0x0000000100692528 cxxbridge1$str$ptr + 2690020
19  libsystem_pthread.dylib             0x0000000187f0ac0c _pthread_start + 136
20  libsystem_pthread.dylib             0x0000000187f05b80 thread_start + 8

2025-06-12 16:36:51,337 - INFO - spain_scraper.py:79 - Scraping data for 2025-01-09
2025-06-12 16:36:52,460 - ERROR - spain.py:38 - Error changing date to 09/01/2025: Message: element click intercepted: Element <button class="arrow-submit" type="button"></button> is not clickable at point (238, 439). Other element would receive the click: <div id="onetrust-policy-text">...</div>
  (Session info: chrome=137.0.7151.69)
Stacktrace:
0   chromedriver                        0x000000010069a668 cxxbridge1$str$ptr + 2723108
1   chromedriver                        0x00000001006928dc cxxbridge1$str$ptr + 2690968
2   chromedriver                        0x00000001001e6714 cxxbridge1$string$len + 90428
3   chromedriver                        0x0000000100233324 cxxbridge1$string$len + 404812
4   chromedriver                        0x0000000100231890 cxxbridge1$string$len + 398008
5   chromedriver                        0x000000010022f6a4 cxxbridge1$string$len + 389324
6   chromedriver                        0x000000010022eaa0 cxxbridge1$string$len + 386248
7   chromedriver                        0x0000000100223508 cxxbridge1$string$len + 339760
8   chromedriver                        0x0000000100222f94 cxxbridge1$string$len + 338364
9   chromedriver                        0x000000010026ede8 cxxbridge1$string$len + 649232
10  chromedriver                        0x00000001002219c8 cxxbridge1$string$len + 332784
11  chromedriver                        0x000000010065e28c cxxbridge1$str$ptr + 2476360
12  chromedriver                        0x0000000100661520 cxxbridge1$str$ptr + 2489308
13  chromedriver                        0x000000010063fa78 cxxbridge1$str$ptr + 2351412
14  chromedriver                        0x0000000100661da8 cxxbridge1$str$ptr + 2491492
15  chromedriver                        0x0000000100630d6c cxxbridge1$str$ptr + 2290728
16  chromedriver                        0x0000000100681d74 cxxbridge1$str$ptr + 2622512
17  chromedriver                        0x0000000100681f00 cxxbridge1$str$ptr + 2622908
18  chromedriver                        0x0000000100692528 cxxbridge1$str$ptr + 2690020
19  libsystem_pthread.dylib             0x0000000187f0ac0c _pthread_start + 136
20  libsystem_pthread.dylib             0x0000000187f05b80 thread_start + 8

2025-06-12 16:36:54,864 - WARNING - connectionpool.py:868 - Retrying (Retry(total=2, connect=None, read=None, redirect=None, status=None)) after connection broken by 'ConnectionResetError(54, 'Connection reset by peer')': /session/3a953df0bda88bde0f75c5a1f27bf411
2025-06-12 16:36:54,866 - WARNING - connectionpool.py:868 - Retrying (Retry(total=1, connect=None, read=None, redirect=None, status=None)) after connection broken by 'NewConnectionError('<urllib3.connection.HTTPConnection object at 0x1085b2460>: Failed to establish a new connection: [Errno 61] Connection refused')': /session/3a953df0bda88bde0f75c5a1f27bf411
2025-06-12 16:36:54,867 - WARNING - connectionpool.py:868 - Retrying (Retry(total=0, connect=None, read=None, redirect=None, status=None)) after connection broken by 'NewConnectionError('<urllib3.connection.HTTPConnection object at 0x1085b27c0>: Failed to establish a new connection: [Errno 61] Connection refused')': /session/3a953df0bda88bde0f75c5a1f27bf411
2025-06-12 16:41:03,030 - INFO - main.py:30 - Updating raw data files...
2025-06-12 16:41:03,030 - INFO - update_raw_data.py:36 - Running SpainScraper...
2025-06-12 16:41:03,030 - INFO - spain_scraper.py:65 - Scraping from 2025-01-01 to 2025-06-10
2025-06-12 16:41:03,030 - INFO - logger.py:11 - ====== WebDriver manager ======
2025-06-12 16:41:03,139 - INFO - logger.py:11 - Get LATEST chromedriver version for google-chrome
2025-06-12 16:41:03,394 - INFO - logger.py:11 - Get LATEST chromedriver version for google-chrome
2025-06-12 16:41:03,654 - INFO - logger.py:11 - Driver [/Users/benjamin_mcwilliams/.wdm/drivers/chromedriver/mac64/137.0.7151.70/chromedriver-mac-arm64/chromedriver] found in cache
2025-06-12 16:41:08,559 - INFO - spain.py:35 - Successfully accepted cookies.
2025-06-12 16:41:08,560 - INFO - spain_scraper.py:79 - Scraping data for 2025-01-01
2025-06-12 16:41:13,793 - INFO - spain_scraper.py:86 - Successfully collected data for 2025-01-01
2025-06-12 16:41:16,632 - INFO - spain_scraper.py:79 - Scraping data for 2025-01-02
2025-06-12 16:41:21,808 - INFO - spain_scraper.py:86 - Successfully collected data for 2025-01-02
2025-06-12 16:41:25,059 - INFO - spain_scraper.py:79 - Scraping data for 2025-01-03
2025-06-12 16:41:30,240 - INFO - spain_scraper.py:86 - Successfully collected data for 2025-01-03
2025-06-12 16:41:31,601 - WARNING - connectionpool.py:868 - Retrying (Retry(total=2, connect=None, read=None, redirect=None, status=None)) after connection broken by 'ConnectionResetError(54, 'Connection reset by peer')': /session/a149dc314450050678241c937b436771
2025-06-12 16:41:31,604 - WARNING - connectionpool.py:868 - Retrying (Retry(total=1, connect=None, read=None, redirect=None, status=None)) after connection broken by 'NewConnectionError('<urllib3.connection.HTTPConnection object at 0x106e6ee80>: Failed to establish a new connection: [Errno 61] Connection refused')': /session/a149dc314450050678241c937b436771
2025-06-12 16:41:31,605 - WARNING - connectionpool.py:868 - Retrying (Retry(total=0, connect=None, read=None, redirect=None, status=None)) after connection broken by 'NewConnectionError('<urllib3.connection.HTTPConnection object at 0x106f2f070>: Failed to establish a new connection: [Errno 61] Connection refused')': /session/a149dc314450050678241c937b436771
2025-06-12 16:41:51,108 - INFO - main.py:30 - Updating raw data files...
2025-06-12 16:41:51,108 - INFO - update_raw_data.py:36 - Running SpainScraper...
2025-06-12 16:41:51,108 - INFO - spain_scraper.py:65 - Scraping from 2025-01-01 to 2025-06-10
2025-06-12 16:41:51,108 - INFO - logger.py:11 - ====== WebDriver manager ======
2025-06-12 16:41:51,214 - INFO - logger.py:11 - Get LATEST chromedriver version for google-chrome
2025-06-12 16:41:51,484 - INFO - logger.py:11 - Get LATEST chromedriver version for google-chrome
2025-06-12 16:41:51,702 - INFO - logger.py:11 - Driver [/Users/benjamin_mcwilliams/.wdm/drivers/chromedriver/mac64/137.0.7151.70/chromedriver-mac-arm64/chromedriver] found in cache
2025-06-12 16:41:56,280 - INFO - spain.py:35 - Successfully accepted cookies.
2025-06-12 16:41:56,281 - INFO - spain_scraper.py:79 - Scraping data for 2025-01-01
2025-06-12 16:42:01,497 - INFO - spain_scraper.py:86 - Successfully collected data for 2025-01-01
2025-06-12 16:42:03,754 - INFO - spain_scraper.py:79 - Scraping data for 2025-01-02
2025-06-12 16:42:08,929 - INFO - spain_scraper.py:86 - Successfully collected data for 2025-01-02
2025-06-12 16:42:11,773 - INFO - spain_scraper.py:79 - Scraping data for 2025-01-03
2025-06-12 16:42:16,945 - INFO - spain_scraper.py:86 - Successfully collected data for 2025-01-03
2025-06-12 16:42:20,337 - INFO - spain_scraper.py:79 - Scraping data for 2025-01-04
2025-06-12 16:42:25,506 - INFO - spain_scraper.py:86 - Successfully collected data for 2025-01-04
2025-06-12 16:42:28,810 - INFO - spain_scraper.py:79 - Scraping data for 2025-01-05
2025-06-12 16:42:33,988 - INFO - spain_scraper.py:86 - Successfully collected data for 2025-01-05
2025-06-12 16:42:37,234 - INFO - spain_scraper.py:79 - Scraping data for 2025-01-06
2025-06-12 16:42:42,404 - INFO - spain_scraper.py:86 - Successfully collected data for 2025-01-06
2025-06-12 16:42:46,162 - INFO - spain_scraper.py:79 - Scraping data for 2025-01-07
2025-06-12 16:42:51,340 - INFO - spain_scraper.py:86 - Successfully collected data for 2025-01-07
2025-06-12 16:42:55,133 - INFO - spain_scraper.py:79 - Scraping data for 2025-01-08
2025-06-12 16:43:00,265 - INFO - spain_scraper.py:86 - Successfully collected data for 2025-01-08
2025-06-12 16:43:03,090 - INFO - spain_scraper.py:79 - Scraping data for 2025-01-09
2025-06-12 16:43:08,259 - INFO - spain_scraper.py:86 - Successfully collected data for 2025-01-09
2025-06-12 16:43:10,510 - INFO - spain_scraper.py:79 - Scraping data for 2025-01-10
2025-06-12 16:43:15,685 - INFO - spain_scraper.py:86 - Successfully collected data for 2025-01-10
2025-06-12 16:43:18,114 - INFO - spain_scraper.py:79 - Scraping data for 2025-01-11
2025-06-12 16:43:23,274 - INFO - spain_scraper.py:86 - Successfully collected data for 2025-01-11
2025-06-12 16:43:25,473 - INFO - spain_scraper.py:79 - Scraping data for 2025-01-12
2025-06-12 16:43:30,649 - INFO - spain_scraper.py:86 - Successfully collected data for 2025-01-12
2025-06-12 16:43:34,036 - INFO - spain_scraper.py:79 - Scraping data for 2025-01-13
2025-06-12 16:43:39,186 - INFO - spain_scraper.py:86 - Successfully collected data for 2025-01-13
2025-06-12 16:43:41,718 - INFO - spain_scraper.py:79 - Scraping data for 2025-01-14
2025-06-12 16:43:46,862 - INFO - spain_scraper.py:86 - Successfully collected data for 2025-01-14
2025-06-12 16:43:50,322 - INFO - spain_scraper.py:79 - Scraping data for 2025-01-15
2025-06-12 16:43:55,457 - INFO - spain_scraper.py:86 - Successfully collected data for 2025-01-15
2025-06-12 16:43:57,741 - INFO - spain_scraper.py:79 - Scraping data for 2025-01-16
2025-06-12 16:44:02,938 - INFO - spain_scraper.py:86 - Successfully collected data for 2025-01-16
2025-06-12 16:44:06,780 - INFO - spain_scraper.py:79 - Scraping data for 2025-01-17
2025-06-12 16:44:11,954 - INFO - spain_scraper.py:86 - Successfully collected data for 2025-01-17
2025-06-12 16:44:15,536 - INFO - spain_scraper.py:79 - Scraping data for 2025-01-18
2025-06-12 16:44:20,712 - INFO - spain_scraper.py:86 - Successfully collected data for 2025-01-18
2025-06-12 16:44:23,367 - INFO - spain_scraper.py:79 - Scraping data for 2025-01-19
2025-06-12 16:44:28,542 - INFO - spain_scraper.py:86 - Successfully collected data for 2025-01-19
2025-06-12 16:44:32,292 - INFO - spain_scraper.py:79 - Scraping data for 2025-01-20
2025-06-12 16:44:37,479 - INFO - spain_scraper.py:86 - Successfully collected data for 2025-01-20
2025-06-12 16:44:39,642 - INFO - spain_scraper.py:79 - Scraping data for 2025-01-21
2025-06-12 16:44:44,819 - INFO - spain_scraper.py:86 - Successfully collected data for 2025-01-21
2025-06-12 16:44:48,230 - INFO - spain_scraper.py:79 - Scraping data for 2025-01-22
2025-06-12 16:44:53,416 - INFO - spain_scraper.py:86 - Successfully collected data for 2025-01-22
2025-06-12 16:44:57,113 - INFO - spain_scraper.py:79 - Scraping data for 2025-01-23
2025-06-12 16:45:02,288 - INFO - spain_scraper.py:86 - Successfully collected data for 2025-01-23
2025-06-12 16:45:05,759 - INFO - spain_scraper.py:79 - Scraping data for 2025-01-24
2025-06-12 16:45:10,936 - INFO - spain_scraper.py:86 - Successfully collected data for 2025-01-24
2025-06-12 16:45:14,513 - INFO - spain_scraper.py:79 - Scraping data for 2025-01-25
2025-06-12 16:45:19,688 - INFO - spain_scraper.py:86 - Successfully collected data for 2025-01-25
2025-06-12 16:45:22,629 - INFO - spain_scraper.py:79 - Scraping data for 2025-01-26
2025-06-12 16:45:27,815 - INFO - spain_scraper.py:86 - Successfully collected data for 2025-01-26
2025-06-12 16:45:30,887 - INFO - spain_scraper.py:79 - Scraping data for 2025-01-27
2025-06-12 16:45:36,063 - INFO - spain_scraper.py:86 - Successfully collected data for 2025-01-27
2025-06-12 16:45:39,712 - INFO - spain_scraper.py:79 - Scraping data for 2025-01-28
2025-06-12 16:45:44,895 - INFO - spain_scraper.py:86 - Successfully collected data for 2025-01-28
2025-06-12 16:45:48,291 - INFO - spain_scraper.py:79 - Scraping data for 2025-01-29
2025-06-12 16:45:53,469 - INFO - spain_scraper.py:86 - Successfully collected data for 2025-01-29
2025-06-12 16:45:55,595 - INFO - spain_scraper.py:79 - Scraping data for 2025-01-30
2025-06-12 16:46:00,774 - INFO - spain_scraper.py:86 - Successfully collected data for 2025-01-30
2025-06-12 16:46:04,151 - INFO - spain_scraper.py:79 - Scraping data for 2025-01-31
2025-06-12 16:46:09,321 - INFO - spain_scraper.py:86 - Successfully collected data for 2025-01-31
2025-06-12 16:46:11,596 - INFO - spain_scraper.py:79 - Scraping data for 2025-02-01
2025-06-12 16:46:16,780 - INFO - spain_scraper.py:86 - Successfully collected data for 2025-02-01
2025-06-12 16:46:20,692 - INFO - spain_scraper.py:79 - Scraping data for 2025-02-02
2025-06-12 16:46:25,879 - INFO - spain_scraper.py:86 - Successfully collected data for 2025-02-02
2025-06-12 16:46:28,186 - INFO - spain_scraper.py:79 - Scraping data for 2025-02-03
2025-06-12 16:46:33,366 - INFO - spain_scraper.py:86 - Successfully collected data for 2025-02-03
2025-06-12 16:46:35,468 - INFO - spain_scraper.py:79 - Scraping data for 2025-02-04
2025-06-12 16:46:40,635 - INFO - spain_scraper.py:86 - Successfully collected data for 2025-02-04
2025-06-12 16:46:43,966 - INFO - spain_scraper.py:79 - Scraping data for 2025-02-05
2025-06-12 16:46:49,135 - INFO - spain_scraper.py:86 - Successfully collected data for 2025-02-05
2025-06-12 16:46:51,998 - INFO - spain_scraper.py:79 - Scraping data for 2025-02-06
2025-06-12 16:46:57,157 - INFO - spain_scraper.py:86 - Successfully collected data for 2025-02-06
2025-06-12 16:46:59,675 - INFO - spain_scraper.py:79 - Scraping data for 2025-02-07
2025-06-12 16:47:04,858 - INFO - spain_scraper.py:86 - Successfully collected data for 2025-02-07
2025-06-12 16:47:08,038 - INFO - spain_scraper.py:79 - Scraping data for 2025-02-08
2025-06-12 16:47:13,221 - INFO - spain_scraper.py:86 - Successfully collected data for 2025-02-08
2025-06-12 16:47:15,903 - INFO - spain_scraper.py:79 - Scraping data for 2025-02-09
2025-06-12 16:47:21,083 - INFO - spain_scraper.py:86 - Successfully collected data for 2025-02-09
2025-06-12 16:47:23,499 - INFO - spain_scraper.py:79 - Scraping data for 2025-02-10
2025-06-12 16:47:28,682 - INFO - spain_scraper.py:86 - Successfully collected data for 2025-02-10
2025-06-12 16:47:32,497 - INFO - spain_scraper.py:79 - Scraping data for 2025-02-11
2025-06-12 16:47:37,679 - INFO - spain_scraper.py:86 - Successfully collected data for 2025-02-11
2025-06-12 16:47:39,825 - INFO - spain_scraper.py:79 - Scraping data for 2025-02-12
2025-06-12 16:47:44,986 - INFO - spain_scraper.py:86 - Successfully collected data for 2025-02-12
2025-06-12 16:47:47,955 - INFO - spain_scraper.py:79 - Scraping data for 2025-02-13
2025-06-12 16:47:53,120 - INFO - spain_scraper.py:86 - Successfully collected data for 2025-02-13
2025-06-12 16:47:55,303 - INFO - spain_scraper.py:79 - Scraping data for 2025-02-14
2025-06-12 16:48:00,467 - INFO - spain_scraper.py:86 - Successfully collected data for 2025-02-14
2025-06-12 16:48:03,473 - INFO - spain_scraper.py:79 - Scraping data for 2025-02-15
2025-06-12 16:48:08,629 - INFO - spain_scraper.py:86 - Successfully collected data for 2025-02-15
2025-06-12 16:48:11,856 - INFO - spain_scraper.py:79 - Scraping data for 2025-02-16
2025-06-12 16:48:17,043 - INFO - spain_scraper.py:86 - Successfully collected data for 2025-02-16
2025-06-12 16:48:19,627 - INFO - spain_scraper.py:79 - Scraping data for 2025-02-17
2025-06-12 16:48:24,807 - INFO - spain_scraper.py:86 - Successfully collected data for 2025-02-17
2025-06-12 16:48:28,313 - INFO - spain_scraper.py:79 - Scraping data for 2025-02-18
2025-06-12 16:48:33,498 - INFO - spain_scraper.py:86 - Successfully collected data for 2025-02-18
2025-06-12 16:48:36,979 - INFO - spain_scraper.py:79 - Scraping data for 2025-02-19
2025-06-12 16:48:42,169 - INFO - spain_scraper.py:86 - Successfully collected data for 2025-02-19
2025-06-12 16:48:44,319 - INFO - spain_scraper.py:79 - Scraping data for 2025-02-20
2025-06-12 16:48:49,516 - INFO - spain_scraper.py:86 - Successfully collected data for 2025-02-20
2025-06-12 16:48:53,399 - INFO - spain_scraper.py:79 - Scraping data for 2025-02-21
2025-06-12 16:48:58,585 - INFO - spain_scraper.py:86 - Successfully collected data for 2025-02-21
2025-06-12 16:49:01,463 - INFO - spain_scraper.py:79 - Scraping data for 2025-02-22
2025-06-12 16:49:06,652 - INFO - spain_scraper.py:86 - Successfully collected data for 2025-02-22
2025-06-12 16:49:10,412 - INFO - spain_scraper.py:79 - Scraping data for 2025-02-23
2025-06-12 16:49:15,597 - INFO - spain_scraper.py:86 - Successfully collected data for 2025-02-23
2025-06-12 16:49:19,061 - INFO - spain_scraper.py:79 - Scraping data for 2025-02-24
2025-06-12 16:49:24,251 - INFO - spain_scraper.py:86 - Successfully collected data for 2025-02-24
2025-06-12 16:49:26,796 - INFO - spain_scraper.py:79 - Scraping data for 2025-02-25
2025-06-12 16:49:31,982 - INFO - spain_scraper.py:86 - Successfully collected data for 2025-02-25
2025-06-12 16:49:35,207 - INFO - spain_scraper.py:79 - Scraping data for 2025-02-26
2025-06-12 16:49:40,378 - INFO - spain_scraper.py:86 - Successfully collected data for 2025-02-26
2025-06-12 16:49:42,676 - INFO - spain_scraper.py:79 - Scraping data for 2025-02-27
2025-06-12 16:49:47,857 - INFO - spain_scraper.py:86 - Successfully collected data for 2025-02-27
2025-06-12 16:49:50,486 - INFO - spain_scraper.py:79 - Scraping data for 2025-02-28
2025-06-12 16:49:55,659 - INFO - spain_scraper.py:86 - Successfully collected data for 2025-02-28
2025-06-12 16:49:58,664 - INFO - spain_scraper.py:79 - Scraping data for 2025-03-01
2025-06-12 16:50:03,845 - INFO - spain_scraper.py:86 - Successfully collected data for 2025-03-01
2025-06-12 16:50:06,547 - INFO - spain_scraper.py:79 - Scraping data for 2025-03-02
2025-06-12 16:50:11,721 - INFO - spain_scraper.py:86 - Successfully collected data for 2025-03-02
2025-06-12 16:50:15,710 - INFO - spain_scraper.py:79 - Scraping data for 2025-03-03
2025-06-12 16:50:20,877 - INFO - spain_scraper.py:86 - Successfully collected data for 2025-03-03
2025-06-12 16:50:23,639 - INFO - spain_scraper.py:79 - Scraping data for 2025-03-04
2025-06-12 16:50:28,823 - INFO - spain_scraper.py:86 - Successfully collected data for 2025-03-04
2025-06-12 16:50:31,237 - INFO - spain_scraper.py:79 - Scraping data for 2025-03-05
2025-06-12 16:50:36,432 - INFO - spain_scraper.py:86 - Successfully collected data for 2025-03-05
2025-06-12 16:50:39,147 - INFO - spain_scraper.py:79 - Scraping data for 2025-03-06
2025-06-12 16:50:44,334 - INFO - spain_scraper.py:86 - Successfully collected data for 2025-03-06
2025-06-12 16:50:46,941 - INFO - spain_scraper.py:79 - Scraping data for 2025-03-07
2025-06-12 16:50:52,136 - INFO - spain_scraper.py:86 - Successfully collected data for 2025-03-07
2025-06-12 16:50:55,534 - INFO - spain_scraper.py:79 - Scraping data for 2025-03-08
2025-06-12 16:51:00,707 - INFO - spain_scraper.py:86 - Successfully collected data for 2025-03-08
2025-06-12 16:51:03,968 - INFO - spain_scraper.py:79 - Scraping data for 2025-03-09
2025-06-12 16:51:09,170 - INFO - spain_scraper.py:86 - Successfully collected data for 2025-03-09
2025-06-12 16:51:13,092 - INFO - spain_scraper.py:79 - Scraping data for 2025-03-10
2025-06-12 16:51:18,293 - INFO - spain_scraper.py:86 - Successfully collected data for 2025-03-10
2025-06-12 16:51:20,364 - INFO - spain_scraper.py:79 - Scraping data for 2025-03-11
2025-06-12 16:51:25,549 - INFO - spain_scraper.py:86 - Successfully collected data for 2025-03-11
2025-06-12 16:51:28,450 - INFO - spain_scraper.py:79 - Scraping data for 2025-03-12
2025-06-12 16:51:33,645 - INFO - spain_scraper.py:86 - Successfully collected data for 2025-03-12
2025-06-12 16:51:36,299 - INFO - spain_scraper.py:79 - Scraping data for 2025-03-13
2025-06-12 16:51:41,501 - INFO - spain_scraper.py:86 - Successfully collected data for 2025-03-13
2025-06-12 16:51:44,188 - INFO - spain_scraper.py:79 - Scraping data for 2025-03-14
2025-06-12 16:51:49,383 - INFO - spain_scraper.py:86 - Successfully collected data for 2025-03-14
2025-06-12 16:51:53,094 - INFO - spain_scraper.py:79 - Scraping data for 2025-03-15
2025-06-12 16:51:58,291 - INFO - spain_scraper.py:86 - Successfully collected data for 2025-03-15
2025-06-12 16:52:01,228 - INFO - spain_scraper.py:79 - Scraping data for 2025-03-16
2025-06-12 16:52:06,408 - INFO - spain_scraper.py:86 - Successfully collected data for 2025-03-16
2025-06-12 16:52:08,972 - INFO - spain_scraper.py:79 - Scraping data for 2025-03-17
2025-06-12 16:52:14,163 - INFO - spain_scraper.py:86 - Successfully collected data for 2025-03-17
2025-06-12 16:52:16,540 - INFO - spain_scraper.py:79 - Scraping data for 2025-03-18
2025-06-12 16:52:21,735 - INFO - spain_scraper.py:86 - Successfully collected data for 2025-03-18
2025-06-12 16:52:24,761 - INFO - spain_scraper.py:79 - Scraping data for 2025-03-19
2025-06-12 16:52:29,956 - INFO - spain_scraper.py:86 - Successfully collected data for 2025-03-19
2025-06-12 16:52:33,086 - INFO - spain_scraper.py:79 - Scraping data for 2025-03-20
2025-06-12 16:52:38,269 - INFO - spain_scraper.py:86 - Successfully collected data for 2025-03-20
2025-06-12 16:52:41,853 - INFO - spain_scraper.py:79 - Scraping data for 2025-03-21
2025-06-12 16:52:47,028 - INFO - spain_scraper.py:86 - Successfully collected data for 2025-03-21
2025-06-12 16:52:50,247 - INFO - spain_scraper.py:79 - Scraping data for 2025-03-22
2025-06-12 16:52:55,438 - INFO - spain_scraper.py:86 - Successfully collected data for 2025-03-22
2025-06-12 16:52:58,666 - INFO - spain_scraper.py:79 - Scraping data for 2025-03-23
2025-06-12 16:53:03,869 - INFO - spain_scraper.py:86 - Successfully collected data for 2025-03-23
2025-06-12 16:53:07,683 - INFO - spain_scraper.py:79 - Scraping data for 2025-03-24
2025-06-12 16:53:12,890 - INFO - spain_scraper.py:86 - Successfully collected data for 2025-03-24
2025-06-12 16:53:15,680 - INFO - spain_scraper.py:79 - Scraping data for 2025-03-25
2025-06-12 16:53:20,858 - INFO - spain_scraper.py:86 - Successfully collected data for 2025-03-25
2025-06-12 16:53:24,215 - INFO - spain_scraper.py:79 - Scraping data for 2025-03-26
2025-06-12 16:53:29,415 - INFO - spain_scraper.py:86 - Successfully collected data for 2025-03-26
2025-06-12 16:53:32,423 - INFO - spain_scraper.py:79 - Scraping data for 2025-03-27
2025-06-12 16:53:37,601 - INFO - spain_scraper.py:86 - Successfully collected data for 2025-03-27
2025-06-12 16:53:40,260 - INFO - spain_scraper.py:79 - Scraping data for 2025-03-28
2025-06-12 16:53:45,445 - INFO - spain_scraper.py:86 - Successfully collected data for 2025-03-28
2025-06-12 16:53:48,269 - INFO - spain_scraper.py:79 - Scraping data for 2025-03-29
2025-06-12 16:53:53,467 - INFO - spain_scraper.py:86 - Successfully collected data for 2025-03-29
2025-06-12 16:53:56,084 - INFO - spain_scraper.py:79 - Scraping data for 2025-03-30
2025-06-12 16:54:01,285 - INFO - spain_scraper.py:86 - Successfully collected data for 2025-03-30
2025-06-12 16:54:04,161 - INFO - spain_scraper.py:79 - Scraping data for 2025-03-31
2025-06-12 16:54:09,347 - INFO - spain_scraper.py:86 - Successfully collected data for 2025-03-31
2025-06-12 16:54:13,122 - INFO - spain_scraper.py:79 - Scraping data for 2025-04-01
2025-06-12 16:54:18,310 - INFO - spain_scraper.py:86 - Successfully collected data for 2025-04-01
2025-06-12 16:54:22,080 - INFO - spain_scraper.py:79 - Scraping data for 2025-04-02
2025-06-12 16:54:27,268 - INFO - spain_scraper.py:86 - Successfully collected data for 2025-04-02
2025-06-12 16:54:29,679 - INFO - spain_scraper.py:79 - Scraping data for 2025-04-03
2025-06-12 16:54:34,871 - INFO - spain_scraper.py:86 - Successfully collected data for 2025-04-03
2025-06-12 16:54:38,157 - INFO - spain_scraper.py:79 - Scraping data for 2025-04-04
2025-06-12 16:54:43,364 - INFO - spain_scraper.py:86 - Successfully collected data for 2025-04-04
2025-06-12 16:54:46,664 - INFO - spain_scraper.py:79 - Scraping data for 2025-04-05
2025-06-12 16:54:51,868 - INFO - spain_scraper.py:86 - Successfully collected data for 2025-04-05
2025-06-12 16:54:54,398 - INFO - spain_scraper.py:79 - Scraping data for 2025-04-06
2025-06-12 16:54:59,599 - INFO - spain_scraper.py:86 - Successfully collected data for 2025-04-06
2025-06-12 16:55:01,676 - INFO - spain_scraper.py:79 - Scraping data for 2025-04-07
2025-06-12 16:55:06,880 - INFO - spain_scraper.py:86 - Successfully collected data for 2025-04-07
2025-06-12 16:55:10,282 - INFO - spain_scraper.py:79 - Scraping data for 2025-04-08
2025-06-12 16:55:15,467 - INFO - spain_scraper.py:86 - Successfully collected data for 2025-04-08
2025-06-12 16:55:18,225 - INFO - spain_scraper.py:79 - Scraping data for 2025-04-09
2025-06-12 16:55:23,440 - INFO - spain_scraper.py:86 - Successfully collected data for 2025-04-09
2025-06-12 16:55:25,995 - INFO - spain_scraper.py:79 - Scraping data for 2025-04-10
2025-06-12 16:55:31,170 - INFO - spain_scraper.py:86 - Successfully collected data for 2025-04-10
2025-06-12 16:55:35,171 - INFO - spain_scraper.py:51 - Taking a longer break after 100 requests...
2025-06-12 16:56:42,168 - INFO - spain_scraper.py:79 - Scraping data for 2025-04-11
2025-06-12 16:56:47,391 - INFO - spain_scraper.py:86 - Successfully collected data for 2025-04-11
2025-06-12 16:56:50,243 - INFO - spain_scraper.py:79 - Scraping data for 2025-04-12
2025-06-12 16:56:55,447 - INFO - spain_scraper.py:86 - Successfully collected data for 2025-04-12
2025-06-12 16:56:58,196 - INFO - spain_scraper.py:79 - Scraping data for 2025-04-13
2025-06-12 16:57:03,404 - INFO - spain_scraper.py:86 - Successfully collected data for 2025-04-13
2025-06-12 16:57:06,714 - INFO - spain_scraper.py:79 - Scraping data for 2025-04-14
2025-06-12 16:57:11,922 - INFO - spain_scraper.py:86 - Successfully collected data for 2025-04-14
2025-06-12 16:57:15,095 - INFO - spain_scraper.py:79 - Scraping data for 2025-04-15
2025-06-12 16:57:20,300 - INFO - spain_scraper.py:86 - Successfully collected data for 2025-04-15
2025-06-12 16:57:22,582 - INFO - spain_scraper.py:79 - Scraping data for 2025-04-16
2025-06-12 16:57:27,788 - INFO - spain_scraper.py:86 - Successfully collected data for 2025-04-16
2025-06-12 16:57:30,675 - INFO - spain_scraper.py:79 - Scraping data for 2025-04-17
2025-06-12 16:57:35,882 - INFO - spain_scraper.py:86 - Successfully collected data for 2025-04-17
2025-06-12 16:57:38,754 - INFO - spain_scraper.py:79 - Scraping data for 2025-04-18
2025-06-12 16:57:43,955 - INFO - spain_scraper.py:86 - Successfully collected data for 2025-04-18
2025-06-12 16:57:47,796 - INFO - spain_scraper.py:79 - Scraping data for 2025-04-19
2025-06-12 16:57:53,004 - INFO - spain_scraper.py:86 - Successfully collected data for 2025-04-19
2025-06-12 16:57:55,310 - INFO - spain_scraper.py:79 - Scraping data for 2025-04-20
2025-06-12 16:58:00,503 - INFO - spain_scraper.py:86 - Successfully collected data for 2025-04-20
2025-06-12 16:58:02,626 - INFO - spain_scraper.py:79 - Scraping data for 2025-04-21
2025-06-12 16:58:07,826 - INFO - spain_scraper.py:86 - Successfully collected data for 2025-04-21
2025-06-12 16:58:10,585 - INFO - spain_scraper.py:79 - Scraping data for 2025-04-22
2025-06-12 16:58:15,810 - INFO - spain_scraper.py:86 - Successfully collected data for 2025-04-22
2025-06-12 16:58:18,249 - INFO - spain_scraper.py:79 - Scraping data for 2025-04-23
2025-06-12 16:58:23,457 - INFO - spain_scraper.py:86 - Successfully collected data for 2025-04-23
2025-06-12 16:58:26,816 - INFO - spain_scraper.py:79 - Scraping data for 2025-04-24
2025-06-12 16:58:32,001 - INFO - spain_scraper.py:86 - Successfully collected data for 2025-04-24
2025-06-12 16:58:35,847 - INFO - spain_scraper.py:79 - Scraping data for 2025-04-25
2025-06-12 16:58:41,058 - INFO - spain_scraper.py:86 - Successfully collected data for 2025-04-25
2025-06-12 16:58:44,972 - INFO - spain_scraper.py:79 - Scraping data for 2025-04-26
2025-06-12 16:58:50,153 - INFO - spain_scraper.py:86 - Successfully collected data for 2025-04-26
2025-06-12 16:58:52,667 - INFO - spain_scraper.py:79 - Scraping data for 2025-04-27
2025-06-12 16:58:57,879 - INFO - spain_scraper.py:86 - Successfully collected data for 2025-04-27
2025-06-12 16:59:01,255 - INFO - spain_scraper.py:79 - Scraping data for 2025-04-28
2025-06-12 16:59:06,465 - INFO - spain_scraper.py:86 - Successfully collected data for 2025-04-28
2025-06-12 16:59:10,067 - INFO - spain_scraper.py:79 - Scraping data for 2025-04-29
2025-06-12 16:59:15,291 - INFO - spain_scraper.py:86 - Successfully collected data for 2025-04-29
2025-06-12 16:59:17,440 - INFO - spain_scraper.py:79 - Scraping data for 2025-04-30
2025-06-12 16:59:22,665 - INFO - spain_scraper.py:86 - Successfully collected data for 2025-04-30
2025-06-12 16:59:26,561 - INFO - spain_scraper.py:79 - Scraping data for 2025-05-01
2025-06-12 16:59:31,774 - INFO - spain_scraper.py:86 - Successfully collected data for 2025-05-01
2025-06-12 16:59:35,325 - INFO - spain_scraper.py:79 - Scraping data for 2025-05-02
2025-06-12 16:59:40,533 - INFO - spain_scraper.py:86 - Successfully collected data for 2025-05-02
2025-06-12 16:59:43,111 - INFO - spain_scraper.py:79 - Scraping data for 2025-05-03
2025-06-12 16:59:48,331 - INFO - spain_scraper.py:86 - Successfully collected data for 2025-05-03
2025-06-12 16:59:51,056 - INFO - spain_scraper.py:79 - Scraping data for 2025-05-04
2025-06-12 16:59:56,274 - INFO - spain_scraper.py:86 - Successfully collected data for 2025-05-04
2025-06-12 17:00:00,139 - INFO - spain_scraper.py:79 - Scraping data for 2025-05-05
2025-06-12 17:00:05,359 - INFO - spain_scraper.py:86 - Successfully collected data for 2025-05-05
2025-06-12 17:00:08,248 - INFO - spain_scraper.py:79 - Scraping data for 2025-05-06
2025-06-12 17:00:13,460 - INFO - spain_scraper.py:86 - Successfully collected data for 2025-05-06
2025-06-12 17:00:17,088 - INFO - spain_scraper.py:79 - Scraping data for 2025-05-07
2025-06-12 17:00:22,259 - INFO - spain_scraper.py:86 - Successfully collected data for 2025-05-07
2025-06-12 17:00:25,805 - INFO - spain_scraper.py:79 - Scraping data for 2025-05-08
2025-06-12 17:00:31,036 - INFO - spain_scraper.py:86 - Successfully collected data for 2025-05-08
2025-06-12 17:00:34,674 - INFO - spain_scraper.py:79 - Scraping data for 2025-05-09
2025-06-12 17:00:39,895 - INFO - spain_scraper.py:86 - Successfully collected data for 2025-05-09
2025-06-12 17:00:43,738 - INFO - spain_scraper.py:79 - Scraping data for 2025-05-10
2025-06-12 17:00:48,927 - INFO - spain_scraper.py:86 - Successfully collected data for 2025-05-10
2025-06-12 17:00:52,435 - INFO - spain_scraper.py:79 - Scraping data for 2025-05-11
2025-06-12 17:00:57,640 - INFO - spain_scraper.py:86 - Successfully collected data for 2025-05-11
2025-06-12 17:01:00,285 - INFO - spain_scraper.py:79 - Scraping data for 2025-05-12
2025-06-12 17:01:05,504 - INFO - spain_scraper.py:86 - Successfully collected data for 2025-05-12
2025-06-12 17:01:08,074 - INFO - spain_scraper.py:79 - Scraping data for 2025-05-13
2025-06-12 17:01:13,290 - INFO - spain_scraper.py:86 - Successfully collected data for 2025-05-13
2025-06-12 17:01:17,032 - INFO - spain_scraper.py:79 - Scraping data for 2025-05-14
2025-06-12 17:01:22,227 - INFO - spain_scraper.py:86 - Successfully collected data for 2025-05-14
2025-06-12 17:01:25,600 - INFO - spain_scraper.py:79 - Scraping data for 2025-05-15
2025-06-12 17:01:30,819 - INFO - spain_scraper.py:86 - Successfully collected data for 2025-05-15
2025-06-12 17:01:34,726 - INFO - spain_scraper.py:79 - Scraping data for 2025-05-16
2025-06-12 17:01:39,951 - INFO - spain_scraper.py:86 - Successfully collected data for 2025-05-16
2025-06-12 17:01:42,771 - INFO - spain_scraper.py:79 - Scraping data for 2025-05-17
2025-06-12 17:01:47,985 - INFO - spain_scraper.py:86 - Successfully collected data for 2025-05-17
2025-06-12 17:01:50,129 - INFO - spain_scraper.py:79 - Scraping data for 2025-05-18
2025-06-12 17:01:55,361 - INFO - spain_scraper.py:86 - Successfully collected data for 2025-05-18
2025-06-12 17:01:59,301 - INFO - spain_scraper.py:79 - Scraping data for 2025-05-19
2025-06-12 17:02:04,563 - INFO - spain_scraper.py:86 - Successfully collected data for 2025-05-19
2025-06-12 17:02:06,874 - INFO - spain_scraper.py:79 - Scraping data for 2025-05-20
2025-06-12 17:02:12,097 - INFO - spain_scraper.py:86 - Successfully collected data for 2025-05-20
2025-06-12 17:02:14,418 - INFO - spain_scraper.py:79 - Scraping data for 2025-05-21
2025-06-12 17:02:19,651 - INFO - spain_scraper.py:86 - Successfully collected data for 2025-05-21
2025-06-12 17:02:22,664 - INFO - spain_scraper.py:79 - Scraping data for 2025-05-22
2025-06-12 17:02:27,874 - INFO - spain_scraper.py:86 - Successfully collected data for 2025-05-22
2025-06-12 17:02:30,835 - INFO - spain_scraper.py:79 - Scraping data for 2025-05-23
2025-06-12 17:02:36,056 - INFO - spain_scraper.py:86 - Successfully collected data for 2025-05-23
2025-06-12 17:02:38,336 - INFO - spain_scraper.py:79 - Scraping data for 2025-05-24
2025-06-12 17:02:43,558 - INFO - spain_scraper.py:86 - Successfully collected data for 2025-05-24
2025-06-12 17:02:45,976 - INFO - spain_scraper.py:79 - Scraping data for 2025-05-25
2025-06-12 17:02:51,197 - INFO - spain_scraper.py:86 - Successfully collected data for 2025-05-25
2025-06-12 17:02:53,340 - INFO - spain_scraper.py:79 - Scraping data for 2025-05-26
2025-06-12 17:02:58,579 - INFO - spain_scraper.py:86 - Successfully collected data for 2025-05-26
2025-06-12 17:03:02,509 - INFO - spain_scraper.py:79 - Scraping data for 2025-05-27
2025-06-12 17:03:07,740 - INFO - spain_scraper.py:86 - Successfully collected data for 2025-05-27
2025-06-12 17:03:11,052 - INFO - spain_scraper.py:79 - Scraping data for 2025-05-28
2025-06-12 17:03:16,265 - INFO - spain_scraper.py:86 - Successfully collected data for 2025-05-28
2025-06-12 17:03:18,765 - INFO - spain_scraper.py:79 - Scraping data for 2025-05-29
2025-06-12 17:03:23,987 - INFO - spain_scraper.py:86 - Successfully collected data for 2025-05-29
2025-06-12 17:03:26,900 - INFO - spain_scraper.py:79 - Scraping data for 2025-05-30
2025-06-12 17:03:32,133 - INFO - spain_scraper.py:86 - Successfully collected data for 2025-05-30
2025-06-12 17:03:34,367 - INFO - spain_scraper.py:79 - Scraping data for 2025-05-31
2025-06-12 17:03:39,616 - INFO - spain_scraper.py:86 - Successfully collected data for 2025-05-31
2025-06-12 17:03:42,359 - INFO - spain_scraper.py:79 - Scraping data for 2025-06-01
2025-06-12 17:03:47,591 - INFO - spain_scraper.py:86 - Successfully collected data for 2025-06-01
2025-06-12 17:03:50,493 - INFO - spain_scraper.py:79 - Scraping data for 2025-06-02
2025-06-12 17:03:55,751 - INFO - spain_scraper.py:86 - Successfully collected data for 2025-06-02
2025-06-12 17:03:58,379 - INFO - spain_scraper.py:79 - Scraping data for 2025-06-03
2025-06-12 17:04:03,603 - INFO - spain_scraper.py:86 - Successfully collected data for 2025-06-03
2025-06-12 17:04:06,447 - INFO - spain_scraper.py:79 - Scraping data for 2025-06-04
2025-06-12 17:04:11,675 - INFO - spain_scraper.py:86 - Successfully collected data for 2025-06-04
2025-06-12 17:04:15,381 - INFO - spain_scraper.py:79 - Scraping data for 2025-06-05
2025-06-12 17:04:20,585 - INFO - spain_scraper.py:86 - Successfully collected data for 2025-06-05
2025-06-12 17:04:23,003 - INFO - spain_scraper.py:79 - Scraping data for 2025-06-06
2025-06-12 17:04:28,240 - INFO - spain_scraper.py:86 - Successfully collected data for 2025-06-06
2025-06-12 17:04:30,496 - INFO - spain_scraper.py:79 - Scraping data for 2025-06-07
2025-06-12 17:04:35,736 - INFO - spain_scraper.py:86 - Successfully collected data for 2025-06-07
2025-06-12 17:04:38,862 - INFO - spain_scraper.py:79 - Scraping data for 2025-06-08
2025-06-12 17:04:44,071 - INFO - spain_scraper.py:86 - Successfully collected data for 2025-06-08
2025-06-12 17:04:46,710 - INFO - spain_scraper.py:79 - Scraping data for 2025-06-09
2025-06-12 17:04:51,942 - INFO - spain_scraper.py:86 - Successfully collected data for 2025-06-09
2025-06-12 17:04:54,673 - INFO - spain_scraper.py:79 - Scraping data for 2025-06-10
2025-06-12 17:04:59,882 - INFO - spain_scraper.py:86 - Successfully collected data for 2025-06-10
2025-06-12 17:05:03,262 - INFO - spain_scraper.py:101 - Dataset saved to src/data/raw/spain/spain_gas_demand_2025-01-01_2025-06-10.csv
2025-06-12 17:05:03,402 - INFO - update_raw_data.py:47 - 
Scraping Results:
2025-06-12 17:05:03,402 - INFO - update_raw_data.py:50 - SpainScraper: Success
2025-06-12 17:05:03,483 - INFO - main.py:54 - Successfully extracted data for AustriaDemandExtractor
2025-06-12 17:05:03,491 - INFO - main.py:54 - Successfully extracted data for DenmarkDemandExtractor
2025-06-12 17:05:04,392 - INFO - main.py:54 - Successfully extracted data for FranceDemandExtractor
2025-06-12 17:05:04,396 - INFO - germany_demand.py:79 - Successfully processed THE data
2025-06-12 17:05:04,408 - INFO - germany_demand.py:117 - Successfully processed GASPOOL/NCG data
2025-06-12 17:05:04,409 - INFO - main.py:54 - Successfully extracted data for GermanyDemandExtractor
2025-06-12 17:05:04,409 - INFO - spain_demand.py:31 - Reading historic file: src/data/raw/spain/spain_gas_demand_2019_2024.csv
2025-06-12 17:05:04,412 - INFO - spain_demand.py:35 - Reading current file: src/data/raw/spain/spain_gas_demand_2025-01-01_2025-06-10.csv
2025-06-12 17:05:04,413 - INFO - main.py:54 - Successfully extracted data for SpainDemandExtractor
2025-06-12 17:05:04,460 - INFO - main.py:54 - Successfully extracted data for EntsogDemandExtractor
2025-06-12 17:05:04,482 - INFO - main.py:54 - Successfully extracted data for EnergyChartsDemandExtractor
2025-06-12 17:05:04,493 - INFO - main.py:54 - Successfully extracted data for UKDemandExtractor
2025-06-12 17:05:04,550 - INFO - main.py:72 - Found demand data for 26 countries
2025-06-12 17:05:04,715 - INFO - main.py:74 - All data saved successfully
2025-11-17 14:14:21,738 - INFO - main.py:30 - Updating raw data files...
2025-11-17 14:14:21,739 - INFO - update_raw_data.py:36 - Running SpainScraper...
2025-11-17 14:14:21,740 - INFO - spain_scraper.py:65 - Scraping from 2025-01-01 to 2025-11-15
2025-11-17 14:14:21,741 - INFO - logger.py:11 - ====== WebDriver manager ======
2025-11-17 14:14:25,635 - INFO - logger.py:11 - Get LATEST chromedriver version for google-chrome
2025-11-17 14:14:26,034 - INFO - logger.py:11 - About to download new driver from https://chromedriver.storage.googleapis.com/114.0.5735.90/chromedriver_win32.zip
2025-11-17 14:14:26,388 - INFO - logger.py:11 - Driver downloading response is 200
2025-11-17 14:14:28,460 - INFO - logger.py:11 - Get LATEST chromedriver version for google-chrome
2025-11-17 14:14:30,799 - INFO - logger.py:11 - Get LATEST chromedriver version for google-chrome
2025-11-17 14:14:32,897 - INFO - logger.py:11 - Driver has been saved in cache [C:\Users\RoryPerkins\.wdm\drivers\chromedriver\win64\114.0.5735.90]
2025-11-17 14:14:35,854 - ERROR - spain_scraper.py:105 - Error during scraping: Message: unknown error: cannot find Chrome binary
Stacktrace:
Backtrace:
	GetHandleVerifier [0x00C7A813+48355]
	(No symbol) [0x00C0C4B1]
	(No symbol) [0x00B15358]
	(No symbol) [0x00B31A9E]
	(No symbol) [0x00B30579]
	(No symbol) [0x00B60C55]
	(No symbol) [0x00B6093C]
	(No symbol) [0x00B5A536]
	(No symbol) [0x00B382DC]
	(No symbol) [0x00B393DD]
	GetHandleVerifier [0x00EDAABD+2539405]
	GetHandleVerifier [0x00F1A78F+2800735]
	GetHandleVerifier [0x00F1456C+2775612]
	GetHandleVerifier [0x00D051E0+616112]
	(No symbol) [0x00C15F8C]
	(No symbol) [0x00C12328]
	(No symbol) [0x00C1240B]
	(No symbol) [0x00C04FF7]
	(No symbol) [0x75B65D49]
	RtlInitializeExceptionChain [0x77DCD6DB+107]
	RtlGetAppContainerNamedObjectPath [0x77DCD661+561]

2025-11-17 14:14:35,856 - ERROR - main.py:79 - Critical error in main process: 'SpainScraper' object has no attribute 'save_progress'
2025-12-12 10:00:31,899 - INFO - main.py:30 - Updating raw data files...
2025-12-12 10:00:31,900 - INFO - update_raw_data.py:36 - Running SpainScraper...
2025-12-12 10:00:31,901 - INFO - spain_scraper.py:65 - Scraping from 2025-01-01 to 2025-12-10
2025-12-12 10:00:31,901 - INFO - logger.py:11 - ====== WebDriver manager ======
2025-12-12 10:00:35,293 - INFO - logger.py:11 - Get LATEST chromedriver version for google-chrome
2025-12-12 10:00:35,745 - INFO - logger.py:11 - Get LATEST chromedriver version for google-chrome
2025-12-12 10:00:36,151 - INFO - logger.py:11 - Driver [C:\Users\RoryPerkins\.wdm\drivers\chromedriver\win64\143.0.7499.42\chromedriver-win32/chromedriver.exe] found in cache
2025-12-12 10:00:40,567 - INFO - spain.py:35 - Successfully accepted cookies.
2025-12-12 10:00:40,568 - INFO - spain_scraper.py:79 - Scraping data for 2025-01-01
2025-12-12 10:00:45,821 - INFO - spain_scraper.py:86 - Successfully collected data for 2025-01-01
2025-12-12 10:00:48,731 - INFO - spain_scraper.py:79 - Scraping data for 2025-01-02
2025-12-12 10:00:53,995 - INFO - spain_scraper.py:86 - Successfully collected data for 2025-01-02
2025-12-12 10:00:56,941 - INFO - spain_scraper.py:79 - Scraping data for 2025-01-03
2025-12-12 10:01:02,211 - INFO - spain_scraper.py:86 - Successfully collected data for 2025-01-03
2025-12-12 10:01:04,350 - INFO - spain_scraper.py:79 - Scraping data for 2025-01-04
2025-12-12 10:01:09,626 - INFO - spain_scraper.py:86 - Successfully collected data for 2025-01-04
2025-12-12 10:01:12,252 - INFO - spain_scraper.py:79 - Scraping data for 2025-01-05
2025-12-12 10:01:17,463 - INFO - spain_scraper.py:86 - Successfully collected data for 2025-01-05
2025-12-12 10:01:20,361 - INFO - spain_scraper.py:79 - Scraping data for 2025-01-06
2025-12-12 10:01:25,595 - INFO - spain_scraper.py:86 - Successfully collected data for 2025-01-06
2025-12-12 10:01:28,394 - INFO - spain_scraper.py:79 - Scraping data for 2025-01-07
2025-12-12 10:01:33,635 - INFO - spain_scraper.py:86 - Successfully collected data for 2025-01-07
2025-12-12 10:01:36,144 - INFO - spain_scraper.py:79 - Scraping data for 2025-01-08
2025-12-12 10:01:41,374 - INFO - spain_scraper.py:86 - Successfully collected data for 2025-01-08
2025-12-12 10:01:45,201 - INFO - spain_scraper.py:79 - Scraping data for 2025-01-09
2025-12-12 10:01:50,434 - INFO - spain_scraper.py:86 - Successfully collected data for 2025-01-09
2025-12-12 10:01:53,853 - INFO - spain_scraper.py:79 - Scraping data for 2025-01-10
2025-12-12 10:01:59,081 - INFO - spain_scraper.py:86 - Successfully collected data for 2025-01-10
2025-12-12 10:02:02,211 - INFO - spain_scraper.py:79 - Scraping data for 2025-01-11
2025-12-12 10:02:07,430 - INFO - spain_scraper.py:86 - Successfully collected data for 2025-01-11
2025-12-12 10:02:10,696 - INFO - spain_scraper.py:79 - Scraping data for 2025-01-12
2025-12-12 10:02:15,941 - INFO - spain_scraper.py:86 - Successfully collected data for 2025-01-12
2025-12-12 10:02:18,271 - INFO - spain_scraper.py:79 - Scraping data for 2025-01-13
2025-12-12 10:02:23,498 - INFO - spain_scraper.py:86 - Successfully collected data for 2025-01-13
2025-12-12 10:02:26,829 - INFO - spain_scraper.py:79 - Scraping data for 2025-01-14
2025-12-12 10:02:32,057 - INFO - spain_scraper.py:86 - Successfully collected data for 2025-01-14
2025-12-12 10:02:34,246 - INFO - spain_scraper.py:79 - Scraping data for 2025-01-15
2025-12-12 10:02:39,470 - INFO - spain_scraper.py:86 - Successfully collected data for 2025-01-15
2025-12-12 10:02:43,338 - INFO - spain_scraper.py:79 - Scraping data for 2025-01-16
2025-12-12 10:02:48,584 - INFO - spain_scraper.py:86 - Successfully collected data for 2025-01-16
2025-12-12 10:02:52,252 - INFO - spain_scraper.py:79 - Scraping data for 2025-01-17
2025-12-12 10:02:57,471 - INFO - spain_scraper.py:86 - Successfully collected data for 2025-01-17
2025-12-12 10:03:00,397 - INFO - spain_scraper.py:79 - Scraping data for 2025-01-18
2025-12-12 10:03:05,616 - INFO - spain_scraper.py:86 - Successfully collected data for 2025-01-18
2025-12-12 10:03:07,901 - INFO - spain_scraper.py:79 - Scraping data for 2025-01-19
2025-12-12 10:03:13,140 - INFO - spain_scraper.py:86 - Successfully collected data for 2025-01-19
2025-12-12 10:03:16,030 - INFO - spain_scraper.py:79 - Scraping data for 2025-01-20
2025-12-12 10:03:21,248 - INFO - spain_scraper.py:86 - Successfully collected data for 2025-01-20
2025-12-12 10:03:25,003 - INFO - spain_scraper.py:79 - Scraping data for 2025-01-21
2025-12-12 10:03:30,240 - INFO - spain_scraper.py:86 - Successfully collected data for 2025-01-21
2025-12-12 10:03:32,435 - INFO - spain_scraper.py:79 - Scraping data for 2025-01-22
2025-12-12 10:03:37,668 - INFO - spain_scraper.py:86 - Successfully collected data for 2025-01-22
2025-12-12 10:03:40,466 - INFO - spain_scraper.py:79 - Scraping data for 2025-01-23
2025-12-12 10:03:45,725 - INFO - spain_scraper.py:86 - Successfully collected data for 2025-01-23
2025-12-12 10:03:48,729 - INFO - spain_scraper.py:79 - Scraping data for 2025-01-24
2025-12-15 10:12:00,622 - INFO - main.py:30 - Updating raw data files...
2025-12-15 10:12:00,936 - INFO - update_raw_data.py:36 - Running AustriaScraper...
2025-12-15 10:12:00,937 - INFO - austria_scraper.py:30 - Fetching data from https://energie.wifo.ac.at/data/gas/consumption-aggm.csv
2025-12-15 10:12:01,819 - INFO - austria_scraper.py:34 - Response status code: 200
2025-12-15 10:12:01,820 - INFO - austria_scraper.py:35 - Response headers: {'Date': 'Mon, 15 Dec 2025 10:12:01 GMT', 'Server': 'Apache/2.4.58 (Ubuntu) OpenSSL/3.0.13', 'Strict-Transport-Security': 'max-age=15768000; includeSubDomains', 'Last-Modified': 'Mon, 15 Dec 2025 05:00:21 GMT', 'ETag': '"58a28-645f67cf758a6"', 'Accept-Ranges': 'bytes', 'Content-Length': '363048', 'Keep-Alive': 'timeout=5, max=100', 'Connection': 'Keep-Alive', 'Content-Type': 'text/csv'}
2025-12-15 10:12:01,822 - INFO - austria_scraper.py:44 - Successfully saved raw Austrian data to src\data\raw\consumption-aggm.csv
2025-12-15 10:12:01,823 - INFO - update_raw_data.py:36 - Running BnetzaScraper...
2025-12-15 10:12:01,844 - INFO - bnetza_scraper.py:72 - Stored data on BNetzA German household consumption returned.
2025-12-15 10:12:03,193 - INFO - bnetza_scraper.py:100 - New BNetzA csv file downloaded
2025-12-15 10:12:03,210 - INFO - bnetza_scraper.py:193 - Successfully saved updated German household demand data to src/data/raw/germany_household/latest_data.csv
2025-12-15 10:12:03,210 - INFO - update_raw_data.py:36 - Running DenmarkScraper...
2025-12-15 10:12:03,211 - INFO - denmark_scraper.py:27 - Fetching data from https://api.energidataservice.dk/dataset/Gasflow since 2015
2025-12-15 10:12:04,015 - INFO - denmark_scraper.py:38 - Successfully saved Danish gas flow data to src\data\raw\denmark_gasflow.json
2025-12-15 10:12:04,015 - INFO - update_raw_data.py:36 - Running EnergyChartsScraper...
2025-12-15 10:12:04,021 - INFO - energy_charts_scraper.py:39 - Performing regular 30-day power demand update
2025-12-15 10:12:05,324 - INFO - energy_charts_scraper.py:145 - Found 32 days of data for AT
2025-12-15 10:12:05,324 - INFO - energy_charts_scraper.py:52 - Successfully retrieved power data for AT (1/26)
2025-12-15 10:12:08,006 - INFO - energy_charts_scraper.py:145 - Found 32 days of data for BE
2025-12-15 10:12:08,007 - INFO - energy_charts_scraper.py:52 - Successfully retrieved power data for BE (2/26)
2025-12-15 10:12:10,783 - INFO - energy_charts_scraper.py:145 - Found 32 days of data for BG
2025-12-15 10:12:10,783 - INFO - energy_charts_scraper.py:52 - Successfully retrieved power data for BG (3/26)
2025-12-15 10:12:13,694 - INFO - energy_charts_scraper.py:145 - Found 32 days of data for HR
2025-12-15 10:12:13,695 - INFO - energy_charts_scraper.py:52 - Successfully retrieved power data for HR (4/26)
2025-12-15 10:12:16,686 - INFO - energy_charts_scraper.py:145 - Found 32 days of data for CZ
2025-12-15 10:12:16,686 - INFO - energy_charts_scraper.py:52 - Successfully retrieved power data for CZ (5/26)
2025-12-15 10:12:19,383 - INFO - energy_charts_scraper.py:145 - Found 32 days of data for DK
2025-12-15 10:12:19,383 - INFO - energy_charts_scraper.py:52 - Successfully retrieved power data for DK (6/26)
2025-12-15 10:12:22,224 - INFO - energy_charts_scraper.py:145 - Found 32 days of data for EE
2025-12-15 10:12:22,224 - INFO - energy_charts_scraper.py:52 - Successfully retrieved power data for EE (7/26)
2025-12-15 10:12:25,196 - INFO - energy_charts_scraper.py:145 - Found 32 days of data for FI
2025-12-15 10:12:25,196 - INFO - energy_charts_scraper.py:52 - Successfully retrieved power data for FI (8/26)
2025-12-15 10:12:28,252 - INFO - energy_charts_scraper.py:145 - Found 32 days of data for FR
2025-12-15 10:12:28,252 - INFO - energy_charts_scraper.py:52 - Successfully retrieved power data for FR (9/26)
2025-12-15 10:12:31,268 - INFO - energy_charts_scraper.py:145 - Found 32 days of data for DE
2025-12-15 10:12:31,268 - INFO - energy_charts_scraper.py:52 - Successfully retrieved power data for DE (10/26)
2025-12-15 10:12:33,931 - INFO - energy_charts_scraper.py:145 - Found 32 days of data for GR
2025-12-15 10:12:33,932 - INFO - energy_charts_scraper.py:52 - Successfully retrieved power data for GR (11/26)
2025-12-15 10:12:36,950 - INFO - energy_charts_scraper.py:145 - Found 32 days of data for HU
2025-12-15 10:12:36,950 - INFO - energy_charts_scraper.py:52 - Successfully retrieved power data for HU (12/26)
2025-12-15 10:12:39,891 - INFO - energy_charts_scraper.py:145 - Found 32 days of data for IE
2025-12-15 10:12:39,891 - INFO - energy_charts_scraper.py:52 - Successfully retrieved power data for IE (13/26)
2025-12-15 10:12:42,736 - INFO - energy_charts_scraper.py:145 - Found 32 days of data for IT
2025-12-15 10:12:42,736 - INFO - energy_charts_scraper.py:52 - Successfully retrieved power data for IT (14/26)
2025-12-15 10:12:45,405 - INFO - energy_charts_scraper.py:145 - Found 32 days of data for LV
2025-12-15 10:12:45,405 - INFO - energy_charts_scraper.py:52 - Successfully retrieved power data for LV (15/26)
2025-12-15 10:12:48,449 - INFO - energy_charts_scraper.py:145 - Found 32 days of data for LT
2025-12-15 10:12:48,449 - INFO - energy_charts_scraper.py:52 - Successfully retrieved power data for LT (16/26)
2025-12-15 10:12:51,328 - INFO - energy_charts_scraper.py:145 - Found 32 days of data for LU
2025-12-15 10:12:51,328 - INFO - energy_charts_scraper.py:52 - Successfully retrieved power data for LU (17/26)
2025-12-15 10:12:54,267 - INFO - energy_charts_scraper.py:145 - Found 32 days of data for NL
2025-12-15 10:12:54,268 - INFO - energy_charts_scraper.py:52 - Successfully retrieved power data for NL (18/26)
2025-12-15 10:12:57,272 - INFO - energy_charts_scraper.py:145 - Found 32 days of data for PL
2025-12-15 10:12:57,272 - INFO - energy_charts_scraper.py:52 - Successfully retrieved power data for PL (19/26)
2025-12-15 10:13:00,116 - INFO - energy_charts_scraper.py:145 - Found 32 days of data for PT
2025-12-15 10:13:00,117 - INFO - energy_charts_scraper.py:52 - Successfully retrieved power data for PT (20/26)
2025-12-15 10:13:03,070 - INFO - energy_charts_scraper.py:145 - Found 32 days of data for RO
2025-12-15 10:13:03,070 - INFO - energy_charts_scraper.py:52 - Successfully retrieved power data for RO (21/26)
2025-12-15 10:13:05,853 - INFO - energy_charts_scraper.py:145 - Found 32 days of data for SK
2025-12-15 10:13:05,853 - INFO - energy_charts_scraper.py:52 - Successfully retrieved power data for SK (22/26)
2025-12-15 10:13:08,552 - INFO - energy_charts_scraper.py:145 - Found 32 days of data for SI
2025-12-15 10:13:08,552 - INFO - energy_charts_scraper.py:52 - Successfully retrieved power data for SI (23/26)
2025-12-15 10:13:11,574 - INFO - energy_charts_scraper.py:145 - Found 32 days of data for ES
2025-12-15 10:13:11,575 - INFO - energy_charts_scraper.py:52 - Successfully retrieved power data for ES (24/26)
2025-12-15 10:13:14,348 - INFO - energy_charts_scraper.py:145 - Found 32 days of data for SE
2025-12-15 10:13:14,349 - INFO - energy_charts_scraper.py:52 - Successfully retrieved power data for SE (25/26)
2025-12-15 10:13:17,242 - INFO - energy_charts_scraper.py:145 - Found 32 days of data for UK
2025-12-15 10:13:17,242 - INFO - energy_charts_scraper.py:52 - Successfully retrieved power data for UK (26/26)
2025-12-15 10:13:19,263 - INFO - update_raw_data.py:36 - Running EntsogScraper...
2025-12-15 10:13:19,264 - INFO - entsog_scraper.py:32 - Performing regular 50-day ENTSOG update
2025-12-15 10:13:19,264 - INFO - entsog_scraper.py:115 - Found existing data at src\data\raw\entsog_data.csv
2025-12-15 10:13:19,310 - INFO - entsog_scraper.py:118 - Loaded 80614 records with 39 unique points
2025-12-15 10:13:19,314 - INFO - entsog_scraper.py:47 - Point pt-tso-0001fnc-00001exit: Found 2406 existing dates
2025-12-15 10:13:19,849 - INFO - entsog_scraper.py:89 - Point 1/39 (pt-tso-0001fnc-00001exit): Added 6 new records
2025-12-15 10:13:21,855 - INFO - entsog_scraper.py:47 - Point pt-tso-0001dis-00001exit: Found 2406 existing dates
2025-12-15 10:13:22,305 - INFO - entsog_scraper.py:89 - Point 2/39 (pt-tso-0001dis-00001exit): Added 6 new records
2025-12-15 10:13:24,310 - INFO - entsog_scraper.py:47 - Point hr-tso-0001fnc-00018exit: Found 2402 existing dates
2025-12-15 10:13:24,778 - INFO - entsog_scraper.py:89 - Point 3/39 (hr-tso-0001fnc-00018exit): Added 6 new records
2025-12-15 10:13:26,784 - INFO - entsog_scraper.py:47 - Point fr-tso-0002dis-00188exit: Found 2404 existing dates
2025-12-15 10:13:27,242 - INFO - entsog_scraper.py:89 - Point 4/39 (fr-tso-0002dis-00188exit): Added 6 new records
2025-12-15 10:13:29,247 - INFO - entsog_scraper.py:47 - Point fr-tso-0002fnc-00015exit: Found 2404 existing dates
2025-12-15 10:13:29,708 - INFO - entsog_scraper.py:89 - Point 5/39 (fr-tso-0002fnc-00015exit): Added 6 new records
2025-12-15 10:13:31,713 - INFO - entsog_scraper.py:47 - Point it-tso-0001dis-00005exit: Found 2403 existing dates
2025-12-15 10:13:32,172 - INFO - entsog_scraper.py:89 - Point 6/39 (it-tso-0001dis-00005exit): Added 7 new records
2025-12-15 10:13:34,178 - INFO - entsog_scraper.py:47 - Point it-tso-0001fnc-00006exit: Found 2403 existing dates
2025-12-15 10:13:34,629 - INFO - entsog_scraper.py:89 - Point 7/39 (it-tso-0001fnc-00006exit): Added 7 new records
2025-12-15 10:13:36,635 - INFO - entsog_scraper.py:47 - Point it-tso-0001fnc-00005exit: Found 2403 existing dates
2025-12-15 10:13:37,096 - INFO - entsog_scraper.py:89 - Point 8/39 (it-tso-0001fnc-00005exit): Added 7 new records
2025-12-15 10:13:39,101 - INFO - entsog_scraper.py:47 - Point lu-tso-0001dis-00194exit: Found 2372 existing dates
2025-12-15 10:13:39,555 - INFO - entsog_scraper.py:89 - Point 9/39 (lu-tso-0001dis-00194exit): Added 6 new records
2025-12-15 10:13:41,562 - INFO - entsog_scraper.py:47 - Point lu-tso-0001fnc-00041exit: Found 2372 existing dates
2025-12-15 10:13:42,030 - INFO - entsog_scraper.py:89 - Point 10/39 (lu-tso-0001fnc-00041exit): Added 6 new records
2025-12-15 10:13:44,034 - INFO - entsog_scraper.py:47 - Point lv-tso-0001fnc-00205exit: Found 2036 existing dates
2025-12-15 10:13:44,491 - INFO - entsog_scraper.py:89 - Point 11/39 (lv-tso-0001fnc-00205exit): Added 6 new records
2025-12-15 10:13:46,497 - INFO - entsog_scraper.py:47 - Point ee-tso-0001fnc-00037exit: Found 2399 existing dates
2025-12-15 10:13:46,925 - INFO - entsog_scraper.py:89 - Point 12/39 (ee-tso-0001fnc-00037exit): Added 7 new records
2025-12-15 10:13:48,930 - INFO - entsog_scraper.py:47 - Point hu-tso-0001fnc-00200exit: Found 2406 existing dates
2025-12-15 10:13:49,597 - INFO - entsog_scraper.py:89 - Point 13/39 (hu-tso-0001fnc-00200exit): Added 6 new records
2025-12-15 10:13:51,602 - INFO - entsog_scraper.py:47 - Point hu-tso-0001dis-00196exit: Found 2406 existing dates
2025-12-15 10:13:52,066 - INFO - entsog_scraper.py:89 - Point 14/39 (hu-tso-0001dis-00196exit): Added 6 new records
2025-12-15 10:13:54,072 - INFO - entsog_scraper.py:47 - Point ro-tso-0001fnc-00010exit: Found 2403 existing dates
2025-12-15 10:13:54,558 - INFO - entsog_scraper.py:89 - Point 15/39 (ro-tso-0001fnc-00010exit): Added 6 new records
2025-12-15 10:13:56,564 - INFO - entsog_scraper.py:47 - Point ro-tso-0001dis-00058exit: Found 2403 existing dates
2025-12-15 10:13:57,093 - INFO - entsog_scraper.py:89 - Point 16/39 (ro-tso-0001dis-00058exit): Added 6 new records
2025-12-15 10:13:59,099 - INFO - entsog_scraper.py:47 - Point si-tso-0001dis-00059exit: Found 2405 existing dates
2025-12-15 10:13:59,597 - INFO - entsog_scraper.py:89 - Point 17/39 (si-tso-0001dis-00059exit): Added 6 new records
2025-12-15 10:14:01,604 - INFO - entsog_scraper.py:47 - Point nl-tso-0001dis-00187exit: Found 1277 existing dates
2025-12-15 10:14:02,103 - ERROR - entsog_scraper.py:93 - Error processing point nl-tso-0001dis-00187exit: Expecting value: line 1 column 1 (char 0)
2025-12-15 10:14:02,106 - INFO - entsog_scraper.py:47 - Point nl-tso-0001fnc-00014exit: Found 1277 existing dates
2025-12-15 10:14:02,550 - ERROR - entsog_scraper.py:93 - Error processing point nl-tso-0001fnc-00014exit: Expecting value: line 1 column 1 (char 0)
2025-12-15 10:14:02,555 - INFO - entsog_scraper.py:47 - Point nl-tso-0001dis-00201exit: Found 1127 existing dates
2025-12-15 10:14:03,084 - INFO - entsog_scraper.py:89 - Point 20/39 (nl-tso-0001dis-00201exit): Added 6 new records
2025-12-15 10:14:05,089 - INFO - entsog_scraper.py:47 - Point nl-tso-0001dis-00202exit: Found 1127 existing dates
2025-12-15 10:14:05,988 - INFO - entsog_scraper.py:89 - Point 21/39 (nl-tso-0001dis-00202exit): Added 6 new records
2025-12-15 10:14:07,992 - INFO - entsog_scraper.py:47 - Point nl-tso-0001fnc-00013exit: Found 1277 existing dates
2025-12-15 10:14:09,163 - ERROR - entsog_scraper.py:93 - Error processing point nl-tso-0001fnc-00013exit: Expecting value: line 1 column 1 (char 0)
2025-12-15 10:14:09,167 - INFO - entsog_scraper.py:47 - Point nl-tso-0001fnc-00208exit: Found 1127 existing dates
2025-12-15 10:14:10,690 - INFO - entsog_scraper.py:89 - Point 23/39 (nl-tso-0001fnc-00208exit): Added 6 new records
2025-12-15 10:14:12,694 - INFO - entsog_scraper.py:47 - Point nl-tso-0001fnc-00209exit: Found 1127 existing dates
2025-12-15 10:14:13,527 - INFO - entsog_scraper.py:89 - Point 24/39 (nl-tso-0001fnc-00209exit): Added 6 new records
2025-12-15 10:14:15,532 - INFO - entsog_scraper.py:47 - Point nl-tso-0001fnc-00210exit: Found 1127 existing dates
2025-12-15 10:14:15,970 - INFO - entsog_scraper.py:89 - Point 25/39 (nl-tso-0001fnc-00210exit): Added 6 new records
2025-12-15 10:14:17,974 - INFO - entsog_scraper.py:47 - Point nl-tso-0001fnc-00211exit: Found 1127 existing dates
2025-12-15 10:14:18,402 - INFO - entsog_scraper.py:89 - Point 26/39 (nl-tso-0001fnc-00211exit): Added 6 new records
2025-12-15 10:14:20,408 - INFO - entsog_scraper.py:47 - Point be-tso-0001dis-00192exit: Found 2070 existing dates
2025-12-15 10:14:20,849 - ERROR - entsog_scraper.py:93 - Error processing point be-tso-0001dis-00192exit: Expecting value: line 1 column 1 (char 0)
2025-12-15 10:14:20,854 - INFO - entsog_scraper.py:47 - Point be-tso-0001dis-00191exit: Found 2404 existing dates
2025-12-15 10:14:21,297 - INFO - entsog_scraper.py:89 - Point 28/39 (be-tso-0001dis-00191exit): Added 6 new records
2025-12-15 10:14:23,302 - INFO - entsog_scraper.py:47 - Point be-tso-0001fnc-00034exit: Found 2070 existing dates
2025-12-15 10:14:23,739 - ERROR - entsog_scraper.py:93 - Error processing point be-tso-0001fnc-00034exit: Expecting value: line 1 column 1 (char 0)
2025-12-15 10:14:23,744 - INFO - entsog_scraper.py:47 - Point be-tso-0001fnc-00033exit: Found 2404 existing dates
2025-12-15 10:14:24,191 - INFO - entsog_scraper.py:89 - Point 30/39 (be-tso-0001fnc-00033exit): Added 6 new records
2025-12-15 10:14:26,196 - INFO - entsog_scraper.py:47 - Point be-tso-0001fnc-00035exit: Found 2404 existing dates
2025-12-15 10:14:26,650 - INFO - entsog_scraper.py:89 - Point 31/39 (be-tso-0001fnc-00035exit): Added 6 new records
2025-12-15 10:14:28,655 - INFO - entsog_scraper.py:47 - Point bg-tso-0001fnc-00207exit: Found 1399 existing dates
2025-12-15 10:14:29,132 - INFO - entsog_scraper.py:89 - Point 32/39 (bg-tso-0001fnc-00207exit): Added 7 new records
2025-12-15 10:14:31,139 - INFO - entsog_scraper.py:47 - Point bg-tso-0001fnc-00017exit: Found 2406 existing dates
2025-12-15 10:14:31,603 - INFO - entsog_scraper.py:89 - Point 33/39 (bg-tso-0001fnc-00017exit): Added 6 new records
2025-12-15 10:14:33,609 - INFO - entsog_scraper.py:47 - Point bg-tso-0001fnc-00016exit: Found 2406 existing dates
2025-12-15 10:14:34,035 - INFO - entsog_scraper.py:89 - Point 34/39 (bg-tso-0001fnc-00016exit): Added 6 new records
2025-12-15 10:14:36,046 - INFO - entsog_scraper.py:47 - Point pl-tso-0002fnc-00040exit: Found 2405 existing dates
2025-12-15 10:14:36,509 - INFO - entsog_scraper.py:89 - Point 35/39 (pl-tso-0002fnc-00040exit): Added 7 new records
2025-12-15 10:14:38,514 - INFO - entsog_scraper.py:47 - Point pl-tso-0002fnc-00002exit: Found 2405 existing dates
2025-12-15 10:14:39,008 - INFO - entsog_scraper.py:89 - Point 36/39 (pl-tso-0002fnc-00002exit): Added 7 new records
2025-12-15 10:14:41,013 - INFO - entsog_scraper.py:47 - Point pl-tso-0002dis-00193exit: Found 2405 existing dates
2025-12-15 10:14:41,504 - INFO - entsog_scraper.py:89 - Point 37/39 (pl-tso-0002dis-00193exit): Added 7 new records
2025-12-15 10:14:43,509 - INFO - entsog_scraper.py:47 - Point pl-tso-0002dis-00013exit: Found 2405 existing dates
2025-12-15 10:14:44,002 - INFO - entsog_scraper.py:89 - Point 38/39 (pl-tso-0002dis-00013exit): Added 7 new records
2025-12-15 10:14:46,008 - INFO - entsog_scraper.py:47 - Point cz-sso-0002dis-00195exit,pl-tso-0002dis-00195entry: Found 2405 existing dates
2025-12-15 10:14:46,636 - INFO - entsog_scraper.py:89 - Point 39/39 (cz-sso-0002dis-00195exit,pl-tso-0002dis-00195entry): Added 7 new records
2025-12-15 10:14:48,759 - INFO - entsog_scraper.py:103 - Successfully saved ENTSOG data to src\data\raw\entsog_data.csv
2025-12-15 10:14:48,759 - INFO - update_raw_data.py:36 - Running EurostatScraper...
2025-12-15 10:15:10,210 - INFO - eurostat_scraper.py:37 - Successfully saved Eurostat demand data to src\data\raw\eurostat\latest_data.csv
2025-12-15 10:15:10,211 - INFO - update_raw_data.py:36 - Running FranceScraper...
2025-12-15 10:15:10,211 - INFO - france_scraper.py:23 - Fetching French gas demand data for years 2010-2025
2025-12-15 10:15:11,263 - INFO - france_scraper.py:44 - Successfully downloaded data for 2010, saved to src\data\raw\france_demand
2025-12-15 10:15:12,352 - INFO - france_scraper.py:44 - Successfully downloaded data for 2011, saved to src\data\raw\france_demand
2025-12-15 10:15:12,865 - INFO - france_scraper.py:44 - Successfully downloaded data for 2012, saved to src\data\raw\france_demand
2025-12-15 10:15:13,329 - INFO - france_scraper.py:44 - Successfully downloaded data for 2013, saved to src\data\raw\france_demand
2025-12-15 10:15:13,800 - INFO - france_scraper.py:44 - Successfully downloaded data for 2014, saved to src\data\raw\france_demand
2025-12-15 10:15:14,280 - INFO - france_scraper.py:44 - Successfully downloaded data for 2015, saved to src\data\raw\france_demand
2025-12-15 10:15:14,781 - INFO - france_scraper.py:44 - Successfully downloaded data for 2016, saved to src\data\raw\france_demand
2025-12-15 10:15:15,258 - INFO - france_scraper.py:44 - Successfully downloaded data for 2017, saved to src\data\raw\france_demand
2025-12-15 10:15:15,723 - INFO - france_scraper.py:44 - Successfully downloaded data for 2018, saved to src\data\raw\france_demand
2025-12-15 10:15:16,178 - INFO - france_scraper.py:44 - Successfully downloaded data for 2019, saved to src\data\raw\france_demand
2025-12-15 10:15:16,653 - INFO - france_scraper.py:44 - Successfully downloaded data for 2020, saved to src\data\raw\france_demand
2025-12-15 10:15:17,124 - INFO - france_scraper.py:44 - Successfully downloaded data for 2021, saved to src\data\raw\france_demand
2025-12-15 10:15:17,578 - INFO - france_scraper.py:44 - Successfully downloaded data for 2022, saved to src\data\raw\france_demand
2025-12-15 10:15:20,918 - INFO - france_scraper.py:44 - Successfully downloaded data for 2023, saved to src\data\raw\france_demand
2025-12-15 10:15:24,328 - INFO - france_scraper.py:44 - Successfully downloaded data for 2024, saved to src\data\raw\france_demand
2025-12-15 10:15:27,568 - INFO - france_scraper.py:44 - Successfully downloaded data for 2025, saved to src\data\raw\france_demand
2025-12-15 10:15:27,568 - INFO - update_raw_data.py:36 - Running GermanyScraper...
2025-12-15 10:15:27,569 - INFO - germany_scraper.py:42 - Fetching German gas demand data from 2020-01-01 to 2025-12-15...
2025-12-15 10:15:28,345 - INFO - germany_scraper.py:58 - Successfully saved German data to src\data\raw\THE_demand.csv
2025-12-15 10:15:28,345 - INFO - update_raw_data.py:36 - Running UKScraper...
2025-12-15 10:15:29,148 - INFO - uk_scraper.py:40 - Succesful response from the Nat Grid API
2025-12-15 10:15:29,149 - INFO - uk_scraper.py:51 - CSV file downloaded successfully to C:\Users\RoryPerkins\OneDrive - Timera Energy\Documents\GitHub\gas-demand\src\data/raw/uk\UK_gas_data_2025.csv
2025-12-15 10:15:29,149 - INFO - update_raw_data.py:36 - Running SpainScraper...
2025-12-15 10:15:29,150 - INFO - spain_scraper.py:65 - Scraping from 2025-01-01 to 2025-12-13
2025-12-15 10:15:29,151 - INFO - logger.py:11 - ====== WebDriver manager ======
2025-12-15 10:15:30,338 - INFO - logger.py:11 - Get LATEST chromedriver version for google-chrome
2025-12-15 10:15:30,827 - INFO - logger.py:11 - Get LATEST chromedriver version for google-chrome
2025-12-15 10:15:31,280 - INFO - logger.py:11 - Get LATEST chromedriver version for google-chrome
2025-12-15 10:15:32,327 - INFO - logger.py:11 - WebDriver version 143.0.7499.42 selected
2025-12-15 10:15:32,331 - INFO - logger.py:11 - Modern chrome version https://storage.googleapis.com/chrome-for-testing-public/143.0.7499.42/win32/chromedriver-win32.zip
2025-12-15 10:15:32,332 - INFO - logger.py:11 - About to download new driver from https://storage.googleapis.com/chrome-for-testing-public/143.0.7499.42/win32/chromedriver-win32.zip
2025-12-15 10:15:32,694 - INFO - logger.py:11 - Driver downloading response is 200
2025-12-15 10:15:33,718 - INFO - logger.py:11 - Get LATEST chromedriver version for google-chrome
2025-12-15 10:15:34,368 - INFO - logger.py:11 - Driver has been saved in cache [C:\Users\RoryPerkins\.wdm\drivers\chromedriver\win64\143.0.7499.42]
2025-12-15 10:15:39,545 - INFO - spain.py:35 - Successfully accepted cookies.
2025-12-15 10:15:39,545 - INFO - spain_scraper.py:79 - Scraping data for 2025-01-01
2025-12-15 10:15:44,839 - INFO - spain_scraper.py:86 - Successfully collected data for 2025-01-01
2025-12-15 10:15:47,009 - INFO - spain_scraper.py:79 - Scraping data for 2025-01-02
2025-12-15 10:15:52,219 - INFO - spain_scraper.py:86 - Successfully collected data for 2025-01-02
2025-12-15 10:15:55,195 - INFO - spain_scraper.py:79 - Scraping data for 2025-01-03
2025-12-15 10:16:00,466 - INFO - spain_scraper.py:86 - Successfully collected data for 2025-01-03
2025-12-15 10:16:02,657 - INFO - spain_scraper.py:79 - Scraping data for 2025-01-04
2025-12-15 10:16:07,889 - INFO - spain_scraper.py:86 - Successfully collected data for 2025-01-04
2025-12-15 10:16:11,417 - INFO - spain_scraper.py:79 - Scraping data for 2025-01-05
2025-12-15 10:16:16,669 - INFO - spain_scraper.py:86 - Successfully collected data for 2025-01-05
2025-12-15 10:16:19,899 - INFO - spain_scraper.py:79 - Scraping data for 2025-01-06
2025-12-15 10:16:25,141 - INFO - spain_scraper.py:86 - Successfully collected data for 2025-01-06
2025-12-15 10:16:27,290 - INFO - spain_scraper.py:79 - Scraping data for 2025-01-07
2025-12-15 10:16:32,524 - INFO - spain_scraper.py:86 - Successfully collected data for 2025-01-07
2025-12-15 10:16:36,259 - INFO - spain_scraper.py:79 - Scraping data for 2025-01-08
2025-12-15 10:16:41,512 - INFO - spain_scraper.py:86 - Successfully collected data for 2025-01-08
2025-12-15 10:16:45,398 - INFO - spain_scraper.py:79 - Scraping data for 2025-01-09
2025-12-15 10:16:50,658 - INFO - spain_scraper.py:86 - Successfully collected data for 2025-01-09
2025-12-15 10:16:54,175 - INFO - spain_scraper.py:79 - Scraping data for 2025-01-10
2025-12-15 10:16:59,424 - INFO - spain_scraper.py:86 - Successfully collected data for 2025-01-10
2025-12-15 10:17:02,911 - INFO - spain_scraper.py:79 - Scraping data for 2025-01-11
2025-12-15 10:17:08,171 - INFO - spain_scraper.py:86 - Successfully collected data for 2025-01-11
2025-12-15 10:17:12,108 - INFO - spain_scraper.py:79 - Scraping data for 2025-01-12
2025-12-15 10:17:17,331 - INFO - spain_scraper.py:86 - Successfully collected data for 2025-01-12
2025-12-15 10:17:20,422 - INFO - spain_scraper.py:79 - Scraping data for 2025-01-13
2025-12-15 10:17:25,635 - INFO - spain_scraper.py:86 - Successfully collected data for 2025-01-13
2025-12-15 10:17:28,721 - INFO - spain_scraper.py:79 - Scraping data for 2025-01-14
2025-12-15 10:17:33,960 - INFO - spain_scraper.py:86 - Successfully collected data for 2025-01-14
2025-12-15 10:17:37,154 - INFO - spain_scraper.py:79 - Scraping data for 2025-01-15
2025-12-15 10:17:42,393 - INFO - spain_scraper.py:86 - Successfully collected data for 2025-01-15
2025-12-15 10:17:44,482 - INFO - spain_scraper.py:79 - Scraping data for 2025-01-16
2025-12-15 10:17:49,716 - INFO - spain_scraper.py:86 - Successfully collected data for 2025-01-16
2025-12-15 10:17:53,016 - INFO - spain_scraper.py:79 - Scraping data for 2025-01-17
2025-12-15 10:17:58,258 - INFO - spain_scraper.py:86 - Successfully collected data for 2025-01-17
2025-12-15 10:18:00,849 - INFO - spain_scraper.py:79 - Scraping data for 2025-01-18
2025-12-15 10:18:06,103 - INFO - spain_scraper.py:86 - Successfully collected data for 2025-01-18
2025-12-15 10:18:09,542 - INFO - spain_scraper.py:79 - Scraping data for 2025-01-19
2025-12-15 10:18:14,835 - INFO - spain_scraper.py:86 - Successfully collected data for 2025-01-19
2025-12-15 10:18:17,863 - INFO - spain_scraper.py:79 - Scraping data for 2025-01-20
2025-12-15 10:18:23,173 - INFO - spain_scraper.py:86 - Successfully collected data for 2025-01-20
2025-12-15 10:18:25,401 - INFO - spain_scraper.py:79 - Scraping data for 2025-01-21
2025-12-15 10:18:30,674 - INFO - spain_scraper.py:86 - Successfully collected data for 2025-01-21
2025-12-15 10:18:34,669 - INFO - spain_scraper.py:79 - Scraping data for 2025-01-22
2025-12-15 10:18:39,947 - INFO - spain_scraper.py:86 - Successfully collected data for 2025-01-22
2025-12-15 10:18:42,210 - INFO - spain_scraper.py:79 - Scraping data for 2025-01-23
2025-12-15 10:18:47,499 - INFO - spain_scraper.py:86 - Successfully collected data for 2025-01-23
2025-12-15 10:18:51,261 - INFO - spain_scraper.py:79 - Scraping data for 2025-01-24
2025-12-15 10:18:56,539 - INFO - spain_scraper.py:86 - Successfully collected data for 2025-01-24
2025-12-15 10:18:58,596 - INFO - spain_scraper.py:79 - Scraping data for 2025-01-25
2025-12-15 10:19:03,881 - INFO - spain_scraper.py:86 - Successfully collected data for 2025-01-25
2025-12-15 10:19:06,567 - INFO - spain_scraper.py:79 - Scraping data for 2025-01-26
2025-12-15 10:19:11,885 - INFO - spain_scraper.py:86 - Successfully collected data for 2025-01-26
2025-12-15 10:19:15,761 - INFO - spain_scraper.py:79 - Scraping data for 2025-01-27
2025-12-15 10:19:21,052 - INFO - spain_scraper.py:86 - Successfully collected data for 2025-01-27
2025-12-15 10:19:23,434 - INFO - spain_scraper.py:79 - Scraping data for 2025-01-28
2025-12-15 10:19:28,669 - INFO - spain_scraper.py:86 - Successfully collected data for 2025-01-28
2025-12-15 10:19:32,416 - INFO - spain_scraper.py:79 - Scraping data for 2025-01-29
2025-12-15 10:19:37,722 - INFO - spain_scraper.py:86 - Successfully collected data for 2025-01-29
2025-12-15 10:19:41,082 - INFO - spain_scraper.py:79 - Scraping data for 2025-01-30
2025-12-15 10:19:46,387 - INFO - spain_scraper.py:86 - Successfully collected data for 2025-01-30
2025-12-15 10:19:49,303 - INFO - spain_scraper.py:79 - Scraping data for 2025-01-31
2025-12-15 10:19:54,634 - INFO - spain_scraper.py:86 - Successfully collected data for 2025-01-31
2025-12-15 10:19:58,354 - INFO - spain_scraper.py:79 - Scraping data for 2025-02-01
2025-12-15 10:20:03,624 - INFO - spain_scraper.py:86 - Successfully collected data for 2025-02-01
2025-12-15 10:20:06,544 - INFO - spain_scraper.py:79 - Scraping data for 2025-02-02
2025-12-15 10:20:11,864 - INFO - spain_scraper.py:86 - Successfully collected data for 2025-02-02
2025-12-15 10:20:14,102 - INFO - spain_scraper.py:79 - Scraping data for 2025-02-03
2025-12-15 10:20:19,393 - INFO - spain_scraper.py:86 - Successfully collected data for 2025-02-03
2025-12-15 10:20:21,848 - INFO - spain_scraper.py:79 - Scraping data for 2025-02-04
2025-12-15 10:20:27,109 - INFO - spain_scraper.py:86 - Successfully collected data for 2025-02-04
2025-12-15 10:20:30,926 - INFO - spain_scraper.py:79 - Scraping data for 2025-02-05
2025-12-15 10:20:36,166 - INFO - spain_scraper.py:86 - Successfully collected data for 2025-02-05
2025-12-15 10:20:39,460 - INFO - spain_scraper.py:79 - Scraping data for 2025-02-06
2025-12-15 10:20:44,779 - INFO - spain_scraper.py:86 - Successfully collected data for 2025-02-06
2025-12-15 10:20:48,463 - INFO - spain_scraper.py:79 - Scraping data for 2025-02-07
2025-12-15 10:20:53,748 - INFO - spain_scraper.py:86 - Successfully collected data for 2025-02-07
2025-12-15 10:20:57,531 - INFO - spain_scraper.py:79 - Scraping data for 2025-02-08
2025-12-15 10:21:02,813 - INFO - spain_scraper.py:86 - Successfully collected data for 2025-02-08
2025-12-15 10:21:06,766 - INFO - spain_scraper.py:79 - Scraping data for 2025-02-09
2025-12-15 10:21:12,067 - INFO - spain_scraper.py:86 - Successfully collected data for 2025-02-09
2025-12-15 10:21:15,905 - INFO - spain_scraper.py:79 - Scraping data for 2025-02-10
2025-12-15 10:21:21,229 - INFO - spain_scraper.py:86 - Successfully collected data for 2025-02-10
2025-12-15 10:21:23,998 - INFO - spain_scraper.py:79 - Scraping data for 2025-02-11
2025-12-15 10:21:29,296 - INFO - spain_scraper.py:86 - Successfully collected data for 2025-02-11
2025-12-15 10:21:31,410 - INFO - spain_scraper.py:79 - Scraping data for 2025-02-12
2025-12-15 10:21:36,735 - INFO - spain_scraper.py:86 - Successfully collected data for 2025-02-12
2025-12-15 10:21:39,593 - INFO - spain_scraper.py:79 - Scraping data for 2025-02-13
2025-12-15 10:21:44,937 - INFO - spain_scraper.py:86 - Successfully collected data for 2025-02-13
2025-12-15 10:21:47,847 - INFO - spain_scraper.py:79 - Scraping data for 2025-02-14
2025-12-15 10:21:53,155 - INFO - spain_scraper.py:86 - Successfully collected data for 2025-02-14
2025-12-15 10:21:56,376 - INFO - spain_scraper.py:79 - Scraping data for 2025-02-15
2025-12-15 10:22:01,678 - INFO - spain_scraper.py:86 - Successfully collected data for 2025-02-15
2025-12-15 10:22:04,314 - INFO - spain_scraper.py:79 - Scraping data for 2025-02-16
2025-12-15 10:22:09,590 - INFO - spain_scraper.py:86 - Successfully collected data for 2025-02-16
2025-12-15 10:22:13,299 - INFO - spain_scraper.py:79 - Scraping data for 2025-02-17
2025-12-15 10:22:18,630 - INFO - spain_scraper.py:86 - Successfully collected data for 2025-02-17
2025-12-15 10:22:21,611 - INFO - spain_scraper.py:79 - Scraping data for 2025-02-18
2025-12-15 10:22:26,936 - INFO - spain_scraper.py:86 - Successfully collected data for 2025-02-18
2025-12-15 10:22:29,538 - INFO - spain_scraper.py:79 - Scraping data for 2025-02-19
2025-12-15 10:22:34,829 - INFO - spain_scraper.py:86 - Successfully collected data for 2025-02-19
2025-12-15 10:22:37,962 - INFO - spain_scraper.py:79 - Scraping data for 2025-02-20
2025-12-15 10:22:43,246 - INFO - spain_scraper.py:86 - Successfully collected data for 2025-02-20
2025-12-15 10:22:46,141 - INFO - spain_scraper.py:79 - Scraping data for 2025-02-21
2025-12-15 10:22:51,446 - INFO - spain_scraper.py:86 - Successfully collected data for 2025-02-21
2025-12-15 10:22:53,556 - INFO - spain_scraper.py:79 - Scraping data for 2025-02-22
2025-12-15 10:22:58,844 - INFO - spain_scraper.py:86 - Successfully collected data for 2025-02-22
2025-12-15 10:23:01,362 - INFO - spain_scraper.py:79 - Scraping data for 2025-02-23
2025-12-15 10:23:06,643 - INFO - spain_scraper.py:86 - Successfully collected data for 2025-02-23
2025-12-15 10:23:10,583 - INFO - spain_scraper.py:79 - Scraping data for 2025-02-24
2025-12-15 10:23:15,858 - INFO - spain_scraper.py:86 - Successfully collected data for 2025-02-24
2025-12-15 10:23:19,638 - INFO - spain_scraper.py:79 - Scraping data for 2025-02-25
2025-12-15 10:23:24,927 - INFO - spain_scraper.py:86 - Successfully collected data for 2025-02-25
2025-12-15 10:23:28,174 - INFO - spain_scraper.py:79 - Scraping data for 2025-02-26
2025-12-15 10:23:33,542 - INFO - spain_scraper.py:86 - Successfully collected data for 2025-02-26
2025-12-15 10:23:36,209 - INFO - spain_scraper.py:79 - Scraping data for 2025-02-27
2025-12-15 10:23:41,556 - INFO - spain_scraper.py:86 - Successfully collected data for 2025-02-27
2025-12-15 10:23:44,375 - INFO - spain_scraper.py:79 - Scraping data for 2025-02-28
2025-12-15 10:23:49,676 - INFO - spain_scraper.py:86 - Successfully collected data for 2025-02-28
2025-12-15 10:23:51,934 - INFO - spain_scraper.py:79 - Scraping data for 2025-03-01
2025-12-15 10:23:57,265 - INFO - spain_scraper.py:86 - Successfully collected data for 2025-03-01
2025-12-15 10:23:59,921 - INFO - spain_scraper.py:79 - Scraping data for 2025-03-02
2025-12-15 10:24:05,225 - INFO - spain_scraper.py:86 - Successfully collected data for 2025-03-02
2025-12-15 10:24:08,455 - INFO - spain_scraper.py:79 - Scraping data for 2025-03-03
2025-12-15 10:24:13,710 - INFO - spain_scraper.py:86 - Successfully collected data for 2025-03-03
2025-12-15 10:24:17,218 - INFO - spain_scraper.py:79 - Scraping data for 2025-03-04
2025-12-15 10:24:22,481 - INFO - spain_scraper.py:86 - Successfully collected data for 2025-03-04
2025-12-15 10:24:25,288 - INFO - spain_scraper.py:79 - Scraping data for 2025-03-05
2025-12-15 10:24:30,548 - INFO - spain_scraper.py:86 - Successfully collected data for 2025-03-05
2025-12-15 10:24:33,672 - INFO - spain_scraper.py:79 - Scraping data for 2025-03-06
2025-12-15 10:24:38,942 - INFO - spain_scraper.py:86 - Successfully collected data for 2025-03-06
2025-12-15 10:24:41,363 - INFO - spain_scraper.py:79 - Scraping data for 2025-03-07
2025-12-15 10:24:46,628 - INFO - spain_scraper.py:86 - Successfully collected data for 2025-03-07
2025-12-15 10:24:50,023 - INFO - spain_scraper.py:79 - Scraping data for 2025-03-08
2025-12-15 10:24:55,301 - INFO - spain_scraper.py:86 - Successfully collected data for 2025-03-08
2025-12-15 10:24:58,124 - INFO - spain_scraper.py:79 - Scraping data for 2025-03-09
2025-12-15 10:25:03,423 - INFO - spain_scraper.py:86 - Successfully collected data for 2025-03-09
2025-12-15 10:25:05,924 - INFO - spain_scraper.py:79 - Scraping data for 2025-03-10
2025-12-15 10:25:11,246 - INFO - spain_scraper.py:86 - Successfully collected data for 2025-03-10
2025-12-15 10:25:14,187 - INFO - spain_scraper.py:79 - Scraping data for 2025-03-11
2025-12-15 10:25:19,503 - INFO - spain_scraper.py:86 - Successfully collected data for 2025-03-11
2025-12-15 10:25:22,999 - INFO - spain_scraper.py:79 - Scraping data for 2025-03-12
2025-12-15 10:25:28,274 - INFO - spain_scraper.py:86 - Successfully collected data for 2025-03-12
2025-12-15 10:25:30,408 - INFO - spain_scraper.py:79 - Scraping data for 2025-03-13
2025-12-15 10:25:35,733 - INFO - spain_scraper.py:86 - Successfully collected data for 2025-03-13
2025-12-15 10:25:39,281 - INFO - spain_scraper.py:79 - Scraping data for 2025-03-14
2025-12-15 10:25:44,597 - INFO - spain_scraper.py:86 - Successfully collected data for 2025-03-14
2025-12-15 10:25:48,486 - INFO - spain_scraper.py:79 - Scraping data for 2025-03-15
2025-12-15 10:25:53,814 - INFO - spain_scraper.py:86 - Successfully collected data for 2025-03-15
2025-12-15 10:25:57,556 - INFO - spain_scraper.py:79 - Scraping data for 2025-03-16
2025-12-15 10:26:02,850 - INFO - spain_scraper.py:86 - Successfully collected data for 2025-03-16
2025-12-15 10:26:05,663 - INFO - spain_scraper.py:79 - Scraping data for 2025-03-17
2025-12-15 10:26:10,961 - INFO - spain_scraper.py:86 - Successfully collected data for 2025-03-17
2025-12-15 10:26:14,646 - INFO - spain_scraper.py:79 - Scraping data for 2025-03-18
2025-12-15 10:26:19,951 - INFO - spain_scraper.py:86 - Successfully collected data for 2025-03-18
2025-12-15 10:26:23,489 - INFO - spain_scraper.py:79 - Scraping data for 2025-03-19
2025-12-15 10:26:28,814 - INFO - spain_scraper.py:86 - Successfully collected data for 2025-03-19
2025-12-15 10:26:31,233 - INFO - spain_scraper.py:79 - Scraping data for 2025-03-20
2025-12-15 10:26:36,530 - INFO - spain_scraper.py:86 - Successfully collected data for 2025-03-20
2025-12-15 10:26:40,131 - INFO - spain_scraper.py:79 - Scraping data for 2025-03-21
2025-12-15 10:26:45,476 - INFO - spain_scraper.py:86 - Successfully collected data for 2025-03-21
2025-12-15 10:26:48,579 - INFO - spain_scraper.py:79 - Scraping data for 2025-03-22
2025-12-15 10:26:53,898 - INFO - spain_scraper.py:86 - Successfully collected data for 2025-03-22
2025-12-15 10:26:56,733 - INFO - spain_scraper.py:79 - Scraping data for 2025-03-23
2025-12-15 10:27:02,034 - INFO - spain_scraper.py:86 - Successfully collected data for 2025-03-23
2025-12-15 10:27:05,828 - INFO - spain_scraper.py:79 - Scraping data for 2025-03-24
2025-12-15 10:27:11,119 - INFO - spain_scraper.py:86 - Successfully collected data for 2025-03-24
2025-12-15 10:27:13,983 - INFO - spain_scraper.py:79 - Scraping data for 2025-03-25
2025-12-15 10:27:19,303 - INFO - spain_scraper.py:86 - Successfully collected data for 2025-03-25
2025-12-15 10:27:22,300 - INFO - spain_scraper.py:79 - Scraping data for 2025-03-26
2025-12-15 10:27:27,597 - INFO - spain_scraper.py:86 - Successfully collected data for 2025-03-26
2025-12-15 10:27:29,850 - INFO - spain_scraper.py:79 - Scraping data for 2025-03-27
2025-12-15 10:27:35,177 - INFO - spain_scraper.py:86 - Successfully collected data for 2025-03-27
2025-12-15 10:27:37,610 - INFO - spain_scraper.py:79 - Scraping data for 2025-03-28
2025-12-15 10:27:42,953 - INFO - spain_scraper.py:86 - Successfully collected data for 2025-03-28
2025-12-15 10:27:45,118 - INFO - spain_scraper.py:79 - Scraping data for 2025-03-29
2025-12-15 10:27:50,451 - INFO - spain_scraper.py:86 - Successfully collected data for 2025-03-29
2025-12-15 10:27:54,415 - INFO - spain_scraper.py:79 - Scraping data for 2025-03-30
2025-12-15 10:27:59,741 - INFO - spain_scraper.py:86 - Successfully collected data for 2025-03-30
2025-12-15 10:28:02,690 - INFO - spain_scraper.py:79 - Scraping data for 2025-03-31
2025-12-15 10:28:07,985 - INFO - spain_scraper.py:86 - Successfully collected data for 2025-03-31
2025-12-15 10:28:10,379 - INFO - spain_scraper.py:79 - Scraping data for 2025-04-01
2025-12-15 10:28:15,715 - INFO - spain_scraper.py:86 - Successfully collected data for 2025-04-01
2025-12-15 10:28:18,573 - INFO - spain_scraper.py:79 - Scraping data for 2025-04-02
2025-12-15 10:28:23,893 - INFO - spain_scraper.py:86 - Successfully collected data for 2025-04-02
2025-12-15 10:28:27,535 - INFO - spain_scraper.py:79 - Scraping data for 2025-04-03
2025-12-15 10:28:32,891 - INFO - spain_scraper.py:86 - Successfully collected data for 2025-04-03
2025-12-15 10:28:35,877 - INFO - spain_scraper.py:79 - Scraping data for 2025-04-04
2025-12-15 10:28:41,224 - INFO - spain_scraper.py:86 - Successfully collected data for 2025-04-04
2025-12-15 10:28:44,831 - INFO - spain_scraper.py:79 - Scraping data for 2025-04-05
2025-12-15 10:28:50,147 - INFO - spain_scraper.py:86 - Successfully collected data for 2025-04-05
2025-12-15 10:28:52,660 - INFO - spain_scraper.py:79 - Scraping data for 2025-04-06
2025-12-15 10:28:57,974 - INFO - spain_scraper.py:86 - Successfully collected data for 2025-04-06
2025-12-15 10:29:00,429 - INFO - spain_scraper.py:79 - Scraping data for 2025-04-07
2025-12-15 10:29:05,768 - INFO - spain_scraper.py:86 - Successfully collected data for 2025-04-07
2025-12-15 10:29:09,116 - INFO - spain_scraper.py:79 - Scraping data for 2025-04-08
2025-12-15 10:29:14,438 - INFO - spain_scraper.py:86 - Successfully collected data for 2025-04-08
2025-12-15 10:29:17,659 - INFO - spain_scraper.py:79 - Scraping data for 2025-04-09
2025-12-15 10:29:23,018 - INFO - spain_scraper.py:86 - Successfully collected data for 2025-04-09
2025-12-15 10:29:25,581 - INFO - spain_scraper.py:79 - Scraping data for 2025-04-10
2025-12-15 10:29:30,939 - INFO - spain_scraper.py:86 - Successfully collected data for 2025-04-10
2025-12-15 10:29:33,373 - INFO - spain_scraper.py:51 - Taking a longer break after 100 requests...
2025-12-15 10:30:35,734 - INFO - spain_scraper.py:79 - Scraping data for 2025-04-11
2025-12-15 10:30:41,001 - INFO - spain_scraper.py:86 - Successfully collected data for 2025-04-11
2025-12-15 10:30:43,122 - INFO - spain_scraper.py:79 - Scraping data for 2025-04-12
2025-12-15 10:30:48,403 - INFO - spain_scraper.py:86 - Successfully collected data for 2025-04-12
2025-12-15 10:30:50,440 - INFO - spain_scraper.py:79 - Scraping data for 2025-04-13
2025-12-15 10:30:55,784 - INFO - spain_scraper.py:86 - Successfully collected data for 2025-04-13
2025-12-15 10:30:59,267 - INFO - spain_scraper.py:79 - Scraping data for 2025-04-14
2025-12-15 10:31:04,590 - INFO - spain_scraper.py:86 - Successfully collected data for 2025-04-14
2025-12-15 10:31:06,629 - INFO - spain_scraper.py:79 - Scraping data for 2025-04-15
2025-12-15 10:31:11,989 - INFO - spain_scraper.py:86 - Successfully collected data for 2025-04-15
2025-12-15 10:31:15,163 - INFO - spain_scraper.py:79 - Scraping data for 2025-04-16
2025-12-15 10:31:20,558 - INFO - spain_scraper.py:86 - Successfully collected data for 2025-04-16
2025-12-15 10:31:22,735 - INFO - spain_scraper.py:79 - Scraping data for 2025-04-17
2025-12-15 10:31:28,097 - INFO - spain_scraper.py:86 - Successfully collected data for 2025-04-17
2025-12-15 10:31:30,211 - INFO - spain_scraper.py:79 - Scraping data for 2025-04-18
2025-12-15 10:31:35,554 - INFO - spain_scraper.py:86 - Successfully collected data for 2025-04-18
2025-12-15 10:31:39,488 - INFO - spain_scraper.py:79 - Scraping data for 2025-04-19
2025-12-15 10:31:44,852 - INFO - spain_scraper.py:86 - Successfully collected data for 2025-04-19
2025-12-15 10:31:47,223 - INFO - spain_scraper.py:79 - Scraping data for 2025-04-20
2025-12-15 10:31:52,552 - INFO - spain_scraper.py:86 - Successfully collected data for 2025-04-20
2025-12-15 10:31:56,496 - INFO - spain_scraper.py:79 - Scraping data for 2025-04-21
2025-12-15 10:32:01,850 - INFO - spain_scraper.py:86 - Successfully collected data for 2025-04-21
2025-12-15 10:32:04,545 - INFO - spain_scraper.py:79 - Scraping data for 2025-04-22
2025-12-15 10:32:09,890 - INFO - spain_scraper.py:86 - Successfully collected data for 2025-04-22
2025-12-15 10:32:12,424 - INFO - spain_scraper.py:79 - Scraping data for 2025-04-23
2025-12-15 10:32:17,759 - INFO - spain_scraper.py:86 - Successfully collected data for 2025-04-23
2025-12-15 10:32:20,533 - INFO - spain_scraper.py:79 - Scraping data for 2025-04-24
2025-12-15 10:32:25,876 - INFO - spain_scraper.py:86 - Successfully collected data for 2025-04-24
2025-12-15 10:32:28,996 - INFO - spain_scraper.py:79 - Scraping data for 2025-04-25
2025-12-15 10:32:34,339 - INFO - spain_scraper.py:86 - Successfully collected data for 2025-04-25
2025-12-15 10:32:37,394 - INFO - spain_scraper.py:79 - Scraping data for 2025-04-26
2025-12-15 10:32:42,711 - INFO - spain_scraper.py:86 - Successfully collected data for 2025-04-26
2025-12-15 10:32:46,105 - INFO - spain_scraper.py:79 - Scraping data for 2025-04-27
2025-12-15 10:32:51,421 - INFO - spain_scraper.py:86 - Successfully collected data for 2025-04-27
2025-12-15 10:32:54,192 - INFO - spain_scraper.py:79 - Scraping data for 2025-04-28
2025-12-15 10:32:59,571 - INFO - spain_scraper.py:86 - Successfully collected data for 2025-04-28
2025-12-15 10:33:02,504 - INFO - spain_scraper.py:79 - Scraping data for 2025-04-29
2025-12-15 10:33:07,833 - INFO - spain_scraper.py:86 - Successfully collected data for 2025-04-29
2025-12-15 10:33:11,494 - INFO - spain_scraper.py:79 - Scraping data for 2025-04-30
2025-12-15 10:33:16,770 - INFO - spain_scraper.py:86 - Successfully collected data for 2025-04-30
2025-12-15 10:33:19,366 - INFO - spain_scraper.py:79 - Scraping data for 2025-05-01
2025-12-15 10:33:24,695 - INFO - spain_scraper.py:86 - Successfully collected data for 2025-05-01
2025-12-15 10:33:28,455 - INFO - spain_scraper.py:79 - Scraping data for 2025-05-02
2025-12-15 10:33:33,737 - INFO - spain_scraper.py:86 - Successfully collected data for 2025-05-02
2025-12-15 10:33:35,808 - INFO - spain_scraper.py:79 - Scraping data for 2025-05-03
2025-12-15 10:33:41,112 - INFO - spain_scraper.py:86 - Successfully collected data for 2025-05-03
2025-12-15 10:33:43,579 - INFO - spain_scraper.py:79 - Scraping data for 2025-05-04
2025-12-15 10:33:48,921 - INFO - spain_scraper.py:86 - Successfully collected data for 2025-05-04
2025-12-15 10:33:52,754 - INFO - spain_scraper.py:79 - Scraping data for 2025-05-05
2025-12-15 10:33:58,035 - INFO - spain_scraper.py:86 - Successfully collected data for 2025-05-05
2025-12-15 10:34:01,282 - INFO - spain_scraper.py:79 - Scraping data for 2025-05-06
2025-12-15 10:34:06,643 - INFO - spain_scraper.py:86 - Successfully collected data for 2025-05-06
2025-12-15 10:34:10,230 - INFO - spain_scraper.py:79 - Scraping data for 2025-05-07
2025-12-15 10:34:15,601 - INFO - spain_scraper.py:86 - Successfully collected data for 2025-05-07
2025-12-15 10:34:18,099 - INFO - spain_scraper.py:79 - Scraping data for 2025-05-08
2025-12-15 10:34:23,438 - INFO - spain_scraper.py:86 - Successfully collected data for 2025-05-08
2025-12-15 10:34:25,858 - INFO - spain_scraper.py:79 - Scraping data for 2025-05-09
2025-12-15 10:34:31,198 - INFO - spain_scraper.py:86 - Successfully collected data for 2025-05-09
2025-12-15 10:34:34,911 - INFO - spain_scraper.py:79 - Scraping data for 2025-05-10
2025-12-15 10:34:40,247 - INFO - spain_scraper.py:86 - Successfully collected data for 2025-05-10
2025-12-15 10:34:42,845 - INFO - spain_scraper.py:79 - Scraping data for 2025-05-11
2025-12-15 10:34:48,202 - INFO - spain_scraper.py:86 - Successfully collected data for 2025-05-11
2025-12-15 10:34:51,967 - INFO - spain_scraper.py:79 - Scraping data for 2025-05-12
2025-12-15 10:34:57,361 - INFO - spain_scraper.py:86 - Successfully collected data for 2025-05-12
2025-12-15 10:35:00,122 - INFO - spain_scraper.py:79 - Scraping data for 2025-05-13
2025-12-15 10:35:05,470 - INFO - spain_scraper.py:86 - Successfully collected data for 2025-05-13
2025-12-15 10:35:08,808 - INFO - spain_scraper.py:79 - Scraping data for 2025-05-14
2025-12-15 10:35:14,190 - INFO - spain_scraper.py:86 - Successfully collected data for 2025-05-14
2025-12-15 10:35:18,023 - INFO - spain_scraper.py:79 - Scraping data for 2025-05-15
2025-12-15 10:35:23,383 - INFO - spain_scraper.py:86 - Successfully collected data for 2025-05-15
2025-12-15 10:35:27,126 - INFO - spain_scraper.py:79 - Scraping data for 2025-05-16
2025-12-15 10:35:32,494 - INFO - spain_scraper.py:86 - Successfully collected data for 2025-05-16
2025-12-15 10:35:35,649 - INFO - spain_scraper.py:79 - Scraping data for 2025-05-17
2025-12-15 10:35:41,009 - INFO - spain_scraper.py:86 - Successfully collected data for 2025-05-17
2025-12-15 10:35:44,491 - INFO - spain_scraper.py:79 - Scraping data for 2025-05-18
2025-12-15 10:35:49,848 - INFO - spain_scraper.py:86 - Successfully collected data for 2025-05-18
2025-12-15 10:35:53,179 - INFO - spain_scraper.py:79 - Scraping data for 2025-05-19
2025-12-15 10:35:58,550 - INFO - spain_scraper.py:86 - Successfully collected data for 2025-05-19
2025-12-15 10:36:02,170 - INFO - spain_scraper.py:79 - Scraping data for 2025-05-20
2025-12-15 10:36:07,585 - INFO - spain_scraper.py:86 - Successfully collected data for 2025-05-20
2025-12-15 10:36:11,220 - INFO - spain_scraper.py:79 - Scraping data for 2025-05-21
2025-12-15 10:36:16,540 - INFO - spain_scraper.py:86 - Successfully collected data for 2025-05-21
2025-12-15 10:36:19,132 - INFO - spain_scraper.py:79 - Scraping data for 2025-05-22
2025-12-15 10:36:24,533 - INFO - spain_scraper.py:86 - Successfully collected data for 2025-05-22
2025-12-15 10:36:27,562 - INFO - spain_scraper.py:79 - Scraping data for 2025-05-23
2025-12-15 10:36:32,966 - INFO - spain_scraper.py:86 - Successfully collected data for 2025-05-23
2025-12-15 10:36:35,319 - INFO - spain_scraper.py:79 - Scraping data for 2025-05-24
2025-12-15 10:36:40,669 - INFO - spain_scraper.py:86 - Successfully collected data for 2025-05-24
2025-12-15 10:36:44,191 - INFO - spain_scraper.py:79 - Scraping data for 2025-05-25
2025-12-15 10:36:49,544 - INFO - spain_scraper.py:86 - Successfully collected data for 2025-05-25
2025-12-15 10:36:52,950 - INFO - spain_scraper.py:79 - Scraping data for 2025-05-26
2025-12-15 10:36:58,317 - INFO - spain_scraper.py:86 - Successfully collected data for 2025-05-26
2025-12-15 10:37:01,358 - INFO - spain_scraper.py:79 - Scraping data for 2025-05-27
2025-12-15 10:37:06,727 - INFO - spain_scraper.py:86 - Successfully collected data for 2025-05-27
2025-12-15 10:37:09,753 - INFO - spain_scraper.py:79 - Scraping data for 2025-05-28
2025-12-15 10:37:15,121 - INFO - spain_scraper.py:86 - Successfully collected data for 2025-05-28
2025-12-15 10:37:18,200 - INFO - spain_scraper.py:79 - Scraping data for 2025-05-29
2025-12-15 10:37:23,582 - INFO - spain_scraper.py:86 - Successfully collected data for 2025-05-29
2025-12-15 10:37:27,240 - INFO - spain_scraper.py:79 - Scraping data for 2025-05-30
2025-12-15 10:37:32,631 - INFO - spain_scraper.py:86 - Successfully collected data for 2025-05-30
2025-12-15 10:37:35,218 - INFO - spain_scraper.py:79 - Scraping data for 2025-05-31
2025-12-15 10:37:40,597 - INFO - spain_scraper.py:86 - Successfully collected data for 2025-05-31
2025-12-15 10:37:43,431 - INFO - spain_scraper.py:79 - Scraping data for 2025-06-01
2025-12-15 10:37:48,825 - INFO - spain_scraper.py:86 - Successfully collected data for 2025-06-01
2025-12-15 10:37:51,922 - INFO - spain_scraper.py:79 - Scraping data for 2025-06-02
2025-12-15 10:37:57,309 - INFO - spain_scraper.py:86 - Successfully collected data for 2025-06-02
2025-12-15 10:38:00,102 - INFO - spain_scraper.py:79 - Scraping data for 2025-06-03
2025-12-15 10:38:05,434 - INFO - spain_scraper.py:86 - Successfully collected data for 2025-06-03
2025-12-15 10:38:08,676 - INFO - spain_scraper.py:79 - Scraping data for 2025-06-04
2025-12-15 10:38:14,047 - INFO - spain_scraper.py:86 - Successfully collected data for 2025-06-04
2025-12-15 10:38:17,087 - INFO - spain_scraper.py:79 - Scraping data for 2025-06-05
2025-12-15 10:38:22,453 - INFO - spain_scraper.py:86 - Successfully collected data for 2025-06-05
2025-12-15 10:38:26,066 - INFO - spain_scraper.py:79 - Scraping data for 2025-06-06
2025-12-15 10:38:31,446 - INFO - spain_scraper.py:86 - Successfully collected data for 2025-06-06
2025-12-15 10:38:34,562 - INFO - spain_scraper.py:79 - Scraping data for 2025-06-07
2025-12-15 10:38:39,934 - INFO - spain_scraper.py:86 - Successfully collected data for 2025-06-07
2025-12-15 10:38:43,401 - INFO - spain_scraper.py:79 - Scraping data for 2025-06-08
2025-12-15 10:38:48,790 - INFO - spain_scraper.py:86 - Successfully collected data for 2025-06-08
2025-12-15 10:38:51,986 - INFO - spain_scraper.py:79 - Scraping data for 2025-06-09
2025-12-15 10:38:57,372 - INFO - spain_scraper.py:86 - Successfully collected data for 2025-06-09
2025-12-15 10:39:01,301 - INFO - spain_scraper.py:79 - Scraping data for 2025-06-10
2025-12-15 10:39:06,690 - INFO - spain_scraper.py:86 - Successfully collected data for 2025-06-10
2025-12-15 10:39:08,998 - INFO - spain_scraper.py:79 - Scraping data for 2025-06-11
2025-12-15 10:39:14,397 - INFO - spain_scraper.py:86 - Successfully collected data for 2025-06-11
2025-12-15 10:39:18,298 - INFO - spain_scraper.py:79 - Scraping data for 2025-06-12
2025-12-15 10:39:23,686 - INFO - spain_scraper.py:86 - Successfully collected data for 2025-06-12
2025-12-15 10:39:25,859 - INFO - spain_scraper.py:79 - Scraping data for 2025-06-13
2025-12-15 10:39:31,278 - INFO - spain_scraper.py:86 - Successfully collected data for 2025-06-13
2025-12-15 10:39:34,256 - INFO - spain_scraper.py:79 - Scraping data for 2025-06-14
2025-12-15 10:39:39,658 - INFO - spain_scraper.py:86 - Successfully collected data for 2025-06-14
2025-12-15 10:39:42,468 - INFO - spain_scraper.py:79 - Scraping data for 2025-06-15
2025-12-15 10:39:47,839 - INFO - spain_scraper.py:86 - Successfully collected data for 2025-06-15
2025-12-15 10:39:50,040 - INFO - spain_scraper.py:79 - Scraping data for 2025-06-16
2025-12-15 10:39:55,440 - INFO - spain_scraper.py:86 - Successfully collected data for 2025-06-16
2025-12-15 10:39:58,630 - INFO - spain_scraper.py:79 - Scraping data for 2025-06-17
2025-12-15 10:40:04,004 - INFO - spain_scraper.py:86 - Successfully collected data for 2025-06-17
2025-12-15 10:40:07,151 - INFO - spain_scraper.py:79 - Scraping data for 2025-06-18
2025-12-15 10:40:12,545 - INFO - spain_scraper.py:86 - Successfully collected data for 2025-06-18
2025-12-15 10:40:15,687 - INFO - spain_scraper.py:79 - Scraping data for 2025-06-19
2025-12-15 10:40:21,038 - INFO - spain_scraper.py:86 - Successfully collected data for 2025-06-19
2025-12-15 10:40:24,515 - INFO - spain_scraper.py:79 - Scraping data for 2025-06-20
2025-12-15 10:40:29,918 - INFO - spain_scraper.py:86 - Successfully collected data for 2025-06-20
2025-12-15 10:40:32,692 - INFO - spain_scraper.py:79 - Scraping data for 2025-06-21
2025-12-15 10:40:38,107 - INFO - spain_scraper.py:86 - Successfully collected data for 2025-06-21
2025-12-15 10:40:41,007 - INFO - spain_scraper.py:79 - Scraping data for 2025-06-22
2025-12-15 10:40:46,456 - INFO - spain_scraper.py:86 - Successfully collected data for 2025-06-22
2025-12-15 10:40:50,418 - INFO - spain_scraper.py:79 - Scraping data for 2025-06-23
2025-12-15 10:40:55,762 - INFO - spain_scraper.py:86 - Successfully collected data for 2025-06-23
2025-12-15 10:40:58,353 - INFO - spain_scraper.py:79 - Scraping data for 2025-06-24
2025-12-15 10:41:03,717 - INFO - spain_scraper.py:86 - Successfully collected data for 2025-06-24
2025-12-15 10:41:05,925 - INFO - spain_scraper.py:79 - Scraping data for 2025-06-25
2025-12-15 10:41:11,293 - INFO - spain_scraper.py:86 - Successfully collected data for 2025-06-25
2025-12-15 10:41:15,225 - INFO - spain_scraper.py:79 - Scraping data for 2025-06-26
2025-12-15 10:41:20,634 - INFO - spain_scraper.py:86 - Successfully collected data for 2025-06-26
2025-12-15 10:41:23,393 - INFO - spain_scraper.py:79 - Scraping data for 2025-06-27
2025-12-15 10:41:28,758 - INFO - spain_scraper.py:86 - Successfully collected data for 2025-06-27
2025-12-15 10:41:31,664 - INFO - spain_scraper.py:79 - Scraping data for 2025-06-28
2025-12-15 10:41:37,024 - INFO - spain_scraper.py:86 - Successfully collected data for 2025-06-28
2025-12-15 10:41:39,522 - INFO - spain_scraper.py:79 - Scraping data for 2025-06-29
2025-12-15 10:41:44,915 - INFO - spain_scraper.py:86 - Successfully collected data for 2025-06-29
2025-12-15 10:41:48,766 - INFO - spain_scraper.py:79 - Scraping data for 2025-06-30
2025-12-15 10:41:54,190 - INFO - spain_scraper.py:86 - Successfully collected data for 2025-06-30
2025-12-15 10:41:56,633 - INFO - spain_scraper.py:79 - Scraping data for 2025-07-01
2025-12-15 10:42:02,023 - INFO - spain_scraper.py:86 - Successfully collected data for 2025-07-01
2025-12-15 10:42:05,554 - INFO - spain_scraper.py:79 - Scraping data for 2025-07-02
2025-12-15 10:42:10,975 - INFO - spain_scraper.py:86 - Successfully collected data for 2025-07-02
2025-12-15 10:42:14,148 - INFO - spain_scraper.py:79 - Scraping data for 2025-07-03
2025-12-15 10:42:19,529 - INFO - spain_scraper.py:86 - Successfully collected data for 2025-07-03
2025-12-15 10:42:23,317 - INFO - spain_scraper.py:79 - Scraping data for 2025-07-04
2025-12-15 10:42:28,705 - INFO - spain_scraper.py:86 - Successfully collected data for 2025-07-04
2025-12-15 10:42:31,730 - INFO - spain_scraper.py:79 - Scraping data for 2025-07-05
2025-12-15 10:42:37,153 - INFO - spain_scraper.py:86 - Successfully collected data for 2025-07-05
2025-12-15 10:42:39,527 - INFO - spain_scraper.py:79 - Scraping data for 2025-07-06
2025-12-15 10:42:44,924 - INFO - spain_scraper.py:86 - Successfully collected data for 2025-07-06
2025-12-15 10:42:48,015 - INFO - spain_scraper.py:79 - Scraping data for 2025-07-07
2025-12-15 10:42:53,418 - INFO - spain_scraper.py:86 - Successfully collected data for 2025-07-07
2025-12-15 10:42:55,619 - INFO - spain_scraper.py:79 - Scraping data for 2025-07-08
2025-12-15 10:43:01,059 - INFO - spain_scraper.py:86 - Successfully collected data for 2025-07-08
2025-12-15 10:43:04,816 - INFO - spain_scraper.py:79 - Scraping data for 2025-07-09
2025-12-15 10:43:10,186 - INFO - spain_scraper.py:86 - Successfully collected data for 2025-07-09
2025-12-15 10:43:14,029 - INFO - spain_scraper.py:79 - Scraping data for 2025-07-10
2025-12-15 10:43:19,419 - INFO - spain_scraper.py:86 - Successfully collected data for 2025-07-10
2025-12-15 10:43:21,495 - INFO - spain_scraper.py:79 - Scraping data for 2025-07-11
2025-12-15 10:43:26,964 - INFO - spain_scraper.py:86 - Successfully collected data for 2025-07-11
2025-12-15 10:43:29,530 - INFO - spain_scraper.py:79 - Scraping data for 2025-07-12
2025-12-15 10:43:34,906 - INFO - spain_scraper.py:86 - Successfully collected data for 2025-07-12
2025-12-15 10:43:37,781 - INFO - spain_scraper.py:79 - Scraping data for 2025-07-13
2025-12-15 10:43:43,225 - INFO - spain_scraper.py:86 - Successfully collected data for 2025-07-13
2025-12-15 10:43:46,045 - INFO - spain_scraper.py:79 - Scraping data for 2025-07-14
2025-12-15 10:43:51,413 - INFO - spain_scraper.py:86 - Successfully collected data for 2025-07-14
2025-12-15 10:43:55,288 - INFO - spain_scraper.py:79 - Scraping data for 2025-07-15
2025-12-15 10:44:00,671 - INFO - spain_scraper.py:86 - Successfully collected data for 2025-07-15
2025-12-15 10:44:03,322 - INFO - spain_scraper.py:79 - Scraping data for 2025-07-16
2025-12-15 10:44:08,755 - INFO - spain_scraper.py:86 - Successfully collected data for 2025-07-16
2025-12-15 10:44:12,021 - INFO - spain_scraper.py:79 - Scraping data for 2025-07-17
2025-12-15 10:44:17,420 - INFO - spain_scraper.py:86 - Successfully collected data for 2025-07-17
2025-12-15 10:44:20,630 - INFO - spain_scraper.py:79 - Scraping data for 2025-07-18
2025-12-15 10:44:26,030 - INFO - spain_scraper.py:86 - Successfully collected data for 2025-07-18
2025-12-15 10:44:28,903 - INFO - spain_scraper.py:79 - Scraping data for 2025-07-19
2025-12-15 10:44:34,318 - INFO - spain_scraper.py:86 - Successfully collected data for 2025-07-19
2025-12-15 10:44:38,002 - INFO - spain_scraper.py:51 - Taking a longer break after 200 requests...
2025-12-15 10:45:46,317 - INFO - spain_scraper.py:79 - Scraping data for 2025-07-20
2025-12-15 10:45:51,714 - INFO - spain_scraper.py:86 - Successfully collected data for 2025-07-20
2025-12-15 10:45:55,201 - INFO - spain_scraper.py:79 - Scraping data for 2025-07-21
2025-12-15 10:46:00,620 - INFO - spain_scraper.py:86 - Successfully collected data for 2025-07-21
2025-12-15 10:46:02,836 - INFO - spain_scraper.py:79 - Scraping data for 2025-07-22
2025-12-15 10:46:08,464 - INFO - spain_scraper.py:86 - Successfully collected data for 2025-07-22
2025-12-15 10:46:10,932 - INFO - spain_scraper.py:79 - Scraping data for 2025-07-23
2025-12-15 10:46:16,384 - INFO - spain_scraper.py:86 - Successfully collected data for 2025-07-23
2025-12-15 10:46:19,224 - INFO - spain_scraper.py:79 - Scraping data for 2025-07-24
2025-12-15 10:46:24,644 - INFO - spain_scraper.py:86 - Successfully collected data for 2025-07-24
2025-12-15 10:46:28,526 - INFO - spain_scraper.py:79 - Scraping data for 2025-07-25
2025-12-15 10:46:33,951 - INFO - spain_scraper.py:86 - Successfully collected data for 2025-07-25
2025-12-15 10:46:37,595 - INFO - spain_scraper.py:79 - Scraping data for 2025-07-26
2025-12-15 10:46:43,053 - INFO - spain_scraper.py:86 - Successfully collected data for 2025-07-26
2025-12-15 10:46:45,254 - INFO - spain_scraper.py:79 - Scraping data for 2025-07-27
2025-12-15 10:46:50,823 - INFO - spain_scraper.py:86 - Successfully collected data for 2025-07-27
2025-12-15 10:46:53,473 - INFO - spain_scraper.py:79 - Scraping data for 2025-07-28
2025-12-15 10:46:58,857 - INFO - spain_scraper.py:86 - Successfully collected data for 2025-07-28
2025-12-15 10:47:02,161 - INFO - spain_scraper.py:79 - Scraping data for 2025-07-29
2025-12-15 10:47:07,620 - INFO - spain_scraper.py:86 - Successfully collected data for 2025-07-29
2025-12-15 10:47:10,710 - INFO - spain_scraper.py:79 - Scraping data for 2025-07-30
2025-12-15 10:47:16,110 - INFO - spain_scraper.py:86 - Successfully collected data for 2025-07-30
2025-12-15 10:47:18,211 - INFO - spain_scraper.py:79 - Scraping data for 2025-07-31
2025-12-15 10:47:23,556 - INFO - spain_scraper.py:86 - Successfully collected data for 2025-07-31
2025-12-15 10:47:26,109 - INFO - spain_scraper.py:79 - Scraping data for 2025-08-01
2025-12-15 10:47:31,494 - INFO - spain_scraper.py:86 - Successfully collected data for 2025-08-01
2025-12-15 10:47:34,857 - INFO - spain_scraper.py:79 - Scraping data for 2025-08-02
2025-12-15 10:47:40,217 - INFO - spain_scraper.py:86 - Successfully collected data for 2025-08-02
2025-12-15 10:47:42,912 - INFO - spain_scraper.py:79 - Scraping data for 2025-08-03
2025-12-15 10:47:48,264 - INFO - spain_scraper.py:86 - Successfully collected data for 2025-08-03
2025-12-15 10:47:51,613 - INFO - spain_scraper.py:79 - Scraping data for 2025-08-04
2025-12-15 10:47:57,015 - INFO - spain_scraper.py:86 - Successfully collected data for 2025-08-04
2025-12-15 10:47:59,352 - INFO - spain_scraper.py:79 - Scraping data for 2025-08-05
2025-12-15 10:48:04,779 - INFO - spain_scraper.py:86 - Successfully collected data for 2025-08-05
2025-12-15 10:48:06,956 - INFO - spain_scraper.py:79 - Scraping data for 2025-08-06
2025-12-15 10:48:12,308 - INFO - spain_scraper.py:86 - Successfully collected data for 2025-08-06
2025-12-15 10:48:15,517 - INFO - spain_scraper.py:79 - Scraping data for 2025-08-07
2025-12-15 10:48:20,889 - INFO - spain_scraper.py:86 - Successfully collected data for 2025-08-07
2025-12-15 10:48:24,184 - INFO - spain_scraper.py:79 - Scraping data for 2025-08-08
2025-12-15 10:48:29,549 - INFO - spain_scraper.py:86 - Successfully collected data for 2025-08-08
2025-12-15 10:48:31,816 - INFO - spain_scraper.py:79 - Scraping data for 2025-08-09
2025-12-15 10:48:37,246 - INFO - spain_scraper.py:86 - Successfully collected data for 2025-08-09
2025-12-15 10:48:40,775 - INFO - spain_scraper.py:79 - Scraping data for 2025-08-10
2025-12-15 10:48:46,298 - INFO - spain_scraper.py:86 - Successfully collected data for 2025-08-10
2025-12-15 10:48:50,073 - INFO - spain_scraper.py:79 - Scraping data for 2025-08-11
2025-12-15 10:48:55,470 - INFO - spain_scraper.py:86 - Successfully collected data for 2025-08-11
2025-12-15 10:48:59,368 - INFO - spain_scraper.py:79 - Scraping data for 2025-08-12
2025-12-15 10:49:04,787 - INFO - spain_scraper.py:86 - Successfully collected data for 2025-08-12
2025-12-15 10:49:08,592 - INFO - spain_scraper.py:79 - Scraping data for 2025-08-13
2025-12-15 10:49:14,011 - INFO - spain_scraper.py:86 - Successfully collected data for 2025-08-13
2025-12-15 10:49:17,949 - INFO - spain_scraper.py:79 - Scraping data for 2025-08-14
2025-12-15 10:49:23,404 - INFO - spain_scraper.py:86 - Successfully collected data for 2025-08-14
2025-12-15 10:49:26,374 - INFO - spain_scraper.py:79 - Scraping data for 2025-08-15
2025-12-15 10:49:31,813 - INFO - spain_scraper.py:86 - Successfully collected data for 2025-08-15
2025-12-15 10:49:34,907 - INFO - spain_scraper.py:79 - Scraping data for 2025-08-16
2025-12-15 10:49:40,362 - INFO - spain_scraper.py:86 - Successfully collected data for 2025-08-16
2025-12-15 10:49:44,332 - INFO - spain_scraper.py:79 - Scraping data for 2025-08-17
2025-12-15 10:49:49,749 - INFO - spain_scraper.py:86 - Successfully collected data for 2025-08-17
2025-12-15 10:49:51,972 - INFO - spain_scraper.py:79 - Scraping data for 2025-08-18
2025-12-15 10:49:57,399 - INFO - spain_scraper.py:86 - Successfully collected data for 2025-08-18
2025-12-15 10:50:00,740 - INFO - spain_scraper.py:79 - Scraping data for 2025-08-19
2025-12-15 10:50:06,128 - INFO - spain_scraper.py:86 - Successfully collected data for 2025-08-19
2025-12-15 10:50:09,023 - INFO - spain_scraper.py:79 - Scraping data for 2025-08-20
2025-12-15 10:50:14,474 - INFO - spain_scraper.py:86 - Successfully collected data for 2025-08-20
2025-12-15 10:50:17,042 - INFO - spain_scraper.py:79 - Scraping data for 2025-08-21
2025-12-15 10:50:22,404 - INFO - spain_scraper.py:86 - Successfully collected data for 2025-08-21
2025-12-15 10:50:25,128 - INFO - spain_scraper.py:79 - Scraping data for 2025-08-22
2025-12-15 10:50:30,492 - INFO - spain_scraper.py:86 - Successfully collected data for 2025-08-22
2025-12-15 10:50:34,211 - INFO - spain_scraper.py:79 - Scraping data for 2025-08-23
2025-12-15 10:50:39,702 - INFO - spain_scraper.py:86 - Successfully collected data for 2025-08-23
2025-12-15 10:50:42,822 - INFO - spain_scraper.py:79 - Scraping data for 2025-08-24
2025-12-15 10:50:48,238 - INFO - spain_scraper.py:86 - Successfully collected data for 2025-08-24
2025-12-15 10:50:51,150 - INFO - spain_scraper.py:79 - Scraping data for 2025-08-25
2025-12-15 10:50:56,511 - INFO - spain_scraper.py:86 - Successfully collected data for 2025-08-25
2025-12-15 10:51:00,221 - INFO - spain_scraper.py:79 - Scraping data for 2025-08-26
2025-12-15 10:51:05,657 - INFO - spain_scraper.py:86 - Successfully collected data for 2025-08-26
2025-12-15 10:51:09,443 - INFO - spain_scraper.py:79 - Scraping data for 2025-08-27
2025-12-15 10:51:14,819 - INFO - spain_scraper.py:86 - Successfully collected data for 2025-08-27
2025-12-15 10:51:17,297 - INFO - spain_scraper.py:79 - Scraping data for 2025-08-28
2025-12-15 10:51:22,705 - INFO - spain_scraper.py:86 - Successfully collected data for 2025-08-28
2025-12-15 10:51:25,322 - INFO - spain_scraper.py:79 - Scraping data for 2025-08-29
2025-12-15 10:51:30,795 - INFO - spain_scraper.py:86 - Successfully collected data for 2025-08-29
2025-12-15 10:51:33,072 - INFO - spain_scraper.py:79 - Scraping data for 2025-08-30
2025-12-15 10:51:38,461 - INFO - spain_scraper.py:86 - Successfully collected data for 2025-08-30
2025-12-15 10:51:41,292 - INFO - spain_scraper.py:79 - Scraping data for 2025-08-31
2025-12-15 10:51:46,751 - INFO - spain_scraper.py:86 - Successfully collected data for 2025-08-31
2025-12-15 10:51:49,478 - INFO - spain_scraper.py:79 - Scraping data for 2025-09-01
2025-12-15 10:51:55,045 - INFO - spain_scraper.py:86 - Successfully collected data for 2025-09-01
2025-12-15 10:51:57,621 - INFO - spain_scraper.py:79 - Scraping data for 2025-09-02
2025-12-15 10:52:03,071 - INFO - spain_scraper.py:86 - Successfully collected data for 2025-09-02
2025-12-15 10:52:05,802 - INFO - spain_scraper.py:79 - Scraping data for 2025-09-03
2025-12-15 10:52:11,227 - INFO - spain_scraper.py:86 - Successfully collected data for 2025-09-03
2025-12-15 10:52:13,281 - INFO - spain_scraper.py:79 - Scraping data for 2025-09-04
2025-12-15 10:52:18,675 - INFO - spain_scraper.py:86 - Successfully collected data for 2025-09-04
2025-12-15 10:52:22,526 - INFO - spain_scraper.py:79 - Scraping data for 2025-09-05
2025-12-15 10:52:27,904 - INFO - spain_scraper.py:86 - Successfully collected data for 2025-09-05
2025-12-15 10:52:31,002 - INFO - spain_scraper.py:79 - Scraping data for 2025-09-06
2025-12-15 10:52:36,465 - INFO - spain_scraper.py:86 - Successfully collected data for 2025-09-06
2025-12-15 10:52:39,073 - INFO - spain_scraper.py:79 - Scraping data for 2025-09-07
2025-12-15 10:52:44,465 - INFO - spain_scraper.py:86 - Successfully collected data for 2025-09-07
2025-12-15 10:52:47,478 - INFO - spain_scraper.py:79 - Scraping data for 2025-09-08
2025-12-15 10:52:52,845 - INFO - spain_scraper.py:86 - Successfully collected data for 2025-09-08
2025-12-15 10:52:55,638 - INFO - spain_scraper.py:79 - Scraping data for 2025-09-09
2025-12-15 10:53:01,045 - INFO - spain_scraper.py:86 - Successfully collected data for 2025-09-09
2025-12-15 10:53:04,970 - INFO - spain_scraper.py:79 - Scraping data for 2025-09-10
2025-12-15 10:53:10,395 - INFO - spain_scraper.py:86 - Successfully collected data for 2025-09-10
2025-12-15 10:53:14,366 - INFO - spain_scraper.py:79 - Scraping data for 2025-09-11
2025-12-15 10:53:19,761 - INFO - spain_scraper.py:86 - Successfully collected data for 2025-09-11
2025-12-15 10:53:23,062 - INFO - spain_scraper.py:79 - Scraping data for 2025-09-12
2025-12-15 10:53:28,510 - INFO - spain_scraper.py:86 - Successfully collected data for 2025-09-12
2025-12-15 10:53:30,679 - INFO - spain_scraper.py:79 - Scraping data for 2025-09-13
2025-12-15 10:53:36,125 - INFO - spain_scraper.py:86 - Successfully collected data for 2025-09-13
2025-12-15 10:53:38,323 - INFO - spain_scraper.py:79 - Scraping data for 2025-09-14
2025-12-15 10:53:43,804 - INFO - spain_scraper.py:86 - Successfully collected data for 2025-09-14
2025-12-15 10:53:47,444 - INFO - spain_scraper.py:79 - Scraping data for 2025-09-15
2025-12-15 10:53:53,024 - INFO - spain_scraper.py:86 - Successfully collected data for 2025-09-15
2025-12-15 10:53:55,524 - INFO - spain_scraper.py:79 - Scraping data for 2025-09-16
2025-12-15 10:54:00,894 - INFO - spain_scraper.py:86 - Successfully collected data for 2025-09-16
2025-12-15 10:54:04,002 - INFO - spain_scraper.py:79 - Scraping data for 2025-09-17
2025-12-15 10:54:09,416 - INFO - spain_scraper.py:86 - Successfully collected data for 2025-09-17
2025-12-15 10:54:12,326 - INFO - spain_scraper.py:79 - Scraping data for 2025-09-18
2025-12-15 10:54:17,847 - INFO - spain_scraper.py:86 - Successfully collected data for 2025-09-18
2025-12-15 10:54:21,074 - INFO - spain_scraper.py:79 - Scraping data for 2025-09-19
2025-12-15 10:54:26,460 - INFO - spain_scraper.py:86 - Successfully collected data for 2025-09-19
2025-12-15 10:54:28,614 - INFO - spain_scraper.py:79 - Scraping data for 2025-09-20
2025-12-15 10:54:34,088 - INFO - spain_scraper.py:86 - Successfully collected data for 2025-09-20
2025-12-15 10:54:36,764 - INFO - spain_scraper.py:79 - Scraping data for 2025-09-21
2025-12-15 10:54:42,170 - INFO - spain_scraper.py:86 - Successfully collected data for 2025-09-21
2025-12-15 10:54:45,575 - INFO - spain_scraper.py:79 - Scraping data for 2025-09-22
2025-12-15 10:54:50,965 - INFO - spain_scraper.py:86 - Successfully collected data for 2025-09-22
2025-12-15 10:54:53,513 - INFO - spain_scraper.py:79 - Scraping data for 2025-09-23
2025-12-15 10:54:58,899 - INFO - spain_scraper.py:86 - Successfully collected data for 2025-09-23
2025-12-15 10:55:01,222 - INFO - spain_scraper.py:79 - Scraping data for 2025-09-24
2025-12-15 10:55:06,602 - INFO - spain_scraper.py:86 - Successfully collected data for 2025-09-24
2025-12-15 10:55:09,050 - INFO - spain_scraper.py:79 - Scraping data for 2025-09-25
2025-12-15 10:55:14,456 - INFO - spain_scraper.py:86 - Successfully collected data for 2025-09-25
2025-12-15 10:55:17,131 - INFO - spain_scraper.py:79 - Scraping data for 2025-09-26
2025-12-15 10:55:22,642 - INFO - spain_scraper.py:86 - Successfully collected data for 2025-09-26
2025-12-15 10:55:25,143 - INFO - spain_scraper.py:79 - Scraping data for 2025-09-27
2025-12-15 10:55:30,569 - INFO - spain_scraper.py:86 - Successfully collected data for 2025-09-27
2025-12-15 10:55:33,882 - INFO - spain_scraper.py:79 - Scraping data for 2025-09-28
2025-12-15 10:55:39,414 - INFO - spain_scraper.py:86 - Successfully collected data for 2025-09-28
2025-12-15 10:55:41,423 - INFO - spain_scraper.py:79 - Scraping data for 2025-09-29
2025-12-15 10:55:46,838 - INFO - spain_scraper.py:86 - Successfully collected data for 2025-09-29
2025-12-15 10:55:50,680 - INFO - spain_scraper.py:79 - Scraping data for 2025-09-30
2025-12-15 10:55:56,121 - INFO - spain_scraper.py:86 - Successfully collected data for 2025-09-30
2025-12-15 10:55:58,790 - INFO - spain_scraper.py:79 - Scraping data for 2025-10-01
2025-12-15 10:56:04,251 - INFO - spain_scraper.py:86 - Successfully collected data for 2025-10-01
2025-12-15 10:56:06,316 - INFO - spain_scraper.py:79 - Scraping data for 2025-10-02
2025-12-15 10:56:11,816 - INFO - spain_scraper.py:86 - Successfully collected data for 2025-10-02
2025-12-15 10:56:15,387 - INFO - spain_scraper.py:79 - Scraping data for 2025-10-03
2025-12-15 10:56:20,848 - INFO - spain_scraper.py:86 - Successfully collected data for 2025-10-03
2025-12-15 10:56:22,886 - INFO - spain_scraper.py:79 - Scraping data for 2025-10-04
2025-12-15 10:56:28,276 - INFO - spain_scraper.py:86 - Successfully collected data for 2025-10-04
2025-12-15 10:56:32,104 - INFO - spain_scraper.py:79 - Scraping data for 2025-10-05
2025-12-15 10:56:37,576 - INFO - spain_scraper.py:86 - Successfully collected data for 2025-10-05
2025-12-15 10:56:41,248 - INFO - spain_scraper.py:79 - Scraping data for 2025-10-06
2025-12-15 10:56:46,678 - INFO - spain_scraper.py:86 - Successfully collected data for 2025-10-06
2025-12-15 10:56:50,409 - INFO - spain_scraper.py:79 - Scraping data for 2025-10-07
2025-12-15 10:56:55,910 - INFO - spain_scraper.py:86 - Successfully collected data for 2025-10-07
2025-12-15 10:56:59,618 - INFO - spain_scraper.py:79 - Scraping data for 2025-10-08
2025-12-15 10:57:05,065 - INFO - spain_scraper.py:86 - Successfully collected data for 2025-10-08
2025-12-15 10:57:07,905 - INFO - spain_scraper.py:79 - Scraping data for 2025-10-09
2025-12-15 10:57:13,397 - INFO - spain_scraper.py:86 - Successfully collected data for 2025-10-09
2025-12-15 10:57:16,567 - INFO - spain_scraper.py:79 - Scraping data for 2025-10-10
2025-12-15 10:57:22,009 - INFO - spain_scraper.py:86 - Successfully collected data for 2025-10-10
2025-12-15 10:57:24,134 - INFO - spain_scraper.py:79 - Scraping data for 2025-10-11
2025-12-15 10:57:29,573 - INFO - spain_scraper.py:86 - Successfully collected data for 2025-10-11
2025-12-15 10:57:32,466 - INFO - spain_scraper.py:79 - Scraping data for 2025-10-12
2025-12-15 10:57:37,920 - INFO - spain_scraper.py:86 - Successfully collected data for 2025-10-12
2025-12-15 10:57:39,960 - INFO - spain_scraper.py:79 - Scraping data for 2025-10-13
2025-12-15 10:57:45,394 - INFO - spain_scraper.py:86 - Successfully collected data for 2025-10-13
2025-12-15 10:57:48,211 - INFO - spain_scraper.py:79 - Scraping data for 2025-10-14
2025-12-15 10:57:53,659 - INFO - spain_scraper.py:86 - Successfully collected data for 2025-10-14
2025-12-15 10:57:57,364 - INFO - spain_scraper.py:79 - Scraping data for 2025-10-15
2025-12-15 10:58:02,779 - INFO - spain_scraper.py:86 - Successfully collected data for 2025-10-15
2025-12-15 10:58:06,741 - INFO - spain_scraper.py:79 - Scraping data for 2025-10-16
2025-12-15 10:58:12,183 - INFO - spain_scraper.py:86 - Successfully collected data for 2025-10-16
2025-12-15 10:58:14,309 - INFO - spain_scraper.py:79 - Scraping data for 2025-10-17
2025-12-15 10:58:19,736 - INFO - spain_scraper.py:86 - Successfully collected data for 2025-10-17
2025-12-15 10:58:22,767 - INFO - spain_scraper.py:79 - Scraping data for 2025-10-18
2025-12-15 10:58:28,195 - INFO - spain_scraper.py:86 - Successfully collected data for 2025-10-18
2025-12-15 10:58:30,326 - INFO - spain_scraper.py:79 - Scraping data for 2025-10-19
2025-12-15 10:58:35,721 - INFO - spain_scraper.py:86 - Successfully collected data for 2025-10-19
2025-12-15 10:58:37,755 - INFO - spain_scraper.py:79 - Scraping data for 2025-10-20
2025-12-15 10:58:43,186 - INFO - spain_scraper.py:86 - Successfully collected data for 2025-10-20
2025-12-15 10:58:46,284 - INFO - spain_scraper.py:79 - Scraping data for 2025-10-21
2025-12-15 10:58:51,687 - INFO - spain_scraper.py:86 - Successfully collected data for 2025-10-21
2025-12-15 10:58:55,641 - INFO - spain_scraper.py:79 - Scraping data for 2025-10-22
2025-12-15 10:59:01,142 - INFO - spain_scraper.py:86 - Successfully collected data for 2025-10-22
2025-12-15 10:59:04,679 - INFO - spain_scraper.py:79 - Scraping data for 2025-10-23
2025-12-15 10:59:10,106 - INFO - spain_scraper.py:86 - Successfully collected data for 2025-10-23
2025-12-15 10:59:12,756 - INFO - spain_scraper.py:79 - Scraping data for 2025-10-24
2025-12-15 10:59:18,197 - INFO - spain_scraper.py:86 - Successfully collected data for 2025-10-24
2025-12-15 10:59:21,933 - INFO - spain_scraper.py:79 - Scraping data for 2025-10-25
2025-12-15 10:59:27,370 - INFO - spain_scraper.py:86 - Successfully collected data for 2025-10-25
2025-12-15 10:59:30,877 - INFO - spain_scraper.py:79 - Scraping data for 2025-10-26
2025-12-15 10:59:36,293 - INFO - spain_scraper.py:86 - Successfully collected data for 2025-10-26
2025-12-15 10:59:38,745 - INFO - spain_scraper.py:79 - Scraping data for 2025-10-27
2025-12-15 10:59:44,154 - INFO - spain_scraper.py:86 - Successfully collected data for 2025-10-27
2025-12-15 10:59:47,333 - INFO - spain_scraper.py:51 - Taking a longer break after 300 requests...
2025-12-15 11:00:52,492 - INFO - spain_scraper.py:79 - Scraping data for 2025-10-28
2025-12-15 11:00:57,983 - INFO - spain_scraper.py:86 - Successfully collected data for 2025-10-28
2025-12-15 11:01:00,075 - INFO - spain_scraper.py:79 - Scraping data for 2025-10-29
2025-12-15 11:01:05,545 - INFO - spain_scraper.py:86 - Successfully collected data for 2025-10-29
2025-12-15 11:01:08,701 - INFO - spain_scraper.py:79 - Scraping data for 2025-10-30
2025-12-15 11:01:14,198 - INFO - spain_scraper.py:86 - Successfully collected data for 2025-10-30
2025-12-15 11:01:16,908 - INFO - spain_scraper.py:79 - Scraping data for 2025-10-31
2025-12-15 11:01:22,561 - INFO - spain_scraper.py:86 - Successfully collected data for 2025-10-31
2025-12-15 11:01:25,029 - INFO - spain_scraper.py:79 - Scraping data for 2025-11-01
2025-12-15 11:01:30,562 - INFO - spain_scraper.py:86 - Successfully collected data for 2025-11-01
2025-12-15 11:01:33,093 - INFO - spain_scraper.py:79 - Scraping data for 2025-11-02
2025-12-15 11:01:38,605 - INFO - spain_scraper.py:86 - Successfully collected data for 2025-11-02
2025-12-15 11:01:41,212 - INFO - spain_scraper.py:79 - Scraping data for 2025-11-03
2025-12-15 11:01:46,649 - INFO - spain_scraper.py:86 - Successfully collected data for 2025-11-03
2025-12-15 11:01:50,453 - INFO - spain_scraper.py:79 - Scraping data for 2025-11-04
2025-12-15 11:01:55,944 - INFO - spain_scraper.py:86 - Successfully collected data for 2025-11-04
2025-12-15 11:01:59,766 - INFO - spain_scraper.py:79 - Scraping data for 2025-11-05
2025-12-15 11:02:05,231 - INFO - spain_scraper.py:86 - Successfully collected data for 2025-11-05
2025-12-15 11:02:07,439 - INFO - spain_scraper.py:79 - Scraping data for 2025-11-06
2025-12-15 11:02:12,880 - INFO - spain_scraper.py:86 - Successfully collected data for 2025-11-06
2025-12-15 11:02:16,019 - INFO - spain_scraper.py:79 - Scraping data for 2025-11-07
2025-12-15 11:02:21,488 - INFO - spain_scraper.py:86 - Successfully collected data for 2025-11-07
2025-12-15 11:02:24,906 - INFO - spain_scraper.py:79 - Scraping data for 2025-11-08
2025-12-15 11:02:30,329 - INFO - spain_scraper.py:86 - Successfully collected data for 2025-11-08
2025-12-15 11:02:32,626 - INFO - spain_scraper.py:79 - Scraping data for 2025-11-09
2025-12-15 11:02:38,089 - INFO - spain_scraper.py:86 - Successfully collected data for 2025-11-09
2025-12-15 11:02:40,343 - INFO - spain_scraper.py:79 - Scraping data for 2025-11-10
2025-12-15 11:02:45,813 - INFO - spain_scraper.py:86 - Successfully collected data for 2025-11-10
2025-12-15 11:02:48,975 - INFO - spain_scraper.py:79 - Scraping data for 2025-11-11
2025-12-15 11:02:54,417 - INFO - spain_scraper.py:86 - Successfully collected data for 2025-11-11
2025-12-15 11:02:56,572 - INFO - spain_scraper.py:79 - Scraping data for 2025-11-12
2025-12-15 11:03:02,011 - INFO - spain_scraper.py:86 - Successfully collected data for 2025-11-12
2025-12-15 11:03:04,216 - INFO - spain_scraper.py:79 - Scraping data for 2025-11-13
2025-12-15 11:03:09,650 - INFO - spain_scraper.py:86 - Successfully collected data for 2025-11-13
2025-12-15 11:03:13,282 - INFO - spain_scraper.py:79 - Scraping data for 2025-11-14
2025-12-15 11:03:18,715 - INFO - spain_scraper.py:86 - Successfully collected data for 2025-11-14
2025-12-15 11:03:21,414 - INFO - spain_scraper.py:79 - Scraping data for 2025-11-15
2025-12-15 11:03:26,831 - INFO - spain_scraper.py:86 - Successfully collected data for 2025-11-15
2025-12-15 11:03:29,732 - INFO - spain_scraper.py:79 - Scraping data for 2025-11-16
2025-12-15 11:03:35,181 - INFO - spain_scraper.py:86 - Successfully collected data for 2025-11-16
2025-12-15 11:03:37,629 - INFO - spain_scraper.py:79 - Scraping data for 2025-11-17
2025-12-15 11:03:43,105 - INFO - spain_scraper.py:86 - Successfully collected data for 2025-11-17
2025-12-15 11:03:46,124 - INFO - spain_scraper.py:79 - Scraping data for 2025-11-18
2025-12-15 11:03:51,609 - INFO - spain_scraper.py:86 - Successfully collected data for 2025-11-18
2025-12-15 11:03:55,237 - INFO - spain_scraper.py:79 - Scraping data for 2025-11-19
2025-12-15 11:04:00,734 - INFO - spain_scraper.py:86 - Successfully collected data for 2025-11-19
2025-12-15 11:04:03,691 - INFO - spain_scraper.py:79 - Scraping data for 2025-11-20
2025-12-15 11:04:09,138 - INFO - spain_scraper.py:86 - Successfully collected data for 2025-11-20
2025-12-15 11:04:12,874 - INFO - spain_scraper.py:79 - Scraping data for 2025-11-21
2025-12-15 11:04:18,368 - INFO - spain_scraper.py:86 - Successfully collected data for 2025-11-21
2025-12-15 11:04:21,395 - INFO - spain_scraper.py:79 - Scraping data for 2025-11-22
2025-12-15 11:04:26,832 - INFO - spain_scraper.py:86 - Successfully collected data for 2025-11-22
2025-12-15 11:04:30,554 - INFO - spain_scraper.py:79 - Scraping data for 2025-11-23
2025-12-15 11:04:36,002 - INFO - spain_scraper.py:86 - Successfully collected data for 2025-11-23
2025-12-15 11:04:39,262 - INFO - spain_scraper.py:79 - Scraping data for 2025-11-24
2025-12-15 11:04:44,697 - INFO - spain_scraper.py:86 - Successfully collected data for 2025-11-24
2025-12-15 11:04:46,929 - INFO - spain_scraper.py:79 - Scraping data for 2025-11-25
2025-12-15 11:04:52,381 - INFO - spain_scraper.py:86 - Successfully collected data for 2025-11-25
2025-12-15 11:04:55,790 - INFO - spain_scraper.py:79 - Scraping data for 2025-11-26
2025-12-15 11:05:01,260 - INFO - spain_scraper.py:86 - Successfully collected data for 2025-11-26
2025-12-15 11:05:03,726 - INFO - spain_scraper.py:79 - Scraping data for 2025-11-27
2025-12-15 11:05:09,221 - INFO - spain_scraper.py:86 - Successfully collected data for 2025-11-27
2025-12-15 11:05:11,321 - INFO - spain_scraper.py:79 - Scraping data for 2025-11-28
2025-12-15 11:05:16,766 - INFO - spain_scraper.py:86 - Successfully collected data for 2025-11-28
2025-12-15 11:05:20,049 - INFO - spain_scraper.py:79 - Scraping data for 2025-11-29
2025-12-15 11:05:25,488 - INFO - spain_scraper.py:86 - Successfully collected data for 2025-11-29
2025-12-15 11:05:27,637 - INFO - spain_scraper.py:79 - Scraping data for 2025-11-30
2025-12-15 11:05:33,117 - INFO - spain_scraper.py:86 - Successfully collected data for 2025-11-30
2025-12-15 11:05:36,235 - INFO - spain_scraper.py:79 - Scraping data for 2025-12-01
2025-12-15 11:05:41,677 - INFO - spain_scraper.py:86 - Successfully collected data for 2025-12-01
2025-12-15 11:05:43,865 - INFO - spain_scraper.py:79 - Scraping data for 2025-12-02
2025-12-15 11:05:49,321 - INFO - spain_scraper.py:86 - Successfully collected data for 2025-12-02
2025-12-15 11:05:51,526 - INFO - spain_scraper.py:79 - Scraping data for 2025-12-03
2025-12-15 11:05:56,960 - INFO - spain_scraper.py:86 - Successfully collected data for 2025-12-03
2025-12-15 11:05:59,308 - INFO - spain_scraper.py:79 - Scraping data for 2025-12-04
2025-12-15 11:06:04,790 - INFO - spain_scraper.py:86 - Successfully collected data for 2025-12-04
2025-12-15 11:06:08,177 - INFO - spain_scraper.py:79 - Scraping data for 2025-12-05
2025-12-15 11:06:13,613 - INFO - spain_scraper.py:86 - Successfully collected data for 2025-12-05
2025-12-15 11:06:17,406 - INFO - spain_scraper.py:79 - Scraping data for 2025-12-06
2025-12-15 11:06:22,831 - INFO - spain_scraper.py:86 - Successfully collected data for 2025-12-06
2025-12-15 11:06:25,985 - INFO - spain_scraper.py:79 - Scraping data for 2025-12-07
2025-12-15 11:06:31,442 - INFO - spain_scraper.py:86 - Successfully collected data for 2025-12-07
2025-12-15 11:06:35,342 - INFO - spain_scraper.py:79 - Scraping data for 2025-12-08
2025-12-15 11:06:40,783 - INFO - spain_scraper.py:86 - Successfully collected data for 2025-12-08
2025-12-15 11:06:44,677 - INFO - spain_scraper.py:79 - Scraping data for 2025-12-09
2025-12-15 11:06:50,119 - INFO - spain_scraper.py:86 - Successfully collected data for 2025-12-09
2025-12-15 11:06:53,711 - INFO - spain_scraper.py:79 - Scraping data for 2025-12-10
2025-12-15 11:06:59,182 - INFO - spain_scraper.py:86 - Successfully collected data for 2025-12-10
2025-12-15 11:07:02,098 - INFO - spain_scraper.py:79 - Scraping data for 2025-12-11
2025-12-15 11:07:07,548 - INFO - spain_scraper.py:86 - Successfully collected data for 2025-12-11
2025-12-15 11:07:09,864 - INFO - spain_scraper.py:79 - Scraping data for 2025-12-12
2025-12-15 11:07:15,400 - INFO - spain_scraper.py:86 - Successfully collected data for 2025-12-12
2025-12-15 11:07:17,579 - INFO - spain_scraper.py:79 - Scraping data for 2025-12-13
2025-12-15 11:07:23,014 - INFO - spain_scraper.py:86 - Successfully collected data for 2025-12-13
2025-12-15 11:07:25,496 - INFO - spain_scraper.py:101 - Dataset saved to src\data\raw\spain\spain_gas_demand_2025-01-01_2025-12-13.csv
2025-12-15 11:07:27,618 - INFO - update_raw_data.py:47 - 
Scraping Results:
2025-12-15 11:07:27,618 - INFO - update_raw_data.py:50 - AustriaScraper: Success
2025-12-15 11:07:27,619 - INFO - update_raw_data.py:50 - BnetzaScraper: Success
2025-12-15 11:07:27,619 - INFO - update_raw_data.py:50 - DenmarkScraper: Success
2025-12-15 11:07:27,619 - INFO - update_raw_data.py:50 - EnergyChartsScraper: Success
2025-12-15 11:07:27,619 - INFO - update_raw_data.py:50 - EntsogScraper: Success
2025-12-15 11:07:27,619 - INFO - update_raw_data.py:50 - EurostatScraper: Success
2025-12-15 11:07:27,619 - INFO - update_raw_data.py:50 - FranceScraper: Success
2025-12-15 11:07:27,619 - INFO - update_raw_data.py:50 - GermanyScraper: Success
2025-12-15 11:07:27,619 - INFO - update_raw_data.py:50 - UKScraper: Success
2025-12-15 11:07:27,619 - INFO - update_raw_data.py:50 - SpainScraper: Success
2025-12-15 11:07:27,660 - INFO - main.py:54 - Successfully extracted data for AustriaDemandExtractor
2025-12-15 11:07:27,675 - INFO - main.py:54 - Successfully extracted data for DenmarkDemandExtractor
2025-12-15 11:07:28,963 - INFO - main.py:54 - Successfully extracted data for FranceDemandExtractor
2025-12-15 11:07:28,982 - INFO - germany_demand.py:79 - Successfully processed THE data
2025-12-15 11:07:29,010 - INFO - germany_demand.py:117 - Successfully processed GASPOOL/NCG data
2025-12-15 11:07:29,012 - INFO - main.py:54 - Successfully extracted data for GermanyDemandExtractor
2025-12-15 11:07:29,114 - INFO - main.py:54 - Successfully extracted data for EntsogDemandExtractor
2025-12-15 11:07:29,118 - INFO - main.py:54 - Successfully extracted data for EnergyChartsDemandExtractor
2025-12-15 11:07:29,156 - INFO - main.py:54 - Successfully extracted data for UKDemandExtractor
2025-12-15 11:07:29,220 - INFO - main.py:72 - Found demand data for 26 countries
2025-12-15 11:07:29,399 - INFO - main.py:74 - All data saved successfully
2025-12-15 16:59:53,552 - INFO - main.py:30 - Updating raw data files...
2025-12-15 16:59:53,862 - INFO - update_raw_data.py:36 - Running AustriaScraper...
2025-12-15 16:59:53,862 - INFO - austria_scraper.py:30 - Fetching data from https://energie.wifo.ac.at/data/gas/consumption-aggm.csv
2025-12-15 16:59:54,672 - INFO - austria_scraper.py:34 - Response status code: 200
2025-12-15 16:59:54,672 - INFO - austria_scraper.py:35 - Response headers: {'Date': 'Mon, 15 Dec 2025 16:59:54 GMT', 'Server': 'Apache/2.4.58 (Ubuntu) OpenSSL/3.0.13', 'Strict-Transport-Security': 'max-age=15768000; includeSubDomains', 'Last-Modified': 'Mon, 15 Dec 2025 05:00:21 GMT', 'ETag': '"58a28-645f67cf758a6"', 'Accept-Ranges': 'bytes', 'Content-Length': '363048', 'Keep-Alive': 'timeout=5, max=100', 'Connection': 'Keep-Alive', 'Content-Type': 'text/csv'}
2025-12-15 16:59:54,675 - INFO - austria_scraper.py:44 - Successfully saved raw Austrian data to src\data\raw\consumption-aggm.csv
2025-12-15 16:59:54,675 - INFO - update_raw_data.py:36 - Running BnetzaScraper...
2025-12-15 16:59:54,699 - INFO - bnetza_scraper.py:72 - Stored data on BNetzA German household consumption returned.
2025-12-15 16:59:55,866 - INFO - bnetza_scraper.py:100 - New BNetzA csv file downloaded
2025-12-15 16:59:55,883 - INFO - bnetza_scraper.py:193 - Successfully saved updated German household demand data to src/data/raw/germany_household/latest_data.csv
2025-12-15 16:59:55,883 - INFO - update_raw_data.py:36 - Running DenmarkScraper...
2025-12-15 16:59:55,884 - INFO - denmark_scraper.py:27 - Fetching data from https://api.energidataservice.dk/dataset/Gasflow since 2015
2025-12-15 16:59:56,619 - INFO - denmark_scraper.py:38 - Successfully saved Danish gas flow data to src\data\raw\denmark_gasflow.json
2025-12-15 16:59:56,619 - INFO - update_raw_data.py:36 - Running EnergyChartsScraper...
2025-12-15 16:59:56,625 - INFO - energy_charts_scraper.py:39 - Performing regular 30-day power demand update
2025-12-15 16:59:57,602 - INFO - energy_charts_scraper.py:145 - Found 32 days of data for AT
2025-12-15 16:59:57,603 - INFO - energy_charts_scraper.py:52 - Successfully retrieved power data for AT (1/26)
2025-12-15 17:00:00,499 - INFO - energy_charts_scraper.py:145 - Found 32 days of data for BE
2025-12-15 17:00:00,499 - INFO - energy_charts_scraper.py:52 - Successfully retrieved power data for BE (2/26)
2025-12-15 17:00:06,714 - INFO - energy_charts_scraper.py:145 - Found 32 days of data for BG
2025-12-15 17:00:06,715 - INFO - energy_charts_scraper.py:52 - Successfully retrieved power data for BG (3/26)
2025-12-15 17:00:12,018 - INFO - energy_charts_scraper.py:145 - Found 32 days of data for HR
2025-12-15 17:00:12,019 - INFO - energy_charts_scraper.py:52 - Successfully retrieved power data for HR (4/26)
2025-12-15 17:00:15,019 - INFO - energy_charts_scraper.py:145 - Found 32 days of data for CZ
2025-12-15 17:00:15,020 - INFO - energy_charts_scraper.py:52 - Successfully retrieved power data for CZ (5/26)
2025-12-15 17:00:17,886 - INFO - energy_charts_scraper.py:145 - Found 32 days of data for DK
2025-12-15 17:00:17,887 - INFO - energy_charts_scraper.py:52 - Successfully retrieved power data for DK (6/26)
2025-12-15 17:00:20,642 - INFO - energy_charts_scraper.py:145 - Found 32 days of data for EE
2025-12-15 17:00:20,642 - INFO - energy_charts_scraper.py:52 - Successfully retrieved power data for EE (7/26)
2025-12-15 17:00:23,711 - INFO - energy_charts_scraper.py:145 - Found 32 days of data for FI
2025-12-15 17:00:23,711 - INFO - energy_charts_scraper.py:52 - Successfully retrieved power data for FI (8/26)
2025-12-15 17:00:26,705 - INFO - energy_charts_scraper.py:145 - Found 32 days of data for FR
2025-12-15 17:00:26,705 - INFO - energy_charts_scraper.py:52 - Successfully retrieved power data for FR (9/26)
2025-12-15 17:00:29,748 - INFO - energy_charts_scraper.py:145 - Found 32 days of data for DE
2025-12-15 17:00:29,749 - INFO - energy_charts_scraper.py:52 - Successfully retrieved power data for DE (10/26)
2025-12-15 17:00:32,433 - INFO - energy_charts_scraper.py:145 - Found 32 days of data for GR
2025-12-15 17:00:32,434 - INFO - energy_charts_scraper.py:52 - Successfully retrieved power data for GR (11/26)
2025-12-15 17:00:35,588 - INFO - energy_charts_scraper.py:145 - Found 32 days of data for HU
2025-12-15 17:00:35,588 - INFO - energy_charts_scraper.py:52 - Successfully retrieved power data for HU (12/26)
2025-12-15 17:00:38,462 - INFO - energy_charts_scraper.py:145 - Found 32 days of data for IE
2025-12-15 17:00:38,462 - INFO - energy_charts_scraper.py:52 - Successfully retrieved power data for IE (13/26)
2025-12-15 17:00:41,371 - INFO - energy_charts_scraper.py:145 - Found 32 days of data for IT
2025-12-15 17:00:41,372 - INFO - energy_charts_scraper.py:52 - Successfully retrieved power data for IT (14/26)
2025-12-15 17:00:44,087 - INFO - energy_charts_scraper.py:145 - Found 32 days of data for LV
2025-12-15 17:00:44,087 - INFO - energy_charts_scraper.py:52 - Successfully retrieved power data for LV (15/26)
2025-12-15 17:00:46,948 - INFO - energy_charts_scraper.py:145 - Found 32 days of data for LT
2025-12-15 17:00:46,948 - INFO - energy_charts_scraper.py:52 - Successfully retrieved power data for LT (16/26)
2025-12-15 17:00:49,885 - INFO - energy_charts_scraper.py:145 - Found 32 days of data for LU
2025-12-15 17:00:49,885 - INFO - energy_charts_scraper.py:52 - Successfully retrieved power data for LU (17/26)
2025-12-15 17:00:52,881 - INFO - energy_charts_scraper.py:145 - Found 32 days of data for NL
2025-12-15 17:00:52,881 - INFO - energy_charts_scraper.py:52 - Successfully retrieved power data for NL (18/26)
2025-12-15 17:00:55,804 - INFO - energy_charts_scraper.py:145 - Found 32 days of data for PL
2025-12-15 17:00:55,804 - INFO - energy_charts_scraper.py:52 - Successfully retrieved power data for PL (19/26)
2025-12-15 17:00:58,522 - INFO - energy_charts_scraper.py:145 - Found 32 days of data for PT
2025-12-15 17:00:58,522 - INFO - energy_charts_scraper.py:52 - Successfully retrieved power data for PT (20/26)
2025-12-15 17:01:01,609 - INFO - energy_charts_scraper.py:145 - Found 32 days of data for RO
2025-12-15 17:01:01,609 - INFO - energy_charts_scraper.py:52 - Successfully retrieved power data for RO (21/26)
2025-12-15 17:01:04,321 - INFO - energy_charts_scraper.py:145 - Found 32 days of data for SK
2025-12-15 17:01:04,322 - INFO - energy_charts_scraper.py:52 - Successfully retrieved power data for SK (22/26)
2025-12-15 17:01:07,136 - INFO - energy_charts_scraper.py:145 - Found 32 days of data for SI
2025-12-15 17:01:07,137 - INFO - energy_charts_scraper.py:52 - Successfully retrieved power data for SI (23/26)
2025-12-15 17:01:10,195 - INFO - energy_charts_scraper.py:145 - Found 32 days of data for ES
2025-12-15 17:01:10,196 - INFO - energy_charts_scraper.py:52 - Successfully retrieved power data for ES (24/26)
2025-12-15 17:01:12,970 - INFO - energy_charts_scraper.py:145 - Found 32 days of data for SE
2025-12-15 17:01:12,970 - INFO - energy_charts_scraper.py:52 - Successfully retrieved power data for SE (25/26)
2025-12-15 17:01:15,849 - INFO - energy_charts_scraper.py:145 - Found 32 days of data for UK
2025-12-15 17:01:15,849 - INFO - energy_charts_scraper.py:52 - Successfully retrieved power data for UK (26/26)
2025-12-15 17:01:17,861 - INFO - update_raw_data.py:36 - Running EntsogScraper...
2025-12-15 17:01:17,862 - INFO - entsog_scraper.py:32 - Performing regular 50-day ENTSOG update
2025-12-15 17:01:17,862 - INFO - entsog_scraper.py:115 - Found existing data at src\data\raw\entsog_data.csv
2025-12-15 17:01:17,908 - INFO - entsog_scraper.py:118 - Loaded 80828 records with 39 unique points
2025-12-15 17:01:17,913 - INFO - entsog_scraper.py:47 - Point pt-tso-0001fnc-00001exit: Found 2412 existing dates
2025-12-15 17:01:18,670 - INFO - entsog_scraper.py:89 - Point 1/39 (pt-tso-0001fnc-00001exit): Added 0 new records
2025-12-15 17:01:20,677 - INFO - entsog_scraper.py:47 - Point pt-tso-0001dis-00001exit: Found 2412 existing dates
2025-12-15 17:01:21,223 - INFO - entsog_scraper.py:89 - Point 2/39 (pt-tso-0001dis-00001exit): Added 0 new records
2025-12-15 17:01:23,228 - INFO - entsog_scraper.py:47 - Point hr-tso-0001fnc-00018exit: Found 2408 existing dates
2025-12-15 17:01:24,188 - INFO - entsog_scraper.py:89 - Point 3/39 (hr-tso-0001fnc-00018exit): Added 0 new records
2025-12-15 17:01:26,193 - INFO - entsog_scraper.py:47 - Point fr-tso-0002dis-00188exit: Found 2410 existing dates
2025-12-15 17:01:26,780 - INFO - entsog_scraper.py:89 - Point 4/39 (fr-tso-0002dis-00188exit): Added 0 new records
2025-12-15 17:01:28,785 - INFO - entsog_scraper.py:47 - Point fr-tso-0002fnc-00015exit: Found 2410 existing dates
2025-12-15 17:01:29,478 - INFO - entsog_scraper.py:89 - Point 5/39 (fr-tso-0002fnc-00015exit): Added 0 new records
2025-12-15 17:01:31,484 - INFO - entsog_scraper.py:47 - Point it-tso-0001dis-00005exit: Found 2410 existing dates
2025-12-15 17:01:32,107 - INFO - entsog_scraper.py:89 - Point 6/39 (it-tso-0001dis-00005exit): Added 0 new records
2025-12-15 17:01:34,113 - INFO - entsog_scraper.py:47 - Point it-tso-0001fnc-00006exit: Found 2410 existing dates
2025-12-15 17:01:34,702 - INFO - entsog_scraper.py:89 - Point 7/39 (it-tso-0001fnc-00006exit): Added 0 new records
2025-12-15 17:01:36,708 - INFO - entsog_scraper.py:47 - Point it-tso-0001fnc-00005exit: Found 2410 existing dates
2025-12-15 17:01:37,372 - INFO - entsog_scraper.py:89 - Point 8/39 (it-tso-0001fnc-00005exit): Added 0 new records
2025-12-15 17:01:39,380 - INFO - entsog_scraper.py:47 - Point lu-tso-0001dis-00194exit: Found 2378 existing dates
2025-12-15 17:01:40,504 - INFO - entsog_scraper.py:89 - Point 9/39 (lu-tso-0001dis-00194exit): Added 0 new records
2025-12-15 17:01:42,509 - INFO - entsog_scraper.py:47 - Point lu-tso-0001fnc-00041exit: Found 2378 existing dates
2025-12-15 17:01:43,102 - INFO - entsog_scraper.py:89 - Point 10/39 (lu-tso-0001fnc-00041exit): Added 0 new records
2025-12-15 17:01:45,108 - INFO - entsog_scraper.py:47 - Point lv-tso-0001fnc-00205exit: Found 2042 existing dates
2025-12-15 17:01:45,763 - INFO - entsog_scraper.py:89 - Point 11/39 (lv-tso-0001fnc-00205exit): Added 1 new records
2025-12-15 17:01:47,769 - INFO - entsog_scraper.py:47 - Point ee-tso-0001fnc-00037exit: Found 2406 existing dates
2025-12-15 17:01:48,299 - INFO - entsog_scraper.py:89 - Point 12/39 (ee-tso-0001fnc-00037exit): Added 0 new records
2025-12-15 17:01:50,303 - INFO - entsog_scraper.py:47 - Point hu-tso-0001fnc-00200exit: Found 2412 existing dates
2025-12-15 17:01:50,800 - INFO - entsog_scraper.py:89 - Point 13/39 (hu-tso-0001fnc-00200exit): Added 0 new records
2025-12-15 17:01:52,806 - INFO - entsog_scraper.py:47 - Point hu-tso-0001dis-00196exit: Found 2412 existing dates
2025-12-15 17:01:53,275 - INFO - entsog_scraper.py:89 - Point 14/39 (hu-tso-0001dis-00196exit): Added 0 new records
2025-12-15 17:01:55,280 - INFO - entsog_scraper.py:47 - Point ro-tso-0001fnc-00010exit: Found 2409 existing dates
2025-12-15 17:01:55,797 - INFO - entsog_scraper.py:89 - Point 15/39 (ro-tso-0001fnc-00010exit): Added 1 new records
2025-12-15 17:01:57,802 - INFO - entsog_scraper.py:47 - Point ro-tso-0001dis-00058exit: Found 2409 existing dates
2025-12-15 17:01:58,664 - INFO - entsog_scraper.py:89 - Point 16/39 (ro-tso-0001dis-00058exit): Added 1 new records
2025-12-15 17:02:00,668 - INFO - entsog_scraper.py:47 - Point si-tso-0001dis-00059exit: Found 2411 existing dates
2025-12-15 17:02:01,147 - INFO - entsog_scraper.py:89 - Point 17/39 (si-tso-0001dis-00059exit): Added 0 new records
2025-12-15 17:02:03,151 - INFO - entsog_scraper.py:47 - Point nl-tso-0001dis-00187exit: Found 1277 existing dates
2025-12-15 17:02:03,620 - ERROR - entsog_scraper.py:93 - Error processing point nl-tso-0001dis-00187exit: Expecting value: line 1 column 1 (char 0)
2025-12-15 17:02:03,624 - INFO - entsog_scraper.py:47 - Point nl-tso-0001fnc-00014exit: Found 1277 existing dates
2025-12-15 17:02:04,062 - ERROR - entsog_scraper.py:93 - Error processing point nl-tso-0001fnc-00014exit: Expecting value: line 1 column 1 (char 0)
2025-12-15 17:02:04,067 - INFO - entsog_scraper.py:47 - Point nl-tso-0001dis-00201exit: Found 1133 existing dates
2025-12-15 17:02:04,539 - INFO - entsog_scraper.py:89 - Point 20/39 (nl-tso-0001dis-00201exit): Added 0 new records
2025-12-15 17:02:06,544 - INFO - entsog_scraper.py:47 - Point nl-tso-0001dis-00202exit: Found 1133 existing dates
2025-12-15 17:02:07,025 - INFO - entsog_scraper.py:89 - Point 21/39 (nl-tso-0001dis-00202exit): Added 0 new records
2025-12-15 17:02:09,029 - INFO - entsog_scraper.py:47 - Point nl-tso-0001fnc-00013exit: Found 1277 existing dates
2025-12-15 17:02:09,477 - ERROR - entsog_scraper.py:93 - Error processing point nl-tso-0001fnc-00013exit: Expecting value: line 1 column 1 (char 0)
2025-12-15 17:02:09,481 - INFO - entsog_scraper.py:47 - Point nl-tso-0001fnc-00208exit: Found 1133 existing dates
2025-12-15 17:02:09,944 - INFO - entsog_scraper.py:89 - Point 23/39 (nl-tso-0001fnc-00208exit): Added 0 new records
2025-12-15 17:02:11,949 - INFO - entsog_scraper.py:47 - Point nl-tso-0001fnc-00209exit: Found 1133 existing dates
2025-12-15 17:02:12,910 - INFO - entsog_scraper.py:89 - Point 24/39 (nl-tso-0001fnc-00209exit): Added 0 new records
2025-12-15 17:02:14,916 - INFO - entsog_scraper.py:47 - Point nl-tso-0001fnc-00210exit: Found 1133 existing dates
2025-12-15 17:02:15,376 - INFO - entsog_scraper.py:89 - Point 25/39 (nl-tso-0001fnc-00210exit): Added 0 new records
2025-12-15 17:02:17,382 - INFO - entsog_scraper.py:47 - Point nl-tso-0001fnc-00211exit: Found 1133 existing dates
2025-12-15 17:02:18,172 - INFO - entsog_scraper.py:89 - Point 26/39 (nl-tso-0001fnc-00211exit): Added 0 new records
2025-12-15 17:02:20,177 - INFO - entsog_scraper.py:47 - Point be-tso-0001dis-00192exit: Found 2070 existing dates
2025-12-15 17:02:20,721 - ERROR - entsog_scraper.py:93 - Error processing point be-tso-0001dis-00192exit: Expecting value: line 1 column 1 (char 0)
2025-12-15 17:02:20,729 - INFO - entsog_scraper.py:47 - Point be-tso-0001dis-00191exit: Found 2410 existing dates
2025-12-15 17:02:21,319 - INFO - entsog_scraper.py:89 - Point 28/39 (be-tso-0001dis-00191exit): Added 0 new records
2025-12-15 17:02:23,325 - INFO - entsog_scraper.py:47 - Point be-tso-0001fnc-00034exit: Found 2070 existing dates
2025-12-15 17:02:23,832 - ERROR - entsog_scraper.py:93 - Error processing point be-tso-0001fnc-00034exit: Expecting value: line 1 column 1 (char 0)
2025-12-15 17:02:23,841 - INFO - entsog_scraper.py:47 - Point be-tso-0001fnc-00033exit: Found 2410 existing dates
2025-12-15 17:02:24,386 - INFO - entsog_scraper.py:89 - Point 30/39 (be-tso-0001fnc-00033exit): Added 0 new records
2025-12-15 17:02:26,392 - INFO - entsog_scraper.py:47 - Point be-tso-0001fnc-00035exit: Found 2410 existing dates
2025-12-15 17:02:26,856 - INFO - entsog_scraper.py:89 - Point 31/39 (be-tso-0001fnc-00035exit): Added 0 new records
2025-12-15 17:02:28,862 - INFO - entsog_scraper.py:47 - Point bg-tso-0001fnc-00207exit: Found 1406 existing dates
2025-12-15 17:02:29,347 - INFO - entsog_scraper.py:89 - Point 32/39 (bg-tso-0001fnc-00207exit): Added 0 new records
2025-12-15 17:02:31,353 - INFO - entsog_scraper.py:47 - Point bg-tso-0001fnc-00017exit: Found 2412 existing dates
2025-12-15 17:02:31,805 - INFO - entsog_scraper.py:89 - Point 33/39 (bg-tso-0001fnc-00017exit): Added 0 new records
2025-12-15 17:02:33,813 - INFO - entsog_scraper.py:47 - Point bg-tso-0001fnc-00016exit: Found 2412 existing dates
2025-12-15 17:02:34,271 - INFO - entsog_scraper.py:89 - Point 34/39 (bg-tso-0001fnc-00016exit): Added 0 new records
2025-12-15 17:02:36,277 - INFO - entsog_scraper.py:47 - Point pl-tso-0002fnc-00040exit: Found 2412 existing dates
2025-12-15 17:02:36,807 - INFO - entsog_scraper.py:89 - Point 35/39 (pl-tso-0002fnc-00040exit): Added 0 new records
2025-12-15 17:02:38,813 - INFO - entsog_scraper.py:47 - Point pl-tso-0002fnc-00002exit: Found 2412 existing dates
2025-12-15 17:02:39,286 - INFO - entsog_scraper.py:89 - Point 36/39 (pl-tso-0002fnc-00002exit): Added 0 new records
2025-12-15 17:02:41,294 - INFO - entsog_scraper.py:47 - Point pl-tso-0002dis-00193exit: Found 2412 existing dates
2025-12-15 17:02:42,080 - INFO - entsog_scraper.py:89 - Point 37/39 (pl-tso-0002dis-00193exit): Added 0 new records
2025-12-15 17:02:44,086 - INFO - entsog_scraper.py:47 - Point pl-tso-0002dis-00013exit: Found 2412 existing dates
2025-12-15 17:02:45,117 - INFO - entsog_scraper.py:89 - Point 38/39 (pl-tso-0002dis-00013exit): Added 0 new records
2025-12-15 17:02:47,125 - INFO - entsog_scraper.py:47 - Point cz-sso-0002dis-00195exit,pl-tso-0002dis-00195entry: Found 2412 existing dates
2025-12-15 17:02:47,610 - INFO - entsog_scraper.py:89 - Point 39/39 (cz-sso-0002dis-00195exit,pl-tso-0002dis-00195entry): Added 0 new records
2025-12-15 17:02:49,746 - INFO - entsog_scraper.py:103 - Successfully saved ENTSOG data to src\data\raw\entsog_data.csv
2025-12-15 17:02:49,747 - INFO - update_raw_data.py:36 - Running EurostatScraper...
2025-12-15 17:03:03,378 - INFO - eurostat_scraper.py:37 - Successfully saved Eurostat demand data to src\data\raw\eurostat\latest_data.csv
2025-12-15 17:03:03,378 - INFO - update_raw_data.py:36 - Running FranceScraper...
2025-12-15 17:03:03,378 - INFO - france_scraper.py:23 - Fetching French gas demand data for years 2010-2025
2025-12-15 17:03:04,481 - INFO - france_scraper.py:44 - Successfully downloaded data for 2010, saved to src\data\raw\france_demand
2025-12-15 17:03:05,532 - INFO - france_scraper.py:44 - Successfully downloaded data for 2011, saved to src\data\raw\france_demand
2025-12-15 17:03:05,995 - INFO - france_scraper.py:44 - Successfully downloaded data for 2012, saved to src\data\raw\france_demand
2025-12-15 17:03:06,506 - INFO - france_scraper.py:44 - Successfully downloaded data for 2013, saved to src\data\raw\france_demand
2025-12-15 17:03:06,991 - INFO - france_scraper.py:44 - Successfully downloaded data for 2014, saved to src\data\raw\france_demand
2025-12-15 17:03:07,554 - INFO - france_scraper.py:44 - Successfully downloaded data for 2015, saved to src\data\raw\france_demand
2025-12-15 17:03:08,055 - INFO - france_scraper.py:44 - Successfully downloaded data for 2016, saved to src\data\raw\france_demand
2025-12-15 17:03:08,552 - INFO - france_scraper.py:44 - Successfully downloaded data for 2017, saved to src\data\raw\france_demand
2025-12-15 17:03:09,013 - INFO - france_scraper.py:44 - Successfully downloaded data for 2018, saved to src\data\raw\france_demand
2025-12-15 17:03:09,485 - INFO - france_scraper.py:44 - Successfully downloaded data for 2019, saved to src\data\raw\france_demand
2025-12-15 17:03:09,939 - INFO - france_scraper.py:44 - Successfully downloaded data for 2020, saved to src\data\raw\france_demand
2025-12-15 17:03:10,392 - INFO - france_scraper.py:44 - Successfully downloaded data for 2021, saved to src\data\raw\france_demand
2025-12-15 17:03:10,832 - INFO - france_scraper.py:44 - Successfully downloaded data for 2022, saved to src\data\raw\france_demand
2025-12-15 17:03:14,338 - INFO - france_scraper.py:44 - Successfully downloaded data for 2023, saved to src\data\raw\france_demand
2025-12-15 17:03:18,020 - INFO - france_scraper.py:44 - Successfully downloaded data for 2024, saved to src\data\raw\france_demand
2025-12-15 17:03:21,567 - INFO - france_scraper.py:44 - Successfully downloaded data for 2025, saved to src\data\raw\france_demand
2025-12-15 17:03:21,568 - INFO - update_raw_data.py:36 - Running GermanyScraper...
2025-12-15 17:03:21,568 - INFO - germany_scraper.py:42 - Fetching German gas demand data from 2020-01-01 to 2025-12-15...
2025-12-15 17:03:22,379 - INFO - germany_scraper.py:58 - Successfully saved German data to src\data\raw\THE_demand.csv
2025-12-15 17:03:22,379 - INFO - update_raw_data.py:36 - Running UKScraper...
2025-12-15 17:03:23,152 - INFO - uk_scraper.py:40 - Succesful response from the Nat Grid API
2025-12-15 17:03:23,154 - INFO - uk_scraper.py:51 - CSV file downloaded successfully to C:\Users\RoryPerkins\OneDrive - Timera Energy\Documents\GitHub\gas-demand\src\data/raw/uk\UK_gas_data_2025.csv
2025-12-15 17:03:23,155 - INFO - update_raw_data.py:36 - Running SpainScraper...
2025-12-15 17:03:23,155 - INFO - spain_scraper.py:65 - Scraping from 2025-01-01 to 2025-12-13
2025-12-15 17:03:23,157 - INFO - logger.py:11 - ====== WebDriver manager ======
2025-12-15 17:03:24,271 - INFO - logger.py:11 - Get LATEST chromedriver version for google-chrome
2025-12-15 17:03:24,690 - INFO - logger.py:11 - Get LATEST chromedriver version for google-chrome
2025-12-15 17:03:25,100 - INFO - logger.py:11 - Driver [C:\Users\RoryPerkins\.wdm\drivers\chromedriver\win64\143.0.7499.42\chromedriver-win32/chromedriver.exe] found in cache
2025-12-15 17:03:29,593 - INFO - spain.py:35 - Successfully accepted cookies.
2025-12-15 17:03:29,593 - INFO - spain_scraper.py:79 - Scraping data for 2025-01-01
2025-12-15 17:03:34,843 - INFO - spain_scraper.py:86 - Successfully collected data for 2025-01-01
2025-12-15 17:03:37,953 - INFO - spain_scraper.py:79 - Scraping data for 2025-01-02
2025-12-15 17:03:43,208 - INFO - spain_scraper.py:86 - Successfully collected data for 2025-01-02
2025-12-15 17:03:46,067 - INFO - spain_scraper.py:79 - Scraping data for 2025-01-03
2025-12-15 17:03:51,278 - INFO - spain_scraper.py:86 - Successfully collected data for 2025-01-03
2025-12-15 17:03:55,138 - INFO - spain_scraper.py:79 - Scraping data for 2025-01-04
2025-12-15 17:04:00,346 - INFO - spain_scraper.py:86 - Successfully collected data for 2025-01-04
2025-12-15 17:04:04,154 - INFO - spain_scraper.py:79 - Scraping data for 2025-01-05
2025-12-15 17:04:09,390 - INFO - spain_scraper.py:86 - Successfully collected data for 2025-01-05
2025-12-15 17:04:12,165 - INFO - spain_scraper.py:79 - Scraping data for 2025-01-06
2025-12-15 17:04:17,390 - INFO - spain_scraper.py:86 - Successfully collected data for 2025-01-06
2025-12-15 17:04:20,155 - INFO - spain_scraper.py:79 - Scraping data for 2025-01-07
2025-12-15 17:04:25,394 - INFO - spain_scraper.py:86 - Successfully collected data for 2025-01-07
2025-12-15 17:04:28,957 - INFO - spain_scraper.py:79 - Scraping data for 2025-01-08
2025-12-15 17:04:34,216 - INFO - spain_scraper.py:86 - Successfully collected data for 2025-01-08
2025-12-15 17:04:36,605 - INFO - spain_scraper.py:79 - Scraping data for 2025-01-09
2025-12-17 11:46:08,853 - INFO - main.py:30 - Updating raw data files...
2025-12-17 11:46:09,282 - INFO - update_raw_data.py:36 - Running AustriaScraper...
2025-12-17 11:46:09,282 - INFO - austria_scraper.py:30 - Fetching data from https://energie.wifo.ac.at/data/gas/consumption-aggm.csv
2025-12-17 11:46:09,969 - INFO - austria_scraper.py:34 - Response status code: 200
2025-12-17 11:46:09,970 - INFO - austria_scraper.py:35 - Response headers: {'Date': 'Wed, 17 Dec 2025 11:46:09 GMT', 'Server': 'Apache/2.4.58 (Ubuntu) OpenSSL/3.0.13', 'Strict-Transport-Security': 'max-age=15768000; includeSubDomains', 'Last-Modified': 'Wed, 17 Dec 2025 05:00:24 GMT', 'ETag': '"58b3f-6461eb8dc9ff0"', 'Accept-Ranges': 'bytes', 'Content-Length': '363327', 'Keep-Alive': 'timeout=5, max=100', 'Connection': 'Keep-Alive', 'Content-Type': 'text/csv'}
2025-12-17 11:46:09,976 - INFO - austria_scraper.py:44 - Successfully saved raw Austrian data to src\data\raw\consumption-aggm.csv
2025-12-17 11:46:09,977 - INFO - update_raw_data.py:36 - Running BnetzaScraper...
2025-12-17 11:46:10,024 - INFO - bnetza_scraper.py:72 - Stored data on BNetzA German household consumption returned.
2025-12-17 11:46:11,296 - INFO - bnetza_scraper.py:100 - New BNetzA csv file downloaded
2025-12-17 11:46:11,329 - INFO - bnetza_scraper.py:193 - Successfully saved updated German household demand data to src/data/raw/germany_household/latest_data.csv
2025-12-17 11:46:11,330 - INFO - update_raw_data.py:36 - Running DenmarkScraper...
2025-12-17 11:46:11,331 - INFO - denmark_scraper.py:27 - Fetching data from https://api.energidataservice.dk/dataset/Gasflow since 2015
2025-12-17 11:46:12,479 - INFO - denmark_scraper.py:38 - Successfully saved Danish gas flow data to src\data\raw\denmark_gasflow.json
2025-12-17 11:46:12,479 - INFO - update_raw_data.py:36 - Running EnergyChartsScraper...
2025-12-17 11:46:12,489 - INFO - energy_charts_scraper.py:39 - Performing regular 30-day power demand update
2025-12-17 11:46:27,239 - INFO - energy_charts_scraper.py:145 - Found 32 days of data for AT
2025-12-17 11:46:27,240 - INFO - energy_charts_scraper.py:52 - Successfully retrieved power data for AT (1/26)
2025-12-17 11:46:31,160 - INFO - energy_charts_scraper.py:145 - Found 32 days of data for BE
2025-12-17 11:46:31,160 - INFO - energy_charts_scraper.py:52 - Successfully retrieved power data for BE (2/26)
2025-12-17 11:46:34,024 - INFO - energy_charts_scraper.py:145 - Found 32 days of data for BG
2025-12-17 11:46:34,024 - INFO - energy_charts_scraper.py:52 - Successfully retrieved power data for BG (3/26)
2025-12-17 11:46:37,066 - INFO - energy_charts_scraper.py:145 - Found 32 days of data for HR
2025-12-17 11:46:37,067 - INFO - energy_charts_scraper.py:52 - Successfully retrieved power data for HR (4/26)
2025-12-17 11:46:40,243 - INFO - energy_charts_scraper.py:145 - Found 32 days of data for CZ
2025-12-17 11:46:40,243 - INFO - energy_charts_scraper.py:52 - Successfully retrieved power data for CZ (5/26)
2025-12-17 11:46:43,148 - INFO - energy_charts_scraper.py:145 - Found 32 days of data for DK
2025-12-17 11:46:43,149 - INFO - energy_charts_scraper.py:52 - Successfully retrieved power data for DK (6/26)
2025-12-17 11:47:09,405 - INFO - main.py:30 - Updating raw data files...
2025-12-17 11:47:09,670 - INFO - update_raw_data.py:36 - Running AustriaScraper...
2025-12-17 11:47:09,671 - INFO - austria_scraper.py:30 - Fetching data from https://energie.wifo.ac.at/data/gas/consumption-aggm.csv
2025-12-17 11:47:10,288 - INFO - austria_scraper.py:34 - Response status code: 200
2025-12-17 11:47:10,289 - INFO - austria_scraper.py:35 - Response headers: {'Date': 'Wed, 17 Dec 2025 11:47:09 GMT', 'Server': 'Apache/2.4.58 (Ubuntu) OpenSSL/3.0.13', 'Strict-Transport-Security': 'max-age=15768000; includeSubDomains', 'Last-Modified': 'Wed, 17 Dec 2025 05:00:24 GMT', 'ETag': '"58b3f-6461eb8dc9ff0"', 'Accept-Ranges': 'bytes', 'Content-Length': '363327', 'Keep-Alive': 'timeout=5, max=100', 'Connection': 'Keep-Alive', 'Content-Type': 'text/csv'}
2025-12-17 11:47:10,297 - INFO - austria_scraper.py:44 - Successfully saved raw Austrian data to src\data\raw\consumption-aggm.csv
2025-12-17 11:47:10,298 - INFO - update_raw_data.py:36 - Running BnetzaScraper...
2025-12-17 11:47:10,339 - INFO - bnetza_scraper.py:72 - Stored data on BNetzA German household consumption returned.
2025-12-17 11:47:11,698 - INFO - bnetza_scraper.py:100 - New BNetzA csv file downloaded
2025-12-17 11:47:11,732 - INFO - bnetza_scraper.py:193 - Successfully saved updated German household demand data to src/data/raw/germany_household/latest_data.csv
2025-12-17 11:47:11,733 - INFO - update_raw_data.py:36 - Running DenmarkScraper...
2025-12-17 11:47:11,734 - INFO - denmark_scraper.py:27 - Fetching data from https://api.energidataservice.dk/dataset/Gasflow since 2015
2025-12-17 11:47:12,385 - INFO - denmark_scraper.py:38 - Successfully saved Danish gas flow data to src\data\raw\denmark_gasflow.json
2025-12-17 11:47:12,386 - INFO - update_raw_data.py:36 - Running EnergyChartsScraper...
2025-12-17 11:47:12,392 - INFO - energy_charts_scraper.py:36 - Performing initial power demand load from 2019
2025-12-17 11:47:26,263 - INFO - energy_charts_scraper.py:145 - Found 2544 days of data for AT
2025-12-17 11:47:26,264 - INFO - energy_charts_scraper.py:52 - Successfully retrieved power data for AT (1/26)
2025-12-17 11:47:32,385 - INFO - energy_charts_scraper.py:145 - Found 2544 days of data for BE
2025-12-17 11:47:32,386 - INFO - energy_charts_scraper.py:52 - Successfully retrieved power data for BE (2/26)
2025-12-17 11:47:39,360 - INFO - energy_charts_scraper.py:145 - Found 2544 days of data for BG
2025-12-17 11:47:39,362 - INFO - energy_charts_scraper.py:52 - Successfully retrieved power data for BG (3/26)
2025-12-17 11:47:49,378 - INFO - energy_charts_scraper.py:145 - Found 2544 days of data for HR
2025-12-17 11:47:49,379 - INFO - energy_charts_scraper.py:52 - Successfully retrieved power data for HR (4/26)
2025-12-17 11:47:58,729 - INFO - energy_charts_scraper.py:145 - Found 2544 days of data for CZ
2025-12-17 11:47:58,730 - INFO - energy_charts_scraper.py:52 - Successfully retrieved power data for CZ (5/26)
2025-12-17 11:48:05,154 - INFO - energy_charts_scraper.py:145 - Found 2544 days of data for DK
2025-12-17 11:48:05,154 - INFO - energy_charts_scraper.py:52 - Successfully retrieved power data for DK (6/26)
2025-12-17 11:48:12,245 - INFO - energy_charts_scraper.py:145 - Found 2544 days of data for EE
2025-12-17 11:48:12,246 - INFO - energy_charts_scraper.py:52 - Successfully retrieved power data for EE (7/26)
2025-12-17 11:48:23,467 - INFO - energy_charts_scraper.py:145 - Found 2544 days of data for FI
2025-12-17 11:48:23,468 - INFO - energy_charts_scraper.py:52 - Successfully retrieved power data for FI (8/26)
2025-12-17 11:48:32,328 - INFO - energy_charts_scraper.py:145 - Found 2544 days of data for FR
2025-12-17 11:48:32,329 - INFO - energy_charts_scraper.py:52 - Successfully retrieved power data for FR (9/26)
2025-12-17 11:48:51,023 - INFO - energy_charts_scraper.py:145 - Found 2544 days of data for DE
2025-12-17 11:48:51,024 - INFO - energy_charts_scraper.py:52 - Successfully retrieved power data for DE (10/26)
2025-12-17 11:48:57,733 - INFO - energy_charts_scraper.py:145 - Found 2544 days of data for GR
2025-12-17 11:48:57,734 - INFO - energy_charts_scraper.py:52 - Successfully retrieved power data for GR (11/26)
2025-12-17 11:49:13,661 - INFO - energy_charts_scraper.py:145 - Found 2544 days of data for HU
2025-12-17 11:49:13,661 - INFO - energy_charts_scraper.py:52 - Successfully retrieved power data for HU (12/26)
2025-12-17 11:49:20,537 - INFO - energy_charts_scraper.py:145 - Found 2544 days of data for IE
2025-12-17 11:49:20,537 - INFO - energy_charts_scraper.py:52 - Successfully retrieved power data for IE (13/26)
2025-12-17 11:49:27,043 - INFO - energy_charts_scraper.py:145 - Found 2544 days of data for IT
2025-12-17 11:49:27,044 - INFO - energy_charts_scraper.py:52 - Successfully retrieved power data for IT (14/26)
2025-12-17 11:49:33,112 - INFO - energy_charts_scraper.py:145 - Found 2544 days of data for LV
2025-12-17 11:49:33,113 - INFO - energy_charts_scraper.py:52 - Successfully retrieved power data for LV (15/26)
2025-12-17 11:49:41,863 - INFO - energy_charts_scraper.py:145 - Found 2544 days of data for LT
2025-12-17 11:49:41,864 - INFO - energy_charts_scraper.py:52 - Successfully retrieved power data for LT (16/26)
2025-12-17 11:49:54,919 - INFO - energy_charts_scraper.py:145 - Found 2544 days of data for LU
2025-12-17 11:49:54,919 - INFO - energy_charts_scraper.py:52 - Successfully retrieved power data for LU (17/26)
2025-12-17 11:50:14,025 - INFO - energy_charts_scraper.py:145 - Found 2544 days of data for NL
2025-12-17 11:50:14,025 - INFO - energy_charts_scraper.py:52 - Successfully retrieved power data for NL (18/26)
2025-12-17 11:50:22,772 - INFO - energy_charts_scraper.py:145 - Found 2544 days of data for PL
2025-12-17 11:50:22,773 - INFO - energy_charts_scraper.py:52 - Successfully retrieved power data for PL (19/26)
2025-12-17 11:50:39,090 - INFO - energy_charts_scraper.py:145 - Found 2544 days of data for PT
2025-12-17 11:50:39,091 - INFO - energy_charts_scraper.py:52 - Successfully retrieved power data for PT (20/26)
2025-12-17 11:50:51,040 - INFO - energy_charts_scraper.py:145 - Found 2544 days of data for RO
2025-12-17 11:50:51,040 - INFO - energy_charts_scraper.py:52 - Successfully retrieved power data for RO (21/26)
2025-12-17 11:50:58,275 - INFO - energy_charts_scraper.py:145 - Found 2544 days of data for SK
2025-12-17 11:50:58,275 - INFO - energy_charts_scraper.py:52 - Successfully retrieved power data for SK (22/26)
2025-12-17 11:51:05,096 - INFO - energy_charts_scraper.py:145 - Found 2544 days of data for SI
2025-12-17 11:51:05,097 - INFO - energy_charts_scraper.py:52 - Successfully retrieved power data for SI (23/26)
2025-12-17 11:51:15,906 - INFO - energy_charts_scraper.py:145 - Found 2544 days of data for ES
2025-12-17 11:51:15,906 - INFO - energy_charts_scraper.py:52 - Successfully retrieved power data for ES (24/26)
2025-12-17 11:51:23,122 - INFO - energy_charts_scraper.py:145 - Found 2544 days of data for SE
2025-12-17 11:51:23,122 - INFO - energy_charts_scraper.py:52 - Successfully retrieved power data for SE (25/26)
2025-12-17 11:51:31,208 - INFO - energy_charts_scraper.py:145 - Found 2544 days of data for UK
2025-12-17 11:51:31,208 - INFO - energy_charts_scraper.py:52 - Successfully retrieved power data for UK (26/26)
2025-12-17 11:51:33,923 - INFO - update_raw_data.py:36 - Running EntsogScraper...
2025-12-17 11:51:33,924 - INFO - entsog_scraper.py:27 - Performing initial ENTSOG load from 2019
2025-12-17 11:51:34,911 - ERROR - entsog_scraper.py:93 - Error processing point pt-tso-0001fnc-00001exit: 'operationalData'
2025-12-17 11:51:35,916 - ERROR - entsog_scraper.py:93 - Error processing point pt-tso-0001dis-00001exit: 'operationalData'
2025-12-17 11:51:36,824 - ERROR - entsog_scraper.py:93 - Error processing point hr-tso-0001fnc-00018exit: 'operationalData'
2025-12-17 11:51:37,754 - ERROR - entsog_scraper.py:93 - Error processing point fr-tso-0002dis-00188exit: 'operationalData'
2025-12-17 11:51:38,738 - ERROR - entsog_scraper.py:93 - Error processing point fr-tso-0002fnc-00015exit: 'operationalData'
2025-12-17 11:51:39,700 - ERROR - entsog_scraper.py:93 - Error processing point it-tso-0001dis-00005exit: 'operationalData'
2025-12-17 11:51:40,619 - ERROR - entsog_scraper.py:93 - Error processing point it-tso-0001fnc-00006exit: 'operationalData'
2025-12-17 11:51:41,565 - ERROR - entsog_scraper.py:93 - Error processing point it-tso-0001fnc-00005exit: 'operationalData'
2025-12-17 11:51:42,534 - ERROR - entsog_scraper.py:93 - Error processing point lu-tso-0001dis-00194exit: 'operationalData'
2025-12-17 11:51:43,540 - ERROR - entsog_scraper.py:93 - Error processing point lu-tso-0001fnc-00041exit: 'operationalData'
2025-12-17 11:51:44,457 - ERROR - entsog_scraper.py:93 - Error processing point lv-tso-0001fnc-00205exit: 'operationalData'
2025-12-17 11:51:45,370 - ERROR - entsog_scraper.py:93 - Error processing point ee-tso-0001fnc-00037exit: 'operationalData'
2025-12-17 11:51:46,265 - ERROR - entsog_scraper.py:93 - Error processing point hu-tso-0001fnc-00200exit: 'operationalData'
2025-12-17 11:51:47,178 - ERROR - entsog_scraper.py:93 - Error processing point hu-tso-0001dis-00196exit: 'operationalData'
2025-12-17 11:51:48,057 - ERROR - entsog_scraper.py:93 - Error processing point ro-tso-0001fnc-00010exit: 'operationalData'
2025-12-17 11:51:48,992 - ERROR - entsog_scraper.py:93 - Error processing point ro-tso-0001dis-00058exit: 'operationalData'
2025-12-17 11:51:49,901 - ERROR - entsog_scraper.py:93 - Error processing point si-tso-0001dis-00059exit: 'operationalData'
2025-12-17 11:51:50,811 - ERROR - entsog_scraper.py:93 - Error processing point nl-tso-0001dis-00187exit: 'operationalData'
2025-12-17 11:51:51,662 - ERROR - entsog_scraper.py:93 - Error processing point nl-tso-0001fnc-00014exit: 'operationalData'
2025-12-17 11:51:52,504 - ERROR - entsog_scraper.py:93 - Error processing point nl-tso-0001dis-00201exit: 'operationalData'
2025-12-17 11:51:53,395 - ERROR - entsog_scraper.py:93 - Error processing point nl-tso-0001dis-00202exit: 'operationalData'
2025-12-17 11:51:54,318 - ERROR - entsog_scraper.py:93 - Error processing point nl-tso-0001fnc-00013exit: 'operationalData'
2025-12-17 11:51:55,279 - ERROR - entsog_scraper.py:93 - Error processing point nl-tso-0001fnc-00208exit: 'operationalData'
2025-12-17 11:51:56,210 - ERROR - entsog_scraper.py:93 - Error processing point nl-tso-0001fnc-00209exit: 'operationalData'
2025-12-17 11:51:57,166 - ERROR - entsog_scraper.py:93 - Error processing point nl-tso-0001fnc-00210exit: 'operationalData'
2025-12-17 11:51:58,004 - ERROR - entsog_scraper.py:93 - Error processing point nl-tso-0001fnc-00211exit: 'operationalData'
2025-12-17 11:51:58,515 - ERROR - entsog_scraper.py:93 - Error processing point be-tso-0001dis-00192exit: 'operationalData'
2025-12-17 11:51:59,047 - ERROR - entsog_scraper.py:93 - Error processing point be-tso-0001dis-00191exit: 'operationalData'
2025-12-17 11:51:59,573 - ERROR - entsog_scraper.py:93 - Error processing point be-tso-0001fnc-00034exit: 'operationalData'
2025-12-17 11:52:00,087 - ERROR - entsog_scraper.py:93 - Error processing point be-tso-0001fnc-00033exit: 'operationalData'
2025-12-17 11:52:00,577 - ERROR - entsog_scraper.py:93 - Error processing point be-tso-0001fnc-00035exit: 'operationalData'
2025-12-17 11:52:01,070 - ERROR - entsog_scraper.py:93 - Error processing point bg-tso-0001fnc-00207exit: 'operationalData'
2025-12-17 11:52:01,540 - ERROR - entsog_scraper.py:93 - Error processing point bg-tso-0001fnc-00017exit: 'operationalData'
2025-12-17 11:52:02,027 - ERROR - entsog_scraper.py:93 - Error processing point bg-tso-0001fnc-00016exit: 'operationalData'
2025-12-17 11:52:02,621 - ERROR - entsog_scraper.py:93 - Error processing point pl-tso-0002fnc-00040exit: 'operationalData'
2025-12-17 11:52:03,309 - ERROR - entsog_scraper.py:93 - Error processing point pl-tso-0002fnc-00002exit: 'operationalData'
2025-12-17 11:52:03,886 - ERROR - entsog_scraper.py:93 - Error processing point pl-tso-0002dis-00193exit: 'operationalData'
2025-12-17 11:52:04,424 - ERROR - entsog_scraper.py:93 - Error processing point pl-tso-0002dis-00013exit: 'operationalData'
2025-12-17 11:52:04,931 - ERROR - entsog_scraper.py:93 - Error processing point cz-sso-0002dis-00195exit,pl-tso-0002dis-00195entry: 'operationalData'
2025-12-17 11:52:04,932 - INFO - update_raw_data.py:36 - Running EurostatScraper...
2025-12-17 11:52:26,178 - INFO - eurostat_scraper.py:37 - Successfully saved Eurostat demand data to src\data\raw\eurostat\latest_data.csv
2025-12-17 11:52:26,178 - INFO - update_raw_data.py:36 - Running FranceScraper...
2025-12-17 11:52:26,179 - INFO - france_scraper.py:23 - Fetching French gas demand data for years 2010-2025
2025-12-17 11:52:27,302 - INFO - france_scraper.py:44 - Successfully downloaded data for 2010, saved to src\data\raw\france_demand
2025-12-17 11:52:28,414 - INFO - france_scraper.py:44 - Successfully downloaded data for 2011, saved to src\data\raw\france_demand
2025-12-17 11:52:28,882 - INFO - france_scraper.py:44 - Successfully downloaded data for 2012, saved to src\data\raw\france_demand
2025-12-17 11:52:29,362 - INFO - france_scraper.py:44 - Successfully downloaded data for 2013, saved to src\data\raw\france_demand
2025-12-17 11:52:29,843 - INFO - france_scraper.py:44 - Successfully downloaded data for 2014, saved to src\data\raw\france_demand
2025-12-17 11:52:30,324 - INFO - france_scraper.py:44 - Successfully downloaded data for 2015, saved to src\data\raw\france_demand
2025-12-17 11:52:30,835 - INFO - france_scraper.py:44 - Successfully downloaded data for 2016, saved to src\data\raw\france_demand
2025-12-17 11:52:31,370 - INFO - france_scraper.py:44 - Successfully downloaded data for 2017, saved to src\data\raw\france_demand
2025-12-17 11:52:31,810 - INFO - france_scraper.py:44 - Successfully downloaded data for 2018, saved to src\data\raw\france_demand
2025-12-17 11:52:32,226 - INFO - france_scraper.py:44 - Successfully downloaded data for 2019, saved to src\data\raw\france_demand
2025-12-17 11:52:32,623 - INFO - france_scraper.py:44 - Successfully downloaded data for 2020, saved to src\data\raw\france_demand
2025-12-17 11:52:33,099 - INFO - france_scraper.py:44 - Successfully downloaded data for 2021, saved to src\data\raw\france_demand
2025-12-17 11:52:33,603 - INFO - france_scraper.py:44 - Successfully downloaded data for 2022, saved to src\data\raw\france_demand
2025-12-17 11:52:37,570 - INFO - france_scraper.py:44 - Successfully downloaded data for 2023, saved to src\data\raw\france_demand
2025-12-17 11:52:41,630 - INFO - france_scraper.py:44 - Successfully downloaded data for 2024, saved to src\data\raw\france_demand
2025-12-17 11:52:45,592 - INFO - france_scraper.py:44 - Successfully downloaded data for 2025, saved to src\data\raw\france_demand
2025-12-17 11:52:45,592 - INFO - update_raw_data.py:36 - Running GermanyScraper...
2025-12-17 11:52:45,593 - INFO - germany_scraper.py:42 - Fetching German gas demand data from 2020-01-01 to 2025-12-17...
2025-12-17 11:52:46,233 - INFO - germany_scraper.py:58 - Successfully saved German data to src\data\raw\THE_demand.csv
2025-12-17 11:52:46,233 - INFO - update_raw_data.py:36 - Running UKScraper...
2025-12-17 11:52:46,919 - INFO - uk_scraper.py:40 - Succesful response from the Nat Grid API
2025-12-17 11:52:46,922 - INFO - uk_scraper.py:51 - CSV file downloaded successfully to C:\Users\RoryPerkins\OneDrive - Timera Energy\Documents\GitHub\gas-demand\src\data/raw/uk\UK_gas_data_2025.csv
2025-12-17 11:52:46,922 - INFO - update_raw_data.py:36 - Running SpainScraper...
2025-12-17 11:52:46,923 - INFO - spain_scraper.py:65 - Scraping from 2025-01-01 to 2025-12-15
2025-12-17 11:52:46,925 - INFO - logger.py:11 - ====== WebDriver manager ======
2025-12-17 11:52:50,390 - INFO - logger.py:11 - Get LATEST chromedriver version for google-chrome
2025-12-17 11:52:50,756 - INFO - logger.py:11 - Get LATEST chromedriver version for google-chrome
2025-12-17 11:52:51,132 - INFO - logger.py:11 - There is no [win64] chromedriver "143.0.7499.146" for browser google-chrome "143.0.7499" in cache
2025-12-17 11:52:51,133 - INFO - logger.py:11 - Get LATEST chromedriver version for google-chrome
2025-12-17 11:52:51,959 - INFO - logger.py:11 - WebDriver version 143.0.7499.146 selected
2025-12-17 11:52:51,964 - INFO - logger.py:11 - Modern chrome version https://storage.googleapis.com/chrome-for-testing-public/143.0.7499.146/win32/chromedriver-win32.zip
2025-12-17 11:52:51,965 - INFO - logger.py:11 - About to download new driver from https://storage.googleapis.com/chrome-for-testing-public/143.0.7499.146/win32/chromedriver-win32.zip
2025-12-17 11:52:52,364 - INFO - logger.py:11 - Driver downloading response is 200
2025-12-17 11:52:52,595 - INFO - logger.py:11 - Get LATEST chromedriver version for google-chrome
2025-12-17 11:52:53,229 - INFO - logger.py:11 - Driver has been saved in cache [C:\Users\RoryPerkins\.wdm\drivers\chromedriver\win64\143.0.7499.146]
2025-12-17 11:52:56,927 - ERROR - main.py:79 - Critical error in main process: Message: session not created: Chrome failed to start: crashed.
  (session not created: DevToolsActivePort file doesn't exist)
  (The process started from chrome location C:\Users\RoryPerkins\AppData\Local\Google\Chrome\Application\chrome.exe is no longer running, so ChromeDriver is assuming that Chrome has crashed.); For documentation on this error, please visit: https://www.selenium.dev/documentation/webdriver/troubleshooting/errors#sessionnotcreatedexception
Stacktrace:
Symbols not available. Dumping unresolved backtrace:
	0xae1223
	0xae1264
	0x8ce6dd
	0x904b37
	0x8ffafa
	0x947826
	0x947047
	0x93b2e6
	0x90d321
	0x90e1d4
	0xd35264
	0xd3081b
	0xd4d0fa
	0xafb128
	0xb0312d
	0xae9528
	0xae96e9
	0xad3a78
	0x75f45d49
	0x76fbd5db
	0x76fbd561

2025-12-17 13:11:11,158 - INFO - main.py:30 - Updating raw data files...
2025-12-17 13:11:11,337 - INFO - update_raw_data.py:36 - Running AustriaScraper...
2025-12-17 13:11:11,337 - INFO - austria_scraper.py:30 - Fetching data from https://energie.wifo.ac.at/data/gas/consumption-aggm.csv
2025-12-17 13:11:11,838 - INFO - austria_scraper.py:34 - Response status code: 200
2025-12-17 13:11:11,838 - INFO - austria_scraper.py:35 - Response headers: {'Date': 'Wed, 17 Dec 2025 13:11:11 GMT', 'Server': 'Apache/2.4.58 (Ubuntu) OpenSSL/3.0.13', 'Strict-Transport-Security': 'max-age=15768000; includeSubDomains', 'Last-Modified': 'Wed, 17 Dec 2025 05:00:24 GMT', 'ETag': '"58b3f-6461eb8dc9ff0"', 'Accept-Ranges': 'bytes', 'Content-Length': '363327', 'Keep-Alive': 'timeout=5, max=100', 'Connection': 'Keep-Alive', 'Content-Type': 'text/csv'}
2025-12-17 13:11:11,841 - INFO - austria_scraper.py:44 - Successfully saved raw Austrian data to src\data\raw\consumption-aggm.csv
2025-12-17 13:11:11,841 - INFO - update_raw_data.py:36 - Running BnetzaScraper...
2025-12-17 13:11:11,854 - INFO - bnetza_scraper.py:72 - Stored data on BNetzA German household consumption returned.
2025-12-17 13:11:12,790 - INFO - bnetza_scraper.py:100 - New BNetzA csv file downloaded
2025-12-17 13:11:12,801 - INFO - bnetza_scraper.py:193 - Successfully saved updated German household demand data to src/data/raw/germany_household/latest_data.csv
2025-12-17 13:11:12,802 - INFO - update_raw_data.py:36 - Running DenmarkScraper...
2025-12-17 13:11:12,802 - INFO - denmark_scraper.py:27 - Fetching data from https://api.energidataservice.dk/dataset/Gasflow since 2015
2025-12-17 13:11:13,347 - INFO - denmark_scraper.py:38 - Successfully saved Danish gas flow data to src\data\raw\denmark_gasflow.json
2025-12-17 13:11:13,347 - INFO - update_raw_data.py:36 - Running EnergyChartsScraper...
2025-12-17 13:11:13,378 - INFO - energy_charts_scraper.py:36 - Performing initial power demand load from 2019
2025-12-17 13:11:24,794 - INFO - energy_charts_scraper.py:145 - Found 2544 days of data for AT
2025-12-17 13:11:24,795 - INFO - energy_charts_scraper.py:52 - Successfully retrieved power data for AT (1/26)
2025-12-17 13:11:31,511 - INFO - energy_charts_scraper.py:145 - Found 2544 days of data for BE
2025-12-17 13:11:31,511 - INFO - energy_charts_scraper.py:52 - Successfully retrieved power data for BE (2/26)
2025-12-17 13:11:38,269 - INFO - energy_charts_scraper.py:145 - Found 2544 days of data for BG
2025-12-17 13:11:38,270 - INFO - energy_charts_scraper.py:52 - Successfully retrieved power data for BG (3/26)
2025-12-17 13:11:46,959 - INFO - energy_charts_scraper.py:145 - Found 2544 days of data for HR
2025-12-17 13:11:46,959 - INFO - energy_charts_scraper.py:52 - Successfully retrieved power data for HR (4/26)
2025-12-17 13:11:53,773 - INFO - energy_charts_scraper.py:145 - Found 2544 days of data for CZ
2025-12-17 13:11:53,773 - INFO - energy_charts_scraper.py:52 - Successfully retrieved power data for CZ (5/26)
2025-12-17 13:11:59,636 - INFO - energy_charts_scraper.py:145 - Found 2544 days of data for DK
2025-12-17 13:11:59,636 - INFO - energy_charts_scraper.py:52 - Successfully retrieved power data for DK (6/26)
2025-12-17 13:12:07,167 - INFO - energy_charts_scraper.py:145 - Found 2544 days of data for EE
2025-12-17 13:12:07,167 - INFO - energy_charts_scraper.py:52 - Successfully retrieved power data for EE (7/26)
2025-12-17 13:12:16,385 - INFO - energy_charts_scraper.py:145 - Found 2544 days of data for FI
2025-12-17 13:12:16,386 - INFO - energy_charts_scraper.py:52 - Successfully retrieved power data for FI (8/26)
2025-12-17 13:12:23,884 - INFO - energy_charts_scraper.py:145 - Found 2544 days of data for FR
2025-12-17 13:12:23,884 - INFO - energy_charts_scraper.py:52 - Successfully retrieved power data for FR (9/26)
2025-12-17 13:12:38,265 - INFO - energy_charts_scraper.py:145 - Found 2544 days of data for DE
2025-12-17 13:12:38,266 - INFO - energy_charts_scraper.py:52 - Successfully retrieved power data for DE (10/26)
2025-12-17 13:12:44,277 - INFO - energy_charts_scraper.py:145 - Found 2544 days of data for GR
2025-12-17 13:12:44,277 - INFO - energy_charts_scraper.py:52 - Successfully retrieved power data for GR (11/26)
2025-12-17 13:13:17,495 - INFO - energy_charts_scraper.py:145 - Found 2544 days of data for HU
2025-12-17 13:13:17,496 - INFO - energy_charts_scraper.py:52 - Successfully retrieved power data for HU (12/26)
2025-12-17 13:13:23,064 - INFO - energy_charts_scraper.py:145 - Found 2544 days of data for IE
2025-12-17 13:13:23,064 - INFO - energy_charts_scraper.py:52 - Successfully retrieved power data for IE (13/26)
2025-12-17 13:13:28,992 - INFO - energy_charts_scraper.py:145 - Found 2544 days of data for IT
2025-12-17 13:13:28,992 - INFO - energy_charts_scraper.py:52 - Successfully retrieved power data for IT (14/26)
2025-12-17 13:13:34,868 - INFO - energy_charts_scraper.py:145 - Found 2544 days of data for LV
2025-12-17 13:13:34,868 - INFO - energy_charts_scraper.py:52 - Successfully retrieved power data for LV (15/26)
2025-12-17 13:13:42,764 - INFO - energy_charts_scraper.py:145 - Found 2544 days of data for LT
2025-12-17 13:13:42,764 - INFO - energy_charts_scraper.py:52 - Successfully retrieved power data for LT (16/26)
2025-12-17 13:13:55,609 - INFO - energy_charts_scraper.py:145 - Found 2544 days of data for LU
2025-12-17 13:13:55,610 - INFO - energy_charts_scraper.py:52 - Successfully retrieved power data for LU (17/26)
2025-12-17 13:14:09,711 - INFO - energy_charts_scraper.py:145 - Found 2544 days of data for NL
2025-12-17 13:14:09,711 - INFO - energy_charts_scraper.py:52 - Successfully retrieved power data for NL (18/26)
2025-12-17 13:14:17,795 - INFO - energy_charts_scraper.py:145 - Found 2544 days of data for PL
2025-12-17 13:14:17,796 - INFO - energy_charts_scraper.py:52 - Successfully retrieved power data for PL (19/26)
2025-12-17 13:14:24,607 - INFO - energy_charts_scraper.py:145 - Found 2544 days of data for PT
2025-12-17 13:14:24,607 - INFO - energy_charts_scraper.py:52 - Successfully retrieved power data for PT (20/26)
2025-12-17 13:14:35,116 - INFO - energy_charts_scraper.py:145 - Found 2544 days of data for RO
2025-12-17 13:14:35,117 - INFO - energy_charts_scraper.py:52 - Successfully retrieved power data for RO (21/26)
2025-12-17 13:14:41,898 - INFO - energy_charts_scraper.py:145 - Found 2544 days of data for SK
2025-12-17 13:14:41,898 - INFO - energy_charts_scraper.py:52 - Successfully retrieved power data for SK (22/26)
2025-12-17 13:14:47,271 - INFO - energy_charts_scraper.py:145 - Found 2544 days of data for SI
2025-12-17 13:14:47,271 - INFO - energy_charts_scraper.py:52 - Successfully retrieved power data for SI (23/26)
2025-12-17 13:14:55,632 - INFO - energy_charts_scraper.py:145 - Found 2544 days of data for ES
2025-12-17 13:14:55,633 - INFO - energy_charts_scraper.py:52 - Successfully retrieved power data for ES (24/26)
2025-12-17 13:15:00,719 - INFO - energy_charts_scraper.py:145 - Found 2544 days of data for SE
2025-12-17 13:15:00,720 - INFO - energy_charts_scraper.py:52 - Successfully retrieved power data for SE (25/26)
2025-12-17 13:15:09,322 - INFO - energy_charts_scraper.py:145 - Found 2544 days of data for UK
2025-12-17 13:15:09,323 - INFO - energy_charts_scraper.py:52 - Successfully retrieved power data for UK (26/26)
2025-12-17 13:15:11,595 - INFO - update_raw_data.py:36 - Running EntsogScraper...
2025-12-17 13:15:11,595 - INFO - entsog_scraper.py:27 - Performing initial ENTSOG load from 2019
2025-12-17 13:15:12,021 - ERROR - entsog_scraper.py:93 - Error processing point pt-tso-0001fnc-00001exit: 'operationalData'
2025-12-17 13:15:12,418 - ERROR - entsog_scraper.py:93 - Error processing point pt-tso-0001dis-00001exit: 'operationalData'
2025-12-17 13:15:12,841 - ERROR - entsog_scraper.py:93 - Error processing point hr-tso-0001fnc-00018exit: 'operationalData'
2025-12-17 13:15:13,314 - ERROR - entsog_scraper.py:93 - Error processing point fr-tso-0002dis-00188exit: 'operationalData'
2025-12-17 13:15:13,787 - ERROR - entsog_scraper.py:93 - Error processing point fr-tso-0002fnc-00015exit: 'operationalData'
2025-12-17 13:15:14,202 - ERROR - entsog_scraper.py:93 - Error processing point it-tso-0001dis-00005exit: 'operationalData'
2025-12-17 13:15:14,577 - ERROR - entsog_scraper.py:93 - Error processing point it-tso-0001fnc-00006exit: 'operationalData'
2025-12-17 13:15:14,996 - ERROR - entsog_scraper.py:93 - Error processing point it-tso-0001fnc-00005exit: 'operationalData'
2025-12-17 13:15:15,403 - ERROR - entsog_scraper.py:93 - Error processing point lu-tso-0001dis-00194exit: 'operationalData'
2025-12-17 13:15:15,795 - ERROR - entsog_scraper.py:93 - Error processing point lu-tso-0001fnc-00041exit: 'operationalData'
2025-12-17 13:15:16,284 - ERROR - entsog_scraper.py:93 - Error processing point lv-tso-0001fnc-00205exit: 'operationalData'
2025-12-17 13:15:16,684 - ERROR - entsog_scraper.py:93 - Error processing point ee-tso-0001fnc-00037exit: 'operationalData'
2025-12-17 13:15:17,067 - ERROR - entsog_scraper.py:93 - Error processing point hu-tso-0001fnc-00200exit: 'operationalData'
2025-12-17 13:15:17,521 - ERROR - entsog_scraper.py:93 - Error processing point hu-tso-0001dis-00196exit: 'operationalData'
2025-12-17 13:15:17,924 - ERROR - entsog_scraper.py:93 - Error processing point ro-tso-0001fnc-00010exit: 'operationalData'
2025-12-17 13:15:18,336 - ERROR - entsog_scraper.py:93 - Error processing point ro-tso-0001dis-00058exit: 'operationalData'
2025-12-17 13:15:18,793 - ERROR - entsog_scraper.py:93 - Error processing point si-tso-0001dis-00059exit: 'operationalData'
2025-12-17 13:15:19,239 - ERROR - entsog_scraper.py:93 - Error processing point nl-tso-0001dis-00187exit: 'operationalData'
2025-12-17 13:15:19,632 - ERROR - entsog_scraper.py:93 - Error processing point nl-tso-0001fnc-00014exit: 'operationalData'
2025-12-17 13:15:20,066 - ERROR - entsog_scraper.py:93 - Error processing point nl-tso-0001dis-00201exit: 'operationalData'
2025-12-17 13:15:20,491 - ERROR - entsog_scraper.py:93 - Error processing point nl-tso-0001dis-00202exit: 'operationalData'
2025-12-17 13:15:20,900 - ERROR - entsog_scraper.py:93 - Error processing point nl-tso-0001fnc-00013exit: 'operationalData'
2025-12-17 13:15:21,307 - ERROR - entsog_scraper.py:93 - Error processing point nl-tso-0001fnc-00208exit: 'operationalData'
2025-12-17 13:15:21,680 - ERROR - entsog_scraper.py:93 - Error processing point nl-tso-0001fnc-00209exit: 'operationalData'
2025-12-17 13:15:22,088 - ERROR - entsog_scraper.py:93 - Error processing point nl-tso-0001fnc-00210exit: 'operationalData'
2025-12-17 13:15:22,491 - ERROR - entsog_scraper.py:93 - Error processing point nl-tso-0001fnc-00211exit: 'operationalData'
2025-12-17 13:15:22,903 - ERROR - entsog_scraper.py:93 - Error processing point be-tso-0001dis-00192exit: 'operationalData'
2025-12-17 13:15:23,297 - ERROR - entsog_scraper.py:93 - Error processing point be-tso-0001dis-00191exit: 'operationalData'
2025-12-17 13:15:23,717 - ERROR - entsog_scraper.py:93 - Error processing point be-tso-0001fnc-00034exit: 'operationalData'
2025-12-17 13:15:24,178 - ERROR - entsog_scraper.py:93 - Error processing point be-tso-0001fnc-00033exit: 'operationalData'
2025-12-17 13:15:24,584 - ERROR - entsog_scraper.py:93 - Error processing point be-tso-0001fnc-00035exit: 'operationalData'
2025-12-17 13:15:24,999 - ERROR - entsog_scraper.py:93 - Error processing point bg-tso-0001fnc-00207exit: 'operationalData'
2025-12-17 13:15:25,406 - ERROR - entsog_scraper.py:93 - Error processing point bg-tso-0001fnc-00017exit: 'operationalData'
2025-12-17 13:15:25,823 - ERROR - entsog_scraper.py:93 - Error processing point bg-tso-0001fnc-00016exit: 'operationalData'
2025-12-17 13:15:26,227 - ERROR - entsog_scraper.py:93 - Error processing point pl-tso-0002fnc-00040exit: 'operationalData'
2025-12-17 13:15:26,668 - ERROR - entsog_scraper.py:93 - Error processing point pl-tso-0002fnc-00002exit: 'operationalData'
2025-12-17 13:15:27,076 - ERROR - entsog_scraper.py:93 - Error processing point pl-tso-0002dis-00193exit: 'operationalData'
2025-12-17 13:15:27,455 - ERROR - entsog_scraper.py:93 - Error processing point pl-tso-0002dis-00013exit: 'operationalData'
2025-12-17 13:15:27,850 - ERROR - entsog_scraper.py:93 - Error processing point cz-sso-0002dis-00195exit,pl-tso-0002dis-00195entry: 'operationalData'
2025-12-17 13:15:27,851 - INFO - update_raw_data.py:36 - Running EurostatScraper...
2025-12-17 13:15:42,203 - INFO - eurostat_scraper.py:37 - Successfully saved Eurostat demand data to src\data\raw\eurostat\latest_data.csv
2025-12-17 13:15:42,203 - INFO - update_raw_data.py:36 - Running FranceScraper...
2025-12-17 13:15:42,204 - INFO - france_scraper.py:23 - Fetching French gas demand data for years 2010-2025
2025-12-17 13:15:43,334 - INFO - france_scraper.py:44 - Successfully downloaded data for 2010, saved to src\data\raw\france_demand
2025-12-17 13:15:44,406 - INFO - france_scraper.py:44 - Successfully downloaded data for 2011, saved to src\data\raw\france_demand
2025-12-17 13:15:44,892 - INFO - france_scraper.py:44 - Successfully downloaded data for 2012, saved to src\data\raw\france_demand
2025-12-17 13:15:45,308 - INFO - france_scraper.py:44 - Successfully downloaded data for 2013, saved to src\data\raw\france_demand
2025-12-17 13:15:45,774 - INFO - france_scraper.py:44 - Successfully downloaded data for 2014, saved to src\data\raw\france_demand
2025-12-17 13:15:46,252 - INFO - france_scraper.py:44 - Successfully downloaded data for 2015, saved to src\data\raw\france_demand
2025-12-17 13:15:46,668 - INFO - france_scraper.py:44 - Successfully downloaded data for 2016, saved to src\data\raw\france_demand
2025-12-17 13:15:47,067 - INFO - france_scraper.py:44 - Successfully downloaded data for 2017, saved to src\data\raw\france_demand
2025-12-17 13:15:47,464 - INFO - france_scraper.py:44 - Successfully downloaded data for 2018, saved to src\data\raw\france_demand
2025-12-17 13:15:47,882 - INFO - france_scraper.py:44 - Successfully downloaded data for 2019, saved to src\data\raw\france_demand
2025-12-17 13:15:48,280 - INFO - france_scraper.py:44 - Successfully downloaded data for 2020, saved to src\data\raw\france_demand
2025-12-17 13:15:48,698 - INFO - france_scraper.py:44 - Successfully downloaded data for 2021, saved to src\data\raw\france_demand
2025-12-17 13:15:49,075 - INFO - france_scraper.py:44 - Successfully downloaded data for 2022, saved to src\data\raw\france_demand
2025-12-17 13:15:52,978 - INFO - france_scraper.py:44 - Successfully downloaded data for 2023, saved to src\data\raw\france_demand
2025-12-17 13:15:55,672 - INFO - france_scraper.py:44 - Successfully downloaded data for 2024, saved to src\data\raw\france_demand
2025-12-17 13:15:59,522 - INFO - france_scraper.py:44 - Successfully downloaded data for 2025, saved to src\data\raw\france_demand
2025-12-17 13:15:59,522 - INFO - update_raw_data.py:36 - Running GermanyScraper...
2025-12-17 13:15:59,523 - INFO - germany_scraper.py:42 - Fetching German gas demand data from 2020-01-01 to 2025-12-17...
2025-12-17 13:16:00,080 - INFO - germany_scraper.py:58 - Successfully saved German data to src\data\raw\THE_demand.csv
2025-12-17 13:16:00,081 - INFO - update_raw_data.py:36 - Running UKScraper...
2025-12-17 13:16:01,118 - INFO - uk_scraper.py:40 - Succesful response from the Nat Grid API
2025-12-17 13:16:01,120 - INFO - uk_scraper.py:51 - CSV file downloaded successfully to C:\Users\RoryPerkins\OneDrive - Timera Energy\Documents\GitHub\gas-demand\src\data/raw/uk\UK_gas_data_2025.csv
2025-12-17 13:16:01,120 - INFO - update_raw_data.py:36 - Running SpainScraper...
2025-12-17 13:16:01,121 - INFO - spain_scraper.py:65 - Scraping from 2025-01-01 to 2025-12-15
2025-12-17 13:16:01,122 - INFO - logger.py:11 - ====== WebDriver manager ======
2025-12-17 13:16:03,999 - INFO - logger.py:11 - Get LATEST chromedriver version for google-chrome
2025-12-17 13:16:04,365 - INFO - logger.py:11 - Get LATEST chromedriver version for google-chrome
2025-12-17 13:16:04,701 - INFO - logger.py:11 - Driver [C:\Users\RoryPerkins\.wdm\drivers\chromedriver\win64\143.0.7499.146\chromedriver-win32/chromedriver.exe] found in cache
2025-12-17 13:16:08,349 - INFO - spain.py:35 - Successfully accepted cookies.
2025-12-17 13:16:08,349 - INFO - spain_scraper.py:79 - Scraping data for 2025-01-01
2025-12-17 13:16:13,677 - INFO - spain_scraper.py:86 - Successfully collected data for 2025-01-01
2025-12-17 13:16:17,141 - INFO - spain_scraper.py:79 - Scraping data for 2025-01-02
2025-12-17 13:16:22,401 - INFO - spain_scraper.py:86 - Successfully collected data for 2025-01-02
2025-12-17 13:16:24,537 - INFO - spain_scraper.py:79 - Scraping data for 2025-01-03
2025-12-17 13:16:29,811 - INFO - spain_scraper.py:86 - Successfully collected data for 2025-01-03
2025-12-17 13:16:32,196 - INFO - spain_scraper.py:79 - Scraping data for 2025-01-04
2025-12-17 13:16:37,464 - INFO - spain_scraper.py:86 - Successfully collected data for 2025-01-04
2025-12-17 13:16:39,950 - INFO - spain_scraper.py:79 - Scraping data for 2025-01-05
2025-12-17 13:16:45,241 - INFO - spain_scraper.py:86 - Successfully collected data for 2025-01-05
2025-12-17 13:16:47,875 - INFO - spain_scraper.py:79 - Scraping data for 2025-01-06
2025-12-17 13:16:53,181 - INFO - spain_scraper.py:86 - Successfully collected data for 2025-01-06
2025-12-17 13:16:56,535 - INFO - spain_scraper.py:79 - Scraping data for 2025-01-07
2025-12-17 13:17:01,786 - INFO - spain_scraper.py:86 - Successfully collected data for 2025-01-07
2025-12-17 13:17:04,497 - INFO - spain_scraper.py:79 - Scraping data for 2025-01-08
2025-12-17 13:17:09,841 - INFO - spain_scraper.py:86 - Successfully collected data for 2025-01-08
2025-12-17 13:17:13,591 - INFO - spain_scraper.py:79 - Scraping data for 2025-01-09
2025-12-17 13:17:18,844 - INFO - spain_scraper.py:86 - Successfully collected data for 2025-01-09
2025-12-17 13:17:22,655 - INFO - spain_scraper.py:79 - Scraping data for 2025-01-10
2025-12-17 13:17:27,906 - INFO - spain_scraper.py:86 - Successfully collected data for 2025-01-10
2025-12-17 13:17:31,613 - INFO - spain_scraper.py:79 - Scraping data for 2025-01-11
2025-12-17 13:17:36,876 - INFO - spain_scraper.py:86 - Successfully collected data for 2025-01-11
2025-12-17 13:17:40,285 - INFO - spain_scraper.py:79 - Scraping data for 2025-01-12
2025-12-17 13:17:45,519 - INFO - spain_scraper.py:86 - Successfully collected data for 2025-01-12
2025-12-17 13:17:47,612 - INFO - spain_scraper.py:79 - Scraping data for 2025-01-13
2025-12-17 13:17:52,845 - INFO - spain_scraper.py:86 - Successfully collected data for 2025-01-13
2025-12-17 13:17:56,202 - INFO - spain_scraper.py:79 - Scraping data for 2025-01-14
2025-12-17 13:18:01,419 - INFO - spain_scraper.py:86 - Successfully collected data for 2025-01-14
2025-12-17 13:18:05,007 - INFO - spain_scraper.py:79 - Scraping data for 2025-01-15
2025-12-17 13:18:10,263 - INFO - spain_scraper.py:86 - Successfully collected data for 2025-01-15
2025-12-17 13:18:13,945 - INFO - spain_scraper.py:79 - Scraping data for 2025-01-16
2025-12-17 13:18:19,255 - INFO - spain_scraper.py:86 - Successfully collected data for 2025-01-16
2025-12-17 13:18:23,133 - INFO - spain_scraper.py:79 - Scraping data for 2025-01-17
2025-12-17 13:18:28,375 - INFO - spain_scraper.py:86 - Successfully collected data for 2025-01-17
2025-12-17 13:18:31,125 - INFO - spain_scraper.py:79 - Scraping data for 2025-01-18
2025-12-17 13:18:36,450 - INFO - spain_scraper.py:86 - Successfully collected data for 2025-01-18
2025-12-17 13:18:38,564 - INFO - spain_scraper.py:79 - Scraping data for 2025-01-19
2025-12-17 13:18:43,886 - INFO - spain_scraper.py:86 - Successfully collected data for 2025-01-19
2025-12-17 13:18:46,612 - INFO - spain_scraper.py:79 - Scraping data for 2025-01-20
2025-12-17 13:18:51,898 - INFO - spain_scraper.py:86 - Successfully collected data for 2025-01-20
2025-12-17 13:18:54,623 - INFO - spain_scraper.py:79 - Scraping data for 2025-01-21
2025-12-17 13:18:59,875 - INFO - spain_scraper.py:86 - Successfully collected data for 2025-01-21
2025-12-17 13:19:02,148 - INFO - spain_scraper.py:79 - Scraping data for 2025-01-22
2025-12-17 13:19:07,394 - INFO - spain_scraper.py:86 - Successfully collected data for 2025-01-22
2025-12-17 13:19:10,554 - INFO - spain_scraper.py:79 - Scraping data for 2025-01-23
2025-12-17 13:19:15,850 - INFO - spain_scraper.py:86 - Successfully collected data for 2025-01-23
2025-12-17 13:19:18,432 - INFO - spain_scraper.py:79 - Scraping data for 2025-01-24
2025-12-17 13:19:23,747 - INFO - spain_scraper.py:86 - Successfully collected data for 2025-01-24
2025-12-17 13:19:26,986 - INFO - spain_scraper.py:79 - Scraping data for 2025-01-25
2025-12-17 13:19:32,256 - INFO - spain_scraper.py:86 - Successfully collected data for 2025-01-25
2025-12-17 13:19:35,834 - INFO - spain_scraper.py:79 - Scraping data for 2025-01-26
2025-12-17 13:19:41,099 - INFO - spain_scraper.py:86 - Successfully collected data for 2025-01-26
2025-12-17 13:19:44,670 - INFO - spain_scraper.py:79 - Scraping data for 2025-01-27
2025-12-17 13:19:50,109 - INFO - spain_scraper.py:86 - Successfully collected data for 2025-01-27
2025-12-17 13:19:52,934 - INFO - spain_scraper.py:79 - Scraping data for 2025-01-28
2025-12-17 13:19:58,224 - INFO - spain_scraper.py:86 - Successfully collected data for 2025-01-28
2025-12-17 13:20:02,208 - INFO - spain_scraper.py:79 - Scraping data for 2025-01-29
2025-12-17 13:20:07,494 - INFO - spain_scraper.py:86 - Successfully collected data for 2025-01-29
2025-12-17 13:20:09,622 - INFO - spain_scraper.py:79 - Scraping data for 2025-01-30
2025-12-17 13:20:14,943 - INFO - spain_scraper.py:86 - Successfully collected data for 2025-01-30
2025-12-17 13:20:17,854 - INFO - spain_scraper.py:79 - Scraping data for 2025-01-31
2025-12-17 13:20:23,208 - INFO - spain_scraper.py:86 - Successfully collected data for 2025-01-31
2025-12-17 13:20:25,377 - INFO - spain_scraper.py:79 - Scraping data for 2025-02-01
2025-12-17 13:20:30,701 - INFO - spain_scraper.py:86 - Successfully collected data for 2025-02-01
2025-12-17 13:20:33,254 - INFO - spain_scraper.py:79 - Scraping data for 2025-02-02
2025-12-17 13:20:38,536 - INFO - spain_scraper.py:86 - Successfully collected data for 2025-02-02
2025-12-17 13:20:41,678 - INFO - spain_scraper.py:79 - Scraping data for 2025-02-03
2025-12-17 13:20:46,933 - INFO - spain_scraper.py:86 - Successfully collected data for 2025-02-03
2025-12-17 13:20:50,841 - INFO - spain_scraper.py:79 - Scraping data for 2025-02-04
2025-12-17 13:20:56,134 - INFO - spain_scraper.py:86 - Successfully collected data for 2025-02-04
2025-12-17 13:21:00,100 - INFO - spain_scraper.py:79 - Scraping data for 2025-02-05
2025-12-17 13:21:05,367 - INFO - spain_scraper.py:86 - Successfully collected data for 2025-02-05
2025-12-17 13:21:08,406 - INFO - spain_scraper.py:79 - Scraping data for 2025-02-06
2025-12-17 13:21:13,665 - INFO - spain_scraper.py:86 - Successfully collected data for 2025-02-06
2025-12-17 13:21:15,860 - INFO - spain_scraper.py:79 - Scraping data for 2025-02-07
2025-12-17 13:21:21,213 - INFO - spain_scraper.py:86 - Successfully collected data for 2025-02-07
2025-12-17 13:21:24,643 - INFO - spain_scraper.py:79 - Scraping data for 2025-02-08
2025-12-17 13:21:29,958 - INFO - spain_scraper.py:86 - Successfully collected data for 2025-02-08
2025-12-17 13:21:33,770 - INFO - spain_scraper.py:79 - Scraping data for 2025-02-09
2025-12-17 13:21:39,064 - INFO - spain_scraper.py:86 - Successfully collected data for 2025-02-09
2025-12-17 13:21:42,965 - INFO - spain_scraper.py:79 - Scraping data for 2025-02-10
2025-12-17 13:21:48,283 - INFO - spain_scraper.py:86 - Successfully collected data for 2025-02-10
2025-12-17 13:21:50,709 - INFO - spain_scraper.py:79 - Scraping data for 2025-02-11
2025-12-17 13:21:55,992 - INFO - spain_scraper.py:86 - Successfully collected data for 2025-02-11
2025-12-17 13:21:58,316 - INFO - spain_scraper.py:79 - Scraping data for 2025-02-12
2025-12-17 13:22:03,613 - INFO - spain_scraper.py:86 - Successfully collected data for 2025-02-12
2025-12-17 13:22:06,099 - INFO - spain_scraper.py:79 - Scraping data for 2025-02-13
2025-12-17 13:22:11,426 - INFO - spain_scraper.py:86 - Successfully collected data for 2025-02-13
2025-12-17 13:22:14,588 - INFO - spain_scraper.py:79 - Scraping data for 2025-02-14
2025-12-17 13:22:19,907 - INFO - spain_scraper.py:86 - Successfully collected data for 2025-02-14
2025-12-17 13:22:23,901 - INFO - spain_scraper.py:79 - Scraping data for 2025-02-15
2025-12-17 13:22:29,273 - INFO - spain_scraper.py:86 - Successfully collected data for 2025-02-15
2025-12-17 13:22:32,494 - INFO - spain_scraper.py:79 - Scraping data for 2025-02-16
2025-12-17 13:22:37,794 - INFO - spain_scraper.py:86 - Successfully collected data for 2025-02-16
2025-12-17 13:22:39,864 - INFO - spain_scraper.py:79 - Scraping data for 2025-02-17
2025-12-17 13:22:45,178 - INFO - spain_scraper.py:86 - Successfully collected data for 2025-02-17
2025-12-17 13:22:48,285 - INFO - spain_scraper.py:79 - Scraping data for 2025-02-18
2025-12-17 13:22:53,605 - INFO - spain_scraper.py:86 - Successfully collected data for 2025-02-18
2025-12-17 13:22:55,899 - INFO - spain_scraper.py:79 - Scraping data for 2025-02-19
2025-12-17 13:23:01,188 - INFO - spain_scraper.py:86 - Successfully collected data for 2025-02-19
2025-12-17 13:23:05,120 - INFO - spain_scraper.py:79 - Scraping data for 2025-02-20
2025-12-17 13:23:10,451 - INFO - spain_scraper.py:86 - Successfully collected data for 2025-02-20
2025-12-17 13:23:12,586 - INFO - spain_scraper.py:79 - Scraping data for 2025-02-21
2025-12-17 13:23:17,890 - INFO - spain_scraper.py:86 - Successfully collected data for 2025-02-21
2025-12-17 13:23:20,264 - INFO - spain_scraper.py:79 - Scraping data for 2025-02-22
2025-12-17 13:23:25,604 - INFO - spain_scraper.py:86 - Successfully collected data for 2025-02-22
2025-12-17 13:23:27,988 - INFO - spain_scraper.py:79 - Scraping data for 2025-02-23
2025-12-17 13:23:33,284 - INFO - spain_scraper.py:86 - Successfully collected data for 2025-02-23
2025-12-17 13:23:36,040 - INFO - spain_scraper.py:79 - Scraping data for 2025-02-24
2025-12-17 13:23:41,372 - INFO - spain_scraper.py:86 - Successfully collected data for 2025-02-24
2025-12-17 13:23:45,075 - INFO - spain_scraper.py:79 - Scraping data for 2025-02-25
2025-12-17 13:23:50,406 - INFO - spain_scraper.py:86 - Successfully collected data for 2025-02-25
2025-12-17 13:23:53,158 - INFO - spain_scraper.py:79 - Scraping data for 2025-02-26
2025-12-17 13:23:58,457 - INFO - spain_scraper.py:86 - Successfully collected data for 2025-02-26
2025-12-17 13:24:02,355 - INFO - spain_scraper.py:79 - Scraping data for 2025-02-27
2025-12-17 13:24:07,686 - INFO - spain_scraper.py:86 - Successfully collected data for 2025-02-27
2025-12-17 13:24:10,506 - INFO - spain_scraper.py:79 - Scraping data for 2025-02-28
2025-12-17 13:24:15,871 - INFO - spain_scraper.py:86 - Successfully collected data for 2025-02-28
2025-12-17 13:24:19,224 - INFO - spain_scraper.py:79 - Scraping data for 2025-03-01
2025-12-17 13:24:24,558 - INFO - spain_scraper.py:86 - Successfully collected data for 2025-03-01
2025-12-17 13:24:27,641 - INFO - spain_scraper.py:79 - Scraping data for 2025-03-02
2025-12-17 13:24:32,899 - INFO - spain_scraper.py:86 - Successfully collected data for 2025-03-02
2025-12-17 13:24:35,946 - INFO - spain_scraper.py:79 - Scraping data for 2025-03-03
2025-12-17 13:24:41,277 - INFO - spain_scraper.py:86 - Successfully collected data for 2025-03-03
2025-12-17 13:24:44,224 - INFO - spain_scraper.py:79 - Scraping data for 2025-03-04
2025-12-17 13:24:49,492 - INFO - spain_scraper.py:86 - Successfully collected data for 2025-03-04
2025-12-17 13:24:52,818 - INFO - spain_scraper.py:79 - Scraping data for 2025-03-05
2025-12-17 13:24:58,144 - INFO - spain_scraper.py:86 - Successfully collected data for 2025-03-05
2025-12-17 13:25:01,352 - INFO - spain_scraper.py:79 - Scraping data for 2025-03-06
2025-12-17 13:25:06,658 - INFO - spain_scraper.py:86 - Successfully collected data for 2025-03-06
2025-12-17 13:25:09,626 - INFO - spain_scraper.py:79 - Scraping data for 2025-03-07
2025-12-17 13:25:14,955 - INFO - spain_scraper.py:86 - Successfully collected data for 2025-03-07
2025-12-17 13:25:18,042 - INFO - spain_scraper.py:79 - Scraping data for 2025-03-08
2025-12-17 13:25:23,338 - INFO - spain_scraper.py:86 - Successfully collected data for 2025-03-08
2025-12-17 13:25:26,530 - INFO - spain_scraper.py:79 - Scraping data for 2025-03-09
2025-12-17 13:25:31,819 - INFO - spain_scraper.py:86 - Successfully collected data for 2025-03-09
2025-12-17 13:25:34,859 - INFO - spain_scraper.py:79 - Scraping data for 2025-03-10
2025-12-17 13:25:40,171 - INFO - spain_scraper.py:86 - Successfully collected data for 2025-03-10
2025-12-17 13:25:42,891 - INFO - spain_scraper.py:79 - Scraping data for 2025-03-11
2025-12-17 13:25:48,264 - INFO - spain_scraper.py:86 - Successfully collected data for 2025-03-11
2025-12-17 13:25:51,215 - INFO - spain_scraper.py:79 - Scraping data for 2025-03-12
2025-12-17 13:25:56,516 - INFO - spain_scraper.py:86 - Successfully collected data for 2025-03-12
2025-12-17 13:25:59,293 - INFO - spain_scraper.py:79 - Scraping data for 2025-03-13
2025-12-17 13:26:04,597 - INFO - spain_scraper.py:86 - Successfully collected data for 2025-03-13
2025-12-17 13:26:07,652 - INFO - spain_scraper.py:79 - Scraping data for 2025-03-14
2025-12-17 13:26:12,944 - INFO - spain_scraper.py:86 - Successfully collected data for 2025-03-14
2025-12-17 13:26:16,815 - INFO - spain_scraper.py:79 - Scraping data for 2025-03-15
2025-12-17 13:26:22,118 - INFO - spain_scraper.py:86 - Successfully collected data for 2025-03-15
2025-12-17 13:26:24,541 - INFO - spain_scraper.py:79 - Scraping data for 2025-03-16
2025-12-17 13:26:29,897 - INFO - spain_scraper.py:86 - Successfully collected data for 2025-03-16
2025-12-17 13:26:33,803 - INFO - spain_scraper.py:79 - Scraping data for 2025-03-17
2025-12-17 13:26:39,122 - INFO - spain_scraper.py:86 - Successfully collected data for 2025-03-17
2025-12-17 13:26:41,779 - INFO - spain_scraper.py:79 - Scraping data for 2025-03-18
2025-12-17 13:26:47,131 - INFO - spain_scraper.py:86 - Successfully collected data for 2025-03-18
2025-12-17 13:26:50,317 - INFO - spain_scraper.py:79 - Scraping data for 2025-03-19
2025-12-17 13:26:55,619 - INFO - spain_scraper.py:86 - Successfully collected data for 2025-03-19
2025-12-17 13:26:57,744 - INFO - spain_scraper.py:79 - Scraping data for 2025-03-20
2025-12-17 13:27:03,086 - INFO - spain_scraper.py:86 - Successfully collected data for 2025-03-20
2025-12-17 13:27:05,170 - INFO - spain_scraper.py:79 - Scraping data for 2025-03-21
2025-12-17 13:27:10,420 - INFO - spain_scraper.py:86 - Successfully collected data for 2025-03-21
2025-12-17 13:27:12,850 - INFO - spain_scraper.py:79 - Scraping data for 2025-03-22
2025-12-17 13:27:18,151 - INFO - spain_scraper.py:86 - Successfully collected data for 2025-03-22
2025-12-17 13:27:21,734 - INFO - spain_scraper.py:79 - Scraping data for 2025-03-23
2025-12-17 13:27:27,059 - INFO - spain_scraper.py:86 - Successfully collected data for 2025-03-23
2025-12-17 13:27:30,126 - INFO - spain_scraper.py:79 - Scraping data for 2025-03-24
2025-12-17 13:27:35,418 - INFO - spain_scraper.py:86 - Successfully collected data for 2025-03-24
2025-12-17 13:27:39,101 - INFO - spain_scraper.py:79 - Scraping data for 2025-03-25
2025-12-17 13:27:44,441 - INFO - spain_scraper.py:86 - Successfully collected data for 2025-03-25
2025-12-17 13:27:47,750 - INFO - spain_scraper.py:79 - Scraping data for 2025-03-26
2025-12-17 13:27:53,024 - INFO - spain_scraper.py:86 - Successfully collected data for 2025-03-26
2025-12-17 13:27:55,205 - INFO - spain_scraper.py:79 - Scraping data for 2025-03-27
2025-12-17 13:28:00,558 - INFO - spain_scraper.py:86 - Successfully collected data for 2025-03-27
2025-12-17 13:28:03,256 - INFO - spain_scraper.py:79 - Scraping data for 2025-03-28
2025-12-17 13:28:08,529 - INFO - spain_scraper.py:86 - Successfully collected data for 2025-03-28
2025-12-17 13:28:11,883 - INFO - spain_scraper.py:79 - Scraping data for 2025-03-29
2025-12-17 13:28:17,235 - INFO - spain_scraper.py:86 - Successfully collected data for 2025-03-29
2025-12-17 13:28:19,424 - INFO - spain_scraper.py:79 - Scraping data for 2025-03-30
2025-12-17 13:28:24,751 - INFO - spain_scraper.py:86 - Successfully collected data for 2025-03-30
2025-12-17 13:28:27,929 - INFO - spain_scraper.py:79 - Scraping data for 2025-03-31
2025-12-17 13:28:33,238 - INFO - spain_scraper.py:86 - Successfully collected data for 2025-03-31
2025-12-17 13:28:36,129 - INFO - spain_scraper.py:79 - Scraping data for 2025-04-01
2025-12-17 13:28:41,423 - INFO - spain_scraper.py:86 - Successfully collected data for 2025-04-01
2025-12-17 13:28:44,368 - INFO - spain_scraper.py:79 - Scraping data for 2025-04-02
2025-12-17 13:28:49,686 - INFO - spain_scraper.py:86 - Successfully collected data for 2025-04-02
2025-12-17 13:28:52,449 - INFO - spain_scraper.py:79 - Scraping data for 2025-04-03
2025-12-17 13:28:57,802 - INFO - spain_scraper.py:86 - Successfully collected data for 2025-04-03
2025-12-17 13:29:00,597 - INFO - spain_scraper.py:79 - Scraping data for 2025-04-04
2025-12-17 13:29:05,936 - INFO - spain_scraper.py:86 - Successfully collected data for 2025-04-04
2025-12-17 13:29:09,245 - INFO - spain_scraper.py:79 - Scraping data for 2025-04-05
2025-12-17 13:29:14,556 - INFO - spain_scraper.py:86 - Successfully collected data for 2025-04-05
2025-12-17 13:29:18,478 - INFO - spain_scraper.py:79 - Scraping data for 2025-04-06
2025-12-17 13:29:23,823 - INFO - spain_scraper.py:86 - Successfully collected data for 2025-04-06
2025-12-17 13:29:27,676 - INFO - spain_scraper.py:79 - Scraping data for 2025-04-07
2025-12-17 13:29:33,063 - INFO - spain_scraper.py:86 - Successfully collected data for 2025-04-07
2025-12-17 13:29:35,246 - INFO - spain_scraper.py:79 - Scraping data for 2025-04-08
2025-12-17 13:29:40,625 - INFO - spain_scraper.py:86 - Successfully collected data for 2025-04-08
2025-12-17 13:29:43,344 - INFO - spain_scraper.py:79 - Scraping data for 2025-04-09
2025-12-17 13:29:48,659 - INFO - spain_scraper.py:86 - Successfully collected data for 2025-04-09
2025-12-17 13:29:51,370 - INFO - spain_scraper.py:79 - Scraping data for 2025-04-10
2025-12-17 13:29:56,694 - INFO - spain_scraper.py:86 - Successfully collected data for 2025-04-10
2025-12-17 13:30:00,631 - INFO - spain_scraper.py:51 - Taking a longer break after 100 requests...
2025-12-17 13:31:08,928 - INFO - spain_scraper.py:79 - Scraping data for 2025-04-11
2025-12-17 13:31:14,264 - INFO - spain_scraper.py:86 - Successfully collected data for 2025-04-11
2025-12-17 13:31:18,150 - INFO - spain_scraper.py:79 - Scraping data for 2025-04-12
2025-12-17 13:31:23,475 - INFO - spain_scraper.py:86 - Successfully collected data for 2025-04-12
2025-12-17 13:31:26,588 - INFO - spain_scraper.py:79 - Scraping data for 2025-04-13
2025-12-17 13:31:31,904 - INFO - spain_scraper.py:86 - Successfully collected data for 2025-04-13
2025-12-17 13:31:34,198 - INFO - spain_scraper.py:79 - Scraping data for 2025-04-14
2025-12-17 13:31:39,522 - INFO - spain_scraper.py:86 - Successfully collected data for 2025-04-14
2025-12-17 13:31:42,080 - INFO - spain_scraper.py:79 - Scraping data for 2025-04-15
2025-12-17 13:31:47,418 - INFO - spain_scraper.py:86 - Successfully collected data for 2025-04-15
2025-12-17 13:31:49,825 - INFO - spain_scraper.py:79 - Scraping data for 2025-04-16
2025-12-17 13:31:55,193 - INFO - spain_scraper.py:86 - Successfully collected data for 2025-04-16
2025-12-17 13:31:58,894 - INFO - spain_scraper.py:79 - Scraping data for 2025-04-17
2025-12-17 13:32:04,252 - INFO - spain_scraper.py:86 - Successfully collected data for 2025-04-17
2025-12-17 13:32:06,730 - INFO - spain_scraper.py:79 - Scraping data for 2025-04-18
2025-12-17 13:32:12,059 - INFO - spain_scraper.py:86 - Successfully collected data for 2025-04-18
2025-12-17 13:32:15,631 - INFO - spain_scraper.py:79 - Scraping data for 2025-04-19
2025-12-17 13:32:20,984 - INFO - spain_scraper.py:86 - Successfully collected data for 2025-04-19
2025-12-17 13:32:24,490 - INFO - spain_scraper.py:79 - Scraping data for 2025-04-20
2025-12-17 13:32:29,811 - INFO - spain_scraper.py:86 - Successfully collected data for 2025-04-20
2025-12-17 13:32:32,058 - INFO - spain_scraper.py:79 - Scraping data for 2025-04-21
2025-12-17 13:32:37,426 - INFO - spain_scraper.py:86 - Successfully collected data for 2025-04-21
2025-12-17 13:32:40,826 - INFO - spain_scraper.py:79 - Scraping data for 2025-04-22
2025-12-17 13:32:46,139 - INFO - spain_scraper.py:86 - Successfully collected data for 2025-04-22
2025-12-17 13:32:48,447 - INFO - spain_scraper.py:79 - Scraping data for 2025-04-23
2025-12-17 13:32:53,788 - INFO - spain_scraper.py:86 - Successfully collected data for 2025-04-23
2025-12-17 13:32:56,840 - INFO - spain_scraper.py:79 - Scraping data for 2025-04-24
2025-12-17 13:33:02,166 - INFO - spain_scraper.py:86 - Successfully collected data for 2025-04-24
2025-12-17 13:33:05,593 - INFO - spain_scraper.py:79 - Scraping data for 2025-04-25
2025-12-17 13:33:10,936 - INFO - spain_scraper.py:86 - Successfully collected data for 2025-04-25
2025-12-17 13:33:13,374 - INFO - spain_scraper.py:79 - Scraping data for 2025-04-26
2025-12-17 13:33:18,694 - INFO - spain_scraper.py:86 - Successfully collected data for 2025-04-26
2025-12-17 13:33:21,946 - INFO - spain_scraper.py:79 - Scraping data for 2025-04-27
2025-12-17 13:33:27,256 - INFO - spain_scraper.py:86 - Successfully collected data for 2025-04-27
2025-12-17 13:33:30,299 - INFO - spain_scraper.py:79 - Scraping data for 2025-04-28
2025-12-17 13:33:35,646 - INFO - spain_scraper.py:86 - Successfully collected data for 2025-04-28
2025-12-17 13:33:39,563 - INFO - spain_scraper.py:79 - Scraping data for 2025-04-29
2025-12-17 13:33:44,907 - INFO - spain_scraper.py:86 - Successfully collected data for 2025-04-29
2025-12-17 13:33:47,676 - INFO - spain_scraper.py:79 - Scraping data for 2025-04-30
2025-12-17 13:33:53,446 - INFO - spain_scraper.py:86 - Successfully collected data for 2025-04-30
2025-12-17 13:33:56,735 - INFO - spain_scraper.py:79 - Scraping data for 2025-05-01
2025-12-17 13:34:02,098 - INFO - spain_scraper.py:86 - Successfully collected data for 2025-05-01
2025-12-17 13:34:04,311 - INFO - spain_scraper.py:79 - Scraping data for 2025-05-02
2025-12-17 13:34:09,710 - INFO - spain_scraper.py:86 - Successfully collected data for 2025-05-02
2025-12-17 13:34:12,320 - INFO - spain_scraper.py:79 - Scraping data for 2025-05-03
2025-12-17 13:34:17,651 - INFO - spain_scraper.py:86 - Successfully collected data for 2025-05-03
2025-12-17 13:34:20,963 - INFO - spain_scraper.py:79 - Scraping data for 2025-05-04
2025-12-17 13:34:26,292 - INFO - spain_scraper.py:86 - Successfully collected data for 2025-05-04
2025-12-17 13:34:29,527 - INFO - spain_scraper.py:79 - Scraping data for 2025-05-05
2025-12-17 13:34:34,859 - INFO - spain_scraper.py:86 - Successfully collected data for 2025-05-05
2025-12-17 13:34:37,028 - INFO - spain_scraper.py:79 - Scraping data for 2025-05-06
2025-12-17 13:34:42,395 - INFO - spain_scraper.py:86 - Successfully collected data for 2025-05-06
2025-12-17 13:34:45,426 - INFO - spain_scraper.py:79 - Scraping data for 2025-05-07
2025-12-17 13:34:50,737 - INFO - spain_scraper.py:86 - Successfully collected data for 2025-05-07
2025-12-17 13:34:54,008 - INFO - spain_scraper.py:79 - Scraping data for 2025-05-08
2025-12-17 13:34:59,368 - INFO - spain_scraper.py:86 - Successfully collected data for 2025-05-08
2025-12-17 13:35:01,554 - INFO - spain_scraper.py:79 - Scraping data for 2025-05-09
2025-12-17 13:35:06,890 - INFO - spain_scraper.py:86 - Successfully collected data for 2025-05-09
2025-12-17 13:35:09,905 - INFO - spain_scraper.py:79 - Scraping data for 2025-05-10
2025-12-17 13:35:15,296 - INFO - spain_scraper.py:86 - Successfully collected data for 2025-05-10
2025-12-17 13:35:18,123 - INFO - spain_scraper.py:79 - Scraping data for 2025-05-11
2025-12-17 13:35:23,580 - INFO - spain_scraper.py:86 - Successfully collected data for 2025-05-11
2025-12-17 13:35:25,663 - INFO - spain_scraper.py:79 - Scraping data for 2025-05-12
2025-12-17 13:35:31,030 - INFO - spain_scraper.py:86 - Successfully collected data for 2025-05-12
2025-12-17 13:35:33,142 - INFO - spain_scraper.py:79 - Scraping data for 2025-05-13
2025-12-17 13:35:38,506 - INFO - spain_scraper.py:86 - Successfully collected data for 2025-05-13
2025-12-17 13:35:41,080 - INFO - spain_scraper.py:79 - Scraping data for 2025-05-14
2025-12-17 13:35:46,437 - INFO - spain_scraper.py:86 - Successfully collected data for 2025-05-14
2025-12-17 13:35:50,318 - INFO - spain_scraper.py:79 - Scraping data for 2025-05-15
2025-12-17 13:35:55,687 - INFO - spain_scraper.py:86 - Successfully collected data for 2025-05-15
2025-12-17 13:35:59,296 - INFO - spain_scraper.py:79 - Scraping data for 2025-05-16
2025-12-17 13:36:04,650 - INFO - spain_scraper.py:86 - Successfully collected data for 2025-05-16
2025-12-17 13:36:06,823 - INFO - spain_scraper.py:79 - Scraping data for 2025-05-17
2025-12-17 13:36:12,219 - INFO - spain_scraper.py:86 - Successfully collected data for 2025-05-17
2025-12-17 13:36:14,348 - INFO - spain_scraper.py:79 - Scraping data for 2025-05-18
2025-12-17 13:36:19,705 - INFO - spain_scraper.py:86 - Successfully collected data for 2025-05-18
2025-12-17 13:36:22,533 - INFO - spain_scraper.py:79 - Scraping data for 2025-05-19
2025-12-17 13:36:27,934 - INFO - spain_scraper.py:86 - Successfully collected data for 2025-05-19
2025-12-17 13:36:30,683 - INFO - spain_scraper.py:79 - Scraping data for 2025-05-20
2025-12-17 13:36:36,037 - INFO - spain_scraper.py:86 - Successfully collected data for 2025-05-20
2025-12-17 13:36:39,046 - INFO - spain_scraper.py:79 - Scraping data for 2025-05-21
2025-12-17 13:36:44,481 - INFO - spain_scraper.py:86 - Successfully collected data for 2025-05-21
2025-12-17 13:36:47,779 - INFO - spain_scraper.py:79 - Scraping data for 2025-05-22
2025-12-17 13:36:53,204 - INFO - spain_scraper.py:86 - Successfully collected data for 2025-05-22
2025-12-17 13:36:56,714 - INFO - spain_scraper.py:79 - Scraping data for 2025-05-23
2025-12-17 13:37:02,062 - INFO - spain_scraper.py:86 - Successfully collected data for 2025-05-23
2025-12-17 13:37:05,061 - INFO - spain_scraper.py:79 - Scraping data for 2025-05-24
2025-12-17 13:37:10,408 - INFO - spain_scraper.py:86 - Successfully collected data for 2025-05-24
2025-12-17 13:37:14,395 - INFO - spain_scraper.py:79 - Scraping data for 2025-05-25
2025-12-17 13:37:19,769 - INFO - spain_scraper.py:86 - Successfully collected data for 2025-05-25
2025-12-17 13:37:23,548 - INFO - spain_scraper.py:79 - Scraping data for 2025-05-26
2025-12-17 13:37:28,899 - INFO - spain_scraper.py:86 - Successfully collected data for 2025-05-26
2025-12-17 13:37:30,943 - INFO - spain_scraper.py:79 - Scraping data for 2025-05-27
2025-12-17 13:37:36,381 - INFO - spain_scraper.py:86 - Successfully collected data for 2025-05-27
2025-12-17 13:37:39,527 - INFO - spain_scraper.py:79 - Scraping data for 2025-05-28
2025-12-17 13:37:44,888 - INFO - spain_scraper.py:86 - Successfully collected data for 2025-05-28
2025-12-17 13:37:47,693 - INFO - spain_scraper.py:79 - Scraping data for 2025-05-29
2025-12-17 13:37:53,106 - INFO - spain_scraper.py:86 - Successfully collected data for 2025-05-29
2025-12-17 13:37:56,513 - INFO - spain_scraper.py:79 - Scraping data for 2025-05-30
2025-12-17 13:38:01,884 - INFO - spain_scraper.py:86 - Successfully collected data for 2025-05-30
2025-12-17 13:38:04,324 - INFO - spain_scraper.py:79 - Scraping data for 2025-05-31
2025-12-17 13:38:09,836 - INFO - spain_scraper.py:86 - Successfully collected data for 2025-05-31
2025-12-17 13:38:12,579 - INFO - spain_scraper.py:79 - Scraping data for 2025-06-01
2025-12-17 13:38:17,941 - INFO - spain_scraper.py:86 - Successfully collected data for 2025-06-01
2025-12-17 13:38:20,947 - INFO - spain_scraper.py:79 - Scraping data for 2025-06-02
2025-12-17 13:38:26,333 - INFO - spain_scraper.py:86 - Successfully collected data for 2025-06-02
2025-12-17 13:38:29,613 - INFO - spain_scraper.py:79 - Scraping data for 2025-06-03
2025-12-17 13:38:34,956 - INFO - spain_scraper.py:86 - Successfully collected data for 2025-06-03
2025-12-17 13:38:38,545 - INFO - spain_scraper.py:79 - Scraping data for 2025-06-04
2025-12-17 13:38:43,857 - INFO - spain_scraper.py:86 - Successfully collected data for 2025-06-04
2025-12-17 13:38:47,436 - INFO - spain_scraper.py:79 - Scraping data for 2025-06-05
2025-12-17 13:38:52,795 - INFO - spain_scraper.py:86 - Successfully collected data for 2025-06-05
2025-12-17 13:38:55,904 - INFO - spain_scraper.py:79 - Scraping data for 2025-06-06
2025-12-17 13:39:01,275 - INFO - spain_scraper.py:86 - Successfully collected data for 2025-06-06
2025-12-17 13:39:04,818 - INFO - spain_scraper.py:79 - Scraping data for 2025-06-07
2025-12-17 13:39:10,210 - INFO - spain_scraper.py:86 - Successfully collected data for 2025-06-07
2025-12-17 13:39:14,029 - INFO - spain_scraper.py:79 - Scraping data for 2025-06-08
2025-12-17 13:39:19,400 - INFO - spain_scraper.py:86 - Successfully collected data for 2025-06-08
2025-12-17 13:39:21,531 - INFO - spain_scraper.py:79 - Scraping data for 2025-06-09
2025-12-17 13:39:26,898 - INFO - spain_scraper.py:86 - Successfully collected data for 2025-06-09
2025-12-17 13:39:30,744 - INFO - spain_scraper.py:79 - Scraping data for 2025-06-10
2025-12-17 13:39:36,125 - INFO - spain_scraper.py:86 - Successfully collected data for 2025-06-10
2025-12-17 13:39:39,656 - INFO - spain_scraper.py:79 - Scraping data for 2025-06-11
2025-12-17 13:39:45,069 - INFO - spain_scraper.py:86 - Successfully collected data for 2025-06-11
2025-12-17 13:39:47,563 - INFO - spain_scraper.py:79 - Scraping data for 2025-06-12
2025-12-17 13:39:52,929 - INFO - spain_scraper.py:86 - Successfully collected data for 2025-06-12
2025-12-17 13:39:56,027 - INFO - spain_scraper.py:79 - Scraping data for 2025-06-13
2025-12-17 13:40:01,422 - INFO - spain_scraper.py:86 - Successfully collected data for 2025-06-13
2025-12-17 13:40:05,107 - INFO - spain_scraper.py:79 - Scraping data for 2025-06-14
2025-12-17 13:40:10,504 - INFO - spain_scraper.py:86 - Successfully collected data for 2025-06-14
2025-12-17 13:40:13,904 - INFO - spain_scraper.py:79 - Scraping data for 2025-06-15
2025-12-17 13:40:19,398 - INFO - spain_scraper.py:86 - Successfully collected data for 2025-06-15
2025-12-17 13:40:23,231 - INFO - spain_scraper.py:79 - Scraping data for 2025-06-16
2025-12-17 13:40:28,631 - INFO - spain_scraper.py:86 - Successfully collected data for 2025-06-16
2025-12-17 13:40:31,580 - INFO - spain_scraper.py:79 - Scraping data for 2025-06-17
2025-12-17 13:40:36,973 - INFO - spain_scraper.py:86 - Successfully collected data for 2025-06-17
2025-12-17 13:40:40,855 - INFO - spain_scraper.py:79 - Scraping data for 2025-06-18
2025-12-17 13:40:46,260 - INFO - spain_scraper.py:86 - Successfully collected data for 2025-06-18
2025-12-17 13:40:49,373 - INFO - spain_scraper.py:79 - Scraping data for 2025-06-19
2025-12-17 13:40:54,731 - INFO - spain_scraper.py:86 - Successfully collected data for 2025-06-19
2025-12-17 13:40:57,591 - INFO - spain_scraper.py:79 - Scraping data for 2025-06-20
2025-12-17 13:41:02,934 - INFO - spain_scraper.py:86 - Successfully collected data for 2025-06-20
2025-12-17 13:41:05,437 - INFO - spain_scraper.py:79 - Scraping data for 2025-06-21
2025-12-17 13:41:10,786 - INFO - spain_scraper.py:86 - Successfully collected data for 2025-06-21
2025-12-17 13:41:13,680 - INFO - spain_scraper.py:79 - Scraping data for 2025-06-22
2025-12-17 13:41:19,077 - INFO - spain_scraper.py:86 - Successfully collected data for 2025-06-22
2025-12-17 13:41:21,668 - INFO - spain_scraper.py:79 - Scraping data for 2025-06-23
2025-12-17 13:41:26,988 - INFO - spain_scraper.py:86 - Successfully collected data for 2025-06-23
2025-12-17 13:41:30,429 - INFO - spain_scraper.py:79 - Scraping data for 2025-06-24
2025-12-17 13:41:35,772 - INFO - spain_scraper.py:86 - Successfully collected data for 2025-06-24
2025-12-17 13:41:38,144 - INFO - spain_scraper.py:79 - Scraping data for 2025-06-25
2025-12-17 13:41:43,489 - INFO - spain_scraper.py:86 - Successfully collected data for 2025-06-25
2025-12-17 13:41:47,133 - INFO - spain_scraper.py:79 - Scraping data for 2025-06-26
2025-12-17 13:41:52,520 - INFO - spain_scraper.py:86 - Successfully collected data for 2025-06-26
2025-12-17 13:41:55,673 - INFO - spain_scraper.py:79 - Scraping data for 2025-06-27
2025-12-17 13:42:01,004 - INFO - spain_scraper.py:86 - Successfully collected data for 2025-06-27
2025-12-17 13:42:04,484 - INFO - spain_scraper.py:79 - Scraping data for 2025-06-28
2025-12-17 13:42:09,900 - INFO - spain_scraper.py:86 - Successfully collected data for 2025-06-28
2025-12-17 13:42:12,842 - INFO - spain_scraper.py:79 - Scraping data for 2025-06-29
2025-12-17 13:42:18,248 - INFO - spain_scraper.py:86 - Successfully collected data for 2025-06-29
2025-12-17 13:42:21,668 - INFO - spain_scraper.py:79 - Scraping data for 2025-06-30
2025-12-17 13:42:27,056 - INFO - spain_scraper.py:86 - Successfully collected data for 2025-06-30
2025-12-17 13:42:29,349 - INFO - spain_scraper.py:79 - Scraping data for 2025-07-01
2025-12-17 13:42:34,735 - INFO - spain_scraper.py:86 - Successfully collected data for 2025-07-01
2025-12-17 13:42:37,915 - INFO - spain_scraper.py:79 - Scraping data for 2025-07-02
2025-12-17 13:42:43,315 - INFO - spain_scraper.py:86 - Successfully collected data for 2025-07-02
2025-12-17 13:42:46,473 - INFO - spain_scraper.py:79 - Scraping data for 2025-07-03
2025-12-17 13:42:51,858 - INFO - spain_scraper.py:86 - Successfully collected data for 2025-07-03
2025-12-17 13:42:54,579 - INFO - spain_scraper.py:79 - Scraping data for 2025-07-04
2025-12-17 13:42:59,970 - INFO - spain_scraper.py:86 - Successfully collected data for 2025-07-04
2025-12-17 13:43:03,320 - INFO - spain_scraper.py:79 - Scraping data for 2025-07-05
2025-12-17 13:43:08,718 - INFO - spain_scraper.py:86 - Successfully collected data for 2025-07-05
2025-12-17 13:43:12,239 - INFO - spain_scraper.py:79 - Scraping data for 2025-07-06
2025-12-17 13:43:17,580 - INFO - spain_scraper.py:86 - Successfully collected data for 2025-07-06
2025-12-17 13:43:20,644 - INFO - spain_scraper.py:79 - Scraping data for 2025-07-07
2025-12-17 13:43:26,025 - INFO - spain_scraper.py:86 - Successfully collected data for 2025-07-07
2025-12-17 13:43:29,226 - INFO - spain_scraper.py:79 - Scraping data for 2025-07-08
2025-12-17 13:43:34,605 - INFO - spain_scraper.py:86 - Successfully collected data for 2025-07-08
2025-12-17 13:43:37,008 - INFO - spain_scraper.py:79 - Scraping data for 2025-07-09
2025-12-17 13:43:42,359 - INFO - spain_scraper.py:86 - Successfully collected data for 2025-07-09
2025-12-17 13:43:44,744 - INFO - spain_scraper.py:79 - Scraping data for 2025-07-10
2025-12-17 13:43:50,094 - INFO - spain_scraper.py:86 - Successfully collected data for 2025-07-10
2025-12-17 13:43:52,851 - INFO - spain_scraper.py:79 - Scraping data for 2025-07-11
2025-12-17 13:43:58,244 - INFO - spain_scraper.py:86 - Successfully collected data for 2025-07-11
2025-12-17 13:44:01,611 - INFO - spain_scraper.py:79 - Scraping data for 2025-07-12
2025-12-17 13:44:07,043 - INFO - spain_scraper.py:86 - Successfully collected data for 2025-07-12
2025-12-17 13:44:09,218 - INFO - spain_scraper.py:79 - Scraping data for 2025-07-13
2025-12-17 13:44:14,591 - INFO - spain_scraper.py:86 - Successfully collected data for 2025-07-13
2025-12-17 13:44:17,879 - INFO - spain_scraper.py:79 - Scraping data for 2025-07-14
2025-12-17 13:44:23,313 - INFO - spain_scraper.py:86 - Successfully collected data for 2025-07-14
2025-12-17 13:44:26,836 - INFO - spain_scraper.py:79 - Scraping data for 2025-07-15
2025-12-17 13:44:32,179 - INFO - spain_scraper.py:86 - Successfully collected data for 2025-07-15
2025-12-17 13:44:35,561 - INFO - spain_scraper.py:79 - Scraping data for 2025-07-16
2025-12-17 13:44:40,992 - INFO - spain_scraper.py:86 - Successfully collected data for 2025-07-16
2025-12-17 13:44:43,667 - INFO - spain_scraper.py:79 - Scraping data for 2025-07-17
2025-12-17 13:44:49,043 - INFO - spain_scraper.py:86 - Successfully collected data for 2025-07-17
2025-12-17 13:44:51,536 - INFO - spain_scraper.py:79 - Scraping data for 2025-07-18
2025-12-17 13:44:56,923 - INFO - spain_scraper.py:86 - Successfully collected data for 2025-07-18
2025-12-17 13:44:59,645 - INFO - spain_scraper.py:79 - Scraping data for 2025-07-19
2025-12-17 13:45:05,079 - INFO - spain_scraper.py:86 - Successfully collected data for 2025-07-19
2025-12-17 13:45:08,434 - INFO - spain_scraper.py:51 - Taking a longer break after 200 requests...
2025-12-17 13:46:12,008 - INFO - spain_scraper.py:79 - Scraping data for 2025-07-20
2025-12-17 13:46:17,388 - INFO - spain_scraper.py:86 - Successfully collected data for 2025-07-20
2025-12-17 13:46:20,089 - INFO - spain_scraper.py:79 - Scraping data for 2025-07-21
2025-12-17 13:46:25,507 - INFO - spain_scraper.py:86 - Successfully collected data for 2025-07-21
2025-12-17 13:46:29,099 - INFO - spain_scraper.py:79 - Scraping data for 2025-07-22
2025-12-17 13:46:34,449 - INFO - spain_scraper.py:86 - Successfully collected data for 2025-07-22
2025-12-17 13:46:37,823 - INFO - spain_scraper.py:79 - Scraping data for 2025-07-23
2025-12-17 13:46:43,330 - INFO - spain_scraper.py:86 - Successfully collected data for 2025-07-23
2025-12-17 13:46:46,133 - INFO - spain_scraper.py:79 - Scraping data for 2025-07-24
2025-12-17 13:46:51,614 - INFO - spain_scraper.py:86 - Successfully collected data for 2025-07-24
2025-12-17 13:46:53,861 - INFO - spain_scraper.py:79 - Scraping data for 2025-07-25
2025-12-17 13:46:59,240 - INFO - spain_scraper.py:86 - Successfully collected data for 2025-07-25
2025-12-17 13:47:02,700 - INFO - spain_scraper.py:79 - Scraping data for 2025-07-26
2025-12-17 13:47:08,141 - INFO - spain_scraper.py:86 - Successfully collected data for 2025-07-26
2025-12-17 13:47:11,284 - INFO - spain_scraper.py:79 - Scraping data for 2025-07-27
2025-12-17 13:47:16,809 - INFO - spain_scraper.py:86 - Successfully collected data for 2025-07-27
2025-12-17 13:47:19,487 - INFO - spain_scraper.py:79 - Scraping data for 2025-07-28
2025-12-17 13:47:24,972 - INFO - spain_scraper.py:86 - Successfully collected data for 2025-07-28
2025-12-17 13:47:27,489 - INFO - spain_scraper.py:79 - Scraping data for 2025-07-29
2025-12-17 13:47:32,902 - INFO - spain_scraper.py:86 - Successfully collected data for 2025-07-29
2025-12-17 13:47:35,872 - INFO - spain_scraper.py:79 - Scraping data for 2025-07-30
2025-12-17 13:47:41,279 - INFO - spain_scraper.py:86 - Successfully collected data for 2025-07-30
2025-12-17 13:47:43,998 - INFO - spain_scraper.py:79 - Scraping data for 2025-07-31
2025-12-17 13:47:49,341 - INFO - spain_scraper.py:86 - Successfully collected data for 2025-07-31
2025-12-17 13:47:52,030 - INFO - spain_scraper.py:79 - Scraping data for 2025-08-01
2025-12-17 13:47:57,431 - INFO - spain_scraper.py:86 - Successfully collected data for 2025-08-01
2025-12-17 13:48:00,813 - INFO - spain_scraper.py:79 - Scraping data for 2025-08-02
2025-12-17 13:48:06,181 - INFO - spain_scraper.py:86 - Successfully collected data for 2025-08-02
2025-12-17 13:48:08,330 - INFO - spain_scraper.py:79 - Scraping data for 2025-08-03
2025-12-17 13:48:13,768 - INFO - spain_scraper.py:86 - Successfully collected data for 2025-08-03
2025-12-17 13:48:16,494 - INFO - spain_scraper.py:79 - Scraping data for 2025-08-04
2025-12-17 13:48:21,857 - INFO - spain_scraper.py:86 - Successfully collected data for 2025-08-04
2025-12-17 13:48:25,180 - INFO - spain_scraper.py:79 - Scraping data for 2025-08-05
2025-12-17 13:48:30,613 - INFO - spain_scraper.py:86 - Successfully collected data for 2025-08-05
2025-12-17 13:48:32,827 - INFO - spain_scraper.py:79 - Scraping data for 2025-08-06
2025-12-17 13:48:38,190 - INFO - spain_scraper.py:86 - Successfully collected data for 2025-08-06
2025-12-17 13:48:41,106 - INFO - spain_scraper.py:79 - Scraping data for 2025-08-07
2025-12-17 13:48:46,540 - INFO - spain_scraper.py:86 - Successfully collected data for 2025-08-07
2025-12-17 13:48:49,899 - INFO - spain_scraper.py:79 - Scraping data for 2025-08-08
2025-12-17 13:48:55,324 - INFO - spain_scraper.py:86 - Successfully collected data for 2025-08-08
2025-12-17 13:48:57,963 - INFO - spain_scraper.py:79 - Scraping data for 2025-08-09
2025-12-17 13:49:03,311 - INFO - spain_scraper.py:86 - Successfully collected data for 2025-08-09
2025-12-17 13:49:06,519 - INFO - spain_scraper.py:79 - Scraping data for 2025-08-10
2025-12-17 13:49:11,917 - INFO - spain_scraper.py:86 - Successfully collected data for 2025-08-10
2025-12-17 13:49:14,612 - INFO - spain_scraper.py:79 - Scraping data for 2025-08-11
2025-12-17 13:49:20,016 - INFO - spain_scraper.py:86 - Successfully collected data for 2025-08-11
2025-12-17 13:49:23,756 - INFO - spain_scraper.py:79 - Scraping data for 2025-08-12
2025-12-17 13:49:29,194 - INFO - spain_scraper.py:86 - Successfully collected data for 2025-08-12
2025-12-17 13:49:32,275 - INFO - spain_scraper.py:79 - Scraping data for 2025-08-13
2025-12-17 13:49:37,718 - INFO - spain_scraper.py:86 - Successfully collected data for 2025-08-13
2025-12-17 13:49:39,821 - INFO - spain_scraper.py:79 - Scraping data for 2025-08-14
2025-12-17 13:49:45,400 - INFO - spain_scraper.py:86 - Successfully collected data for 2025-08-14
2025-12-17 13:49:48,957 - INFO - spain_scraper.py:79 - Scraping data for 2025-08-15
2025-12-17 13:49:54,433 - INFO - spain_scraper.py:86 - Successfully collected data for 2025-08-15
2025-12-17 13:49:57,434 - INFO - spain_scraper.py:79 - Scraping data for 2025-08-16
2025-12-17 13:50:02,786 - INFO - spain_scraper.py:86 - Successfully collected data for 2025-08-16
2025-12-17 13:50:05,418 - INFO - spain_scraper.py:79 - Scraping data for 2025-08-17
2025-12-17 13:50:11,279 - INFO - spain_scraper.py:86 - Successfully collected data for 2025-08-17
2025-12-17 13:50:14,358 - INFO - spain_scraper.py:79 - Scraping data for 2025-08-18
2025-12-17 13:50:20,047 - INFO - spain_scraper.py:86 - Successfully collected data for 2025-08-18
2025-12-17 13:50:22,686 - INFO - spain_scraper.py:79 - Scraping data for 2025-08-19
2025-12-17 13:50:28,234 - INFO - spain_scraper.py:86 - Successfully collected data for 2025-08-19
2025-12-17 13:50:30,802 - INFO - spain_scraper.py:79 - Scraping data for 2025-08-20
2025-12-17 13:50:36,253 - INFO - spain_scraper.py:86 - Successfully collected data for 2025-08-20
2025-12-17 13:50:40,163 - INFO - spain_scraper.py:79 - Scraping data for 2025-08-21
2025-12-17 13:50:45,606 - INFO - spain_scraper.py:86 - Successfully collected data for 2025-08-21
2025-12-17 13:50:48,784 - INFO - spain_scraper.py:79 - Scraping data for 2025-08-22
2025-12-17 13:50:54,221 - INFO - spain_scraper.py:86 - Successfully collected data for 2025-08-22
2025-12-17 13:50:56,346 - INFO - spain_scraper.py:79 - Scraping data for 2025-08-23
2025-12-17 13:51:01,769 - INFO - spain_scraper.py:86 - Successfully collected data for 2025-08-23
2025-12-17 13:51:03,821 - INFO - spain_scraper.py:79 - Scraping data for 2025-08-24
2025-12-17 13:51:09,291 - INFO - spain_scraper.py:86 - Successfully collected data for 2025-08-24
2025-12-17 13:51:13,071 - INFO - spain_scraper.py:79 - Scraping data for 2025-08-25
2025-12-17 13:51:18,491 - INFO - spain_scraper.py:86 - Successfully collected data for 2025-08-25
2025-12-17 13:51:21,927 - INFO - spain_scraper.py:79 - Scraping data for 2025-08-26
2025-12-17 13:51:27,342 - INFO - spain_scraper.py:86 - Successfully collected data for 2025-08-26
2025-12-17 13:51:30,014 - INFO - spain_scraper.py:79 - Scraping data for 2025-08-27
2025-12-17 13:51:35,463 - INFO - spain_scraper.py:86 - Successfully collected data for 2025-08-27
2025-12-17 13:51:38,128 - INFO - spain_scraper.py:79 - Scraping data for 2025-08-28
2025-12-17 13:51:43,570 - INFO - spain_scraper.py:86 - Successfully collected data for 2025-08-28
2025-12-17 13:51:46,982 - INFO - spain_scraper.py:79 - Scraping data for 2025-08-29
2025-12-17 13:51:52,415 - INFO - spain_scraper.py:86 - Successfully collected data for 2025-08-29
2025-12-17 13:51:54,550 - INFO - spain_scraper.py:79 - Scraping data for 2025-08-30
2025-12-17 13:51:59,976 - INFO - spain_scraper.py:86 - Successfully collected data for 2025-08-30
2025-12-17 13:52:02,259 - INFO - spain_scraper.py:79 - Scraping data for 2025-08-31
2025-12-17 13:52:07,777 - INFO - spain_scraper.py:86 - Successfully collected data for 2025-08-31
2025-12-17 13:52:09,893 - INFO - spain_scraper.py:79 - Scraping data for 2025-09-01
2025-12-17 13:52:15,279 - INFO - spain_scraper.py:86 - Successfully collected data for 2025-09-01
2025-12-17 13:52:17,576 - INFO - spain_scraper.py:79 - Scraping data for 2025-09-02
2025-12-17 13:52:22,980 - INFO - spain_scraper.py:86 - Successfully collected data for 2025-09-02
2025-12-17 13:52:26,787 - INFO - spain_scraper.py:79 - Scraping data for 2025-09-03
2025-12-17 13:52:32,227 - INFO - spain_scraper.py:86 - Successfully collected data for 2025-09-03
2025-12-17 13:52:35,102 - INFO - spain_scraper.py:79 - Scraping data for 2025-09-04
2025-12-17 13:52:40,570 - INFO - spain_scraper.py:86 - Successfully collected data for 2025-09-04
2025-12-17 13:52:44,535 - INFO - spain_scraper.py:79 - Scraping data for 2025-09-05
2025-12-17 13:52:49,931 - INFO - spain_scraper.py:86 - Successfully collected data for 2025-09-05
2025-12-17 13:52:52,074 - INFO - spain_scraper.py:79 - Scraping data for 2025-09-06
2025-12-17 13:52:57,507 - INFO - spain_scraper.py:86 - Successfully collected data for 2025-09-06
2025-12-17 13:53:00,947 - INFO - spain_scraper.py:79 - Scraping data for 2025-09-07
2025-12-17 13:53:06,373 - INFO - spain_scraper.py:86 - Successfully collected data for 2025-09-07
2025-12-17 13:53:09,516 - INFO - spain_scraper.py:79 - Scraping data for 2025-09-08
2025-12-17 13:53:14,865 - INFO - spain_scraper.py:86 - Successfully collected data for 2025-09-08
2025-12-17 13:53:18,391 - INFO - spain_scraper.py:79 - Scraping data for 2025-09-09
2025-12-17 13:53:23,784 - INFO - spain_scraper.py:86 - Successfully collected data for 2025-09-09
2025-12-17 13:53:25,955 - INFO - spain_scraper.py:79 - Scraping data for 2025-09-10
2025-12-17 13:53:31,349 - INFO - spain_scraper.py:86 - Successfully collected data for 2025-09-10
2025-12-17 13:53:35,109 - INFO - spain_scraper.py:79 - Scraping data for 2025-09-11
2025-12-17 13:53:40,519 - INFO - spain_scraper.py:86 - Successfully collected data for 2025-09-11
2025-12-17 13:53:43,111 - INFO - spain_scraper.py:79 - Scraping data for 2025-09-12
2025-12-17 13:53:48,553 - INFO - spain_scraper.py:86 - Successfully collected data for 2025-09-12
2025-12-17 13:53:51,584 - INFO - spain_scraper.py:79 - Scraping data for 2025-09-13
2025-12-17 13:53:56,992 - INFO - spain_scraper.py:86 - Successfully collected data for 2025-09-13
2025-12-17 13:54:00,069 - INFO - spain_scraper.py:79 - Scraping data for 2025-09-14
2025-12-17 13:54:05,435 - INFO - spain_scraper.py:86 - Successfully collected data for 2025-09-14
2025-12-17 13:54:08,428 - INFO - spain_scraper.py:79 - Scraping data for 2025-09-15
2025-12-17 13:54:13,826 - INFO - spain_scraper.py:86 - Successfully collected data for 2025-09-15
2025-12-17 13:54:17,769 - INFO - spain_scraper.py:79 - Scraping data for 2025-09-16
2025-12-17 13:54:23,199 - INFO - spain_scraper.py:86 - Successfully collected data for 2025-09-16
2025-12-17 13:54:26,299 - INFO - spain_scraper.py:79 - Scraping data for 2025-09-17
2025-12-17 13:54:31,696 - INFO - spain_scraper.py:86 - Successfully collected data for 2025-09-17
2025-12-17 13:54:33,926 - INFO - spain_scraper.py:79 - Scraping data for 2025-09-18
2025-12-17 13:54:39,403 - INFO - spain_scraper.py:86 - Successfully collected data for 2025-09-18
2025-12-17 13:54:41,808 - INFO - spain_scraper.py:79 - Scraping data for 2025-09-19
2025-12-17 13:54:47,216 - INFO - spain_scraper.py:86 - Successfully collected data for 2025-09-19
2025-12-17 13:54:49,226 - INFO - spain_scraper.py:79 - Scraping data for 2025-09-20
2025-12-17 13:54:54,640 - INFO - spain_scraper.py:86 - Successfully collected data for 2025-09-20
2025-12-17 13:54:57,831 - INFO - spain_scraper.py:79 - Scraping data for 2025-09-21
2025-12-17 13:55:03,233 - INFO - spain_scraper.py:86 - Successfully collected data for 2025-09-21
2025-12-17 13:55:05,274 - INFO - spain_scraper.py:79 - Scraping data for 2025-09-22
2025-12-17 13:55:10,717 - INFO - spain_scraper.py:86 - Successfully collected data for 2025-09-22
2025-12-17 13:55:14,311 - INFO - spain_scraper.py:79 - Scraping data for 2025-09-23
2025-12-17 13:55:19,701 - INFO - spain_scraper.py:86 - Successfully collected data for 2025-09-23
2025-12-17 13:55:22,878 - INFO - spain_scraper.py:79 - Scraping data for 2025-09-24
2025-12-17 13:55:28,310 - INFO - spain_scraper.py:86 - Successfully collected data for 2025-09-24
2025-12-17 13:55:30,331 - INFO - spain_scraper.py:79 - Scraping data for 2025-09-25
2025-12-17 13:55:35,740 - INFO - spain_scraper.py:86 - Successfully collected data for 2025-09-25
2025-12-17 13:55:39,335 - INFO - spain_scraper.py:79 - Scraping data for 2025-09-26
2025-12-17 13:55:44,778 - INFO - spain_scraper.py:86 - Successfully collected data for 2025-09-26
2025-12-17 13:55:47,099 - INFO - spain_scraper.py:79 - Scraping data for 2025-09-27
2025-12-17 13:55:52,503 - INFO - spain_scraper.py:86 - Successfully collected data for 2025-09-27
2025-12-17 13:55:56,383 - INFO - spain_scraper.py:79 - Scraping data for 2025-09-28
2025-12-17 13:56:01,784 - INFO - spain_scraper.py:86 - Successfully collected data for 2025-09-28
2025-12-17 13:56:03,994 - INFO - spain_scraper.py:79 - Scraping data for 2025-09-29
2025-12-17 13:56:09,447 - INFO - spain_scraper.py:86 - Successfully collected data for 2025-09-29
2025-12-17 13:56:13,039 - INFO - spain_scraper.py:79 - Scraping data for 2025-09-30
2025-12-17 13:56:18,512 - INFO - spain_scraper.py:86 - Successfully collected data for 2025-09-30
2025-12-17 13:56:22,280 - INFO - spain_scraper.py:79 - Scraping data for 2025-10-01
2025-12-17 13:56:27,714 - INFO - spain_scraper.py:86 - Successfully collected data for 2025-10-01
2025-12-17 13:56:31,682 - INFO - spain_scraper.py:79 - Scraping data for 2025-10-02
2025-12-17 13:56:37,136 - INFO - spain_scraper.py:86 - Successfully collected data for 2025-10-02
2025-12-17 13:56:40,044 - INFO - spain_scraper.py:79 - Scraping data for 2025-10-03
2025-12-17 13:56:45,568 - INFO - spain_scraper.py:86 - Successfully collected data for 2025-10-03
2025-12-17 13:56:48,045 - INFO - spain_scraper.py:79 - Scraping data for 2025-10-04
2025-12-17 13:56:53,486 - INFO - spain_scraper.py:86 - Successfully collected data for 2025-10-04
2025-12-17 13:56:56,824 - INFO - spain_scraper.py:79 - Scraping data for 2025-10-05
2025-12-17 13:57:02,232 - INFO - spain_scraper.py:86 - Successfully collected data for 2025-10-05
2025-12-17 13:57:05,501 - INFO - spain_scraper.py:79 - Scraping data for 2025-10-06
2025-12-17 13:57:10,901 - INFO - spain_scraper.py:86 - Successfully collected data for 2025-10-06
2025-12-17 13:57:13,617 - INFO - spain_scraper.py:79 - Scraping data for 2025-10-07
2025-12-17 13:57:19,009 - INFO - spain_scraper.py:86 - Successfully collected data for 2025-10-07
2025-12-17 13:57:22,666 - INFO - spain_scraper.py:79 - Scraping data for 2025-10-08
2025-12-17 13:57:28,103 - INFO - spain_scraper.py:86 - Successfully collected data for 2025-10-08
2025-12-17 13:57:30,538 - INFO - spain_scraper.py:79 - Scraping data for 2025-10-09
2025-12-17 13:57:36,002 - INFO - spain_scraper.py:86 - Successfully collected data for 2025-10-09
2025-12-17 13:57:38,033 - INFO - spain_scraper.py:79 - Scraping data for 2025-10-10
2025-12-17 13:57:43,451 - INFO - spain_scraper.py:86 - Successfully collected data for 2025-10-10
2025-12-17 13:57:47,153 - INFO - spain_scraper.py:79 - Scraping data for 2025-10-11
2025-12-17 13:57:52,604 - INFO - spain_scraper.py:86 - Successfully collected data for 2025-10-11
2025-12-17 13:57:55,579 - INFO - spain_scraper.py:79 - Scraping data for 2025-10-12
2025-12-17 13:58:01,074 - INFO - spain_scraper.py:86 - Successfully collected data for 2025-10-12
2025-12-17 13:58:05,068 - INFO - spain_scraper.py:79 - Scraping data for 2025-10-13
2025-12-17 13:58:10,486 - INFO - spain_scraper.py:86 - Successfully collected data for 2025-10-13
2025-12-17 13:58:14,318 - INFO - spain_scraper.py:79 - Scraping data for 2025-10-14
2025-12-17 13:58:19,780 - INFO - spain_scraper.py:86 - Successfully collected data for 2025-10-14
2025-12-17 13:58:22,156 - INFO - spain_scraper.py:79 - Scraping data for 2025-10-15
2025-12-17 13:58:27,716 - INFO - spain_scraper.py:86 - Successfully collected data for 2025-10-15
2025-12-17 13:58:29,725 - INFO - spain_scraper.py:79 - Scraping data for 2025-10-16
2025-12-17 13:58:35,187 - INFO - spain_scraper.py:86 - Successfully collected data for 2025-10-16
2025-12-17 13:58:38,451 - INFO - spain_scraper.py:79 - Scraping data for 2025-10-17
2025-12-17 13:58:43,855 - INFO - spain_scraper.py:86 - Successfully collected data for 2025-10-17
2025-12-17 13:58:47,621 - INFO - spain_scraper.py:79 - Scraping data for 2025-10-18
2025-12-17 13:58:53,066 - INFO - spain_scraper.py:86 - Successfully collected data for 2025-10-18
2025-12-17 13:58:56,682 - INFO - spain_scraper.py:79 - Scraping data for 2025-10-19
2025-12-17 13:59:02,148 - INFO - spain_scraper.py:86 - Successfully collected data for 2025-10-19
2025-12-17 13:59:05,831 - INFO - spain_scraper.py:79 - Scraping data for 2025-10-20
2025-12-17 13:59:11,257 - INFO - spain_scraper.py:86 - Successfully collected data for 2025-10-20
2025-12-17 13:59:14,955 - INFO - spain_scraper.py:79 - Scraping data for 2025-10-21
2025-12-17 13:59:20,474 - INFO - spain_scraper.py:86 - Successfully collected data for 2025-10-21
2025-12-17 13:59:24,170 - INFO - spain_scraper.py:79 - Scraping data for 2025-10-22
2025-12-17 13:59:29,650 - INFO - spain_scraper.py:86 - Successfully collected data for 2025-10-22
2025-12-17 13:59:31,844 - INFO - spain_scraper.py:79 - Scraping data for 2025-10-23
2025-12-17 13:59:37,233 - INFO - spain_scraper.py:86 - Successfully collected data for 2025-10-23
2025-12-17 13:59:39,896 - INFO - spain_scraper.py:79 - Scraping data for 2025-10-24
2025-12-17 13:59:45,316 - INFO - spain_scraper.py:86 - Successfully collected data for 2025-10-24
2025-12-17 13:59:49,084 - INFO - spain_scraper.py:79 - Scraping data for 2025-10-25
2025-12-17 13:59:54,502 - INFO - spain_scraper.py:86 - Successfully collected data for 2025-10-25
2025-12-17 13:59:58,139 - INFO - spain_scraper.py:79 - Scraping data for 2025-10-26
2025-12-17 14:00:03,486 - INFO - spain_scraper.py:86 - Successfully collected data for 2025-10-26
2025-12-17 14:00:06,866 - INFO - spain_scraper.py:79 - Scraping data for 2025-10-27
2025-12-17 14:00:12,321 - INFO - spain_scraper.py:86 - Successfully collected data for 2025-10-27
2025-12-17 14:00:14,454 - INFO - spain_scraper.py:51 - Taking a longer break after 300 requests...
2025-12-17 14:01:14,823 - INFO - spain_scraper.py:79 - Scraping data for 2025-10-28
2025-12-17 14:01:20,328 - INFO - spain_scraper.py:86 - Successfully collected data for 2025-10-28
2025-12-17 14:01:22,530 - INFO - spain_scraper.py:79 - Scraping data for 2025-10-29
2025-12-17 14:01:28,113 - INFO - spain_scraper.py:86 - Successfully collected data for 2025-10-29
2025-12-17 14:01:30,871 - INFO - spain_scraper.py:79 - Scraping data for 2025-10-30
2025-12-17 14:01:36,340 - INFO - spain_scraper.py:86 - Successfully collected data for 2025-10-30
2025-12-17 14:01:39,568 - INFO - spain_scraper.py:79 - Scraping data for 2025-10-31
2025-12-17 14:01:45,098 - INFO - spain_scraper.py:86 - Successfully collected data for 2025-10-31
2025-12-17 14:01:47,225 - INFO - spain_scraper.py:79 - Scraping data for 2025-11-01
2025-12-17 14:01:52,743 - INFO - spain_scraper.py:86 - Successfully collected data for 2025-11-01
2025-12-17 14:01:56,266 - INFO - spain_scraper.py:79 - Scraping data for 2025-11-02
2025-12-17 14:02:01,784 - INFO - spain_scraper.py:86 - Successfully collected data for 2025-11-02
2025-12-17 14:02:05,290 - INFO - spain_scraper.py:79 - Scraping data for 2025-11-03
2025-12-17 14:02:10,785 - INFO - spain_scraper.py:86 - Successfully collected data for 2025-11-03
2025-12-17 14:02:14,194 - INFO - spain_scraper.py:79 - Scraping data for 2025-11-04
2025-12-17 14:02:19,654 - INFO - spain_scraper.py:86 - Successfully collected data for 2025-11-04
2025-12-17 14:02:23,628 - INFO - spain_scraper.py:79 - Scraping data for 2025-11-05
2025-12-17 14:02:29,149 - INFO - spain_scraper.py:86 - Successfully collected data for 2025-11-05
2025-12-17 14:02:32,468 - INFO - spain_scraper.py:79 - Scraping data for 2025-11-06
2025-12-17 14:02:37,916 - INFO - spain_scraper.py:86 - Successfully collected data for 2025-11-06
2025-12-17 14:02:41,150 - INFO - spain_scraper.py:79 - Scraping data for 2025-11-07
2025-12-17 14:02:46,593 - INFO - spain_scraper.py:86 - Successfully collected data for 2025-11-07
2025-12-17 14:02:49,696 - INFO - spain_scraper.py:79 - Scraping data for 2025-11-08
2025-12-17 14:02:55,205 - INFO - spain_scraper.py:86 - Successfully collected data for 2025-11-08
2025-12-17 14:02:59,142 - INFO - spain_scraper.py:79 - Scraping data for 2025-11-09
2025-12-17 14:03:04,637 - INFO - spain_scraper.py:86 - Successfully collected data for 2025-11-09
2025-12-17 14:03:07,010 - INFO - spain_scraper.py:79 - Scraping data for 2025-11-10
2025-12-17 14:03:12,481 - INFO - spain_scraper.py:86 - Successfully collected data for 2025-11-10
2025-12-17 14:03:14,645 - INFO - spain_scraper.py:79 - Scraping data for 2025-11-11
2025-12-17 14:03:20,103 - INFO - spain_scraper.py:86 - Successfully collected data for 2025-11-11
2025-12-17 14:03:23,923 - INFO - spain_scraper.py:79 - Scraping data for 2025-11-12
2025-12-17 14:03:29,379 - INFO - spain_scraper.py:86 - Successfully collected data for 2025-11-12
2025-12-17 14:03:32,972 - INFO - spain_scraper.py:79 - Scraping data for 2025-11-13
2025-12-17 14:03:38,383 - INFO - spain_scraper.py:86 - Successfully collected data for 2025-11-13
2025-12-17 14:03:41,567 - INFO - spain_scraper.py:79 - Scraping data for 2025-11-14
2025-12-17 14:03:46,993 - INFO - spain_scraper.py:86 - Successfully collected data for 2025-11-14
2025-12-17 14:03:50,859 - INFO - spain_scraper.py:79 - Scraping data for 2025-11-15
2025-12-17 14:03:56,339 - INFO - spain_scraper.py:86 - Successfully collected data for 2025-11-15
2025-12-17 14:03:59,898 - INFO - spain_scraper.py:79 - Scraping data for 2025-11-16
2025-12-17 14:04:05,469 - INFO - spain_scraper.py:86 - Successfully collected data for 2025-11-16
2025-12-17 14:04:08,466 - INFO - spain_scraper.py:79 - Scraping data for 2025-11-17
2025-12-17 14:04:14,015 - INFO - spain_scraper.py:86 - Successfully collected data for 2025-11-17
2025-12-17 14:04:16,621 - INFO - spain_scraper.py:79 - Scraping data for 2025-11-18
2025-12-17 14:04:22,310 - INFO - spain_scraper.py:86 - Successfully collected data for 2025-11-18
2025-12-17 14:04:25,168 - INFO - spain_scraper.py:79 - Scraping data for 2025-11-19
2025-12-17 14:04:30,598 - INFO - spain_scraper.py:86 - Successfully collected data for 2025-11-19
2025-12-17 14:04:33,505 - INFO - spain_scraper.py:79 - Scraping data for 2025-11-20
2025-12-17 14:04:38,936 - INFO - spain_scraper.py:86 - Successfully collected data for 2025-11-20
2025-12-17 14:04:41,371 - INFO - spain_scraper.py:79 - Scraping data for 2025-11-21
2025-12-17 14:04:46,888 - INFO - spain_scraper.py:86 - Successfully collected data for 2025-11-21
2025-12-17 14:04:49,308 - INFO - spain_scraper.py:79 - Scraping data for 2025-11-22
2025-12-17 14:04:54,863 - INFO - spain_scraper.py:86 - Successfully collected data for 2025-11-22
2025-12-17 14:04:56,929 - INFO - spain_scraper.py:79 - Scraping data for 2025-11-23
2025-12-17 14:05:02,465 - INFO - spain_scraper.py:86 - Successfully collected data for 2025-11-23
2025-12-17 14:05:06,172 - INFO - spain_scraper.py:79 - Scraping data for 2025-11-24
2025-12-17 14:05:11,626 - INFO - spain_scraper.py:86 - Successfully collected data for 2025-11-24
2025-12-17 14:05:14,092 - INFO - spain_scraper.py:79 - Scraping data for 2025-11-25
2025-12-17 14:05:19,534 - INFO - spain_scraper.py:86 - Successfully collected data for 2025-11-25
2025-12-17 14:05:22,127 - INFO - spain_scraper.py:79 - Scraping data for 2025-11-26
2025-12-17 14:05:27,635 - INFO - spain_scraper.py:86 - Successfully collected data for 2025-11-26
2025-12-17 14:05:31,311 - INFO - spain_scraper.py:79 - Scraping data for 2025-11-27
2025-12-17 14:05:36,878 - INFO - spain_scraper.py:86 - Successfully collected data for 2025-11-27
2025-12-17 14:05:39,513 - INFO - spain_scraper.py:79 - Scraping data for 2025-11-28
2025-12-17 14:05:44,992 - INFO - spain_scraper.py:86 - Successfully collected data for 2025-11-28
2025-12-17 14:05:47,996 - INFO - spain_scraper.py:79 - Scraping data for 2025-11-29
2025-12-17 14:05:53,455 - INFO - spain_scraper.py:86 - Successfully collected data for 2025-11-29
2025-12-17 14:05:56,773 - INFO - spain_scraper.py:79 - Scraping data for 2025-11-30
2025-12-17 14:06:02,199 - INFO - spain_scraper.py:86 - Successfully collected data for 2025-11-30
2025-12-17 14:06:05,644 - INFO - spain_scraper.py:79 - Scraping data for 2025-12-01
2025-12-17 14:06:11,152 - INFO - spain_scraper.py:86 - Successfully collected data for 2025-12-01
2025-12-17 14:06:14,935 - INFO - spain_scraper.py:79 - Scraping data for 2025-12-02
2025-12-17 14:06:20,410 - INFO - spain_scraper.py:86 - Successfully collected data for 2025-12-02
2025-12-17 14:06:23,292 - INFO - spain_scraper.py:79 - Scraping data for 2025-12-03
2025-12-17 14:06:28,771 - INFO - spain_scraper.py:86 - Successfully collected data for 2025-12-03
2025-12-17 14:06:32,389 - INFO - spain_scraper.py:79 - Scraping data for 2025-12-04
2025-12-17 14:06:37,850 - INFO - spain_scraper.py:86 - Successfully collected data for 2025-12-04
2025-12-17 14:06:41,546 - INFO - spain_scraper.py:79 - Scraping data for 2025-12-05
2025-12-17 14:06:47,035 - INFO - spain_scraper.py:86 - Successfully collected data for 2025-12-05
2025-12-17 14:06:49,740 - INFO - spain_scraper.py:79 - Scraping data for 2025-12-06
2025-12-17 14:06:55,304 - INFO - spain_scraper.py:86 - Successfully collected data for 2025-12-06
2025-12-17 14:06:58,016 - INFO - spain_scraper.py:79 - Scraping data for 2025-12-07
2025-12-17 14:07:03,504 - INFO - spain_scraper.py:86 - Successfully collected data for 2025-12-07
2025-12-17 14:07:05,917 - INFO - spain_scraper.py:79 - Scraping data for 2025-12-08
2025-12-17 14:07:11,383 - INFO - spain_scraper.py:86 - Successfully collected data for 2025-12-08
2025-12-17 14:07:14,725 - INFO - spain_scraper.py:79 - Scraping data for 2025-12-09
2025-12-17 14:07:20,187 - INFO - spain_scraper.py:86 - Successfully collected data for 2025-12-09
2025-12-17 14:07:23,390 - INFO - spain_scraper.py:79 - Scraping data for 2025-12-10
2025-12-17 14:07:28,847 - INFO - spain_scraper.py:86 - Successfully collected data for 2025-12-10
2025-12-17 14:07:32,159 - INFO - spain_scraper.py:79 - Scraping data for 2025-12-11
2025-12-17 14:07:37,654 - INFO - spain_scraper.py:86 - Successfully collected data for 2025-12-11
2025-12-17 14:07:39,848 - INFO - spain_scraper.py:79 - Scraping data for 2025-12-12
2025-12-17 14:07:45,303 - INFO - spain_scraper.py:86 - Successfully collected data for 2025-12-12
2025-12-17 14:07:49,250 - INFO - spain_scraper.py:79 - Scraping data for 2025-12-13
2025-12-17 14:07:54,704 - INFO - spain_scraper.py:86 - Successfully collected data for 2025-12-13
2025-12-17 14:07:56,820 - INFO - spain_scraper.py:79 - Scraping data for 2025-12-14
2025-12-17 14:08:02,315 - INFO - spain_scraper.py:86 - Successfully collected data for 2025-12-14
2025-12-17 14:08:05,704 - INFO - spain_scraper.py:79 - Scraping data for 2025-12-15
2025-12-17 14:08:11,209 - INFO - spain_scraper.py:86 - Successfully collected data for 2025-12-15
2025-12-17 14:08:14,850 - INFO - spain_scraper.py:101 - Dataset saved to src\data\raw\spain\spain_gas_demand_2025-01-01_2025-12-15.csv
2025-12-17 14:08:17,000 - INFO - update_raw_data.py:47 - 
Scraping Results:
2025-12-17 14:08:17,001 - INFO - update_raw_data.py:50 - AustriaScraper: Success
2025-12-17 14:08:17,001 - INFO - update_raw_data.py:50 - BnetzaScraper: Success
2025-12-17 14:08:17,002 - INFO - update_raw_data.py:50 - DenmarkScraper: Success
2025-12-17 14:08:17,003 - INFO - update_raw_data.py:50 - EnergyChartsScraper: Success
2025-12-17 14:08:17,003 - INFO - update_raw_data.py:50 - EntsogScraper: Failed
2025-12-17 14:08:17,004 - INFO - update_raw_data.py:50 - EurostatScraper: Success
2025-12-17 14:08:17,004 - INFO - update_raw_data.py:50 - FranceScraper: Success
2025-12-17 14:08:17,004 - INFO - update_raw_data.py:50 - GermanyScraper: Success
2025-12-17 14:08:17,004 - INFO - update_raw_data.py:50 - UKScraper: Success
2025-12-17 14:08:17,005 - INFO - update_raw_data.py:50 - SpainScraper: Success
2025-12-17 14:08:17,050 - INFO - main.py:54 - Successfully extracted data for AustriaDemandExtractor
2025-12-17 14:08:17,082 - INFO - main.py:54 - Successfully extracted data for DenmarkDemandExtractor
2025-12-17 14:08:18,373 - INFO - main.py:54 - Successfully extracted data for FranceDemandExtractor
2025-12-17 14:08:18,384 - INFO - germany_demand.py:79 - Successfully processed THE data
2025-12-17 14:08:18,418 - INFO - germany_demand.py:117 - Successfully processed GASPOOL/NCG data
2025-12-17 14:08:18,420 - INFO - main.py:54 - Successfully extracted data for GermanyDemandExtractor
2025-12-17 14:08:18,521 - INFO - main.py:54 - Successfully extracted data for EntsogDemandExtractor
2025-12-17 14:08:18,570 - INFO - main.py:54 - Successfully extracted data for EnergyChartsDemandExtractor
2025-12-17 14:08:18,611 - INFO - main.py:54 - Successfully extracted data for UKDemandExtractor
2025-12-17 14:08:18,680 - INFO - main.py:72 - Found demand data for 26 countries
2025-12-17 14:08:18,968 - INFO - main.py:74 - All data saved successfully
2025-12-18 10:18:27,471 - INFO - main.py:30 - Updating raw data files...
2025-12-18 10:18:27,799 - INFO - update_raw_data.py:36 - Running AustriaScraper...
2025-12-18 10:18:27,799 - INFO - austria_scraper.py:30 - Fetching data from https://energie.wifo.ac.at/data/gas/consumption-aggm.csv
2025-12-18 10:18:28,345 - INFO - austria_scraper.py:34 - Response status code: 200
2025-12-18 10:18:28,345 - INFO - austria_scraper.py:35 - Response headers: {'Date': 'Thu, 18 Dec 2025 10:18:28 GMT', 'Server': 'Apache/2.4.58 (Ubuntu) OpenSSL/3.0.13', 'Strict-Transport-Security': 'max-age=15768000; includeSubDomains', 'Last-Modified': 'Thu, 18 Dec 2025 05:00:18 GMT', 'ETag': '"58bcb-64632d65a53f1"', 'Accept-Ranges': 'bytes', 'Content-Length': '363467', 'Keep-Alive': 'timeout=5, max=100', 'Connection': 'Keep-Alive', 'Content-Type': 'text/csv'}
2025-12-18 10:18:28,348 - INFO - austria_scraper.py:44 - Successfully saved raw Austrian data to src\data\raw\consumption-aggm.csv
2025-12-18 10:18:28,348 - INFO - update_raw_data.py:36 - Running BnetzaScraper...
2025-12-18 10:18:28,365 - INFO - bnetza_scraper.py:72 - Stored data on BNetzA German household consumption returned.
2025-12-18 10:18:29,662 - INFO - bnetza_scraper.py:100 - New BNetzA csv file downloaded
2025-12-18 10:18:29,679 - INFO - bnetza_scraper.py:193 - Successfully saved updated German household demand data to src/data/raw/germany_household/latest_data.csv
2025-12-18 10:18:29,680 - INFO - update_raw_data.py:36 - Running DenmarkScraper...
2025-12-18 10:18:29,680 - INFO - denmark_scraper.py:27 - Fetching data from https://api.energidataservice.dk/dataset/Gasflow since 2015
2025-12-18 10:18:30,145 - INFO - denmark_scraper.py:38 - Successfully saved Danish gas flow data to src\data\raw\denmark_gasflow.json
2025-12-18 10:18:30,146 - INFO - update_raw_data.py:36 - Running EnergyChartsScraper...
2025-12-18 10:18:30,162 - INFO - energy_charts_scraper.py:36 - Performing initial power demand load from 2019
2025-12-18 10:18:41,401 - INFO - energy_charts_scraper.py:145 - Found 2545 days of data for AT
2025-12-18 10:18:41,401 - INFO - energy_charts_scraper.py:52 - Successfully retrieved power data for AT (1/26)
2025-12-18 15:23:08,315 - INFO - main.py:30 - Updating raw data files...
2025-12-18 15:23:08,509 - INFO - update_raw_data.py:36 - Running AustriaScraper...
2025-12-18 15:23:08,509 - INFO - austria_scraper.py:30 - Fetching data from https://energie.wifo.ac.at/data/gas/consumption-aggm.csv
2025-12-18 15:23:09,040 - INFO - austria_scraper.py:34 - Response status code: 200
2025-12-18 15:23:09,041 - INFO - austria_scraper.py:35 - Response headers: {'Date': 'Thu, 18 Dec 2025 15:23:09 GMT', 'Server': 'Apache/2.4.58 (Ubuntu) OpenSSL/3.0.13', 'Strict-Transport-Security': 'max-age=15768000; includeSubDomains', 'Last-Modified': 'Thu, 18 Dec 2025 05:00:18 GMT', 'ETag': '"58bcb-64632d65a53f1"', 'Accept-Ranges': 'bytes', 'Content-Length': '363467', 'Keep-Alive': 'timeout=5, max=100', 'Connection': 'Keep-Alive', 'Content-Type': 'text/csv'}
2025-12-18 15:23:09,044 - INFO - austria_scraper.py:44 - Successfully saved raw Austrian data to src\data\raw\consumption-aggm.csv
2025-12-18 15:23:09,044 - INFO - update_raw_data.py:36 - Running BnetzaScraper...
2025-12-18 15:23:09,056 - INFO - bnetza_scraper.py:72 - Stored data on BNetzA German household consumption returned.
2025-12-18 15:23:10,332 - INFO - bnetza_scraper.py:100 - New BNetzA csv file downloaded
2025-12-18 15:23:10,345 - INFO - bnetza_scraper.py:193 - Successfully saved updated German household demand data to src/data/raw/germany_household/latest_data.csv
2025-12-18 15:23:10,346 - INFO - update_raw_data.py:36 - Running DenmarkScraper...
2025-12-18 15:23:10,346 - INFO - denmark_scraper.py:27 - Fetching data from https://api.energidataservice.dk/dataset/Gasflow since 2015
2025-12-18 15:23:10,886 - INFO - denmark_scraper.py:38 - Successfully saved Danish gas flow data to src\data\raw\denmark_gasflow.json
2025-12-18 15:23:10,887 - INFO - update_raw_data.py:36 - Running EnergyChartsScraper...
2025-12-18 15:23:10,893 - INFO - energy_charts_scraper.py:36 - Performing initial power demand load from 2019
2025-12-18 15:23:22,991 - INFO - energy_charts_scraper.py:145 - Found 2545 days of data for AT
2025-12-18 15:23:22,992 - INFO - energy_charts_scraper.py:52 - Successfully retrieved power data for AT (1/26)
2025-12-18 15:23:28,369 - INFO - energy_charts_scraper.py:145 - Found 2545 days of data for BE
2025-12-18 15:23:28,369 - INFO - energy_charts_scraper.py:52 - Successfully retrieved power data for BE (2/26)
2025-12-18 15:23:35,559 - INFO - energy_charts_scraper.py:145 - Found 2545 days of data for BG
2025-12-18 15:23:35,560 - INFO - energy_charts_scraper.py:52 - Successfully retrieved power data for BG (3/26)
2025-12-18 15:24:07,950 - ERROR - energy_charts_scraper.py:152 - Error querying hr: HTTPSConnectionPool(host='api.energy-charts.info', port=443): Read timed out. (read timeout=30)
2025-12-18 15:24:40,338 - ERROR - energy_charts_scraper.py:152 - Error querying cz: HTTPSConnectionPool(host='api.energy-charts.info', port=443): Read timed out. (read timeout=30)
2025-12-18 15:24:45,635 - INFO - energy_charts_scraper.py:145 - Found 2545 days of data for DK
2025-12-18 15:24:45,636 - INFO - energy_charts_scraper.py:52 - Successfully retrieved power data for DK (6/26)
2025-12-18 15:24:52,556 - INFO - energy_charts_scraper.py:145 - Found 2545 days of data for EE
2025-12-18 15:24:52,556 - INFO - energy_charts_scraper.py:52 - Successfully retrieved power data for EE (7/26)
2025-12-18 15:25:24,971 - ERROR - energy_charts_scraper.py:152 - Error querying fi: HTTPSConnectionPool(host='api.energy-charts.info', port=443): Read timed out. (read timeout=30)
2025-12-18 15:25:32,550 - INFO - energy_charts_scraper.py:145 - Found 2544 days of data for FR
2025-12-18 15:25:32,551 - INFO - energy_charts_scraper.py:52 - Successfully retrieved power data for FR (9/26)
2025-12-18 15:25:49,196 - INFO - energy_charts_scraper.py:145 - Found 2545 days of data for DE
2025-12-18 15:25:49,197 - INFO - energy_charts_scraper.py:52 - Successfully retrieved power data for DE (10/26)
2025-12-18 15:25:54,664 - INFO - energy_charts_scraper.py:145 - Found 2545 days of data for GR
2025-12-18 15:25:54,665 - INFO - energy_charts_scraper.py:52 - Successfully retrieved power data for GR (11/26)
2025-12-18 15:26:11,404 - INFO - energy_charts_scraper.py:145 - Found 2545 days of data for HU
2025-12-18 15:26:11,404 - INFO - energy_charts_scraper.py:52 - Successfully retrieved power data for HU (12/26)
2025-12-18 15:26:43,852 - ERROR - energy_charts_scraper.py:152 - Error querying ie: HTTPSConnectionPool(host='api.energy-charts.info', port=443): Read timed out. (read timeout=30)
2025-12-18 15:26:49,971 - INFO - energy_charts_scraper.py:145 - Found 2545 days of data for IT
2025-12-18 15:26:49,972 - INFO - energy_charts_scraper.py:52 - Successfully retrieved power data for IT (14/26)
2025-12-18 15:26:58,111 - INFO - energy_charts_scraper.py:145 - Found 2545 days of data for LV
2025-12-18 15:26:58,111 - INFO - energy_charts_scraper.py:52 - Successfully retrieved power data for LV (15/26)
2025-12-18 15:27:30,510 - ERROR - energy_charts_scraper.py:152 - Error querying lt: HTTPSConnectionPool(host='api.energy-charts.info', port=443): Read timed out. (read timeout=30)
2025-12-18 15:27:43,593 - INFO - energy_charts_scraper.py:145 - Found 2545 days of data for LU
2025-12-18 15:27:43,593 - INFO - energy_charts_scraper.py:52 - Successfully retrieved power data for LU (17/26)
2025-12-18 15:27:57,554 - INFO - energy_charts_scraper.py:145 - Found 2545 days of data for NL
2025-12-18 15:27:57,554 - INFO - energy_charts_scraper.py:52 - Successfully retrieved power data for NL (18/26)
2025-12-18 15:28:05,244 - INFO - energy_charts_scraper.py:145 - Found 2545 days of data for PL
2025-12-18 15:28:05,244 - INFO - energy_charts_scraper.py:52 - Successfully retrieved power data for PL (19/26)
2025-12-18 15:28:10,617 - INFO - energy_charts_scraper.py:145 - Found 2545 days of data for PT
2025-12-18 15:28:10,618 - INFO - energy_charts_scraper.py:52 - Successfully retrieved power data for PT (20/26)
2025-12-18 15:28:21,267 - INFO - energy_charts_scraper.py:145 - Found 2545 days of data for RO
2025-12-18 15:28:21,267 - INFO - energy_charts_scraper.py:52 - Successfully retrieved power data for RO (21/26)
2025-12-18 15:28:27,872 - INFO - energy_charts_scraper.py:145 - Found 2545 days of data for SK
2025-12-18 15:28:27,872 - INFO - energy_charts_scraper.py:52 - Successfully retrieved power data for SK (22/26)
2025-12-18 15:28:33,923 - INFO - energy_charts_scraper.py:145 - Found 2545 days of data for SI
2025-12-18 15:28:33,923 - INFO - energy_charts_scraper.py:52 - Successfully retrieved power data for SI (23/26)
2025-12-18 15:28:44,267 - INFO - energy_charts_scraper.py:145 - Found 2545 days of data for ES
2025-12-18 15:28:44,267 - INFO - energy_charts_scraper.py:52 - Successfully retrieved power data for ES (24/26)
2025-12-18 15:28:49,246 - INFO - energy_charts_scraper.py:145 - Found 2545 days of data for SE
2025-12-18 15:28:49,246 - INFO - energy_charts_scraper.py:52 - Successfully retrieved power data for SE (25/26)
2025-12-18 15:28:56,149 - INFO - energy_charts_scraper.py:145 - Found 2545 days of data for UK
2025-12-18 15:28:56,149 - INFO - energy_charts_scraper.py:52 - Successfully retrieved power data for UK (26/26)
2025-12-18 15:28:58,355 - INFO - update_raw_data.py:36 - Running EntsogScraper...
2025-12-18 15:28:58,356 - INFO - entsog_scraper.py:27 - Performing initial ENTSOG load from 2019
2025-12-18 15:28:58,711 - ERROR - entsog_scraper.py:93 - Error processing point pt-tso-0001fnc-00001exit: 'operationalData'
2025-12-18 15:28:59,067 - ERROR - entsog_scraper.py:93 - Error processing point pt-tso-0001dis-00001exit: 'operationalData'
2025-12-18 15:28:59,462 - ERROR - entsog_scraper.py:93 - Error processing point hr-tso-0001fnc-00018exit: 'operationalData'
2025-12-18 15:28:59,815 - ERROR - entsog_scraper.py:93 - Error processing point fr-tso-0002dis-00188exit: 'operationalData'
2025-12-18 15:29:00,233 - ERROR - entsog_scraper.py:93 - Error processing point fr-tso-0002fnc-00015exit: 'operationalData'
2025-12-18 15:29:00,624 - ERROR - entsog_scraper.py:93 - Error processing point it-tso-0001dis-00005exit: 'operationalData'
2025-12-18 15:29:01,001 - ERROR - entsog_scraper.py:93 - Error processing point it-tso-0001fnc-00006exit: 'operationalData'
2025-12-18 15:29:01,370 - ERROR - entsog_scraper.py:93 - Error processing point it-tso-0001fnc-00005exit: 'operationalData'
2025-12-18 15:29:01,749 - ERROR - entsog_scraper.py:93 - Error processing point lu-tso-0001dis-00194exit: 'operationalData'
2025-12-18 15:29:02,101 - ERROR - entsog_scraper.py:93 - Error processing point lu-tso-0001fnc-00041exit: 'operationalData'
2025-12-18 15:29:02,464 - ERROR - entsog_scraper.py:93 - Error processing point lv-tso-0001fnc-00205exit: 'operationalData'
2025-12-18 15:29:02,827 - ERROR - entsog_scraper.py:93 - Error processing point ee-tso-0001fnc-00037exit: 'operationalData'
2025-12-18 15:29:03,190 - ERROR - entsog_scraper.py:93 - Error processing point hu-tso-0001fnc-00200exit: 'operationalData'
2025-12-18 15:29:03,554 - ERROR - entsog_scraper.py:93 - Error processing point hu-tso-0001dis-00196exit: 'operationalData'
2025-12-18 15:29:03,931 - ERROR - entsog_scraper.py:93 - Error processing point ro-tso-0001fnc-00010exit: 'operationalData'
2025-12-18 15:29:04,287 - ERROR - entsog_scraper.py:93 - Error processing point ro-tso-0001dis-00058exit: 'operationalData'
2025-12-18 15:29:04,663 - ERROR - entsog_scraper.py:93 - Error processing point si-tso-0001dis-00059exit: 'operationalData'
2025-12-18 15:29:05,025 - ERROR - entsog_scraper.py:93 - Error processing point nl-tso-0001dis-00187exit: 'operationalData'
2025-12-18 15:29:05,422 - ERROR - entsog_scraper.py:93 - Error processing point nl-tso-0001fnc-00014exit: 'operationalData'
2025-12-18 15:29:05,802 - ERROR - entsog_scraper.py:93 - Error processing point nl-tso-0001dis-00201exit: 'operationalData'
2025-12-18 15:29:06,166 - ERROR - entsog_scraper.py:93 - Error processing point nl-tso-0001dis-00202exit: 'operationalData'
2025-12-18 15:29:06,542 - ERROR - entsog_scraper.py:93 - Error processing point nl-tso-0001fnc-00013exit: 'operationalData'
2025-12-18 15:29:06,899 - ERROR - entsog_scraper.py:93 - Error processing point nl-tso-0001fnc-00208exit: 'operationalData'
2025-12-18 15:29:07,258 - ERROR - entsog_scraper.py:93 - Error processing point nl-tso-0001fnc-00209exit: 'operationalData'
2025-12-18 15:29:07,617 - ERROR - entsog_scraper.py:93 - Error processing point nl-tso-0001fnc-00210exit: 'operationalData'
2025-12-18 15:29:07,982 - ERROR - entsog_scraper.py:93 - Error processing point nl-tso-0001fnc-00211exit: 'operationalData'
2025-12-18 15:29:08,354 - ERROR - entsog_scraper.py:93 - Error processing point be-tso-0001dis-00192exit: 'operationalData'
2025-12-18 15:29:08,708 - ERROR - entsog_scraper.py:93 - Error processing point be-tso-0001dis-00191exit: 'operationalData'
2025-12-18 15:29:09,092 - ERROR - entsog_scraper.py:93 - Error processing point be-tso-0001fnc-00034exit: 'operationalData'
2025-12-18 15:29:09,492 - ERROR - entsog_scraper.py:93 - Error processing point be-tso-0001fnc-00033exit: 'operationalData'
2025-12-18 15:29:09,871 - ERROR - entsog_scraper.py:93 - Error processing point be-tso-0001fnc-00035exit: 'operationalData'
2025-12-18 15:29:10,229 - ERROR - entsog_scraper.py:93 - Error processing point bg-tso-0001fnc-00207exit: 'operationalData'
2025-12-18 15:29:10,579 - ERROR - entsog_scraper.py:93 - Error processing point bg-tso-0001fnc-00017exit: 'operationalData'
2025-12-18 15:29:10,970 - ERROR - entsog_scraper.py:93 - Error processing point bg-tso-0001fnc-00016exit: 'operationalData'
2025-12-18 15:29:11,339 - ERROR - entsog_scraper.py:93 - Error processing point pl-tso-0002fnc-00040exit: 'operationalData'
2025-12-18 15:29:11,701 - ERROR - entsog_scraper.py:93 - Error processing point pl-tso-0002fnc-00002exit: 'operationalData'
2025-12-18 15:29:12,080 - ERROR - entsog_scraper.py:93 - Error processing point pl-tso-0002dis-00193exit: 'operationalData'
2025-12-18 15:29:12,422 - ERROR - entsog_scraper.py:93 - Error processing point pl-tso-0002dis-00013exit: 'operationalData'
2025-12-18 15:29:12,806 - ERROR - entsog_scraper.py:93 - Error processing point cz-sso-0002dis-00195exit,pl-tso-0002dis-00195entry: 'operationalData'
2025-12-18 15:29:12,806 - INFO - update_raw_data.py:36 - Running EurostatScraper...
2025-12-18 15:29:29,862 - INFO - eurostat_scraper.py:37 - Successfully saved Eurostat demand data to src\data\raw\eurostat\latest_data.csv
2025-12-18 15:29:29,862 - INFO - update_raw_data.py:36 - Running FranceScraper...
2025-12-18 15:29:29,863 - INFO - france_scraper.py:23 - Fetching French gas demand data for years 2010-2025
2025-12-18 15:29:30,753 - INFO - france_scraper.py:44 - Successfully downloaded data for 2010, saved to src\data\raw\france_demand
2025-12-18 15:29:31,741 - INFO - france_scraper.py:44 - Successfully downloaded data for 2011, saved to src\data\raw\france_demand
2025-12-18 15:29:32,133 - INFO - france_scraper.py:44 - Successfully downloaded data for 2012, saved to src\data\raw\france_demand
2025-12-18 15:29:32,541 - INFO - france_scraper.py:44 - Successfully downloaded data for 2013, saved to src\data\raw\france_demand
2025-12-18 15:29:32,877 - INFO - france_scraper.py:44 - Successfully downloaded data for 2014, saved to src\data\raw\france_demand
2025-12-18 15:29:33,250 - INFO - france_scraper.py:44 - Successfully downloaded data for 2015, saved to src\data\raw\france_demand
2025-12-18 15:29:33,574 - INFO - france_scraper.py:44 - Successfully downloaded data for 2016, saved to src\data\raw\france_demand
2025-12-18 15:29:33,909 - INFO - france_scraper.py:44 - Successfully downloaded data for 2017, saved to src\data\raw\france_demand
2025-12-18 15:29:34,254 - INFO - france_scraper.py:44 - Successfully downloaded data for 2018, saved to src\data\raw\france_demand
2025-12-18 15:29:34,583 - INFO - france_scraper.py:44 - Successfully downloaded data for 2019, saved to src\data\raw\france_demand
2025-12-18 15:29:34,915 - INFO - france_scraper.py:44 - Successfully downloaded data for 2020, saved to src\data\raw\france_demand
2025-12-18 15:29:35,243 - INFO - france_scraper.py:44 - Successfully downloaded data for 2021, saved to src\data\raw\france_demand
2025-12-18 15:29:35,568 - INFO - france_scraper.py:44 - Successfully downloaded data for 2022, saved to src\data\raw\france_demand
2025-12-18 15:29:39,382 - INFO - france_scraper.py:44 - Successfully downloaded data for 2023, saved to src\data\raw\france_demand
2025-12-18 15:29:43,197 - INFO - france_scraper.py:44 - Successfully downloaded data for 2024, saved to src\data\raw\france_demand
2025-12-18 15:29:45,831 - INFO - france_scraper.py:44 - Successfully downloaded data for 2025, saved to src\data\raw\france_demand
2025-12-18 15:29:45,831 - INFO - update_raw_data.py:36 - Running GermanyScraper...
2025-12-18 15:29:45,832 - INFO - germany_scraper.py:42 - Fetching German gas demand data from 2020-01-01 to 2025-12-18...
2025-12-18 15:29:46,398 - INFO - germany_scraper.py:58 - Successfully saved German data to src\data\raw\THE_demand.csv
2025-12-18 15:29:46,398 - INFO - update_raw_data.py:36 - Running UKScraper...
2025-12-18 15:29:47,082 - INFO - uk_scraper.py:40 - Succesful response from the Nat Grid API
2025-12-18 15:29:47,084 - INFO - uk_scraper.py:51 - CSV file downloaded successfully to C:\Users\RoryPerkins\OneDrive - Timera Energy\Documents\GitHub\gas-demand\src\data/raw/uk\UK_gas_data_2025.csv
2025-12-18 15:29:47,084 - INFO - update_raw_data.py:36 - Running SpainScraper...
2025-12-18 15:29:47,084 - INFO - spain_scraper.py:65 - Scraping from 2025-01-01 to 2025-12-16
2025-12-18 15:29:47,085 - INFO - logger.py:11 - ====== WebDriver manager ======
2025-12-18 15:29:48,161 - INFO - logger.py:11 - Get LATEST chromedriver version for google-chrome
2025-12-18 15:29:48,493 - INFO - logger.py:11 - Get LATEST chromedriver version for google-chrome
2025-12-18 15:29:48,793 - INFO - logger.py:11 - Driver [C:\Users\RoryPerkins\.wdm\drivers\chromedriver\win64\143.0.7499.146\chromedriver-win32/chromedriver.exe] found in cache
2025-12-18 15:29:52,708 - INFO - spain.py:35 - Successfully accepted cookies.
2025-12-18 15:29:52,709 - INFO - spain_scraper.py:79 - Scraping data for 2025-01-01
2025-12-18 15:29:58,007 - INFO - spain_scraper.py:86 - Successfully collected data for 2025-01-01
2025-12-18 15:30:00,889 - INFO - spain_scraper.py:79 - Scraping data for 2025-01-02
2025-12-18 15:30:06,137 - INFO - spain_scraper.py:86 - Successfully collected data for 2025-01-02
2025-12-18 15:30:08,483 - INFO - spain_scraper.py:79 - Scraping data for 2025-01-03
2025-12-18 15:30:13,736 - INFO - spain_scraper.py:86 - Successfully collected data for 2025-01-03
2025-12-18 15:30:16,986 - INFO - spain_scraper.py:79 - Scraping data for 2025-01-04
2025-12-18 15:30:22,255 - INFO - spain_scraper.py:86 - Successfully collected data for 2025-01-04
2025-12-18 15:30:25,965 - INFO - spain_scraper.py:79 - Scraping data for 2025-01-05
2025-12-18 15:30:31,260 - INFO - spain_scraper.py:86 - Successfully collected data for 2025-01-05
2025-12-18 15:30:33,764 - INFO - spain_scraper.py:79 - Scraping data for 2025-01-06
2025-12-18 15:30:39,027 - INFO - spain_scraper.py:86 - Successfully collected data for 2025-01-06
2025-12-18 15:30:41,823 - INFO - spain_scraper.py:79 - Scraping data for 2025-01-07
2025-12-18 15:30:47,083 - INFO - spain_scraper.py:86 - Successfully collected data for 2025-01-07
2025-12-18 15:30:49,371 - INFO - spain_scraper.py:79 - Scraping data for 2025-01-08
2025-12-18 15:30:54,651 - INFO - spain_scraper.py:86 - Successfully collected data for 2025-01-08
2025-12-18 15:30:56,803 - INFO - spain_scraper.py:79 - Scraping data for 2025-01-09
2025-12-18 15:31:02,135 - INFO - spain_scraper.py:86 - Successfully collected data for 2025-01-09
2025-12-18 15:31:05,005 - INFO - spain_scraper.py:79 - Scraping data for 2025-01-10
2025-12-18 15:31:10,258 - INFO - spain_scraper.py:86 - Successfully collected data for 2025-01-10
2025-12-18 15:31:13,083 - INFO - spain_scraper.py:79 - Scraping data for 2025-01-11
2025-12-18 15:31:18,413 - INFO - spain_scraper.py:86 - Successfully collected data for 2025-01-11
2025-12-18 15:31:21,985 - INFO - spain_scraper.py:79 - Scraping data for 2025-01-12
2025-12-18 15:31:27,276 - INFO - spain_scraper.py:86 - Successfully collected data for 2025-01-12
2025-12-18 15:31:29,702 - INFO - spain_scraper.py:79 - Scraping data for 2025-01-13
2025-12-18 15:31:34,985 - INFO - spain_scraper.py:86 - Successfully collected data for 2025-01-13
2025-12-18 15:31:38,021 - INFO - spain_scraper.py:79 - Scraping data for 2025-01-14
2025-12-18 15:31:43,320 - INFO - spain_scraper.py:86 - Successfully collected data for 2025-01-14
2025-12-18 15:31:45,557 - INFO - spain_scraper.py:79 - Scraping data for 2025-01-15
2025-12-18 15:31:50,816 - INFO - spain_scraper.py:86 - Successfully collected data for 2025-01-15
2025-12-18 15:31:54,713 - INFO - spain_scraper.py:79 - Scraping data for 2025-01-16
2025-12-18 15:32:00,027 - INFO - spain_scraper.py:86 - Successfully collected data for 2025-01-16
2025-12-18 15:32:03,452 - INFO - spain_scraper.py:79 - Scraping data for 2025-01-17
2025-12-18 15:32:08,765 - INFO - spain_scraper.py:86 - Successfully collected data for 2025-01-17
2025-12-18 15:32:11,695 - INFO - spain_scraper.py:79 - Scraping data for 2025-01-18
2025-12-18 15:32:16,967 - INFO - spain_scraper.py:86 - Successfully collected data for 2025-01-18
2025-12-18 15:32:19,301 - INFO - spain_scraper.py:79 - Scraping data for 2025-01-19
2025-12-18 15:32:24,580 - INFO - spain_scraper.py:86 - Successfully collected data for 2025-01-19
2025-12-18 15:32:26,651 - INFO - spain_scraper.py:79 - Scraping data for 2025-01-20
2025-12-18 15:32:31,939 - INFO - spain_scraper.py:86 - Successfully collected data for 2025-01-20
2025-12-18 15:32:35,864 - INFO - spain_scraper.py:79 - Scraping data for 2025-01-21
2025-12-18 15:32:41,140 - INFO - spain_scraper.py:86 - Successfully collected data for 2025-01-21
2025-12-18 15:32:44,730 - INFO - spain_scraper.py:79 - Scraping data for 2025-01-22
2025-12-18 15:32:50,020 - INFO - spain_scraper.py:86 - Successfully collected data for 2025-01-22
2025-12-18 15:32:53,588 - INFO - spain_scraper.py:79 - Scraping data for 2025-01-23
2025-12-18 15:32:58,839 - INFO - spain_scraper.py:86 - Successfully collected data for 2025-01-23
2025-12-18 15:33:01,023 - INFO - spain_scraper.py:79 - Scraping data for 2025-01-24
2025-12-18 15:33:06,332 - INFO - spain_scraper.py:86 - Successfully collected data for 2025-01-24
2025-12-18 15:33:09,659 - INFO - spain_scraper.py:79 - Scraping data for 2025-01-25
2025-12-18 15:33:14,956 - INFO - spain_scraper.py:86 - Successfully collected data for 2025-01-25
2025-12-18 15:33:17,996 - INFO - spain_scraper.py:79 - Scraping data for 2025-01-26
2025-12-18 15:33:23,276 - INFO - spain_scraper.py:86 - Successfully collected data for 2025-01-26
2025-12-18 15:33:26,720 - INFO - spain_scraper.py:79 - Scraping data for 2025-01-27
2025-12-18 15:33:31,984 - INFO - spain_scraper.py:86 - Successfully collected data for 2025-01-27
2025-12-18 15:33:35,245 - INFO - spain_scraper.py:79 - Scraping data for 2025-01-28
2025-12-18 15:33:40,559 - INFO - spain_scraper.py:86 - Successfully collected data for 2025-01-28
2025-12-18 15:33:43,595 - INFO - spain_scraper.py:79 - Scraping data for 2025-01-29
2025-12-18 15:33:48,899 - INFO - spain_scraper.py:86 - Successfully collected data for 2025-01-29
2025-12-18 15:33:52,596 - INFO - spain_scraper.py:79 - Scraping data for 2025-01-30
2025-12-18 15:33:57,883 - INFO - spain_scraper.py:86 - Successfully collected data for 2025-01-30
2025-12-18 15:34:01,735 - INFO - spain_scraper.py:79 - Scraping data for 2025-01-31
2025-12-18 15:34:07,078 - INFO - spain_scraper.py:86 - Successfully collected data for 2025-01-31
2025-12-18 15:34:09,737 - INFO - spain_scraper.py:79 - Scraping data for 2025-02-01
2025-12-18 15:34:15,039 - INFO - spain_scraper.py:86 - Successfully collected data for 2025-02-01
2025-12-18 15:34:18,392 - INFO - spain_scraper.py:79 - Scraping data for 2025-02-02
2025-12-18 15:34:23,672 - INFO - spain_scraper.py:86 - Successfully collected data for 2025-02-02
2025-12-18 15:34:26,310 - INFO - spain_scraper.py:79 - Scraping data for 2025-02-03
2025-12-18 15:34:31,606 - INFO - spain_scraper.py:86 - Successfully collected data for 2025-02-03
2025-12-18 15:34:33,995 - INFO - spain_scraper.py:79 - Scraping data for 2025-02-04
2025-12-18 15:34:39,340 - INFO - spain_scraper.py:86 - Successfully collected data for 2025-02-04
2025-12-18 15:34:42,838 - INFO - spain_scraper.py:79 - Scraping data for 2025-02-05
2025-12-18 15:34:48,191 - INFO - spain_scraper.py:86 - Successfully collected data for 2025-02-05
2025-12-18 15:34:52,131 - INFO - spain_scraper.py:79 - Scraping data for 2025-02-06
2025-12-18 15:34:57,402 - INFO - spain_scraper.py:86 - Successfully collected data for 2025-02-06
2025-12-18 15:35:01,275 - INFO - spain_scraper.py:79 - Scraping data for 2025-02-07
2025-12-18 15:35:06,597 - INFO - spain_scraper.py:86 - Successfully collected data for 2025-02-07
2025-12-18 15:35:09,605 - INFO - spain_scraper.py:79 - Scraping data for 2025-02-08
2025-12-18 15:35:14,963 - INFO - spain_scraper.py:86 - Successfully collected data for 2025-02-08
2025-12-18 15:35:17,518 - INFO - spain_scraper.py:79 - Scraping data for 2025-02-09
2025-12-18 15:35:22,803 - INFO - spain_scraper.py:86 - Successfully collected data for 2025-02-09
2025-12-18 15:35:25,085 - INFO - spain_scraper.py:79 - Scraping data for 2025-02-10
2025-12-18 15:35:30,377 - INFO - spain_scraper.py:86 - Successfully collected data for 2025-02-10
2025-12-18 15:35:34,087 - INFO - spain_scraper.py:79 - Scraping data for 2025-02-11
2025-12-18 15:35:39,403 - INFO - spain_scraper.py:86 - Successfully collected data for 2025-02-11
2025-12-18 15:35:41,718 - INFO - spain_scraper.py:79 - Scraping data for 2025-02-12
2025-12-18 15:35:47,031 - INFO - spain_scraper.py:86 - Successfully collected data for 2025-02-12
2025-12-18 15:35:49,534 - INFO - spain_scraper.py:79 - Scraping data for 2025-02-13
2025-12-18 15:35:54,835 - INFO - spain_scraper.py:86 - Successfully collected data for 2025-02-13
2025-12-18 15:35:57,385 - INFO - spain_scraper.py:79 - Scraping data for 2025-02-14
2025-12-18 15:36:02,844 - INFO - spain_scraper.py:86 - Successfully collected data for 2025-02-14
2025-12-18 15:36:04,924 - INFO - spain_scraper.py:79 - Scraping data for 2025-02-15
2025-12-18 15:36:10,215 - INFO - spain_scraper.py:86 - Successfully collected data for 2025-02-15
2025-12-18 15:36:13,076 - INFO - spain_scraper.py:79 - Scraping data for 2025-02-16
2025-12-18 15:36:18,356 - INFO - spain_scraper.py:86 - Successfully collected data for 2025-02-16
2025-12-18 15:36:21,046 - INFO - spain_scraper.py:79 - Scraping data for 2025-02-17
2025-12-18 15:36:26,399 - INFO - spain_scraper.py:86 - Successfully collected data for 2025-02-17
2025-12-18 15:36:29,924 - INFO - spain_scraper.py:79 - Scraping data for 2025-02-18
2025-12-18 15:36:35,222 - INFO - spain_scraper.py:86 - Successfully collected data for 2025-02-18
2025-12-18 15:36:37,317 - INFO - spain_scraper.py:79 - Scraping data for 2025-02-19
2025-12-18 15:36:42,651 - INFO - spain_scraper.py:86 - Successfully collected data for 2025-02-19
2025-12-18 15:36:46,178 - INFO - spain_scraper.py:79 - Scraping data for 2025-02-20
2025-12-18 15:36:51,513 - INFO - spain_scraper.py:86 - Successfully collected data for 2025-02-20
2025-12-18 15:36:53,562 - INFO - spain_scraper.py:79 - Scraping data for 2025-02-21
2025-12-18 15:36:58,862 - INFO - spain_scraper.py:86 - Successfully collected data for 2025-02-21
2025-12-18 15:37:01,142 - INFO - spain_scraper.py:79 - Scraping data for 2025-02-22
2025-12-18 15:37:06,453 - INFO - spain_scraper.py:86 - Successfully collected data for 2025-02-22
2025-12-18 15:37:10,423 - INFO - spain_scraper.py:79 - Scraping data for 2025-02-23
2025-12-18 15:37:15,728 - INFO - spain_scraper.py:86 - Successfully collected data for 2025-02-23
2025-12-18 15:37:18,279 - INFO - spain_scraper.py:79 - Scraping data for 2025-02-24
2025-12-18 15:37:23,600 - INFO - spain_scraper.py:86 - Successfully collected data for 2025-02-24
2025-12-18 15:37:26,387 - INFO - spain_scraper.py:79 - Scraping data for 2025-02-25
2025-12-18 15:37:31,691 - INFO - spain_scraper.py:86 - Successfully collected data for 2025-02-25
2025-12-18 15:37:33,987 - INFO - spain_scraper.py:79 - Scraping data for 2025-02-26
2025-12-18 15:37:39,287 - INFO - spain_scraper.py:86 - Successfully collected data for 2025-02-26
2025-12-18 15:37:41,896 - INFO - spain_scraper.py:79 - Scraping data for 2025-02-27
2025-12-18 15:37:47,254 - INFO - spain_scraper.py:86 - Successfully collected data for 2025-02-27
2025-12-18 15:37:50,567 - INFO - spain_scraper.py:79 - Scraping data for 2025-02-28
2025-12-18 15:37:55,875 - INFO - spain_scraper.py:86 - Successfully collected data for 2025-02-28
2025-12-18 15:37:59,651 - INFO - spain_scraper.py:79 - Scraping data for 2025-03-01
2025-12-18 15:38:04,959 - INFO - spain_scraper.py:86 - Successfully collected data for 2025-03-01
2025-12-18 15:38:08,362 - INFO - spain_scraper.py:79 - Scraping data for 2025-03-02
2025-12-18 15:38:13,660 - INFO - spain_scraper.py:86 - Successfully collected data for 2025-03-02
2025-12-18 15:38:16,909 - INFO - spain_scraper.py:79 - Scraping data for 2025-03-03
2025-12-18 15:38:22,264 - INFO - spain_scraper.py:86 - Successfully collected data for 2025-03-03
2025-12-18 15:38:24,567 - INFO - spain_scraper.py:79 - Scraping data for 2025-03-04
2025-12-18 15:38:29,888 - INFO - spain_scraper.py:86 - Successfully collected data for 2025-03-04
2025-12-18 15:38:32,767 - INFO - spain_scraper.py:79 - Scraping data for 2025-03-05
2025-12-18 15:38:38,095 - INFO - spain_scraper.py:86 - Successfully collected data for 2025-03-05
2025-12-18 15:38:41,702 - INFO - spain_scraper.py:79 - Scraping data for 2025-03-06
2025-12-18 15:38:48,106 - INFO - spain_scraper.py:86 - Successfully collected data for 2025-03-06
2025-12-18 15:38:50,122 - INFO - spain_scraper.py:79 - Scraping data for 2025-03-07
2025-12-18 15:38:55,425 - INFO - spain_scraper.py:86 - Successfully collected data for 2025-03-07
2025-12-18 15:38:58,633 - INFO - spain_scraper.py:79 - Scraping data for 2025-03-08
2025-12-18 15:39:03,979 - INFO - spain_scraper.py:86 - Successfully collected data for 2025-03-08
2025-12-18 15:39:07,728 - INFO - spain_scraper.py:79 - Scraping data for 2025-03-09
2025-12-18 15:39:13,025 - INFO - spain_scraper.py:86 - Successfully collected data for 2025-03-09
2025-12-18 15:39:15,256 - INFO - spain_scraper.py:79 - Scraping data for 2025-03-10
2025-12-18 15:39:20,590 - INFO - spain_scraper.py:86 - Successfully collected data for 2025-03-10
2025-12-18 15:39:23,426 - INFO - spain_scraper.py:79 - Scraping data for 2025-03-11
2025-12-18 15:39:28,723 - INFO - spain_scraper.py:86 - Successfully collected data for 2025-03-11
2025-12-18 15:39:31,837 - INFO - spain_scraper.py:79 - Scraping data for 2025-03-12
2025-12-18 15:39:37,137 - INFO - spain_scraper.py:86 - Successfully collected data for 2025-03-12
2025-12-18 15:39:39,874 - INFO - spain_scraper.py:79 - Scraping data for 2025-03-13
2025-12-18 15:39:45,199 - INFO - spain_scraper.py:86 - Successfully collected data for 2025-03-13
2025-12-18 15:39:47,259 - INFO - spain_scraper.py:79 - Scraping data for 2025-03-14
2025-12-18 15:39:52,604 - INFO - spain_scraper.py:86 - Successfully collected data for 2025-03-14
2025-12-18 15:39:55,081 - INFO - spain_scraper.py:79 - Scraping data for 2025-03-15
2025-12-18 15:40:00,416 - INFO - spain_scraper.py:86 - Successfully collected data for 2025-03-15
2025-12-18 15:40:03,956 - INFO - spain_scraper.py:79 - Scraping data for 2025-03-16
2025-12-18 15:40:09,297 - INFO - spain_scraper.py:86 - Successfully collected data for 2025-03-16
2025-12-18 15:40:13,107 - INFO - spain_scraper.py:79 - Scraping data for 2025-03-17
2025-12-18 15:40:18,404 - INFO - spain_scraper.py:86 - Successfully collected data for 2025-03-17
2025-12-18 15:40:20,657 - INFO - spain_scraper.py:79 - Scraping data for 2025-03-18
2025-12-18 15:40:25,988 - INFO - spain_scraper.py:86 - Successfully collected data for 2025-03-18
2025-12-18 15:40:29,052 - INFO - spain_scraper.py:79 - Scraping data for 2025-03-19
2025-12-18 15:40:34,380 - INFO - spain_scraper.py:86 - Successfully collected data for 2025-03-19
2025-12-18 15:40:37,296 - INFO - spain_scraper.py:79 - Scraping data for 2025-03-20
2025-12-18 15:40:42,590 - INFO - spain_scraper.py:86 - Successfully collected data for 2025-03-20
2025-12-18 15:40:46,420 - INFO - spain_scraper.py:79 - Scraping data for 2025-03-21
2025-12-18 15:40:51,743 - INFO - spain_scraper.py:86 - Successfully collected data for 2025-03-21
2025-12-18 15:40:54,934 - INFO - spain_scraper.py:79 - Scraping data for 2025-03-22
2025-12-18 15:41:00,256 - INFO - spain_scraper.py:86 - Successfully collected data for 2025-03-22
2025-12-18 15:41:03,449 - INFO - spain_scraper.py:79 - Scraping data for 2025-03-23
2025-12-18 15:41:08,752 - INFO - spain_scraper.py:86 - Successfully collected data for 2025-03-23
2025-12-18 15:41:12,505 - INFO - spain_scraper.py:79 - Scraping data for 2025-03-24
2025-12-18 15:41:17,883 - INFO - spain_scraper.py:86 - Successfully collected data for 2025-03-24
2025-12-18 15:41:20,268 - INFO - spain_scraper.py:79 - Scraping data for 2025-03-25
2025-12-18 15:41:25,588 - INFO - spain_scraper.py:86 - Successfully collected data for 2025-03-25
2025-12-18 15:41:27,829 - INFO - spain_scraper.py:79 - Scraping data for 2025-03-26
2025-12-18 15:41:33,161 - INFO - spain_scraper.py:86 - Successfully collected data for 2025-03-26
2025-12-18 15:41:37,154 - INFO - spain_scraper.py:79 - Scraping data for 2025-03-27
2025-12-18 15:41:42,456 - INFO - spain_scraper.py:86 - Successfully collected data for 2025-03-27
2025-12-18 15:41:45,820 - INFO - spain_scraper.py:79 - Scraping data for 2025-03-28
2025-12-18 15:41:51,135 - INFO - spain_scraper.py:86 - Successfully collected data for 2025-03-28
2025-12-18 15:41:54,875 - INFO - spain_scraper.py:79 - Scraping data for 2025-03-29
2025-12-18 15:42:00,205 - INFO - spain_scraper.py:86 - Successfully collected data for 2025-03-29
2025-12-18 15:42:02,365 - INFO - spain_scraper.py:79 - Scraping data for 2025-03-30
2025-12-18 15:42:07,673 - INFO - spain_scraper.py:86 - Successfully collected data for 2025-03-30
2025-12-18 15:42:09,982 - INFO - spain_scraper.py:79 - Scraping data for 2025-03-31
2025-12-18 15:42:15,329 - INFO - spain_scraper.py:86 - Successfully collected data for 2025-03-31
2025-12-18 15:42:17,778 - INFO - spain_scraper.py:79 - Scraping data for 2025-04-01
2025-12-18 15:42:23,066 - INFO - spain_scraper.py:86 - Successfully collected data for 2025-04-01
2025-12-18 15:42:25,240 - INFO - spain_scraper.py:79 - Scraping data for 2025-04-02
2025-12-18 15:42:30,558 - INFO - spain_scraper.py:86 - Successfully collected data for 2025-04-02
2025-12-18 15:42:33,486 - INFO - spain_scraper.py:79 - Scraping data for 2025-04-03
2025-12-18 15:42:38,813 - INFO - spain_scraper.py:86 - Successfully collected data for 2025-04-03
2025-12-18 15:42:40,996 - INFO - spain_scraper.py:79 - Scraping data for 2025-04-04
2025-12-18 15:42:46,286 - INFO - spain_scraper.py:86 - Successfully collected data for 2025-04-04
2025-12-18 15:42:49,532 - INFO - spain_scraper.py:79 - Scraping data for 2025-04-05
2025-12-18 15:42:54,850 - INFO - spain_scraper.py:86 - Successfully collected data for 2025-04-05
2025-12-18 15:42:58,234 - INFO - spain_scraper.py:79 - Scraping data for 2025-04-06
2025-12-18 15:43:03,608 - INFO - spain_scraper.py:86 - Successfully collected data for 2025-04-06
2025-12-18 15:43:07,058 - INFO - spain_scraper.py:79 - Scraping data for 2025-04-07
2025-12-18 15:43:12,398 - INFO - spain_scraper.py:86 - Successfully collected data for 2025-04-07
2025-12-18 15:43:16,343 - INFO - spain_scraper.py:79 - Scraping data for 2025-04-08
2025-12-18 15:43:21,681 - INFO - spain_scraper.py:86 - Successfully collected data for 2025-04-08
2025-12-18 15:43:25,527 - INFO - spain_scraper.py:79 - Scraping data for 2025-04-09
2025-12-18 15:43:30,870 - INFO - spain_scraper.py:86 - Successfully collected data for 2025-04-09
2025-12-18 15:43:33,669 - INFO - spain_scraper.py:79 - Scraping data for 2025-04-10
2025-12-18 15:43:39,012 - INFO - spain_scraper.py:86 - Successfully collected data for 2025-04-10
2025-12-18 15:43:41,480 - INFO - spain_scraper.py:51 - Taking a longer break after 100 requests...
2025-12-18 15:44:43,820 - INFO - spain_scraper.py:79 - Scraping data for 2025-04-11
2025-12-18 15:44:49,134 - INFO - spain_scraper.py:86 - Successfully collected data for 2025-04-11
2025-12-18 15:44:52,956 - INFO - spain_scraper.py:79 - Scraping data for 2025-04-12
2025-12-18 15:44:58,289 - INFO - spain_scraper.py:86 - Successfully collected data for 2025-04-12
2025-12-18 15:45:02,112 - INFO - spain_scraper.py:79 - Scraping data for 2025-04-13
2025-12-18 15:45:07,436 - INFO - spain_scraper.py:86 - Successfully collected data for 2025-04-13
2025-12-18 15:45:10,319 - INFO - spain_scraper.py:79 - Scraping data for 2025-04-14
2025-12-18 15:45:15,666 - INFO - spain_scraper.py:86 - Successfully collected data for 2025-04-14
2025-12-18 15:45:19,226 - INFO - spain_scraper.py:79 - Scraping data for 2025-04-15
2025-12-18 15:45:24,580 - INFO - spain_scraper.py:86 - Successfully collected data for 2025-04-15
2025-12-18 15:45:27,830 - INFO - spain_scraper.py:79 - Scraping data for 2025-04-16
2025-12-18 15:45:33,153 - INFO - spain_scraper.py:86 - Successfully collected data for 2025-04-16
2025-12-18 15:45:36,526 - INFO - spain_scraper.py:79 - Scraping data for 2025-04-17
2025-12-18 15:45:41,853 - INFO - spain_scraper.py:86 - Successfully collected data for 2025-04-17
2025-12-18 15:45:44,112 - INFO - spain_scraper.py:79 - Scraping data for 2025-04-18
2025-12-18 15:45:49,418 - INFO - spain_scraper.py:86 - Successfully collected data for 2025-04-18
2025-12-18 15:45:53,318 - INFO - spain_scraper.py:79 - Scraping data for 2025-04-19
2025-12-18 15:45:58,684 - INFO - spain_scraper.py:86 - Successfully collected data for 2025-04-19
2025-12-18 15:46:02,406 - INFO - spain_scraper.py:79 - Scraping data for 2025-04-20
2025-12-18 15:46:07,727 - INFO - spain_scraper.py:86 - Successfully collected data for 2025-04-20
2025-12-18 15:46:11,291 - INFO - spain_scraper.py:79 - Scraping data for 2025-04-21
2025-12-18 15:46:16,690 - INFO - spain_scraper.py:86 - Successfully collected data for 2025-04-21
2025-12-18 15:46:18,952 - INFO - spain_scraper.py:79 - Scraping data for 2025-04-22
2025-12-18 15:46:24,283 - INFO - spain_scraper.py:86 - Successfully collected data for 2025-04-22
2025-12-18 15:46:27,096 - INFO - spain_scraper.py:79 - Scraping data for 2025-04-23
2025-12-18 15:46:32,473 - INFO - spain_scraper.py:86 - Successfully collected data for 2025-04-23
2025-12-18 15:46:35,466 - INFO - spain_scraper.py:79 - Scraping data for 2025-04-24
2025-12-18 15:46:40,803 - INFO - spain_scraper.py:86 - Successfully collected data for 2025-04-24
2025-12-18 15:46:44,384 - INFO - spain_scraper.py:79 - Scraping data for 2025-04-25
2025-12-18 15:46:49,742 - INFO - spain_scraper.py:86 - Successfully collected data for 2025-04-25
2025-12-18 15:46:53,450 - INFO - spain_scraper.py:79 - Scraping data for 2025-04-26
2025-12-18 15:46:58,773 - INFO - spain_scraper.py:86 - Successfully collected data for 2025-04-26
2025-12-18 15:47:02,326 - INFO - spain_scraper.py:79 - Scraping data for 2025-04-27
2025-12-18 15:47:07,667 - INFO - spain_scraper.py:86 - Successfully collected data for 2025-04-27
2025-12-18 15:47:10,813 - INFO - spain_scraper.py:79 - Scraping data for 2025-04-28
2025-12-18 15:47:16,173 - INFO - spain_scraper.py:86 - Successfully collected data for 2025-04-28
2025-12-18 15:47:19,699 - INFO - spain_scraper.py:79 - Scraping data for 2025-04-29
2025-12-18 15:47:25,021 - INFO - spain_scraper.py:86 - Successfully collected data for 2025-04-29
2025-12-18 15:47:27,554 - INFO - spain_scraper.py:79 - Scraping data for 2025-04-30
2025-12-18 15:47:32,898 - INFO - spain_scraper.py:86 - Successfully collected data for 2025-04-30
2025-12-18 15:47:35,566 - INFO - spain_scraper.py:79 - Scraping data for 2025-05-01
2025-12-18 15:47:40,904 - INFO - spain_scraper.py:86 - Successfully collected data for 2025-05-01
2025-12-18 15:47:44,485 - INFO - spain_scraper.py:79 - Scraping data for 2025-05-02
2025-12-18 15:47:49,784 - INFO - spain_scraper.py:86 - Successfully collected data for 2025-05-02
2025-12-18 15:47:52,159 - INFO - spain_scraper.py:79 - Scraping data for 2025-05-03
2025-12-18 15:47:57,511 - INFO - spain_scraper.py:86 - Successfully collected data for 2025-05-03
2025-12-18 15:47:59,524 - INFO - spain_scraper.py:79 - Scraping data for 2025-05-04
2025-12-18 15:48:04,891 - INFO - spain_scraper.py:86 - Successfully collected data for 2025-05-04
2025-12-18 15:48:07,636 - INFO - spain_scraper.py:79 - Scraping data for 2025-05-05
2025-12-18 15:48:13,003 - INFO - spain_scraper.py:86 - Successfully collected data for 2025-05-05
2025-12-18 15:48:16,673 - INFO - spain_scraper.py:79 - Scraping data for 2025-05-06
2025-12-18 15:48:22,004 - INFO - spain_scraper.py:86 - Successfully collected data for 2025-05-06
2025-12-18 15:48:24,689 - INFO - spain_scraper.py:79 - Scraping data for 2025-05-07
2025-12-18 15:48:30,038 - INFO - spain_scraper.py:86 - Successfully collected data for 2025-05-07
2025-12-18 15:48:33,848 - INFO - spain_scraper.py:79 - Scraping data for 2025-05-08
2025-12-18 15:48:39,204 - INFO - spain_scraper.py:86 - Successfully collected data for 2025-05-08
2025-12-18 15:48:42,844 - INFO - spain_scraper.py:79 - Scraping data for 2025-05-09
2025-12-18 15:48:48,203 - INFO - spain_scraper.py:86 - Successfully collected data for 2025-05-09
2025-12-18 15:48:51,808 - INFO - spain_scraper.py:79 - Scraping data for 2025-05-10
2025-12-18 15:48:57,144 - INFO - spain_scraper.py:86 - Successfully collected data for 2025-05-10
2025-12-18 15:49:01,075 - INFO - spain_scraper.py:79 - Scraping data for 2025-05-11
2025-12-18 15:49:06,428 - INFO - spain_scraper.py:86 - Successfully collected data for 2025-05-11
2025-12-18 15:49:09,277 - INFO - spain_scraper.py:79 - Scraping data for 2025-05-12
2025-12-18 15:49:14,635 - INFO - spain_scraper.py:86 - Successfully collected data for 2025-05-12
2025-12-18 15:49:18,315 - INFO - spain_scraper.py:79 - Scraping data for 2025-05-13
2025-12-18 15:49:23,632 - INFO - spain_scraper.py:86 - Successfully collected data for 2025-05-13
2025-12-18 15:49:25,972 - INFO - spain_scraper.py:79 - Scraping data for 2025-05-14
2025-12-18 15:49:31,304 - INFO - spain_scraper.py:86 - Successfully collected data for 2025-05-14
2025-12-18 15:49:33,852 - INFO - spain_scraper.py:79 - Scraping data for 2025-05-15
2025-12-18 15:49:39,191 - INFO - spain_scraper.py:86 - Successfully collected data for 2025-05-15
2025-12-18 15:49:43,175 - INFO - spain_scraper.py:79 - Scraping data for 2025-05-16
2025-12-18 15:49:48,557 - INFO - spain_scraper.py:86 - Successfully collected data for 2025-05-16
2025-12-18 15:49:51,148 - INFO - spain_scraper.py:79 - Scraping data for 2025-05-17
2025-12-18 15:49:56,557 - INFO - spain_scraper.py:86 - Successfully collected data for 2025-05-17
2025-12-18 15:49:59,754 - INFO - spain_scraper.py:79 - Scraping data for 2025-05-18
2025-12-18 15:50:05,139 - INFO - spain_scraper.py:86 - Successfully collected data for 2025-05-18
2025-12-18 15:50:08,594 - INFO - spain_scraper.py:79 - Scraping data for 2025-05-19
2025-12-18 15:50:13,955 - INFO - spain_scraper.py:86 - Successfully collected data for 2025-05-19
2025-12-18 15:50:16,837 - INFO - spain_scraper.py:79 - Scraping data for 2025-05-20
2025-12-18 15:50:22,329 - INFO - spain_scraper.py:86 - Successfully collected data for 2025-05-20
2025-12-18 15:50:24,475 - INFO - spain_scraper.py:79 - Scraping data for 2025-05-21
2025-12-18 15:50:29,816 - INFO - spain_scraper.py:86 - Successfully collected data for 2025-05-21
2025-12-18 15:50:32,844 - INFO - spain_scraper.py:79 - Scraping data for 2025-05-22
2025-12-18 15:50:38,202 - INFO - spain_scraper.py:86 - Successfully collected data for 2025-05-22
2025-12-18 15:50:42,078 - INFO - spain_scraper.py:79 - Scraping data for 2025-05-23
2025-12-18 15:50:47,469 - INFO - spain_scraper.py:86 - Successfully collected data for 2025-05-23
2025-12-18 15:50:50,320 - INFO - spain_scraper.py:79 - Scraping data for 2025-05-24
2025-12-18 15:50:55,678 - INFO - spain_scraper.py:86 - Successfully collected data for 2025-05-24
2025-12-18 15:50:59,634 - INFO - spain_scraper.py:79 - Scraping data for 2025-05-25
2025-12-18 15:51:04,977 - INFO - spain_scraper.py:86 - Successfully collected data for 2025-05-25
2025-12-18 15:51:08,959 - INFO - spain_scraper.py:79 - Scraping data for 2025-05-26
2025-12-18 15:51:14,287 - INFO - spain_scraper.py:86 - Successfully collected data for 2025-05-26
2025-12-18 15:51:17,179 - INFO - spain_scraper.py:79 - Scraping data for 2025-05-27
2025-12-18 15:51:22,538 - INFO - spain_scraper.py:86 - Successfully collected data for 2025-05-27
2025-12-18 15:51:25,378 - INFO - spain_scraper.py:79 - Scraping data for 2025-05-28
2025-12-18 15:51:30,748 - INFO - spain_scraper.py:86 - Successfully collected data for 2025-05-28
2025-12-18 15:51:34,021 - INFO - spain_scraper.py:79 - Scraping data for 2025-05-29
2025-12-18 15:51:39,366 - INFO - spain_scraper.py:86 - Successfully collected data for 2025-05-29
2025-12-18 15:51:41,453 - INFO - spain_scraper.py:79 - Scraping data for 2025-05-30
2025-12-18 15:51:46,811 - INFO - spain_scraper.py:86 - Successfully collected data for 2025-05-30
2025-12-18 15:51:48,987 - INFO - spain_scraper.py:79 - Scraping data for 2025-05-31
2025-12-18 15:51:54,370 - INFO - spain_scraper.py:86 - Successfully collected data for 2025-05-31
2025-12-18 15:51:58,341 - INFO - spain_scraper.py:79 - Scraping data for 2025-06-01
2025-12-18 15:52:03,743 - INFO - spain_scraper.py:86 - Successfully collected data for 2025-06-01
2025-12-18 15:52:07,337 - INFO - spain_scraper.py:79 - Scraping data for 2025-06-02
2025-12-18 15:52:12,677 - INFO - spain_scraper.py:86 - Successfully collected data for 2025-06-02
2025-12-18 15:52:16,487 - INFO - spain_scraper.py:79 - Scraping data for 2025-06-03
2025-12-18 15:52:21,884 - INFO - spain_scraper.py:86 - Successfully collected data for 2025-06-03
2025-12-18 15:52:23,937 - INFO - spain_scraper.py:79 - Scraping data for 2025-06-04
2025-12-18 15:52:29,332 - INFO - spain_scraper.py:86 - Successfully collected data for 2025-06-04
2025-12-18 15:52:32,340 - INFO - spain_scraper.py:79 - Scraping data for 2025-06-05
2025-12-18 15:52:37,684 - INFO - spain_scraper.py:86 - Successfully collected data for 2025-06-05
2025-12-18 15:52:39,955 - INFO - spain_scraper.py:79 - Scraping data for 2025-06-06
2025-12-18 15:52:45,264 - INFO - spain_scraper.py:86 - Successfully collected data for 2025-06-06
2025-12-18 15:52:48,063 - INFO - spain_scraper.py:79 - Scraping data for 2025-06-07
2025-12-18 15:52:53,381 - INFO - spain_scraper.py:86 - Successfully collected data for 2025-06-07
2025-12-18 15:52:55,877 - INFO - spain_scraper.py:79 - Scraping data for 2025-06-08
2025-12-18 15:53:01,187 - INFO - spain_scraper.py:86 - Successfully collected data for 2025-06-08
2025-12-18 15:53:04,237 - INFO - spain_scraper.py:79 - Scraping data for 2025-06-09
2025-12-18 15:53:09,603 - INFO - spain_scraper.py:86 - Successfully collected data for 2025-06-09
2025-12-18 15:53:12,045 - INFO - spain_scraper.py:79 - Scraping data for 2025-06-10
2025-12-18 15:53:17,419 - INFO - spain_scraper.py:86 - Successfully collected data for 2025-06-10
2025-12-18 15:53:21,261 - INFO - spain_scraper.py:79 - Scraping data for 2025-06-11
2025-12-18 15:53:26,623 - INFO - spain_scraper.py:86 - Successfully collected data for 2025-06-11
2025-12-18 15:53:30,024 - INFO - spain_scraper.py:79 - Scraping data for 2025-06-12
2025-12-18 15:53:35,398 - INFO - spain_scraper.py:86 - Successfully collected data for 2025-06-12
2025-12-18 15:53:38,821 - INFO - spain_scraper.py:79 - Scraping data for 2025-06-13
2025-12-18 15:53:44,205 - INFO - spain_scraper.py:86 - Successfully collected data for 2025-06-13
2025-12-18 15:53:47,475 - INFO - spain_scraper.py:79 - Scraping data for 2025-06-14
2025-12-18 15:53:52,839 - INFO - spain_scraper.py:86 - Successfully collected data for 2025-06-14
2025-12-18 15:53:54,975 - INFO - spain_scraper.py:79 - Scraping data for 2025-06-15
2025-12-18 15:54:00,389 - INFO - spain_scraper.py:86 - Successfully collected data for 2025-06-15
2025-12-18 15:54:04,256 - INFO - spain_scraper.py:79 - Scraping data for 2025-06-16
2025-12-18 15:54:09,620 - INFO - spain_scraper.py:86 - Successfully collected data for 2025-06-16
2025-12-18 15:54:11,983 - INFO - spain_scraper.py:79 - Scraping data for 2025-06-17
2025-12-18 15:54:17,337 - INFO - spain_scraper.py:86 - Successfully collected data for 2025-06-17
2025-12-18 15:54:19,741 - INFO - spain_scraper.py:79 - Scraping data for 2025-06-18
2025-12-18 15:54:25,114 - INFO - spain_scraper.py:86 - Successfully collected data for 2025-06-18
2025-12-18 15:54:27,468 - INFO - spain_scraper.py:79 - Scraping data for 2025-06-19
2025-12-18 15:54:32,839 - INFO - spain_scraper.py:86 - Successfully collected data for 2025-06-19
2025-12-18 15:54:35,324 - INFO - spain_scraper.py:79 - Scraping data for 2025-06-20
2025-12-18 15:54:40,693 - INFO - spain_scraper.py:86 - Successfully collected data for 2025-06-20
2025-12-18 15:54:43,760 - INFO - spain_scraper.py:79 - Scraping data for 2025-06-21
2025-12-18 15:54:49,138 - INFO - spain_scraper.py:86 - Successfully collected data for 2025-06-21
2025-12-18 15:54:51,795 - INFO - spain_scraper.py:79 - Scraping data for 2025-06-22
2025-12-18 15:54:57,158 - INFO - spain_scraper.py:86 - Successfully collected data for 2025-06-22
2025-12-18 15:55:00,893 - INFO - spain_scraper.py:79 - Scraping data for 2025-06-23
2025-12-18 15:55:06,271 - INFO - spain_scraper.py:86 - Successfully collected data for 2025-06-23
2025-12-18 15:55:08,290 - INFO - spain_scraper.py:79 - Scraping data for 2025-06-24
2025-12-18 15:55:13,643 - INFO - spain_scraper.py:86 - Successfully collected data for 2025-06-24
2025-12-18 15:55:16,443 - INFO - spain_scraper.py:79 - Scraping data for 2025-06-25
2025-12-18 15:55:21,813 - INFO - spain_scraper.py:86 - Successfully collected data for 2025-06-25
2025-12-18 15:55:25,546 - INFO - spain_scraper.py:79 - Scraping data for 2025-06-26
2025-12-18 15:55:30,934 - INFO - spain_scraper.py:86 - Successfully collected data for 2025-06-26
2025-12-18 15:55:34,348 - INFO - spain_scraper.py:79 - Scraping data for 2025-06-27
2025-12-18 15:55:39,747 - INFO - spain_scraper.py:86 - Successfully collected data for 2025-06-27
2025-12-18 15:55:43,025 - INFO - spain_scraper.py:79 - Scraping data for 2025-06-28
2025-12-18 15:55:48,432 - INFO - spain_scraper.py:86 - Successfully collected data for 2025-06-28
2025-12-18 15:55:51,898 - INFO - spain_scraper.py:79 - Scraping data for 2025-06-29
2025-12-18 15:55:57,239 - INFO - spain_scraper.py:86 - Successfully collected data for 2025-06-29
2025-12-18 15:55:59,864 - INFO - spain_scraper.py:79 - Scraping data for 2025-06-30
2025-12-18 15:56:05,241 - INFO - spain_scraper.py:86 - Successfully collected data for 2025-06-30
2025-12-18 15:56:07,959 - INFO - spain_scraper.py:79 - Scraping data for 2025-07-01
2025-12-18 15:56:13,367 - INFO - spain_scraper.py:86 - Successfully collected data for 2025-07-01
2025-12-18 15:56:15,425 - INFO - spain_scraper.py:79 - Scraping data for 2025-07-02
2025-12-18 15:56:20,834 - INFO - spain_scraper.py:86 - Successfully collected data for 2025-07-02
2025-12-18 15:56:23,871 - INFO - spain_scraper.py:79 - Scraping data for 2025-07-03
2025-12-18 15:56:29,218 - INFO - spain_scraper.py:86 - Successfully collected data for 2025-07-03
2025-12-18 15:56:31,900 - INFO - spain_scraper.py:79 - Scraping data for 2025-07-04
2025-12-18 15:56:37,244 - INFO - spain_scraper.py:86 - Successfully collected data for 2025-07-04
2025-12-18 15:56:39,486 - INFO - spain_scraper.py:79 - Scraping data for 2025-07-05
2025-12-18 15:56:44,858 - INFO - spain_scraper.py:86 - Successfully collected data for 2025-07-05
2025-12-18 15:56:47,921 - INFO - spain_scraper.py:79 - Scraping data for 2025-07-06
2025-12-18 15:56:53,271 - INFO - spain_scraper.py:86 - Successfully collected data for 2025-07-06
2025-12-18 15:56:57,010 - INFO - spain_scraper.py:79 - Scraping data for 2025-07-07
2025-12-18 15:57:02,357 - INFO - spain_scraper.py:86 - Successfully collected data for 2025-07-07
2025-12-18 15:57:06,216 - INFO - spain_scraper.py:79 - Scraping data for 2025-07-08
2025-12-18 15:57:11,577 - INFO - spain_scraper.py:86 - Successfully collected data for 2025-07-08
2025-12-18 15:57:14,594 - INFO - spain_scraper.py:79 - Scraping data for 2025-07-09
2025-12-18 15:57:19,948 - INFO - spain_scraper.py:86 - Successfully collected data for 2025-07-09
2025-12-18 15:57:23,690 - INFO - spain_scraper.py:79 - Scraping data for 2025-07-10
2025-12-18 15:57:29,042 - INFO - spain_scraper.py:86 - Successfully collected data for 2025-07-10
2025-12-18 15:57:32,516 - INFO - spain_scraper.py:79 - Scraping data for 2025-07-11
2025-12-18 15:57:37,901 - INFO - spain_scraper.py:86 - Successfully collected data for 2025-07-11
2025-12-18 15:57:41,042 - INFO - spain_scraper.py:79 - Scraping data for 2025-07-12
2025-12-18 15:57:46,480 - INFO - spain_scraper.py:86 - Successfully collected data for 2025-07-12
2025-12-18 15:57:48,741 - INFO - spain_scraper.py:79 - Scraping data for 2025-07-13
2025-12-18 15:57:54,138 - INFO - spain_scraper.py:86 - Successfully collected data for 2025-07-13
2025-12-18 15:57:57,957 - INFO - spain_scraper.py:79 - Scraping data for 2025-07-14
2025-12-18 15:58:03,291 - INFO - spain_scraper.py:86 - Successfully collected data for 2025-07-14
2025-12-18 15:58:06,113 - INFO - spain_scraper.py:79 - Scraping data for 2025-07-15
2025-12-18 15:58:11,602 - INFO - spain_scraper.py:86 - Successfully collected data for 2025-07-15
2025-12-18 15:58:13,634 - INFO - spain_scraper.py:79 - Scraping data for 2025-07-16
2025-12-18 15:58:18,970 - INFO - spain_scraper.py:86 - Successfully collected data for 2025-07-16
2025-12-18 15:58:22,303 - INFO - spain_scraper.py:79 - Scraping data for 2025-07-17
2025-12-18 15:58:27,711 - INFO - spain_scraper.py:86 - Successfully collected data for 2025-07-17
2025-12-18 15:58:30,906 - INFO - spain_scraper.py:79 - Scraping data for 2025-07-18
2025-12-18 15:58:36,259 - INFO - spain_scraper.py:86 - Successfully collected data for 2025-07-18
2025-12-18 15:58:39,792 - INFO - spain_scraper.py:79 - Scraping data for 2025-07-19
2025-12-18 15:58:45,128 - INFO - spain_scraper.py:86 - Successfully collected data for 2025-07-19
2025-12-18 15:58:48,632 - INFO - spain_scraper.py:51 - Taking a longer break after 200 requests...
2025-12-18 15:59:50,995 - INFO - spain_scraper.py:79 - Scraping data for 2025-07-20
2025-12-18 15:59:56,358 - INFO - spain_scraper.py:86 - Successfully collected data for 2025-07-20
2025-12-18 16:00:00,139 - INFO - spain_scraper.py:79 - Scraping data for 2025-07-21
2025-12-18 16:00:05,549 - INFO - spain_scraper.py:86 - Successfully collected data for 2025-07-21
2025-12-18 16:00:08,326 - INFO - spain_scraper.py:79 - Scraping data for 2025-07-22
2025-12-18 16:00:13,719 - INFO - spain_scraper.py:86 - Successfully collected data for 2025-07-22
2025-12-18 16:00:16,606 - INFO - spain_scraper.py:79 - Scraping data for 2025-07-23
2025-12-18 16:00:22,015 - INFO - spain_scraper.py:86 - Successfully collected data for 2025-07-23
2025-12-18 16:00:25,856 - INFO - spain_scraper.py:79 - Scraping data for 2025-07-24
2025-12-18 16:00:31,208 - INFO - spain_scraper.py:86 - Successfully collected data for 2025-07-24
2025-12-18 16:00:34,109 - INFO - spain_scraper.py:79 - Scraping data for 2025-07-25
2025-12-18 16:00:39,448 - INFO - spain_scraper.py:86 - Successfully collected data for 2025-07-25
2025-12-18 16:00:42,441 - INFO - spain_scraper.py:79 - Scraping data for 2025-07-26
2025-12-18 16:00:47,780 - INFO - spain_scraper.py:86 - Successfully collected data for 2025-07-26
2025-12-18 16:00:49,950 - INFO - spain_scraper.py:79 - Scraping data for 2025-07-27
2025-12-18 16:00:55,320 - INFO - spain_scraper.py:86 - Successfully collected data for 2025-07-27
2025-12-18 16:00:59,209 - INFO - spain_scraper.py:79 - Scraping data for 2025-07-28
2025-12-18 16:01:04,586 - INFO - spain_scraper.py:86 - Successfully collected data for 2025-07-28
2025-12-18 16:01:07,416 - INFO - spain_scraper.py:79 - Scraping data for 2025-07-29
2025-12-18 16:01:12,799 - INFO - spain_scraper.py:86 - Successfully collected data for 2025-07-29
2025-12-18 16:01:15,371 - INFO - spain_scraper.py:79 - Scraping data for 2025-07-30
2025-12-18 16:01:20,696 - INFO - spain_scraper.py:86 - Successfully collected data for 2025-07-30
2025-12-18 16:01:24,146 - INFO - spain_scraper.py:79 - Scraping data for 2025-07-31
2025-12-18 16:01:29,542 - INFO - spain_scraper.py:86 - Successfully collected data for 2025-07-31
2025-12-18 16:01:32,704 - INFO - spain_scraper.py:79 - Scraping data for 2025-08-01
2025-12-18 16:01:38,120 - INFO - spain_scraper.py:86 - Successfully collected data for 2025-08-01
2025-12-18 16:01:41,306 - INFO - spain_scraper.py:79 - Scraping data for 2025-08-02
2025-12-18 16:01:46,737 - INFO - spain_scraper.py:86 - Successfully collected data for 2025-08-02
2025-12-18 16:01:49,038 - INFO - spain_scraper.py:79 - Scraping data for 2025-08-03
2025-12-18 16:01:54,405 - INFO - spain_scraper.py:86 - Successfully collected data for 2025-08-03
2025-12-18 16:01:57,595 - INFO - spain_scraper.py:79 - Scraping data for 2025-08-04
2025-12-18 16:02:03,031 - INFO - spain_scraper.py:86 - Successfully collected data for 2025-08-04
2025-12-18 16:02:06,348 - INFO - spain_scraper.py:79 - Scraping data for 2025-08-05
2025-12-18 16:02:11,749 - INFO - spain_scraper.py:86 - Successfully collected data for 2025-08-05
2025-12-18 16:02:14,815 - INFO - spain_scraper.py:79 - Scraping data for 2025-08-06
2025-12-18 16:02:20,184 - INFO - spain_scraper.py:86 - Successfully collected data for 2025-08-06
2025-12-18 16:02:22,652 - INFO - spain_scraper.py:79 - Scraping data for 2025-08-07
2025-12-18 16:02:28,027 - INFO - spain_scraper.py:86 - Successfully collected data for 2025-08-07
2025-12-18 16:02:31,808 - INFO - spain_scraper.py:79 - Scraping data for 2025-08-08
2025-12-18 16:02:37,282 - INFO - spain_scraper.py:86 - Successfully collected data for 2025-08-08
2025-12-18 16:02:39,732 - INFO - spain_scraper.py:79 - Scraping data for 2025-08-09
2025-12-18 16:02:45,119 - INFO - spain_scraper.py:86 - Successfully collected data for 2025-08-09
2025-12-18 16:02:47,332 - INFO - spain_scraper.py:79 - Scraping data for 2025-08-10
2025-12-18 16:02:52,734 - INFO - spain_scraper.py:86 - Successfully collected data for 2025-08-10
2025-12-18 16:02:55,097 - INFO - spain_scraper.py:79 - Scraping data for 2025-08-11
2025-12-18 16:03:00,527 - INFO - spain_scraper.py:86 - Successfully collected data for 2025-08-11
2025-12-18 16:03:03,495 - INFO - spain_scraper.py:79 - Scraping data for 2025-08-12
2025-12-18 16:03:08,900 - INFO - spain_scraper.py:86 - Successfully collected data for 2025-08-12
2025-12-18 16:03:12,806 - INFO - spain_scraper.py:79 - Scraping data for 2025-08-13
2025-12-18 16:03:18,222 - INFO - spain_scraper.py:86 - Successfully collected data for 2025-08-13
2025-12-18 16:03:21,655 - INFO - spain_scraper.py:79 - Scraping data for 2025-08-14
2025-12-18 16:03:27,095 - INFO - spain_scraper.py:86 - Successfully collected data for 2025-08-14
2025-12-18 16:03:30,130 - INFO - spain_scraper.py:79 - Scraping data for 2025-08-15
2025-12-18 16:03:35,546 - INFO - spain_scraper.py:86 - Successfully collected data for 2025-08-15
2025-12-18 16:03:39,288 - INFO - spain_scraper.py:79 - Scraping data for 2025-08-16
2025-12-18 16:03:44,699 - INFO - spain_scraper.py:86 - Successfully collected data for 2025-08-16
2025-12-18 16:03:47,737 - INFO - spain_scraper.py:79 - Scraping data for 2025-08-17
2025-12-18 16:03:53,161 - INFO - spain_scraper.py:86 - Successfully collected data for 2025-08-17
2025-12-18 16:03:56,777 - INFO - spain_scraper.py:79 - Scraping data for 2025-08-18
2025-12-18 16:04:02,138 - INFO - spain_scraper.py:86 - Successfully collected data for 2025-08-18
2025-12-18 16:04:05,263 - INFO - spain_scraper.py:79 - Scraping data for 2025-08-19
2025-12-18 16:04:10,675 - INFO - spain_scraper.py:86 - Successfully collected data for 2025-08-19
2025-12-18 16:04:13,487 - INFO - spain_scraper.py:79 - Scraping data for 2025-08-20
2025-12-18 16:04:18,948 - INFO - spain_scraper.py:86 - Successfully collected data for 2025-08-20
2025-12-18 16:04:21,920 - INFO - spain_scraper.py:79 - Scraping data for 2025-08-21
2025-12-18 16:04:27,298 - INFO - spain_scraper.py:86 - Successfully collected data for 2025-08-21
2025-12-18 16:04:30,833 - INFO - spain_scraper.py:79 - Scraping data for 2025-08-22
2025-12-18 16:04:36,262 - INFO - spain_scraper.py:86 - Successfully collected data for 2025-08-22
2025-12-18 16:04:39,499 - INFO - spain_scraper.py:79 - Scraping data for 2025-08-23
2025-12-18 16:04:45,005 - INFO - spain_scraper.py:86 - Successfully collected data for 2025-08-23
2025-12-18 16:04:48,913 - INFO - spain_scraper.py:79 - Scraping data for 2025-08-24
2025-12-18 16:04:54,329 - INFO - spain_scraper.py:86 - Successfully collected data for 2025-08-24
2025-12-18 16:04:56,825 - INFO - spain_scraper.py:79 - Scraping data for 2025-08-25
2025-12-18 16:05:02,254 - INFO - spain_scraper.py:86 - Successfully collected data for 2025-08-25
2025-12-18 16:05:05,291 - INFO - spain_scraper.py:79 - Scraping data for 2025-08-26
2025-12-18 16:05:10,674 - INFO - spain_scraper.py:86 - Successfully collected data for 2025-08-26
2025-12-18 16:05:14,554 - INFO - spain_scraper.py:79 - Scraping data for 2025-08-27
2025-12-18 16:05:20,014 - INFO - spain_scraper.py:86 - Successfully collected data for 2025-08-27
2025-12-18 16:05:22,524 - INFO - spain_scraper.py:79 - Scraping data for 2025-08-28
2025-12-18 16:05:27,903 - INFO - spain_scraper.py:86 - Successfully collected data for 2025-08-28
2025-12-18 16:05:31,415 - INFO - spain_scraper.py:79 - Scraping data for 2025-08-29
2025-12-18 16:05:36,840 - INFO - spain_scraper.py:86 - Successfully collected data for 2025-08-29
2025-12-18 16:05:39,783 - INFO - spain_scraper.py:79 - Scraping data for 2025-08-30
2025-12-18 16:05:45,237 - INFO - spain_scraper.py:86 - Successfully collected data for 2025-08-30
2025-12-18 16:05:47,589 - INFO - spain_scraper.py:79 - Scraping data for 2025-08-31
2025-12-18 16:05:53,022 - INFO - spain_scraper.py:86 - Successfully collected data for 2025-08-31
2025-12-18 16:05:55,338 - INFO - spain_scraper.py:79 - Scraping data for 2025-09-01
2025-12-18 16:06:00,709 - INFO - spain_scraper.py:86 - Successfully collected data for 2025-09-01
2025-12-18 16:06:03,257 - INFO - spain_scraper.py:79 - Scraping data for 2025-09-02
2025-12-18 16:06:08,668 - INFO - spain_scraper.py:86 - Successfully collected data for 2025-09-02
2025-12-18 16:06:10,860 - INFO - spain_scraper.py:79 - Scraping data for 2025-09-03
2025-12-18 16:06:16,281 - INFO - spain_scraper.py:86 - Successfully collected data for 2025-09-03
2025-12-18 16:06:20,107 - INFO - spain_scraper.py:79 - Scraping data for 2025-09-04
2025-12-18 16:06:25,546 - INFO - spain_scraper.py:86 - Successfully collected data for 2025-09-04
2025-12-18 16:06:28,148 - INFO - spain_scraper.py:79 - Scraping data for 2025-09-05
2025-12-18 16:06:33,575 - INFO - spain_scraper.py:86 - Successfully collected data for 2025-09-05
2025-12-18 16:06:37,419 - INFO - spain_scraper.py:79 - Scraping data for 2025-09-06
2025-12-18 16:06:42,823 - INFO - spain_scraper.py:86 - Successfully collected data for 2025-09-06
2025-12-18 16:06:45,237 - INFO - spain_scraper.py:79 - Scraping data for 2025-09-07
2025-12-18 16:06:50,575 - INFO - spain_scraper.py:86 - Successfully collected data for 2025-09-07
2025-12-18 16:06:53,570 - INFO - spain_scraper.py:79 - Scraping data for 2025-09-08
2025-12-18 16:06:58,977 - INFO - spain_scraper.py:86 - Successfully collected data for 2025-09-08
2025-12-18 16:07:02,375 - INFO - spain_scraper.py:79 - Scraping data for 2025-09-09
2025-12-18 16:07:07,816 - INFO - spain_scraper.py:86 - Successfully collected data for 2025-09-09
2025-12-18 16:07:10,837 - INFO - spain_scraper.py:79 - Scraping data for 2025-09-10
2025-12-18 16:07:16,321 - INFO - spain_scraper.py:86 - Successfully collected data for 2025-09-10
2025-12-18 16:07:19,908 - INFO - spain_scraper.py:79 - Scraping data for 2025-09-11
2025-12-18 16:07:25,318 - INFO - spain_scraper.py:86 - Successfully collected data for 2025-09-11
2025-12-18 16:07:27,564 - INFO - spain_scraper.py:79 - Scraping data for 2025-09-12
2025-12-18 16:07:33,048 - INFO - spain_scraper.py:86 - Successfully collected data for 2025-09-12
2025-12-18 16:07:35,655 - INFO - spain_scraper.py:79 - Scraping data for 2025-09-13
2025-12-18 16:07:41,014 - INFO - spain_scraper.py:86 - Successfully collected data for 2025-09-13
2025-12-18 16:07:43,272 - INFO - spain_scraper.py:79 - Scraping data for 2025-09-14
2025-12-18 16:07:48,797 - INFO - spain_scraper.py:86 - Successfully collected data for 2025-09-14
2025-12-18 16:07:52,758 - INFO - spain_scraper.py:79 - Scraping data for 2025-09-15
2025-12-18 16:07:58,187 - INFO - spain_scraper.py:86 - Successfully collected data for 2025-09-15
2025-12-18 16:08:00,748 - INFO - spain_scraper.py:79 - Scraping data for 2025-09-16
2025-12-18 16:08:06,206 - INFO - spain_scraper.py:86 - Successfully collected data for 2025-09-16
2025-12-18 16:08:09,223 - INFO - spain_scraper.py:79 - Scraping data for 2025-09-17
2025-12-18 16:08:14,613 - INFO - spain_scraper.py:86 - Successfully collected data for 2025-09-17
2025-12-18 16:08:18,198 - INFO - spain_scraper.py:79 - Scraping data for 2025-09-18
2025-12-18 16:08:23,606 - INFO - spain_scraper.py:86 - Successfully collected data for 2025-09-18
2025-12-18 16:08:26,471 - INFO - spain_scraper.py:79 - Scraping data for 2025-09-19
2025-12-18 16:08:31,960 - INFO - spain_scraper.py:86 - Successfully collected data for 2025-09-19
2025-12-18 16:08:35,954 - INFO - spain_scraper.py:79 - Scraping data for 2025-09-20
2025-12-18 16:08:41,353 - INFO - spain_scraper.py:86 - Successfully collected data for 2025-09-20
2025-12-18 16:08:43,499 - INFO - spain_scraper.py:79 - Scraping data for 2025-09-21
2025-12-18 16:08:48,986 - INFO - spain_scraper.py:86 - Successfully collected data for 2025-09-21
2025-12-18 16:08:51,172 - INFO - spain_scraper.py:79 - Scraping data for 2025-09-22
2025-12-18 16:08:56,535 - INFO - spain_scraper.py:86 - Successfully collected data for 2025-09-22
2025-12-18 16:08:59,417 - INFO - spain_scraper.py:79 - Scraping data for 2025-09-23
2025-12-18 16:09:04,922 - INFO - spain_scraper.py:86 - Successfully collected data for 2025-09-23
2025-12-18 16:09:08,335 - INFO - spain_scraper.py:79 - Scraping data for 2025-09-24
2025-12-18 16:09:13,745 - INFO - spain_scraper.py:86 - Successfully collected data for 2025-09-24
2025-12-18 16:09:16,925 - INFO - spain_scraper.py:79 - Scraping data for 2025-09-25
2025-12-18 16:09:22,396 - INFO - spain_scraper.py:86 - Successfully collected data for 2025-09-25
2025-12-18 16:09:24,550 - INFO - spain_scraper.py:79 - Scraping data for 2025-09-26
2025-12-18 16:09:29,969 - INFO - spain_scraper.py:86 - Successfully collected data for 2025-09-26
2025-12-18 16:09:33,432 - INFO - spain_scraper.py:79 - Scraping data for 2025-09-27
2025-12-18 16:09:38,889 - INFO - spain_scraper.py:86 - Successfully collected data for 2025-09-27
2025-12-18 16:09:41,914 - INFO - spain_scraper.py:79 - Scraping data for 2025-09-28
2025-12-18 16:09:47,435 - INFO - spain_scraper.py:86 - Successfully collected data for 2025-09-28
2025-12-18 16:09:50,047 - INFO - spain_scraper.py:79 - Scraping data for 2025-09-29
2025-12-18 16:09:55,475 - INFO - spain_scraper.py:86 - Successfully collected data for 2025-09-29
2025-12-18 16:09:58,957 - INFO - spain_scraper.py:79 - Scraping data for 2025-09-30
2025-12-18 16:10:04,421 - INFO - spain_scraper.py:86 - Successfully collected data for 2025-09-30
2025-12-18 16:10:08,147 - INFO - spain_scraper.py:79 - Scraping data for 2025-10-01
2025-12-18 16:10:13,551 - INFO - spain_scraper.py:86 - Successfully collected data for 2025-10-01
2025-12-18 16:10:16,561 - INFO - spain_scraper.py:79 - Scraping data for 2025-10-02
2025-12-18 16:10:22,021 - INFO - spain_scraper.py:86 - Successfully collected data for 2025-10-02
2025-12-18 16:10:24,949 - INFO - spain_scraper.py:79 - Scraping data for 2025-10-03
2025-12-18 16:10:30,429 - INFO - spain_scraper.py:86 - Successfully collected data for 2025-10-03
2025-12-18 16:10:33,525 - INFO - spain_scraper.py:79 - Scraping data for 2025-10-04
2025-12-18 16:10:38,993 - INFO - spain_scraper.py:86 - Successfully collected data for 2025-10-04
2025-12-18 16:10:41,649 - INFO - spain_scraper.py:79 - Scraping data for 2025-10-05
2025-12-18 16:10:47,111 - INFO - spain_scraper.py:86 - Successfully collected data for 2025-10-05
2025-12-18 16:10:50,884 - INFO - spain_scraper.py:79 - Scraping data for 2025-10-06
2025-12-18 16:10:56,341 - INFO - spain_scraper.py:86 - Successfully collected data for 2025-10-06
2025-12-18 16:10:58,739 - INFO - spain_scraper.py:79 - Scraping data for 2025-10-07
2025-12-18 16:11:04,246 - INFO - spain_scraper.py:86 - Successfully collected data for 2025-10-07
2025-12-18 16:11:08,080 - INFO - spain_scraper.py:79 - Scraping data for 2025-10-08
2025-12-18 16:11:13,652 - INFO - spain_scraper.py:86 - Successfully collected data for 2025-10-08
2025-12-18 16:11:16,095 - INFO - spain_scraper.py:79 - Scraping data for 2025-10-09
2025-12-18 16:11:21,478 - INFO - spain_scraper.py:86 - Successfully collected data for 2025-10-09
2025-12-18 16:11:23,518 - INFO - spain_scraper.py:79 - Scraping data for 2025-10-10
2025-12-18 16:11:28,986 - INFO - spain_scraper.py:86 - Successfully collected data for 2025-10-10
2025-12-18 16:11:32,798 - INFO - spain_scraper.py:79 - Scraping data for 2025-10-11
2025-12-18 16:11:38,212 - INFO - spain_scraper.py:86 - Successfully collected data for 2025-10-11
2025-12-18 16:11:40,348 - INFO - spain_scraper.py:79 - Scraping data for 2025-10-12
2025-12-18 16:11:45,792 - INFO - spain_scraper.py:86 - Successfully collected data for 2025-10-12
2025-12-18 16:11:49,076 - INFO - spain_scraper.py:79 - Scraping data for 2025-10-13
2025-12-18 16:11:54,489 - INFO - spain_scraper.py:86 - Successfully collected data for 2025-10-13
2025-12-18 16:11:58,049 - INFO - spain_scraper.py:79 - Scraping data for 2025-10-14
2025-12-18 16:12:03,498 - INFO - spain_scraper.py:86 - Successfully collected data for 2025-10-14
2025-12-18 16:12:05,589 - INFO - spain_scraper.py:79 - Scraping data for 2025-10-15
2025-12-18 16:12:11,093 - INFO - spain_scraper.py:86 - Successfully collected data for 2025-10-15
2025-12-18 16:12:14,633 - INFO - spain_scraper.py:79 - Scraping data for 2025-10-16
2025-12-18 16:12:20,040 - INFO - spain_scraper.py:86 - Successfully collected data for 2025-10-16
2025-12-18 16:12:23,905 - INFO - spain_scraper.py:79 - Scraping data for 2025-10-17
2025-12-18 16:12:29,364 - INFO - spain_scraper.py:86 - Successfully collected data for 2025-10-17
2025-12-18 16:12:32,351 - INFO - spain_scraper.py:79 - Scraping data for 2025-10-18
2025-12-18 16:12:37,808 - INFO - spain_scraper.py:86 - Successfully collected data for 2025-10-18
2025-12-18 16:12:40,918 - INFO - spain_scraper.py:79 - Scraping data for 2025-10-19
2025-12-18 16:12:46,407 - INFO - spain_scraper.py:86 - Successfully collected data for 2025-10-19
2025-12-18 16:12:48,922 - INFO - spain_scraper.py:79 - Scraping data for 2025-10-20
2025-12-18 16:12:54,432 - INFO - spain_scraper.py:86 - Successfully collected data for 2025-10-20
2025-12-18 16:12:57,942 - INFO - spain_scraper.py:79 - Scraping data for 2025-10-21
2025-12-18 16:13:03,453 - INFO - spain_scraper.py:86 - Successfully collected data for 2025-10-21
2025-12-18 16:13:05,746 - INFO - spain_scraper.py:79 - Scraping data for 2025-10-22
2025-12-18 16:13:11,219 - INFO - spain_scraper.py:86 - Successfully collected data for 2025-10-22
2025-12-18 16:13:14,773 - INFO - spain_scraper.py:79 - Scraping data for 2025-10-23
2025-12-18 16:13:20,267 - INFO - spain_scraper.py:86 - Successfully collected data for 2025-10-23
2025-12-18 16:13:22,847 - INFO - spain_scraper.py:79 - Scraping data for 2025-10-24
2025-12-18 16:13:28,334 - INFO - spain_scraper.py:86 - Successfully collected data for 2025-10-24
2025-12-18 16:13:31,719 - INFO - spain_scraper.py:79 - Scraping data for 2025-10-25
2025-12-18 16:13:37,150 - INFO - spain_scraper.py:86 - Successfully collected data for 2025-10-25
2025-12-18 16:13:40,681 - INFO - spain_scraper.py:79 - Scraping data for 2025-10-26
2025-12-18 16:13:46,096 - INFO - spain_scraper.py:86 - Successfully collected data for 2025-10-26
2025-12-18 16:13:48,596 - INFO - spain_scraper.py:79 - Scraping data for 2025-10-27
2025-12-18 16:13:54,059 - INFO - spain_scraper.py:86 - Successfully collected data for 2025-10-27
2025-12-18 16:13:57,787 - INFO - spain_scraper.py:51 - Taking a longer break after 300 requests...
2025-12-18 16:15:06,627 - INFO - spain_scraper.py:79 - Scraping data for 2025-10-28
2025-12-18 16:15:12,183 - INFO - spain_scraper.py:86 - Successfully collected data for 2025-10-28
2025-12-18 16:15:15,450 - INFO - spain_scraper.py:79 - Scraping data for 2025-10-29
2025-12-18 16:15:20,895 - INFO - spain_scraper.py:86 - Successfully collected data for 2025-10-29
2025-12-18 16:15:24,088 - INFO - spain_scraper.py:79 - Scraping data for 2025-10-30
2025-12-18 16:15:29,595 - INFO - spain_scraper.py:86 - Successfully collected data for 2025-10-30
2025-12-18 16:15:31,883 - INFO - spain_scraper.py:79 - Scraping data for 2025-10-31
2025-12-18 16:15:37,376 - INFO - spain_scraper.py:86 - Successfully collected data for 2025-10-31
2025-12-18 16:15:39,852 - INFO - spain_scraper.py:79 - Scraping data for 2025-11-01
2025-12-18 16:15:45,271 - INFO - spain_scraper.py:86 - Successfully collected data for 2025-11-01
2025-12-18 16:15:47,548 - INFO - spain_scraper.py:79 - Scraping data for 2025-11-02
2025-12-18 16:15:52,916 - INFO - spain_scraper.py:86 - Successfully collected data for 2025-11-02
2025-12-18 16:15:56,682 - INFO - spain_scraper.py:79 - Scraping data for 2025-11-03
2025-12-18 16:16:02,233 - INFO - spain_scraper.py:86 - Successfully collected data for 2025-11-03
2025-12-18 16:16:04,510 - INFO - spain_scraper.py:79 - Scraping data for 2025-11-04
2025-12-18 16:16:09,975 - INFO - spain_scraper.py:86 - Successfully collected data for 2025-11-04
2025-12-18 16:16:12,495 - INFO - spain_scraper.py:79 - Scraping data for 2025-11-05
2025-12-18 16:16:17,920 - INFO - spain_scraper.py:86 - Successfully collected data for 2025-11-05
2025-12-18 16:16:20,999 - INFO - spain_scraper.py:79 - Scraping data for 2025-11-06
2025-12-18 16:16:26,454 - INFO - spain_scraper.py:86 - Successfully collected data for 2025-11-06
2025-12-18 16:16:28,751 - INFO - spain_scraper.py:79 - Scraping data for 2025-11-07
2025-12-18 16:16:34,212 - INFO - spain_scraper.py:86 - Successfully collected data for 2025-11-07
2025-12-18 16:16:36,636 - INFO - spain_scraper.py:79 - Scraping data for 2025-11-08
2025-12-18 16:16:42,069 - INFO - spain_scraper.py:86 - Successfully collected data for 2025-11-08
2025-12-18 16:16:44,793 - INFO - spain_scraper.py:79 - Scraping data for 2025-11-09
2025-12-18 16:16:50,243 - INFO - spain_scraper.py:86 - Successfully collected data for 2025-11-09
2025-12-18 16:16:53,615 - INFO - spain_scraper.py:79 - Scraping data for 2025-11-10
2025-12-18 16:16:58,984 - INFO - spain_scraper.py:86 - Successfully collected data for 2025-11-10
2025-12-18 16:17:02,889 - INFO - spain_scraper.py:79 - Scraping data for 2025-11-11
2025-12-18 16:17:08,312 - INFO - spain_scraper.py:86 - Successfully collected data for 2025-11-11
2025-12-18 16:17:10,906 - INFO - spain_scraper.py:79 - Scraping data for 2025-11-12
2025-12-18 16:17:16,374 - INFO - spain_scraper.py:86 - Successfully collected data for 2025-11-12
2025-12-18 16:17:18,624 - INFO - spain_scraper.py:79 - Scraping data for 2025-11-13
2025-12-18 16:17:24,058 - INFO - spain_scraper.py:86 - Successfully collected data for 2025-11-13
2025-12-18 16:17:27,322 - INFO - spain_scraper.py:79 - Scraping data for 2025-11-14
2025-12-18 16:17:32,762 - INFO - spain_scraper.py:86 - Successfully collected data for 2025-11-14
2025-12-18 16:17:36,557 - INFO - spain_scraper.py:79 - Scraping data for 2025-11-15
2025-12-18 16:17:41,999 - INFO - spain_scraper.py:86 - Successfully collected data for 2025-11-15
2025-12-18 16:17:44,331 - INFO - spain_scraper.py:79 - Scraping data for 2025-11-16
2025-12-18 16:17:49,774 - INFO - spain_scraper.py:86 - Successfully collected data for 2025-11-16
2025-12-18 16:17:52,310 - INFO - spain_scraper.py:79 - Scraping data for 2025-11-17
2025-12-18 16:17:57,741 - INFO - spain_scraper.py:86 - Successfully collected data for 2025-11-17
2025-12-18 16:18:00,573 - INFO - spain_scraper.py:79 - Scraping data for 2025-11-18
2025-12-18 16:18:06,018 - INFO - spain_scraper.py:86 - Successfully collected data for 2025-11-18
2025-12-18 16:18:09,657 - INFO - spain_scraper.py:79 - Scraping data for 2025-11-19
2025-12-18 16:18:15,100 - INFO - spain_scraper.py:86 - Successfully collected data for 2025-11-19
2025-12-18 16:18:18,343 - INFO - spain_scraper.py:79 - Scraping data for 2025-11-20
2025-12-18 16:18:23,734 - INFO - spain_scraper.py:86 - Successfully collected data for 2025-11-20
2025-12-18 16:18:26,201 - INFO - spain_scraper.py:79 - Scraping data for 2025-11-21
2025-12-18 16:18:31,637 - INFO - spain_scraper.py:86 - Successfully collected data for 2025-11-21
2025-12-18 16:18:34,653 - INFO - spain_scraper.py:79 - Scraping data for 2025-11-22
2025-12-18 16:18:40,096 - INFO - spain_scraper.py:86 - Successfully collected data for 2025-11-22
2025-12-18 16:18:43,127 - INFO - spain_scraper.py:79 - Scraping data for 2025-11-23
2025-12-18 16:18:48,592 - INFO - spain_scraper.py:86 - Successfully collected data for 2025-11-23
2025-12-18 16:18:50,900 - INFO - spain_scraper.py:79 - Scraping data for 2025-11-24
2025-12-18 16:18:56,276 - INFO - spain_scraper.py:86 - Successfully collected data for 2025-11-24
2025-12-18 16:18:58,753 - INFO - spain_scraper.py:79 - Scraping data for 2025-11-25
2025-12-18 16:19:04,189 - INFO - spain_scraper.py:86 - Successfully collected data for 2025-11-25
2025-12-18 16:19:08,189 - INFO - spain_scraper.py:79 - Scraping data for 2025-11-26
2025-12-18 16:19:13,625 - INFO - spain_scraper.py:86 - Successfully collected data for 2025-11-26
2025-12-18 16:19:16,171 - INFO - spain_scraper.py:79 - Scraping data for 2025-11-27
2025-12-18 16:19:21,613 - INFO - spain_scraper.py:86 - Successfully collected data for 2025-11-27
2025-12-18 16:19:24,794 - INFO - spain_scraper.py:79 - Scraping data for 2025-11-28
2025-12-18 16:19:30,242 - INFO - spain_scraper.py:86 - Successfully collected data for 2025-11-28
2025-12-18 16:19:33,343 - INFO - spain_scraper.py:79 - Scraping data for 2025-11-29
2025-12-18 16:19:38,737 - INFO - spain_scraper.py:86 - Successfully collected data for 2025-11-29
2025-12-18 16:19:41,876 - INFO - spain_scraper.py:79 - Scraping data for 2025-11-30
2025-12-18 16:19:47,239 - INFO - spain_scraper.py:86 - Successfully collected data for 2025-11-30
2025-12-18 16:19:50,675 - INFO - spain_scraper.py:79 - Scraping data for 2025-12-01
2025-12-18 16:19:56,243 - INFO - spain_scraper.py:86 - Successfully collected data for 2025-12-01
2025-12-18 16:19:59,399 - INFO - spain_scraper.py:79 - Scraping data for 2025-12-02
2025-12-18 16:20:04,762 - INFO - spain_scraper.py:86 - Successfully collected data for 2025-12-02
2025-12-18 16:20:07,729 - INFO - spain_scraper.py:79 - Scraping data for 2025-12-03
2025-12-18 16:20:13,143 - INFO - spain_scraper.py:86 - Successfully collected data for 2025-12-03
2025-12-18 16:20:15,146 - INFO - spain_scraper.py:79 - Scraping data for 2025-12-04
2025-12-18 16:20:20,560 - INFO - spain_scraper.py:86 - Successfully collected data for 2025-12-04
2025-12-18 16:20:23,746 - INFO - spain_scraper.py:79 - Scraping data for 2025-12-05
2025-12-18 16:20:29,142 - INFO - spain_scraper.py:86 - Successfully collected data for 2025-12-05
2025-12-18 16:20:32,688 - INFO - spain_scraper.py:79 - Scraping data for 2025-12-06
2025-12-18 16:20:38,093 - INFO - spain_scraper.py:86 - Successfully collected data for 2025-12-06
2025-12-18 16:20:40,810 - INFO - spain_scraper.py:79 - Scraping data for 2025-12-07
2025-12-18 16:20:46,206 - INFO - spain_scraper.py:86 - Successfully collected data for 2025-12-07
2025-12-18 16:20:48,859 - INFO - spain_scraper.py:79 - Scraping data for 2025-12-08
2025-12-18 16:20:54,244 - INFO - spain_scraper.py:86 - Successfully collected data for 2025-12-08
2025-12-18 16:20:57,366 - INFO - spain_scraper.py:79 - Scraping data for 2025-12-09
2025-12-18 16:21:02,813 - INFO - spain_scraper.py:86 - Successfully collected data for 2025-12-09
2025-12-18 16:21:04,862 - INFO - spain_scraper.py:79 - Scraping data for 2025-12-10
2025-12-18 16:21:10,375 - INFO - spain_scraper.py:86 - Successfully collected data for 2025-12-10
2025-12-18 16:21:13,121 - INFO - spain_scraper.py:79 - Scraping data for 2025-12-11
2025-12-18 16:21:18,571 - INFO - spain_scraper.py:86 - Successfully collected data for 2025-12-11
2025-12-18 16:21:21,189 - INFO - spain_scraper.py:79 - Scraping data for 2025-12-12
2025-12-18 16:21:26,630 - INFO - spain_scraper.py:86 - Successfully collected data for 2025-12-12
2025-12-18 16:21:28,910 - INFO - spain_scraper.py:79 - Scraping data for 2025-12-13
2025-12-18 16:21:34,330 - INFO - spain_scraper.py:86 - Successfully collected data for 2025-12-13
2025-12-18 16:21:37,290 - INFO - spain_scraper.py:79 - Scraping data for 2025-12-14
2025-12-18 16:21:42,668 - INFO - spain_scraper.py:86 - Successfully collected data for 2025-12-14
2025-12-18 16:21:46,246 - INFO - spain_scraper.py:79 - Scraping data for 2025-12-15
2025-12-18 16:21:51,605 - INFO - spain_scraper.py:86 - Successfully collected data for 2025-12-15
2025-12-18 16:21:54,781 - INFO - spain_scraper.py:79 - Scraping data for 2025-12-16
2025-12-18 16:22:00,162 - INFO - spain_scraper.py:86 - Successfully collected data for 2025-12-16
2025-12-18 16:22:02,300 - INFO - spain_scraper.py:101 - Dataset saved to src\data\raw\spain\spain_gas_demand_2025-01-01_2025-12-16.csv
2025-12-18 16:22:04,418 - INFO - update_raw_data.py:47 - 
Scraping Results:
2025-12-18 16:22:04,419 - INFO - update_raw_data.py:50 - AustriaScraper: Success
2025-12-18 16:22:04,419 - INFO - update_raw_data.py:50 - BnetzaScraper: Success
2025-12-18 16:22:04,420 - INFO - update_raw_data.py:50 - DenmarkScraper: Success
2025-12-18 16:22:04,420 - INFO - update_raw_data.py:50 - EnergyChartsScraper: Success
2025-12-18 16:22:04,421 - INFO - update_raw_data.py:50 - EntsogScraper: Failed
2025-12-18 16:22:04,421 - INFO - update_raw_data.py:50 - EurostatScraper: Success
2025-12-18 16:22:04,421 - INFO - update_raw_data.py:50 - FranceScraper: Success
2025-12-18 16:22:04,422 - INFO - update_raw_data.py:50 - GermanyScraper: Success
2025-12-18 16:22:04,422 - INFO - update_raw_data.py:50 - UKScraper: Success
2025-12-18 16:22:04,422 - INFO - update_raw_data.py:50 - SpainScraper: Success
2025-12-18 16:22:04,460 - INFO - main.py:54 - Successfully extracted data for AustriaDemandExtractor
2025-12-18 16:22:04,484 - INFO - main.py:54 - Successfully extracted data for DenmarkDemandExtractor
2025-12-18 16:22:05,600 - INFO - main.py:54 - Successfully extracted data for FranceDemandExtractor
2025-12-18 16:22:05,609 - INFO - germany_demand.py:79 - Successfully processed THE data
2025-12-18 16:22:05,630 - INFO - germany_demand.py:117 - Successfully processed GASPOOL/NCG data
2025-12-18 16:22:05,631 - INFO - main.py:54 - Successfully extracted data for GermanyDemandExtractor
2025-12-18 16:22:05,727 - INFO - main.py:54 - Successfully extracted data for EntsogDemandExtractor
2025-12-18 16:22:05,767 - INFO - main.py:54 - Successfully extracted data for EnergyChartsDemandExtractor
2025-12-18 16:22:05,798 - INFO - main.py:54 - Successfully extracted data for UKDemandExtractor
2025-12-18 16:22:05,866 - INFO - main.py:72 - Found demand data for 29 countries
2025-12-18 16:22:06,117 - INFO - main.py:74 - All data saved successfully
2026-01-05 09:37:15,352 - INFO - main.py:30 - Updating raw data files...
2026-01-05 09:37:15,675 - INFO - update_raw_data.py:36 - Running AustriaScraper...
2026-01-05 09:37:15,676 - INFO - austria_scraper.py:30 - Fetching data from https://energie.wifo.ac.at/data/gas/consumption-aggm.csv
2026-01-05 09:37:16,544 - INFO - austria_scraper.py:34 - Response status code: 200
2026-01-05 09:37:16,544 - INFO - austria_scraper.py:35 - Response headers: {'Date': 'Mon, 05 Jan 2026 09:37:12 GMT', 'Server': 'Apache/2.4.58 (Ubuntu) OpenSSL/3.0.13', 'Strict-Transport-Security': 'max-age=15768000; includeSubDomains', 'Last-Modified': 'Mon, 05 Jan 2026 05:00:52 GMT', 'ETag': '"59637-6479cf17bc472"', 'Accept-Ranges': 'bytes', 'Content-Length': '366135', 'Keep-Alive': 'timeout=5, max=100', 'Connection': 'Keep-Alive', 'Content-Type': 'text/csv'}
2026-01-05 09:37:16,548 - INFO - austria_scraper.py:44 - Successfully saved raw Austrian data to src\data\raw\consumption-aggm.csv
2026-01-05 09:37:16,548 - INFO - update_raw_data.py:36 - Running BnetzaScraper...
2026-01-05 09:37:16,564 - INFO - bnetza_scraper.py:72 - Stored data on BNetzA German household consumption returned.
2026-01-05 09:37:17,734 - INFO - bnetza_scraper.py:100 - New BNetzA csv file downloaded
2026-01-05 09:37:17,749 - INFO - bnetza_scraper.py:193 - Successfully saved updated German household demand data to src/data/raw/germany_household/latest_data.csv
2026-01-05 09:37:17,750 - INFO - update_raw_data.py:36 - Running DenmarkScraper...
2026-01-05 09:37:17,750 - INFO - denmark_scraper.py:27 - Fetching data from https://api.energidataservice.dk/dataset/Gasflow since 2015
2026-01-05 09:37:18,457 - INFO - denmark_scraper.py:38 - Successfully saved Danish gas flow data to src\data\raw\denmark_gasflow.json
2026-01-05 09:37:18,457 - INFO - update_raw_data.py:36 - Running EnergyChartsScraper...
2026-01-05 09:37:18,465 - INFO - energy_charts_scraper.py:36 - Performing initial power demand load from 2019
2026-01-05 09:37:30,325 - INFO - energy_charts_scraper.py:145 - Found 2563 days of data for AT
2026-01-05 09:37:30,326 - INFO - energy_charts_scraper.py:52 - Successfully retrieved power data for AT (1/26)
2026-01-05 09:37:35,641 - INFO - energy_charts_scraper.py:145 - Found 2563 days of data for BE
2026-01-05 09:37:35,641 - INFO - energy_charts_scraper.py:52 - Successfully retrieved power data for BE (2/26)
2026-01-05 09:37:41,270 - INFO - energy_charts_scraper.py:145 - Found 2562 days of data for BG
2026-01-05 09:37:41,270 - INFO - energy_charts_scraper.py:52 - Successfully retrieved power data for BG (3/26)
2026-01-05 09:37:48,168 - INFO - energy_charts_scraper.py:145 - Found 2563 days of data for HR
2026-01-05 09:37:48,169 - INFO - energy_charts_scraper.py:52 - Successfully retrieved power data for HR (4/26)
2026-01-05 09:37:55,869 - INFO - energy_charts_scraper.py:145 - Found 2563 days of data for CZ
2026-01-05 09:37:55,869 - INFO - energy_charts_scraper.py:52 - Successfully retrieved power data for CZ (5/26)
2026-01-05 09:38:01,052 - WARNING - energy_charts_scraper.py:205 - Interrupt received, finishing current country...
2026-01-05 09:38:01,612 - INFO - energy_charts_scraper.py:145 - Found 2563 days of data for DK
2026-01-05 09:38:01,613 - INFO - energy_charts_scraper.py:52 - Successfully retrieved power data for DK (6/26)
2026-01-05 09:38:03,636 - WARNING - energy_charts_scraper.py:44 - Interrupt received - saving partial data...
2026-01-05 09:38:03,684 - INFO - update_raw_data.py:36 - Running EntsogScraper...
2026-01-05 09:38:03,685 - INFO - entsog_scraper.py:27 - Performing initial ENTSOG load from 2019
2026-01-05 09:38:04,195 - ERROR - entsog_scraper.py:93 - Error processing point pt-tso-0001fnc-00001exit: 'operationalData'
2026-01-05 09:38:04,611 - ERROR - entsog_scraper.py:93 - Error processing point pt-tso-0001dis-00001exit: 'operationalData'
2026-01-05 09:38:05,029 - ERROR - entsog_scraper.py:93 - Error processing point hr-tso-0001fnc-00018exit: 'operationalData'
2026-01-05 09:38:05,458 - ERROR - entsog_scraper.py:93 - Error processing point fr-tso-0002dis-00188exit: 'operationalData'
2026-01-05 09:38:05,877 - ERROR - entsog_scraper.py:93 - Error processing point fr-tso-0002fnc-00015exit: 'operationalData'
2026-01-05 09:38:07,319 - ERROR - entsog_scraper.py:93 - Error processing point it-tso-0001dis-00005exit: 'operationalData'
2026-01-05 09:38:07,729 - ERROR - entsog_scraper.py:93 - Error processing point it-tso-0001fnc-00006exit: 'operationalData'
2026-01-05 09:38:08,144 - ERROR - entsog_scraper.py:93 - Error processing point it-tso-0001fnc-00005exit: 'operationalData'
2026-01-05 09:38:08,561 - ERROR - entsog_scraper.py:93 - Error processing point lu-tso-0001dis-00194exit: 'operationalData'
2026-01-05 09:38:08,961 - ERROR - entsog_scraper.py:93 - Error processing point lu-tso-0001fnc-00041exit: 'operationalData'
2026-01-05 09:38:09,395 - ERROR - entsog_scraper.py:93 - Error processing point lv-tso-0001fnc-00205exit: 'operationalData'
2026-01-05 09:38:09,819 - ERROR - entsog_scraper.py:93 - Error processing point ee-tso-0001fnc-00037exit: 'operationalData'
2026-01-05 09:38:10,248 - ERROR - entsog_scraper.py:93 - Error processing point hu-tso-0001fnc-00200exit: 'operationalData'
2026-01-05 09:38:10,668 - ERROR - entsog_scraper.py:93 - Error processing point hu-tso-0001dis-00196exit: 'operationalData'
2026-01-05 09:38:11,102 - ERROR - entsog_scraper.py:93 - Error processing point ro-tso-0001fnc-00010exit: 'operationalData'
2026-01-05 09:38:11,505 - ERROR - entsog_scraper.py:93 - Error processing point ro-tso-0001dis-00058exit: 'operationalData'
2026-01-05 11:50:00,666 - INFO - main.py:30 - Updating raw data files...
2026-01-05 11:50:00,852 - INFO - update_raw_data.py:36 - Running AustriaScraper...
2026-01-05 11:50:00,853 - INFO - austria_scraper.py:30 - Fetching data from https://energie.wifo.ac.at/data/gas/consumption-aggm.csv
2026-01-05 11:50:01,702 - INFO - austria_scraper.py:34 - Response status code: 200
2026-01-05 11:50:01,765 - INFO - austria_scraper.py:35 - Response headers: {'Date': 'Mon, 05 Jan 2026 11:49:58 GMT', 'Server': 'Apache/2.4.58 (Ubuntu) OpenSSL/3.0.13', 'Strict-Transport-Security': 'max-age=15768000; includeSubDomains', 'Last-Modified': 'Mon, 05 Jan 2026 05:00:52 GMT', 'ETag': '"59637-6479cf17bc472"', 'Accept-Ranges': 'bytes', 'Content-Length': '366135', 'Keep-Alive': 'timeout=5, max=100', 'Connection': 'Keep-Alive', 'Content-Type': 'text/csv'}
2026-01-05 11:50:01,767 - INFO - austria_scraper.py:44 - Successfully saved raw Austrian data to src\data\raw\consumption-aggm.csv
2026-01-05 11:50:01,768 - INFO - update_raw_data.py:36 - Running BnetzaScraper...
2026-01-05 11:50:01,781 - INFO - bnetza_scraper.py:72 - Stored data on BNetzA German household consumption returned.
2026-01-05 11:50:02,908 - INFO - bnetza_scraper.py:100 - New BNetzA csv file downloaded
2026-01-05 11:50:02,920 - INFO - bnetza_scraper.py:193 - Successfully saved updated German household demand data to src/data/raw/germany_household/latest_data.csv
2026-01-05 11:50:02,920 - INFO - update_raw_data.py:36 - Running DenmarkScraper...
2026-01-05 11:50:02,920 - INFO - denmark_scraper.py:27 - Fetching data from https://api.energidataservice.dk/dataset/Gasflow since 2015
2026-01-05 11:50:03,734 - INFO - denmark_scraper.py:38 - Successfully saved Danish gas flow data to src\data\raw\denmark_gasflow.json
2026-01-05 11:50:03,734 - INFO - update_raw_data.py:36 - Running EnergyChartsScraper...
2026-01-05 11:50:03,748 - INFO - energy_charts_scraper.py:36 - Performing initial power demand load from 2019
2026-01-05 11:50:13,504 - INFO - energy_charts_scraper.py:145 - Found 2563 days of data for AT
2026-01-05 11:50:13,505 - INFO - energy_charts_scraper.py:52 - Successfully retrieved power data for AT (1/26)
2026-01-05 11:50:19,894 - INFO - energy_charts_scraper.py:145 - Found 2563 days of data for BE
2026-01-05 11:50:19,894 - INFO - energy_charts_scraper.py:52 - Successfully retrieved power data for BE (2/26)
2026-01-05 11:50:26,368 - INFO - energy_charts_scraper.py:145 - Found 2563 days of data for BG
2026-01-05 11:50:26,369 - INFO - energy_charts_scraper.py:52 - Successfully retrieved power data for BG (3/26)
2026-01-05 11:50:34,886 - INFO - energy_charts_scraper.py:145 - Found 2563 days of data for HR
2026-01-05 11:50:34,886 - INFO - energy_charts_scraper.py:52 - Successfully retrieved power data for HR (4/26)
2026-01-05 11:50:42,981 - INFO - energy_charts_scraper.py:145 - Found 2563 days of data for CZ
2026-01-05 11:50:42,981 - INFO - energy_charts_scraper.py:52 - Successfully retrieved power data for CZ (5/26)
2026-01-05 11:50:48,077 - INFO - energy_charts_scraper.py:145 - Found 2563 days of data for DK
2026-01-05 11:50:48,078 - INFO - energy_charts_scraper.py:52 - Successfully retrieved power data for DK (6/26)
2026-01-05 11:53:37,800 - INFO - main.py:30 - Updating raw data files...
2026-01-05 11:53:37,968 - INFO - update_raw_data.py:36 - Running AustriaScraper...
2026-01-05 11:53:37,968 - INFO - austria_scraper.py:30 - Fetching data from https://energie.wifo.ac.at/data/gas/consumption-aggm.csv
2026-01-05 11:53:38,676 - INFO - austria_scraper.py:34 - Response status code: 200
2026-01-05 11:53:38,676 - INFO - austria_scraper.py:35 - Response headers: {'Date': 'Mon, 05 Jan 2026 11:53:35 GMT', 'Server': 'Apache/2.4.58 (Ubuntu) OpenSSL/3.0.13', 'Strict-Transport-Security': 'max-age=15768000; includeSubDomains', 'Last-Modified': 'Mon, 05 Jan 2026 05:00:52 GMT', 'ETag': '"59637-6479cf17bc472"', 'Accept-Ranges': 'bytes', 'Content-Length': '366135', 'Keep-Alive': 'timeout=5, max=100', 'Connection': 'Keep-Alive', 'Content-Type': 'text/csv'}
2026-01-05 11:53:38,679 - INFO - austria_scraper.py:44 - Successfully saved raw Austrian data to src\data\raw\consumption-aggm.csv
2026-01-05 11:53:38,679 - INFO - update_raw_data.py:36 - Running BnetzaScraper...
2026-01-05 11:53:38,692 - INFO - bnetza_scraper.py:72 - Stored data on BNetzA German household consumption returned.
2026-01-05 11:53:39,735 - INFO - bnetza_scraper.py:100 - New BNetzA csv file downloaded
2026-01-05 11:53:39,749 - INFO - bnetza_scraper.py:193 - Successfully saved updated German household demand data to src/data/raw/germany_household/latest_data.csv
2026-01-05 11:53:39,750 - INFO - update_raw_data.py:36 - Running DenmarkScraper...
2026-01-05 11:53:39,750 - INFO - denmark_scraper.py:27 - Fetching data from https://api.energidataservice.dk/dataset/Gasflow since 2015
2026-01-05 11:53:40,485 - INFO - denmark_scraper.py:38 - Successfully saved Danish gas flow data to src\data\raw\denmark_gasflow.json
2026-01-05 11:53:40,485 - INFO - update_raw_data.py:36 - Running EnergyChartsScraper...
2026-01-05 11:53:40,498 - INFO - energy_charts_scraper.py:39 - Performing regular 30-day power demand update
2026-01-05 11:53:41,318 - INFO - energy_charts_scraper.py:145 - Found 32 days of data for AT
2026-01-05 11:53:41,318 - INFO - energy_charts_scraper.py:52 - Successfully retrieved power data for AT (1/26)
2026-01-05 11:53:44,038 - INFO - energy_charts_scraper.py:145 - Found 32 days of data for BE
2026-01-05 11:53:44,039 - INFO - energy_charts_scraper.py:52 - Successfully retrieved power data for BE (2/26)
2026-01-05 11:53:46,802 - INFO - energy_charts_scraper.py:145 - Found 32 days of data for BG
2026-01-05 11:53:46,803 - INFO - energy_charts_scraper.py:52 - Successfully retrieved power data for BG (3/26)
2026-01-05 11:53:49,650 - INFO - energy_charts_scraper.py:145 - Found 32 days of data for HR
2026-01-05 11:53:49,650 - INFO - energy_charts_scraper.py:52 - Successfully retrieved power data for HR (4/26)
2026-01-05 11:53:52,685 - INFO - energy_charts_scraper.py:145 - Found 32 days of data for CZ
2026-01-05 11:53:52,686 - INFO - energy_charts_scraper.py:52 - Successfully retrieved power data for CZ (5/26)
2026-01-05 11:53:55,330 - INFO - energy_charts_scraper.py:145 - Found 32 days of data for DK
2026-01-05 11:53:55,330 - INFO - energy_charts_scraper.py:52 - Successfully retrieved power data for DK (6/26)
2026-01-05 11:53:58,082 - INFO - energy_charts_scraper.py:145 - Found 32 days of data for EE
2026-01-05 11:53:58,082 - INFO - energy_charts_scraper.py:52 - Successfully retrieved power data for EE (7/26)
2026-01-05 11:54:01,071 - INFO - energy_charts_scraper.py:145 - Found 32 days of data for FI
2026-01-05 11:54:01,072 - INFO - energy_charts_scraper.py:52 - Successfully retrieved power data for FI (8/26)
2026-01-05 11:54:04,089 - INFO - energy_charts_scraper.py:145 - Found 32 days of data for FR
2026-01-05 11:54:04,089 - INFO - energy_charts_scraper.py:52 - Successfully retrieved power data for FR (9/26)
2026-01-05 11:54:07,024 - INFO - energy_charts_scraper.py:145 - Found 32 days of data for DE
2026-01-05 11:54:07,024 - INFO - energy_charts_scraper.py:52 - Successfully retrieved power data for DE (10/26)
2026-01-05 11:54:09,804 - INFO - energy_charts_scraper.py:145 - Found 31 days of data for GR
2026-01-05 11:54:09,805 - INFO - energy_charts_scraper.py:52 - Successfully retrieved power data for GR (11/26)
2026-01-05 11:54:12,860 - INFO - energy_charts_scraper.py:145 - Found 32 days of data for HU
2026-01-05 11:54:12,860 - INFO - energy_charts_scraper.py:52 - Successfully retrieved power data for HU (12/26)
2026-01-05 11:54:15,914 - INFO - energy_charts_scraper.py:145 - Found 32 days of data for IE
2026-01-05 11:54:15,914 - INFO - energy_charts_scraper.py:52 - Successfully retrieved power data for IE (13/26)
2026-01-05 11:54:18,721 - INFO - energy_charts_scraper.py:145 - Found 32 days of data for IT
2026-01-05 11:54:18,721 - INFO - energy_charts_scraper.py:52 - Successfully retrieved power data for IT (14/26)
2026-01-05 11:54:21,553 - INFO - energy_charts_scraper.py:145 - Found 32 days of data for LV
2026-01-05 11:54:21,553 - INFO - energy_charts_scraper.py:52 - Successfully retrieved power data for LV (15/26)
2026-01-05 11:54:24,459 - INFO - energy_charts_scraper.py:145 - Found 32 days of data for LT
2026-01-05 11:54:24,459 - INFO - energy_charts_scraper.py:52 - Successfully retrieved power data for LT (16/26)
2026-01-05 11:54:27,393 - INFO - energy_charts_scraper.py:145 - Found 32 days of data for LU
2026-01-05 11:54:27,393 - INFO - energy_charts_scraper.py:52 - Successfully retrieved power data for LU (17/26)
2026-01-05 11:54:30,372 - INFO - energy_charts_scraper.py:145 - Found 32 days of data for NL
2026-01-05 11:54:30,373 - INFO - energy_charts_scraper.py:52 - Successfully retrieved power data for NL (18/26)
2026-01-05 11:54:33,507 - INFO - energy_charts_scraper.py:145 - Found 32 days of data for PL
2026-01-05 11:54:33,507 - INFO - energy_charts_scraper.py:52 - Successfully retrieved power data for PL (19/26)
2026-01-05 11:54:36,459 - INFO - energy_charts_scraper.py:145 - Found 32 days of data for PT
2026-01-05 11:54:36,460 - INFO - energy_charts_scraper.py:52 - Successfully retrieved power data for PT (20/26)
2026-01-05 11:54:39,532 - INFO - energy_charts_scraper.py:145 - Found 32 days of data for RO
2026-01-05 11:54:39,532 - INFO - energy_charts_scraper.py:52 - Successfully retrieved power data for RO (21/26)
2026-01-05 11:54:42,367 - INFO - energy_charts_scraper.py:145 - Found 32 days of data for SK
2026-01-05 11:54:42,368 - INFO - energy_charts_scraper.py:52 - Successfully retrieved power data for SK (22/26)
2026-01-05 11:54:45,228 - INFO - energy_charts_scraper.py:145 - Found 32 days of data for SI
2026-01-05 11:54:45,229 - INFO - energy_charts_scraper.py:52 - Successfully retrieved power data for SI (23/26)
2026-01-05 11:54:48,218 - INFO - energy_charts_scraper.py:145 - Found 32 days of data for ES
2026-01-05 11:54:48,219 - INFO - energy_charts_scraper.py:52 - Successfully retrieved power data for ES (24/26)
2026-01-05 11:54:50,943 - INFO - energy_charts_scraper.py:145 - Found 32 days of data for SE
2026-01-05 11:54:50,944 - INFO - energy_charts_scraper.py:52 - Successfully retrieved power data for SE (25/26)
2026-01-05 11:54:53,778 - INFO - energy_charts_scraper.py:145 - Found 32 days of data for UK
2026-01-05 11:54:53,779 - INFO - energy_charts_scraper.py:52 - Successfully retrieved power data for UK (26/26)
2026-01-05 11:54:55,843 - INFO - update_raw_data.py:36 - Running EntsogScraper...
2026-01-05 11:54:55,843 - INFO - entsog_scraper.py:32 - Performing regular 50-day ENTSOG update
2026-01-05 11:54:55,843 - INFO - entsog_scraper.py:115 - Found existing data at src\data\raw\entsog_data.csv
2026-01-05 11:54:55,911 - INFO - entsog_scraper.py:118 - Loaded 80831 records with 39 unique points
2026-01-05 11:54:55,916 - INFO - entsog_scraper.py:47 - Point pt-tso-0001fnc-00001exit: Found 2412 existing dates
2026-01-05 11:54:56,491 - INFO - entsog_scraper.py:89 - Point 1/39 (pt-tso-0001fnc-00001exit): Added 21 new records
2026-01-05 11:54:58,501 - INFO - entsog_scraper.py:47 - Point pt-tso-0001dis-00001exit: Found 2412 existing dates
2026-01-05 11:54:59,201 - INFO - entsog_scraper.py:89 - Point 2/39 (pt-tso-0001dis-00001exit): Added 21 new records
2026-01-05 11:55:01,205 - INFO - entsog_scraper.py:47 - Point hr-tso-0001fnc-00018exit: Found 2408 existing dates
2026-01-05 11:55:01,798 - INFO - entsog_scraper.py:89 - Point 3/39 (hr-tso-0001fnc-00018exit): Added 21 new records
2026-01-05 11:55:03,807 - INFO - entsog_scraper.py:47 - Point fr-tso-0002dis-00188exit: Found 2410 existing dates
2026-01-05 11:55:04,368 - INFO - entsog_scraper.py:89 - Point 4/39 (fr-tso-0002dis-00188exit): Added 21 new records
2026-01-05 11:55:06,377 - INFO - entsog_scraper.py:47 - Point fr-tso-0002fnc-00015exit: Found 2410 existing dates
2026-01-05 11:55:06,923 - INFO - entsog_scraper.py:89 - Point 5/39 (fr-tso-0002fnc-00015exit): Added 21 new records
2026-01-05 11:55:08,932 - INFO - entsog_scraper.py:47 - Point it-tso-0001dis-00005exit: Found 2410 existing dates
2026-01-05 11:55:09,500 - INFO - entsog_scraper.py:89 - Point 6/39 (it-tso-0001dis-00005exit): Added 18 new records
2026-01-05 11:55:11,508 - INFO - entsog_scraper.py:47 - Point it-tso-0001fnc-00006exit: Found 2410 existing dates
2026-01-05 11:55:12,059 - INFO - entsog_scraper.py:89 - Point 7/39 (it-tso-0001fnc-00006exit): Added 18 new records
2026-01-05 11:55:14,068 - INFO - entsog_scraper.py:47 - Point it-tso-0001fnc-00005exit: Found 2410 existing dates
2026-01-05 11:55:14,643 - INFO - entsog_scraper.py:89 - Point 8/39 (it-tso-0001fnc-00005exit): Added 18 new records
2026-01-05 11:55:16,653 - INFO - entsog_scraper.py:47 - Point lu-tso-0001dis-00194exit: Found 2378 existing dates
2026-01-05 11:55:17,210 - INFO - entsog_scraper.py:89 - Point 9/39 (lu-tso-0001dis-00194exit): Added 21 new records
2026-01-05 11:55:19,220 - INFO - entsog_scraper.py:47 - Point lu-tso-0001fnc-00041exit: Found 2378 existing dates
2026-01-05 11:55:19,736 - INFO - entsog_scraper.py:89 - Point 10/39 (lu-tso-0001fnc-00041exit): Added 21 new records
2026-01-05 11:55:21,745 - INFO - entsog_scraper.py:47 - Point lv-tso-0001fnc-00205exit: Found 2043 existing dates
2026-01-05 11:55:22,271 - INFO - entsog_scraper.py:89 - Point 11/39 (lv-tso-0001fnc-00205exit): Added 20 new records
2026-01-05 11:55:24,281 - INFO - entsog_scraper.py:47 - Point ee-tso-0001fnc-00037exit: Found 2406 existing dates
2026-01-05 11:55:24,811 - INFO - entsog_scraper.py:89 - Point 12/39 (ee-tso-0001fnc-00037exit): Added 21 new records
2026-01-05 11:55:26,820 - INFO - entsog_scraper.py:47 - Point hu-tso-0001fnc-00200exit: Found 2412 existing dates
2026-01-05 11:55:27,420 - INFO - entsog_scraper.py:89 - Point 13/39 (hu-tso-0001fnc-00200exit): Added 21 new records
2026-01-05 11:55:29,430 - INFO - entsog_scraper.py:47 - Point hu-tso-0001dis-00196exit: Found 2412 existing dates
2026-01-05 11:55:30,017 - INFO - entsog_scraper.py:89 - Point 14/39 (hu-tso-0001dis-00196exit): Added 21 new records
2026-01-05 11:55:32,026 - INFO - entsog_scraper.py:47 - Point ro-tso-0001fnc-00010exit: Found 2410 existing dates
2026-01-05 11:55:32,539 - INFO - entsog_scraper.py:89 - Point 15/39 (ro-tso-0001fnc-00010exit): Added 20 new records
2026-01-05 11:55:34,548 - INFO - entsog_scraper.py:47 - Point ro-tso-0001dis-00058exit: Found 2410 existing dates
2026-01-05 11:55:35,082 - INFO - entsog_scraper.py:89 - Point 16/39 (ro-tso-0001dis-00058exit): Added 20 new records
2026-01-05 11:55:37,092 - INFO - entsog_scraper.py:47 - Point si-tso-0001dis-00059exit: Found 2411 existing dates
2026-01-05 11:55:37,620 - INFO - entsog_scraper.py:89 - Point 17/39 (si-tso-0001dis-00059exit): Added 21 new records
2026-01-05 11:55:39,630 - INFO - entsog_scraper.py:47 - Point nl-tso-0001dis-00187exit: Found 1277 existing dates
2026-01-05 11:55:40,088 - ERROR - entsog_scraper.py:93 - Error processing point nl-tso-0001dis-00187exit: Expecting value: line 1 column 1 (char 0)
2026-01-05 11:55:40,097 - INFO - entsog_scraper.py:47 - Point nl-tso-0001fnc-00014exit: Found 1277 existing dates
2026-01-05 11:55:40,641 - ERROR - entsog_scraper.py:93 - Error processing point nl-tso-0001fnc-00014exit: Expecting value: line 1 column 1 (char 0)
2026-01-05 11:55:40,648 - INFO - entsog_scraper.py:47 - Point nl-tso-0001dis-00201exit: Found 1133 existing dates
2026-01-05 11:55:41,191 - INFO - entsog_scraper.py:89 - Point 20/39 (nl-tso-0001dis-00201exit): Added 21 new records
2026-01-05 11:55:43,198 - INFO - entsog_scraper.py:47 - Point nl-tso-0001dis-00202exit: Found 1133 existing dates
2026-01-05 11:55:43,725 - INFO - entsog_scraper.py:89 - Point 21/39 (nl-tso-0001dis-00202exit): Added 21 new records
2026-01-05 11:55:45,735 - INFO - entsog_scraper.py:47 - Point nl-tso-0001fnc-00013exit: Found 1277 existing dates
2026-01-05 11:55:46,256 - ERROR - entsog_scraper.py:93 - Error processing point nl-tso-0001fnc-00013exit: Expecting value: line 1 column 1 (char 0)
2026-01-05 11:55:46,262 - INFO - entsog_scraper.py:47 - Point nl-tso-0001fnc-00208exit: Found 1133 existing dates
2026-01-05 11:55:46,812 - INFO - entsog_scraper.py:89 - Point 23/39 (nl-tso-0001fnc-00208exit): Added 21 new records
2026-01-05 11:55:48,820 - INFO - entsog_scraper.py:47 - Point nl-tso-0001fnc-00209exit: Found 1133 existing dates
2026-01-05 11:55:49,341 - INFO - entsog_scraper.py:89 - Point 24/39 (nl-tso-0001fnc-00209exit): Added 21 new records
2026-01-05 11:55:51,350 - INFO - entsog_scraper.py:47 - Point nl-tso-0001fnc-00210exit: Found 1133 existing dates
2026-01-05 11:55:51,903 - INFO - entsog_scraper.py:89 - Point 25/39 (nl-tso-0001fnc-00210exit): Added 21 new records
2026-01-05 11:55:53,911 - INFO - entsog_scraper.py:47 - Point nl-tso-0001fnc-00211exit: Found 1133 existing dates
2026-01-05 11:55:54,479 - INFO - entsog_scraper.py:89 - Point 26/39 (nl-tso-0001fnc-00211exit): Added 21 new records
2026-01-05 11:55:56,487 - INFO - entsog_scraper.py:47 - Point be-tso-0001dis-00192exit: Found 2070 existing dates
2026-01-05 11:55:56,956 - ERROR - entsog_scraper.py:93 - Error processing point be-tso-0001dis-00192exit: Expecting value: line 1 column 1 (char 0)
2026-01-05 11:55:56,960 - INFO - entsog_scraper.py:47 - Point be-tso-0001dis-00191exit: Found 2410 existing dates
2026-01-05 11:55:57,488 - INFO - entsog_scraper.py:89 - Point 28/39 (be-tso-0001dis-00191exit): Added 21 new records
2026-01-05 11:55:59,497 - INFO - entsog_scraper.py:47 - Point be-tso-0001fnc-00034exit: Found 2070 existing dates
2026-01-05 11:55:59,977 - ERROR - entsog_scraper.py:93 - Error processing point be-tso-0001fnc-00034exit: Expecting value: line 1 column 1 (char 0)
2026-01-05 11:55:59,985 - INFO - entsog_scraper.py:47 - Point be-tso-0001fnc-00033exit: Found 2410 existing dates
2026-01-05 11:56:00,573 - INFO - entsog_scraper.py:89 - Point 30/39 (be-tso-0001fnc-00033exit): Added 21 new records
2026-01-05 11:56:02,583 - INFO - entsog_scraper.py:47 - Point be-tso-0001fnc-00035exit: Found 2410 existing dates
2026-01-05 11:56:03,199 - INFO - entsog_scraper.py:89 - Point 31/39 (be-tso-0001fnc-00035exit): Added 21 new records
2026-01-05 11:56:05,207 - INFO - entsog_scraper.py:47 - Point bg-tso-0001fnc-00207exit: Found 1406 existing dates
2026-01-05 11:56:05,742 - INFO - entsog_scraper.py:89 - Point 32/39 (bg-tso-0001fnc-00207exit): Added 21 new records
2026-01-05 11:56:07,750 - INFO - entsog_scraper.py:47 - Point bg-tso-0001fnc-00017exit: Found 2412 existing dates
2026-01-05 11:56:08,299 - INFO - entsog_scraper.py:89 - Point 33/39 (bg-tso-0001fnc-00017exit): Added 21 new records
2026-01-05 11:56:10,305 - INFO - entsog_scraper.py:47 - Point bg-tso-0001fnc-00016exit: Found 2412 existing dates
2026-01-05 11:56:10,875 - INFO - entsog_scraper.py:89 - Point 34/39 (bg-tso-0001fnc-00016exit): Added 21 new records
2026-01-05 11:56:12,885 - INFO - entsog_scraper.py:47 - Point pl-tso-0002fnc-00040exit: Found 2412 existing dates
2026-01-05 11:56:13,466 - INFO - entsog_scraper.py:89 - Point 35/39 (pl-tso-0002fnc-00040exit): Added 21 new records
2026-01-05 11:56:15,476 - INFO - entsog_scraper.py:47 - Point pl-tso-0002fnc-00002exit: Found 2412 existing dates
2026-01-05 11:56:16,053 - INFO - entsog_scraper.py:89 - Point 36/39 (pl-tso-0002fnc-00002exit): Added 21 new records
2026-01-05 11:56:18,062 - INFO - entsog_scraper.py:47 - Point pl-tso-0002dis-00193exit: Found 2412 existing dates
2026-01-05 11:56:18,629 - INFO - entsog_scraper.py:89 - Point 37/39 (pl-tso-0002dis-00193exit): Added 21 new records
2026-01-05 11:56:20,639 - INFO - entsog_scraper.py:47 - Point pl-tso-0002dis-00013exit: Found 2412 existing dates
2026-01-05 11:56:21,231 - INFO - entsog_scraper.py:89 - Point 38/39 (pl-tso-0002dis-00013exit): Added 21 new records
2026-01-05 11:56:23,240 - INFO - entsog_scraper.py:47 - Point cz-sso-0002dis-00195exit,pl-tso-0002dis-00195entry: Found 2412 existing dates
2026-01-05 11:56:23,782 - INFO - entsog_scraper.py:89 - Point 39/39 (cz-sso-0002dis-00195exit,pl-tso-0002dis-00195entry): Added 21 new records
2026-01-05 11:56:25,933 - INFO - entsog_scraper.py:103 - Successfully saved ENTSOG data to src\data\raw\entsog_data.csv
2026-01-05 11:56:25,934 - INFO - update_raw_data.py:36 - Running EurostatScraper...
2026-01-05 11:56:41,056 - INFO - eurostat_scraper.py:37 - Successfully saved Eurostat demand data to src\data\raw\eurostat\latest_data.csv
2026-01-05 11:56:41,057 - INFO - update_raw_data.py:36 - Running FranceScraper...
2026-01-05 11:56:41,057 - INFO - france_scraper.py:23 - Fetching French gas demand data for years 2010-2026
2026-01-05 11:56:42,242 - INFO - france_scraper.py:44 - Successfully downloaded data for 2010, saved to src\data\raw\france_demand
2026-01-05 11:56:43,370 - INFO - france_scraper.py:44 - Successfully downloaded data for 2011, saved to src\data\raw\france_demand
2026-01-05 11:56:43,960 - INFO - france_scraper.py:44 - Successfully downloaded data for 2012, saved to src\data\raw\france_demand
2026-01-05 11:56:44,478 - INFO - france_scraper.py:44 - Successfully downloaded data for 2013, saved to src\data\raw\france_demand
2026-01-05 11:56:45,021 - INFO - france_scraper.py:44 - Successfully downloaded data for 2014, saved to src\data\raw\france_demand
2026-01-05 11:56:45,564 - INFO - france_scraper.py:44 - Successfully downloaded data for 2015, saved to src\data\raw\france_demand
2026-01-05 11:56:46,104 - INFO - france_scraper.py:44 - Successfully downloaded data for 2016, saved to src\data\raw\france_demand
2026-01-05 11:56:46,713 - INFO - france_scraper.py:44 - Successfully downloaded data for 2017, saved to src\data\raw\france_demand
2026-01-05 11:56:47,299 - INFO - france_scraper.py:44 - Successfully downloaded data for 2018, saved to src\data\raw\france_demand
2026-01-05 11:56:47,803 - INFO - france_scraper.py:44 - Successfully downloaded data for 2019, saved to src\data\raw\france_demand
2026-01-05 11:56:48,298 - INFO - france_scraper.py:44 - Successfully downloaded data for 2020, saved to src\data\raw\france_demand
2026-01-05 11:56:48,754 - INFO - france_scraper.py:44 - Successfully downloaded data for 2021, saved to src\data\raw\france_demand
2026-01-05 11:56:49,238 - INFO - france_scraper.py:44 - Successfully downloaded data for 2022, saved to src\data\raw\france_demand
2026-01-05 11:56:49,757 - INFO - france_scraper.py:44 - Successfully downloaded data for 2023, saved to src\data\raw\france_demand
2026-01-05 11:56:53,042 - INFO - france_scraper.py:44 - Successfully downloaded data for 2024, saved to src\data\raw\france_demand
2026-01-05 11:56:56,969 - INFO - france_scraper.py:44 - Successfully downloaded data for 2025, saved to src\data\raw\france_demand
2026-01-05 11:56:58,664 - INFO - france_scraper.py:44 - Successfully downloaded data for 2026, saved to src\data\raw\france_demand
2026-01-05 11:56:58,664 - INFO - update_raw_data.py:36 - Running GermanyScraper...
2026-01-05 11:56:58,665 - INFO - germany_scraper.py:42 - Fetching German gas demand data from 2020-01-01 to 2026-01-05...
2026-01-05 11:56:59,498 - INFO - germany_scraper.py:58 - Successfully saved German data to src\data\raw\THE_demand.csv
2026-01-05 11:56:59,498 - INFO - update_raw_data.py:36 - Running UKScraper...
2026-01-05 11:57:00,311 - INFO - uk_scraper.py:40 - Succesful response from the Nat Grid API
2026-01-05 11:57:00,312 - INFO - uk_scraper.py:51 - CSV file downloaded successfully to C:\Users\RoryPerkins\OneDrive - Timera Energy\Documents\GitHub\gas-demand\src\data/raw/uk\UK_gas_data_2025.csv
2026-01-05 11:57:00,312 - INFO - update_raw_data.py:36 - Running SpainScraper...
2026-01-05 11:57:00,313 - INFO - spain_scraper.py:65 - Scraping from 2025-01-01 to 2026-01-03
2026-01-05 11:57:00,314 - INFO - logger.py:11 - ====== WebDriver manager ======
2026-01-05 11:57:01,490 - INFO - logger.py:11 - Get LATEST chromedriver version for google-chrome
2026-01-05 11:57:02,006 - INFO - logger.py:11 - Get LATEST chromedriver version for google-chrome
2026-01-05 11:57:02,494 - INFO - logger.py:11 - There is no [win64] chromedriver "143.0.7499.169" for browser google-chrome "143.0.7499" in cache
2026-01-05 11:57:02,494 - INFO - logger.py:11 - Get LATEST chromedriver version for google-chrome
2026-01-05 11:57:03,573 - INFO - logger.py:11 - WebDriver version 143.0.7499.169 selected
2026-01-05 11:57:03,577 - INFO - logger.py:11 - Modern chrome version https://storage.googleapis.com/chrome-for-testing-public/143.0.7499.169/win32/chromedriver-win32.zip
2026-01-05 11:57:03,577 - INFO - logger.py:11 - About to download new driver from https://storage.googleapis.com/chrome-for-testing-public/143.0.7499.169/win32/chromedriver-win32.zip
2026-01-05 11:57:04,004 - INFO - logger.py:11 - Driver downloading response is 200
2026-01-05 11:57:04,311 - INFO - logger.py:11 - Get LATEST chromedriver version for google-chrome
2026-01-05 11:57:05,012 - INFO - logger.py:11 - Driver has been saved in cache [C:\Users\RoryPerkins\.wdm\drivers\chromedriver\win64\143.0.7499.169]
2026-01-05 11:57:10,345 - INFO - spain.py:35 - Successfully accepted cookies.
2026-01-05 11:57:10,345 - INFO - spain_scraper.py:79 - Scraping data for 2025-01-01
2026-01-05 11:57:15,670 - INFO - spain_scraper.py:86 - Successfully collected data for 2025-01-01
2026-01-05 11:57:19,510 - INFO - spain_scraper.py:79 - Scraping data for 2025-01-02
2026-01-05 11:57:24,777 - INFO - spain_scraper.py:86 - Successfully collected data for 2025-01-02
2026-01-05 11:57:27,461 - INFO - spain_scraper.py:79 - Scraping data for 2025-01-03
2026-01-05 11:57:32,735 - INFO - spain_scraper.py:86 - Successfully collected data for 2025-01-03
2026-01-05 11:57:36,262 - INFO - spain_scraper.py:79 - Scraping data for 2025-01-04
2026-01-05 11:57:41,485 - INFO - spain_scraper.py:86 - Successfully collected data for 2025-01-04
2026-01-05 11:57:44,716 - INFO - spain_scraper.py:79 - Scraping data for 2025-01-05
2026-01-05 11:57:49,963 - INFO - spain_scraper.py:86 - Successfully collected data for 2025-01-05
2026-01-05 11:57:52,498 - INFO - spain_scraper.py:79 - Scraping data for 2025-01-06
2026-01-05 11:57:57,753 - INFO - spain_scraper.py:86 - Successfully collected data for 2025-01-06
2026-01-05 11:58:01,706 - INFO - spain_scraper.py:79 - Scraping data for 2025-01-07
2026-01-05 11:58:06,992 - INFO - spain_scraper.py:86 - Successfully collected data for 2025-01-07
2026-01-05 11:58:10,604 - INFO - spain_scraper.py:79 - Scraping data for 2025-01-08
2026-01-05 11:58:15,852 - INFO - spain_scraper.py:86 - Successfully collected data for 2025-01-08
2026-01-05 11:58:17,936 - INFO - spain_scraper.py:79 - Scraping data for 2025-01-09
2026-01-05 11:58:23,182 - INFO - spain_scraper.py:86 - Successfully collected data for 2025-01-09
2026-01-05 11:58:27,059 - INFO - spain_scraper.py:79 - Scraping data for 2025-01-10
2026-01-05 11:58:32,301 - INFO - spain_scraper.py:86 - Successfully collected data for 2025-01-10
2026-01-05 11:58:34,847 - INFO - spain_scraper.py:79 - Scraping data for 2025-01-11
2026-01-05 11:58:40,117 - INFO - spain_scraper.py:86 - Successfully collected data for 2025-01-11
2026-01-05 11:58:43,887 - INFO - spain_scraper.py:79 - Scraping data for 2025-01-12
2026-01-05 11:58:49,134 - INFO - spain_scraper.py:86 - Successfully collected data for 2025-01-12
2026-01-05 11:58:52,378 - INFO - spain_scraper.py:79 - Scraping data for 2025-01-13
2026-01-05 11:58:57,633 - INFO - spain_scraper.py:86 - Successfully collected data for 2025-01-13
2026-01-05 11:59:01,247 - INFO - spain_scraper.py:79 - Scraping data for 2025-01-14
2026-01-05 11:59:06,523 - INFO - spain_scraper.py:86 - Successfully collected data for 2025-01-14
2026-01-05 11:59:09,498 - INFO - spain_scraper.py:79 - Scraping data for 2025-01-15
2026-01-05 11:59:14,767 - INFO - spain_scraper.py:86 - Successfully collected data for 2025-01-15
2026-01-05 11:59:16,871 - INFO - spain_scraper.py:79 - Scraping data for 2025-01-16
2026-01-05 11:59:22,109 - INFO - spain_scraper.py:86 - Successfully collected data for 2025-01-16
2026-01-05 11:59:26,107 - INFO - spain_scraper.py:79 - Scraping data for 2025-01-17
2026-01-05 11:59:31,374 - INFO - spain_scraper.py:86 - Successfully collected data for 2025-01-17
2026-01-05 11:59:33,741 - INFO - spain_scraper.py:79 - Scraping data for 2025-01-18
2026-01-05 11:59:38,993 - INFO - spain_scraper.py:86 - Successfully collected data for 2025-01-18
2026-01-05 11:59:42,599 - INFO - spain_scraper.py:79 - Scraping data for 2025-01-19
2026-01-05 11:59:47,853 - INFO - spain_scraper.py:86 - Successfully collected data for 2025-01-19
2026-01-05 11:59:51,395 - INFO - spain_scraper.py:79 - Scraping data for 2025-01-20
2026-01-05 11:59:56,644 - INFO - spain_scraper.py:86 - Successfully collected data for 2025-01-20
2026-01-05 12:00:00,134 - INFO - spain_scraper.py:79 - Scraping data for 2025-01-21
2026-01-05 12:00:05,493 - INFO - spain_scraper.py:86 - Successfully collected data for 2025-01-21
2026-01-05 12:00:07,511 - INFO - spain_scraper.py:79 - Scraping data for 2025-01-22
2026-01-05 12:00:12,739 - INFO - spain_scraper.py:86 - Successfully collected data for 2025-01-22
2026-01-05 12:00:16,626 - INFO - spain_scraper.py:79 - Scraping data for 2025-01-23
2026-01-05 12:00:21,878 - INFO - spain_scraper.py:86 - Successfully collected data for 2025-01-23
2026-01-05 12:00:25,149 - INFO - spain_scraper.py:79 - Scraping data for 2025-01-24
2026-01-05 12:00:30,372 - INFO - spain_scraper.py:86 - Successfully collected data for 2025-01-24
2026-01-05 12:00:32,432 - INFO - spain_scraper.py:79 - Scraping data for 2025-01-25
2026-01-05 12:00:37,716 - INFO - spain_scraper.py:86 - Successfully collected data for 2025-01-25
2026-01-05 12:00:41,506 - INFO - spain_scraper.py:79 - Scraping data for 2025-01-26
2026-01-05 12:00:46,794 - INFO - spain_scraper.py:86 - Successfully collected data for 2025-01-26
2026-01-05 12:00:49,726 - INFO - spain_scraper.py:79 - Scraping data for 2025-01-27
2026-01-05 12:00:55,024 - INFO - spain_scraper.py:86 - Successfully collected data for 2025-01-27
2026-01-05 12:00:59,019 - INFO - spain_scraper.py:79 - Scraping data for 2025-01-28
2026-01-05 12:01:04,266 - INFO - spain_scraper.py:86 - Successfully collected data for 2025-01-28
2026-01-05 12:01:07,701 - INFO - spain_scraper.py:79 - Scraping data for 2025-01-29
2026-01-05 12:01:12,964 - INFO - spain_scraper.py:86 - Successfully collected data for 2025-01-29
2026-01-05 12:01:15,361 - INFO - spain_scraper.py:79 - Scraping data for 2025-01-30
2026-01-05 12:01:20,615 - INFO - spain_scraper.py:86 - Successfully collected data for 2025-01-30
2026-01-05 12:01:22,961 - INFO - spain_scraper.py:79 - Scraping data for 2025-01-31
2026-01-05 12:01:28,225 - INFO - spain_scraper.py:86 - Successfully collected data for 2025-01-31
2026-01-05 12:01:31,981 - INFO - spain_scraper.py:79 - Scraping data for 2025-02-01
2026-01-05 12:01:37,238 - INFO - spain_scraper.py:86 - Successfully collected data for 2025-02-01
2026-01-05 12:01:40,047 - INFO - spain_scraper.py:79 - Scraping data for 2025-02-02
2026-01-05 12:01:45,301 - INFO - spain_scraper.py:86 - Successfully collected data for 2025-02-02
2026-01-05 12:01:47,692 - INFO - spain_scraper.py:79 - Scraping data for 2025-02-03
2026-01-05 12:01:52,978 - INFO - spain_scraper.py:86 - Successfully collected data for 2025-02-03
2026-01-05 12:01:55,773 - INFO - spain_scraper.py:79 - Scraping data for 2025-02-04
2026-01-05 12:02:01,134 - INFO - spain_scraper.py:86 - Successfully collected data for 2025-02-04
2026-01-05 12:02:03,487 - INFO - spain_scraper.py:79 - Scraping data for 2025-02-05
2026-01-05 12:02:08,724 - INFO - spain_scraper.py:86 - Successfully collected data for 2025-02-05
2026-01-05 12:02:11,107 - INFO - spain_scraper.py:79 - Scraping data for 2025-02-06
2026-01-05 12:02:16,386 - INFO - spain_scraper.py:86 - Successfully collected data for 2025-02-06
2026-01-05 12:02:19,785 - INFO - spain_scraper.py:79 - Scraping data for 2025-02-07
2026-01-05 12:02:25,066 - INFO - spain_scraper.py:86 - Successfully collected data for 2025-02-07
2026-01-05 12:02:27,738 - INFO - spain_scraper.py:79 - Scraping data for 2025-02-08
2026-01-05 12:02:33,001 - INFO - spain_scraper.py:86 - Successfully collected data for 2025-02-08
2026-01-05 12:02:36,643 - INFO - spain_scraper.py:79 - Scraping data for 2025-02-09
2026-01-05 12:02:41,905 - INFO - spain_scraper.py:86 - Successfully collected data for 2025-02-09
2026-01-05 12:02:45,044 - INFO - spain_scraper.py:79 - Scraping data for 2025-02-10
2026-01-05 12:02:50,291 - INFO - spain_scraper.py:86 - Successfully collected data for 2025-02-10
2026-01-05 12:02:53,634 - INFO - spain_scraper.py:79 - Scraping data for 2025-02-11
2026-01-05 12:02:58,877 - INFO - spain_scraper.py:86 - Successfully collected data for 2025-02-11
2026-01-05 12:03:01,045 - INFO - spain_scraper.py:79 - Scraping data for 2025-02-12
2026-01-05 12:03:06,291 - INFO - spain_scraper.py:86 - Successfully collected data for 2025-02-12
2026-01-05 12:03:09,826 - INFO - spain_scraper.py:79 - Scraping data for 2025-02-13
2026-01-05 12:03:15,119 - INFO - spain_scraper.py:86 - Successfully collected data for 2025-02-13
2026-01-05 12:03:18,684 - INFO - spain_scraper.py:79 - Scraping data for 2025-02-14
2026-01-05 12:03:23,930 - INFO - spain_scraper.py:86 - Successfully collected data for 2025-02-14
2026-01-05 12:03:27,490 - INFO - spain_scraper.py:79 - Scraping data for 2025-02-15
2026-01-05 12:03:32,758 - INFO - spain_scraper.py:86 - Successfully collected data for 2025-02-15
2026-01-05 12:03:35,601 - INFO - spain_scraper.py:79 - Scraping data for 2025-02-16
2026-01-05 12:03:40,902 - INFO - spain_scraper.py:86 - Successfully collected data for 2025-02-16
2026-01-05 12:03:43,088 - INFO - spain_scraper.py:79 - Scraping data for 2025-02-17
2026-01-05 12:03:48,345 - INFO - spain_scraper.py:86 - Successfully collected data for 2025-02-17
2026-01-05 12:03:50,960 - INFO - spain_scraper.py:79 - Scraping data for 2025-02-18
2026-01-05 12:03:56,248 - INFO - spain_scraper.py:86 - Successfully collected data for 2025-02-18
2026-01-05 12:03:59,297 - INFO - spain_scraper.py:79 - Scraping data for 2025-02-19
2026-01-05 12:04:04,565 - INFO - spain_scraper.py:86 - Successfully collected data for 2025-02-19
2026-01-05 12:04:07,411 - INFO - spain_scraper.py:79 - Scraping data for 2025-02-20
2026-01-05 12:04:12,692 - INFO - spain_scraper.py:86 - Successfully collected data for 2025-02-20
2026-01-05 12:04:14,819 - INFO - spain_scraper.py:79 - Scraping data for 2025-02-21
2026-01-05 12:04:20,111 - INFO - spain_scraper.py:86 - Successfully collected data for 2025-02-21
2026-01-05 12:04:23,306 - INFO - spain_scraper.py:79 - Scraping data for 2025-02-22
2026-01-05 12:04:28,547 - INFO - spain_scraper.py:86 - Successfully collected data for 2025-02-22
2026-01-05 12:04:31,642 - INFO - spain_scraper.py:79 - Scraping data for 2025-02-23
2026-01-05 12:04:36,907 - INFO - spain_scraper.py:86 - Successfully collected data for 2025-02-23
2026-01-05 12:04:39,198 - INFO - spain_scraper.py:79 - Scraping data for 2025-02-24
2026-01-05 12:04:44,473 - INFO - spain_scraper.py:86 - Successfully collected data for 2025-02-24
2026-01-05 12:04:48,139 - INFO - spain_scraper.py:79 - Scraping data for 2025-02-25
2026-01-05 12:04:53,401 - INFO - spain_scraper.py:86 - Successfully collected data for 2025-02-25
2026-01-05 12:04:55,680 - INFO - spain_scraper.py:79 - Scraping data for 2025-02-26
2026-01-05 12:05:00,924 - INFO - spain_scraper.py:86 - Successfully collected data for 2025-02-26
2026-01-05 12:05:04,242 - INFO - spain_scraper.py:79 - Scraping data for 2025-02-27
2026-01-05 12:05:09,590 - INFO - spain_scraper.py:86 - Successfully collected data for 2025-02-27
2026-01-05 12:05:12,004 - INFO - spain_scraper.py:79 - Scraping data for 2025-02-28
2026-01-05 12:05:17,268 - INFO - spain_scraper.py:86 - Successfully collected data for 2025-02-28
2026-01-05 12:05:21,201 - INFO - spain_scraper.py:79 - Scraping data for 2025-03-01
2026-01-05 12:05:26,446 - INFO - spain_scraper.py:86 - Successfully collected data for 2025-03-01
2026-01-05 12:05:28,478 - INFO - spain_scraper.py:79 - Scraping data for 2025-03-02
2026-01-05 12:05:33,793 - INFO - spain_scraper.py:86 - Successfully collected data for 2025-03-02
2026-01-05 12:05:35,954 - INFO - spain_scraper.py:79 - Scraping data for 2025-03-03
2026-01-05 12:05:41,214 - INFO - spain_scraper.py:86 - Successfully collected data for 2025-03-03
2026-01-05 12:05:44,001 - INFO - spain_scraper.py:79 - Scraping data for 2025-03-04
2026-01-05 12:05:49,299 - INFO - spain_scraper.py:86 - Successfully collected data for 2025-03-04
2026-01-05 12:05:52,093 - INFO - spain_scraper.py:79 - Scraping data for 2025-03-05
2026-01-05 12:05:57,395 - INFO - spain_scraper.py:86 - Successfully collected data for 2025-03-05
2026-01-05 12:06:00,822 - INFO - spain_scraper.py:79 - Scraping data for 2025-03-06
2026-01-05 12:06:06,105 - INFO - spain_scraper.py:86 - Successfully collected data for 2025-03-06
2026-01-05 12:06:09,244 - INFO - spain_scraper.py:79 - Scraping data for 2025-03-07
2026-01-05 12:06:14,521 - INFO - spain_scraper.py:86 - Successfully collected data for 2025-03-07
2026-01-05 12:06:17,794 - INFO - spain_scraper.py:79 - Scraping data for 2025-03-08
2026-01-05 12:06:23,120 - INFO - spain_scraper.py:86 - Successfully collected data for 2025-03-08
2026-01-05 12:06:26,987 - INFO - spain_scraper.py:79 - Scraping data for 2025-03-09
2026-01-05 12:06:32,308 - INFO - spain_scraper.py:86 - Successfully collected data for 2025-03-09
2026-01-05 12:06:35,370 - INFO - spain_scraper.py:79 - Scraping data for 2025-03-10
2026-01-05 12:06:40,662 - INFO - spain_scraper.py:86 - Successfully collected data for 2025-03-10
2026-01-05 12:06:43,040 - INFO - spain_scraper.py:79 - Scraping data for 2025-03-11
2026-01-05 12:06:48,332 - INFO - spain_scraper.py:86 - Successfully collected data for 2025-03-11
2026-01-05 12:06:50,782 - INFO - spain_scraper.py:79 - Scraping data for 2025-03-12
2026-01-05 12:06:56,094 - INFO - spain_scraper.py:86 - Successfully collected data for 2025-03-12
2026-01-05 12:06:58,404 - INFO - spain_scraper.py:79 - Scraping data for 2025-03-13
2026-01-05 12:07:03,692 - INFO - spain_scraper.py:86 - Successfully collected data for 2025-03-13
2026-01-05 12:07:06,716 - INFO - spain_scraper.py:79 - Scraping data for 2025-03-14
2026-01-05 12:07:12,011 - INFO - spain_scraper.py:86 - Successfully collected data for 2025-03-14
2026-01-05 12:07:15,176 - INFO - spain_scraper.py:79 - Scraping data for 2025-03-15
2026-01-05 12:07:20,453 - INFO - spain_scraper.py:86 - Successfully collected data for 2025-03-15
2026-01-05 12:07:22,649 - INFO - spain_scraper.py:79 - Scraping data for 2025-03-16
2026-01-05 12:07:27,949 - INFO - spain_scraper.py:86 - Successfully collected data for 2025-03-16
2026-01-05 12:07:30,752 - INFO - spain_scraper.py:79 - Scraping data for 2025-03-17
2026-01-05 12:07:36,026 - INFO - spain_scraper.py:86 - Successfully collected data for 2025-03-17
2026-01-05 12:07:38,158 - INFO - spain_scraper.py:79 - Scraping data for 2025-03-18
2026-01-05 12:07:43,492 - INFO - spain_scraper.py:86 - Successfully collected data for 2025-03-18
2026-01-05 12:07:45,745 - INFO - spain_scraper.py:79 - Scraping data for 2025-03-19
2026-01-05 12:07:51,075 - INFO - spain_scraper.py:86 - Successfully collected data for 2025-03-19
2026-01-05 12:07:53,253 - INFO - spain_scraper.py:79 - Scraping data for 2025-03-20
2026-01-05 12:07:58,562 - INFO - spain_scraper.py:86 - Successfully collected data for 2025-03-20
2026-01-05 12:08:02,411 - INFO - spain_scraper.py:79 - Scraping data for 2025-03-21
2026-01-05 12:08:07,704 - INFO - spain_scraper.py:86 - Successfully collected data for 2025-03-21
2026-01-05 12:08:11,093 - INFO - spain_scraper.py:79 - Scraping data for 2025-03-22
2026-01-05 12:08:16,407 - INFO - spain_scraper.py:86 - Successfully collected data for 2025-03-22
2026-01-05 12:08:20,127 - INFO - spain_scraper.py:79 - Scraping data for 2025-03-23
2026-01-05 12:08:25,440 - INFO - spain_scraper.py:86 - Successfully collected data for 2025-03-23
2026-01-05 12:08:27,709 - INFO - spain_scraper.py:79 - Scraping data for 2025-03-24
2026-01-05 12:08:33,011 - INFO - spain_scraper.py:86 - Successfully collected data for 2025-03-24
2026-01-05 12:08:35,631 - INFO - spain_scraper.py:79 - Scraping data for 2025-03-25
2026-01-05 12:08:40,930 - INFO - spain_scraper.py:86 - Successfully collected data for 2025-03-25
2026-01-05 12:08:43,008 - INFO - spain_scraper.py:79 - Scraping data for 2025-03-26
2026-01-05 12:08:48,279 - INFO - spain_scraper.py:86 - Successfully collected data for 2025-03-26
2026-01-05 12:08:50,912 - INFO - spain_scraper.py:79 - Scraping data for 2025-03-27
2026-01-05 12:08:56,249 - INFO - spain_scraper.py:86 - Successfully collected data for 2025-03-27
2026-01-05 12:09:00,183 - INFO - spain_scraper.py:79 - Scraping data for 2025-03-28
2026-01-05 12:09:05,493 - INFO - spain_scraper.py:86 - Successfully collected data for 2025-03-28
2026-01-05 12:09:08,536 - INFO - spain_scraper.py:79 - Scraping data for 2025-03-29
2026-01-05 12:09:13,827 - INFO - spain_scraper.py:86 - Successfully collected data for 2025-03-29
2026-01-05 12:09:17,534 - INFO - spain_scraper.py:79 - Scraping data for 2025-03-30
2026-01-05 12:09:22,813 - INFO - spain_scraper.py:86 - Successfully collected data for 2025-03-30
2026-01-05 12:09:26,802 - INFO - spain_scraper.py:79 - Scraping data for 2025-03-31
2026-01-05 12:09:32,095 - INFO - spain_scraper.py:86 - Successfully collected data for 2025-03-31
2026-01-05 12:09:35,114 - INFO - spain_scraper.py:79 - Scraping data for 2025-04-01
2026-01-05 12:09:40,400 - INFO - spain_scraper.py:86 - Successfully collected data for 2025-04-01
2026-01-05 12:09:42,722 - INFO - spain_scraper.py:79 - Scraping data for 2025-04-02
2026-01-05 12:09:47,975 - INFO - spain_scraper.py:86 - Successfully collected data for 2025-04-02
2026-01-05 12:09:51,229 - INFO - spain_scraper.py:79 - Scraping data for 2025-04-03
2026-01-05 12:09:56,588 - INFO - spain_scraper.py:86 - Successfully collected data for 2025-04-03
2026-01-05 12:09:59,310 - INFO - spain_scraper.py:79 - Scraping data for 2025-04-04
2026-01-05 12:10:04,589 - INFO - spain_scraper.py:86 - Successfully collected data for 2025-04-04
2026-01-05 12:10:07,383 - INFO - spain_scraper.py:79 - Scraping data for 2025-04-05
2026-01-05 12:10:12,658 - INFO - spain_scraper.py:86 - Successfully collected data for 2025-04-05
2026-01-05 12:10:14,870 - INFO - spain_scraper.py:79 - Scraping data for 2025-04-06
2026-01-05 12:10:20,162 - INFO - spain_scraper.py:86 - Successfully collected data for 2025-04-06
2026-01-05 12:10:22,188 - INFO - spain_scraper.py:79 - Scraping data for 2025-04-07
2026-01-05 12:10:27,470 - INFO - spain_scraper.py:86 - Successfully collected data for 2025-04-07
2026-01-05 12:10:29,984 - INFO - spain_scraper.py:79 - Scraping data for 2025-04-08
2026-01-05 12:10:35,298 - INFO - spain_scraper.py:86 - Successfully collected data for 2025-04-08
2026-01-05 12:10:39,210 - INFO - spain_scraper.py:79 - Scraping data for 2025-04-09
2026-01-05 12:10:44,498 - INFO - spain_scraper.py:86 - Successfully collected data for 2025-04-09
2026-01-05 12:10:47,132 - INFO - spain_scraper.py:79 - Scraping data for 2025-04-10
2026-01-05 12:10:52,399 - INFO - spain_scraper.py:86 - Successfully collected data for 2025-04-10
2026-01-05 12:10:55,009 - INFO - spain_scraper.py:51 - Taking a longer break after 100 requests...
2026-01-05 12:11:55,479 - INFO - spain_scraper.py:79 - Scraping data for 2025-04-11
2026-01-05 12:12:00,814 - INFO - spain_scraper.py:86 - Successfully collected data for 2025-04-11
2026-01-05 12:12:04,351 - INFO - spain_scraper.py:79 - Scraping data for 2025-04-12
2026-01-05 12:12:09,643 - INFO - spain_scraper.py:86 - Successfully collected data for 2025-04-12
2026-01-05 12:12:13,068 - INFO - spain_scraper.py:79 - Scraping data for 2025-04-13
2026-01-05 12:12:18,370 - INFO - spain_scraper.py:86 - Successfully collected data for 2025-04-13
2026-01-05 12:12:22,266 - INFO - spain_scraper.py:79 - Scraping data for 2025-04-14
2026-01-05 12:12:27,533 - INFO - spain_scraper.py:86 - Successfully collected data for 2025-04-14
2026-01-05 12:12:30,516 - INFO - spain_scraper.py:79 - Scraping data for 2025-04-15
2026-01-05 12:12:35,794 - INFO - spain_scraper.py:86 - Successfully collected data for 2025-04-15
2026-01-05 12:12:38,462 - INFO - spain_scraper.py:79 - Scraping data for 2025-04-16
2026-01-05 12:12:43,742 - INFO - spain_scraper.py:86 - Successfully collected data for 2025-04-16
2026-01-05 12:12:47,228 - INFO - spain_scraper.py:79 - Scraping data for 2025-04-17
2026-01-05 12:12:52,525 - INFO - spain_scraper.py:86 - Successfully collected data for 2025-04-17
2026-01-05 12:12:55,442 - INFO - spain_scraper.py:79 - Scraping data for 2025-04-18
2026-01-05 12:13:00,783 - INFO - spain_scraper.py:86 - Successfully collected data for 2025-04-18
2026-01-05 12:13:03,948 - INFO - spain_scraper.py:79 - Scraping data for 2025-04-19
2026-01-05 12:13:09,295 - INFO - spain_scraper.py:86 - Successfully collected data for 2025-04-19
2026-01-05 12:13:11,520 - INFO - spain_scraper.py:79 - Scraping data for 2025-04-20
2026-01-05 12:13:16,816 - INFO - spain_scraper.py:86 - Successfully collected data for 2025-04-20
2026-01-05 12:13:20,359 - INFO - spain_scraper.py:79 - Scraping data for 2025-04-21
2026-01-05 12:13:25,662 - INFO - spain_scraper.py:86 - Successfully collected data for 2025-04-21
2026-01-05 12:13:28,519 - INFO - spain_scraper.py:79 - Scraping data for 2025-04-22
2026-01-05 12:13:33,852 - INFO - spain_scraper.py:86 - Successfully collected data for 2025-04-22
2026-01-05 12:13:37,282 - INFO - spain_scraper.py:79 - Scraping data for 2025-04-23
2026-01-05 12:13:42,592 - INFO - spain_scraper.py:86 - Successfully collected data for 2025-04-23
2026-01-05 12:13:45,704 - INFO - spain_scraper.py:79 - Scraping data for 2025-04-24
2026-01-05 12:13:50,990 - INFO - spain_scraper.py:86 - Successfully collected data for 2025-04-24
2026-01-05 12:13:53,961 - INFO - spain_scraper.py:79 - Scraping data for 2025-04-25
2026-01-05 12:13:59,249 - INFO - spain_scraper.py:86 - Successfully collected data for 2025-04-25
2026-01-05 12:14:02,431 - INFO - spain_scraper.py:79 - Scraping data for 2025-04-26
2026-01-05 12:14:07,731 - INFO - spain_scraper.py:86 - Successfully collected data for 2025-04-26
2026-01-05 12:14:11,569 - INFO - spain_scraper.py:79 - Scraping data for 2025-04-27
2026-01-05 12:14:16,874 - INFO - spain_scraper.py:86 - Successfully collected data for 2025-04-27
2026-01-05 12:14:19,777 - INFO - spain_scraper.py:79 - Scraping data for 2025-04-28
2026-01-05 12:14:25,084 - INFO - spain_scraper.py:86 - Successfully collected data for 2025-04-28
2026-01-05 12:14:28,191 - INFO - spain_scraper.py:79 - Scraping data for 2025-04-29
2026-01-05 12:14:33,535 - INFO - spain_scraper.py:86 - Successfully collected data for 2025-04-29
2026-01-05 12:14:36,397 - INFO - spain_scraper.py:79 - Scraping data for 2025-04-30
2026-01-05 12:14:41,737 - INFO - spain_scraper.py:86 - Successfully collected data for 2025-04-30
2026-01-05 12:14:44,372 - INFO - spain_scraper.py:79 - Scraping data for 2025-05-01
2026-01-05 12:14:49,704 - INFO - spain_scraper.py:86 - Successfully collected data for 2025-05-01
2026-01-05 12:14:52,547 - INFO - spain_scraper.py:79 - Scraping data for 2025-05-02
2026-01-05 12:14:57,841 - INFO - spain_scraper.py:86 - Successfully collected data for 2025-05-02
2026-01-05 12:15:00,292 - INFO - spain_scraper.py:79 - Scraping data for 2025-05-03
2026-01-05 12:15:05,614 - INFO - spain_scraper.py:86 - Successfully collected data for 2025-05-03
2026-01-05 12:15:09,419 - INFO - spain_scraper.py:79 - Scraping data for 2025-05-04
2026-01-05 12:15:14,733 - INFO - spain_scraper.py:86 - Successfully collected data for 2025-05-04
2026-01-05 12:15:17,950 - INFO - spain_scraper.py:79 - Scraping data for 2025-05-05
2026-01-05 12:15:23,288 - INFO - spain_scraper.py:86 - Successfully collected data for 2025-05-05
2026-01-05 12:15:27,129 - INFO - spain_scraper.py:79 - Scraping data for 2025-05-06
2026-01-05 12:15:32,444 - INFO - spain_scraper.py:86 - Successfully collected data for 2025-05-06
2026-01-05 12:15:35,877 - INFO - spain_scraper.py:79 - Scraping data for 2025-05-07
2026-01-05 12:15:41,203 - INFO - spain_scraper.py:86 - Successfully collected data for 2025-05-07
2026-01-05 12:15:44,734 - INFO - spain_scraper.py:79 - Scraping data for 2025-05-08
2026-01-05 12:15:50,068 - INFO - spain_scraper.py:86 - Successfully collected data for 2025-05-08
2026-01-05 12:15:52,704 - INFO - spain_scraper.py:79 - Scraping data for 2025-05-09
2026-01-05 12:15:58,029 - INFO - spain_scraper.py:86 - Successfully collected data for 2025-05-09
2026-01-05 12:16:01,778 - INFO - spain_scraper.py:79 - Scraping data for 2025-05-10
2026-01-05 12:16:07,109 - INFO - spain_scraper.py:86 - Successfully collected data for 2025-05-10
2026-01-05 12:16:10,504 - INFO - spain_scraper.py:79 - Scraping data for 2025-05-11
2026-01-05 12:16:16,613 - INFO - spain_scraper.py:86 - Successfully collected data for 2025-05-11
2026-01-05 12:16:19,091 - INFO - spain_scraper.py:79 - Scraping data for 2025-05-12
2026-01-05 12:16:24,393 - INFO - spain_scraper.py:86 - Successfully collected data for 2025-05-12
2026-01-05 12:16:26,465 - INFO - spain_scraper.py:79 - Scraping data for 2025-05-13
2026-01-05 12:16:31,777 - INFO - spain_scraper.py:86 - Successfully collected data for 2025-05-13
2026-01-05 12:16:34,835 - INFO - spain_scraper.py:79 - Scraping data for 2025-05-14
2026-01-05 12:16:40,164 - INFO - spain_scraper.py:86 - Successfully collected data for 2025-05-14
2026-01-05 12:16:42,907 - INFO - spain_scraper.py:79 - Scraping data for 2025-05-15
2026-01-05 12:16:48,230 - INFO - spain_scraper.py:86 - Successfully collected data for 2025-05-15
2026-01-05 12:16:51,866 - INFO - spain_scraper.py:79 - Scraping data for 2025-05-16
2026-01-05 12:16:57,194 - INFO - spain_scraper.py:86 - Successfully collected data for 2025-05-16
2026-01-05 12:16:59,720 - INFO - spain_scraper.py:79 - Scraping data for 2025-05-17
2026-01-05 12:17:05,063 - INFO - spain_scraper.py:86 - Successfully collected data for 2025-05-17
2026-01-05 12:17:08,774 - INFO - spain_scraper.py:79 - Scraping data for 2025-05-18
2026-01-05 12:17:14,135 - INFO - spain_scraper.py:86 - Successfully collected data for 2025-05-18
2026-01-05 12:17:16,746 - INFO - spain_scraper.py:79 - Scraping data for 2025-05-19
2026-01-05 12:17:22,072 - INFO - spain_scraper.py:86 - Successfully collected data for 2025-05-19
2026-01-05 12:17:24,936 - INFO - spain_scraper.py:79 - Scraping data for 2025-05-20
2026-01-05 12:17:30,276 - INFO - spain_scraper.py:86 - Successfully collected data for 2025-05-20
2026-01-05 12:17:33,521 - INFO - spain_scraper.py:79 - Scraping data for 2025-05-21
2026-01-05 12:17:38,854 - INFO - spain_scraper.py:86 - Successfully collected data for 2025-05-21
2026-01-05 12:17:41,709 - INFO - spain_scraper.py:79 - Scraping data for 2025-05-22
2026-01-05 12:17:47,052 - INFO - spain_scraper.py:86 - Successfully collected data for 2025-05-22
2026-01-05 12:17:50,887 - INFO - spain_scraper.py:79 - Scraping data for 2025-05-23
2026-01-05 12:17:56,211 - INFO - spain_scraper.py:86 - Successfully collected data for 2025-05-23
2026-01-05 12:17:59,024 - INFO - spain_scraper.py:79 - Scraping data for 2025-05-24
2026-01-05 12:18:04,380 - INFO - spain_scraper.py:86 - Successfully collected data for 2025-05-24
2026-01-05 12:18:07,926 - INFO - spain_scraper.py:79 - Scraping data for 2025-05-25
2026-01-05 12:18:13,268 - INFO - spain_scraper.py:86 - Successfully collected data for 2025-05-25
2026-01-05 12:18:16,136 - INFO - spain_scraper.py:79 - Scraping data for 2025-05-26
2026-01-05 12:18:21,471 - INFO - spain_scraper.py:86 - Successfully collected data for 2025-05-26
2026-01-05 12:18:24,393 - INFO - spain_scraper.py:79 - Scraping data for 2025-05-27
2026-01-05 12:18:29,727 - INFO - spain_scraper.py:86 - Successfully collected data for 2025-05-27
2026-01-05 12:18:33,697 - INFO - spain_scraper.py:79 - Scraping data for 2025-05-28
2026-01-05 12:18:39,040 - INFO - spain_scraper.py:86 - Successfully collected data for 2025-05-28
2026-01-05 12:18:42,846 - INFO - spain_scraper.py:79 - Scraping data for 2025-05-29
2026-01-05 12:18:48,230 - INFO - spain_scraper.py:86 - Successfully collected data for 2025-05-29
2026-01-05 12:18:51,022 - INFO - spain_scraper.py:79 - Scraping data for 2025-05-30
2026-01-05 12:18:56,335 - INFO - spain_scraper.py:86 - Successfully collected data for 2025-05-30
2026-01-05 12:18:59,617 - INFO - spain_scraper.py:79 - Scraping data for 2025-05-31
2026-01-05 12:19:04,940 - INFO - spain_scraper.py:86 - Successfully collected data for 2025-05-31
2026-01-05 12:19:08,146 - INFO - spain_scraper.py:79 - Scraping data for 2025-06-01
2026-01-05 12:19:13,489 - INFO - spain_scraper.py:86 - Successfully collected data for 2025-06-01
2026-01-05 12:19:15,920 - INFO - spain_scraper.py:79 - Scraping data for 2025-06-02
2026-01-05 12:19:21,270 - INFO - spain_scraper.py:86 - Successfully collected data for 2025-06-02
2026-01-05 12:19:23,949 - INFO - spain_scraper.py:79 - Scraping data for 2025-06-03
2026-01-05 12:19:29,278 - INFO - spain_scraper.py:86 - Successfully collected data for 2025-06-03
2026-01-05 12:19:32,296 - INFO - spain_scraper.py:79 - Scraping data for 2025-06-04
2026-01-05 12:19:37,623 - INFO - spain_scraper.py:86 - Successfully collected data for 2025-06-04
2026-01-05 12:19:40,656 - INFO - spain_scraper.py:79 - Scraping data for 2025-06-05
2026-01-05 12:19:46,016 - INFO - spain_scraper.py:86 - Successfully collected data for 2025-06-05
2026-01-05 12:19:48,860 - INFO - spain_scraper.py:79 - Scraping data for 2025-06-06
2026-01-05 12:19:54,191 - INFO - spain_scraper.py:86 - Successfully collected data for 2025-06-06
2026-01-05 12:19:56,992 - INFO - spain_scraper.py:79 - Scraping data for 2025-06-07
2026-01-05 12:20:02,320 - INFO - spain_scraper.py:86 - Successfully collected data for 2025-06-07
2026-01-05 12:20:06,022 - INFO - spain_scraper.py:79 - Scraping data for 2025-06-08
2026-01-05 12:20:11,358 - INFO - spain_scraper.py:86 - Successfully collected data for 2025-06-08
2026-01-05 12:20:13,697 - INFO - spain_scraper.py:79 - Scraping data for 2025-06-09
2026-01-05 12:20:19,048 - INFO - spain_scraper.py:86 - Successfully collected data for 2025-06-09
2026-01-05 12:20:21,740 - INFO - spain_scraper.py:79 - Scraping data for 2025-06-10
2026-01-05 12:20:27,103 - INFO - spain_scraper.py:86 - Successfully collected data for 2025-06-10
2026-01-05 12:20:30,223 - INFO - spain_scraper.py:79 - Scraping data for 2025-06-11
2026-01-05 12:20:35,550 - INFO - spain_scraper.py:86 - Successfully collected data for 2025-06-11
2026-01-05 12:20:38,485 - INFO - spain_scraper.py:79 - Scraping data for 2025-06-12
2026-01-05 12:20:43,884 - INFO - spain_scraper.py:86 - Successfully collected data for 2025-06-12
2026-01-05 12:20:47,505 - INFO - spain_scraper.py:79 - Scraping data for 2025-06-13
2026-01-05 12:20:52,825 - INFO - spain_scraper.py:86 - Successfully collected data for 2025-06-13
2026-01-05 12:20:55,362 - INFO - spain_scraper.py:79 - Scraping data for 2025-06-14
2026-01-05 12:21:00,706 - INFO - spain_scraper.py:86 - Successfully collected data for 2025-06-14
2026-01-05 12:21:02,958 - INFO - spain_scraper.py:79 - Scraping data for 2025-06-15
2026-01-05 12:21:08,335 - INFO - spain_scraper.py:86 - Successfully collected data for 2025-06-15
2026-01-05 12:21:12,114 - INFO - spain_scraper.py:79 - Scraping data for 2025-06-16
2026-01-05 12:21:17,465 - INFO - spain_scraper.py:86 - Successfully collected data for 2025-06-16
2026-01-05 12:21:21,256 - INFO - spain_scraper.py:79 - Scraping data for 2025-06-17
2026-01-05 12:21:26,578 - INFO - spain_scraper.py:86 - Successfully collected data for 2025-06-17
2026-01-05 12:21:28,785 - INFO - spain_scraper.py:79 - Scraping data for 2025-06-18
2026-01-05 12:21:34,129 - INFO - spain_scraper.py:86 - Successfully collected data for 2025-06-18
2026-01-05 12:21:36,259 - INFO - spain_scraper.py:79 - Scraping data for 2025-06-19
2026-01-05 12:21:41,613 - INFO - spain_scraper.py:86 - Successfully collected data for 2025-06-19
2026-01-05 12:21:45,527 - INFO - spain_scraper.py:79 - Scraping data for 2025-06-20
2026-01-05 12:21:50,851 - INFO - spain_scraper.py:86 - Successfully collected data for 2025-06-20
2026-01-05 12:21:53,482 - INFO - spain_scraper.py:79 - Scraping data for 2025-06-21
2026-01-05 12:21:58,850 - INFO - spain_scraper.py:86 - Successfully collected data for 2025-06-21
2026-01-05 12:22:01,449 - INFO - spain_scraper.py:79 - Scraping data for 2025-06-22
2026-01-05 12:22:06,772 - INFO - spain_scraper.py:86 - Successfully collected data for 2025-06-22
2026-01-05 12:22:09,349 - INFO - spain_scraper.py:79 - Scraping data for 2025-06-23
2026-01-05 12:22:14,731 - INFO - spain_scraper.py:86 - Successfully collected data for 2025-06-23
2026-01-05 12:22:17,631 - INFO - spain_scraper.py:79 - Scraping data for 2025-06-24
2026-01-05 12:22:23,024 - INFO - spain_scraper.py:86 - Successfully collected data for 2025-06-24
2026-01-05 12:22:25,983 - INFO - spain_scraper.py:79 - Scraping data for 2025-06-25
2026-01-05 12:22:31,349 - INFO - spain_scraper.py:86 - Successfully collected data for 2025-06-25
2026-01-05 12:22:35,062 - INFO - spain_scraper.py:79 - Scraping data for 2025-06-26
2026-01-05 12:22:40,401 - INFO - spain_scraper.py:86 - Successfully collected data for 2025-06-26
2026-01-05 12:22:44,246 - INFO - spain_scraper.py:79 - Scraping data for 2025-06-27
2026-01-05 12:22:49,624 - INFO - spain_scraper.py:86 - Successfully collected data for 2025-06-27
2026-01-05 12:22:53,084 - INFO - spain_scraper.py:79 - Scraping data for 2025-06-28
2026-01-05 12:22:58,397 - INFO - spain_scraper.py:86 - Successfully collected data for 2025-06-28
2026-01-05 12:23:01,219 - INFO - spain_scraper.py:79 - Scraping data for 2025-06-29
2026-01-05 12:23:06,563 - INFO - spain_scraper.py:86 - Successfully collected data for 2025-06-29
2026-01-05 12:23:08,633 - INFO - spain_scraper.py:79 - Scraping data for 2025-06-30
2026-01-05 12:23:13,961 - INFO - spain_scraper.py:86 - Successfully collected data for 2025-06-30
2026-01-05 12:23:16,905 - INFO - spain_scraper.py:79 - Scraping data for 2025-07-01
2026-01-05 12:23:22,254 - INFO - spain_scraper.py:86 - Successfully collected data for 2025-07-01
2026-01-05 12:23:24,549 - INFO - spain_scraper.py:79 - Scraping data for 2025-07-02
2026-01-05 12:23:29,891 - INFO - spain_scraper.py:86 - Successfully collected data for 2025-07-02
2026-01-05 12:23:33,841 - INFO - spain_scraper.py:79 - Scraping data for 2025-07-03
2026-01-05 12:23:39,187 - INFO - spain_scraper.py:86 - Successfully collected data for 2025-07-03
2026-01-05 12:23:42,281 - INFO - spain_scraper.py:79 - Scraping data for 2025-07-04
2026-01-05 12:23:47,744 - INFO - spain_scraper.py:86 - Successfully collected data for 2025-07-04
2026-01-05 12:23:51,639 - INFO - spain_scraper.py:79 - Scraping data for 2025-07-05
2026-01-05 12:23:57,056 - INFO - spain_scraper.py:86 - Successfully collected data for 2025-07-05
2026-01-05 12:24:01,048 - INFO - spain_scraper.py:79 - Scraping data for 2025-07-06
2026-01-05 12:24:06,435 - INFO - spain_scraper.py:86 - Successfully collected data for 2025-07-06
2026-01-05 12:24:09,811 - INFO - spain_scraper.py:79 - Scraping data for 2025-07-07
2026-01-05 12:24:15,176 - INFO - spain_scraper.py:86 - Successfully collected data for 2025-07-07
2026-01-05 12:24:17,488 - INFO - spain_scraper.py:79 - Scraping data for 2025-07-08
2026-01-05 12:24:22,858 - INFO - spain_scraper.py:86 - Successfully collected data for 2025-07-08
2026-01-05 12:24:25,813 - INFO - spain_scraper.py:79 - Scraping data for 2025-07-09
2026-01-05 12:24:31,173 - INFO - spain_scraper.py:86 - Successfully collected data for 2025-07-09
2026-01-05 12:24:33,220 - INFO - spain_scraper.py:79 - Scraping data for 2025-07-10
2026-01-05 12:24:38,617 - INFO - spain_scraper.py:86 - Successfully collected data for 2025-07-10
2026-01-05 12:24:41,036 - INFO - spain_scraper.py:79 - Scraping data for 2025-07-11
2026-01-05 12:24:46,413 - INFO - spain_scraper.py:86 - Successfully collected data for 2025-07-11
2026-01-05 12:24:49,673 - INFO - spain_scraper.py:79 - Scraping data for 2025-07-12
2026-01-05 12:24:55,062 - INFO - spain_scraper.py:86 - Successfully collected data for 2025-07-12
2026-01-05 12:24:58,374 - INFO - spain_scraper.py:79 - Scraping data for 2025-07-13
2026-01-05 12:25:03,735 - INFO - spain_scraper.py:86 - Successfully collected data for 2025-07-13
2026-01-05 12:25:07,408 - INFO - spain_scraper.py:79 - Scraping data for 2025-07-14
2026-01-05 12:25:12,753 - INFO - spain_scraper.py:86 - Successfully collected data for 2025-07-14
2026-01-05 12:25:15,994 - INFO - spain_scraper.py:79 - Scraping data for 2025-07-15
2026-01-05 12:25:21,341 - INFO - spain_scraper.py:86 - Successfully collected data for 2025-07-15
2026-01-05 12:25:24,788 - INFO - spain_scraper.py:79 - Scraping data for 2025-07-16
2026-01-05 12:25:30,171 - INFO - spain_scraper.py:86 - Successfully collected data for 2025-07-16
2026-01-05 12:25:32,337 - INFO - spain_scraper.py:79 - Scraping data for 2025-07-17
2026-01-05 12:25:37,719 - INFO - spain_scraper.py:86 - Successfully collected data for 2025-07-17
2026-01-05 12:25:39,894 - INFO - spain_scraper.py:79 - Scraping data for 2025-07-18
2026-01-05 12:25:45,276 - INFO - spain_scraper.py:86 - Successfully collected data for 2025-07-18
2026-01-05 12:25:48,512 - INFO - spain_scraper.py:79 - Scraping data for 2025-07-19
2026-01-05 12:25:53,897 - INFO - spain_scraper.py:86 - Successfully collected data for 2025-07-19
2026-01-05 12:25:57,525 - INFO - spain_scraper.py:51 - Taking a longer break after 200 requests...
2026-01-05 12:27:04,847 - INFO - spain_scraper.py:79 - Scraping data for 2025-07-20
2026-01-05 12:27:10,236 - INFO - spain_scraper.py:86 - Successfully collected data for 2025-07-20
2026-01-05 12:27:13,011 - INFO - spain_scraper.py:79 - Scraping data for 2025-07-21
2026-01-05 12:27:18,426 - INFO - spain_scraper.py:86 - Successfully collected data for 2025-07-21
2026-01-05 12:27:20,707 - INFO - spain_scraper.py:79 - Scraping data for 2025-07-22
2026-01-05 12:27:26,047 - INFO - spain_scraper.py:86 - Successfully collected data for 2025-07-22
2026-01-05 12:27:28,883 - INFO - spain_scraper.py:79 - Scraping data for 2025-07-23
2026-01-05 12:27:34,304 - INFO - spain_scraper.py:86 - Successfully collected data for 2025-07-23
2026-01-05 12:27:37,225 - INFO - spain_scraper.py:79 - Scraping data for 2025-07-24
2026-01-05 12:27:42,567 - INFO - spain_scraper.py:86 - Successfully collected data for 2025-07-24
2026-01-05 12:27:44,860 - INFO - spain_scraper.py:79 - Scraping data for 2025-07-25
2026-01-05 12:27:50,209 - INFO - spain_scraper.py:86 - Successfully collected data for 2025-07-25
2026-01-05 12:27:52,944 - INFO - spain_scraper.py:79 - Scraping data for 2025-07-26
2026-01-05 12:27:58,317 - INFO - spain_scraper.py:86 - Successfully collected data for 2025-07-26
2026-01-05 12:28:01,490 - INFO - spain_scraper.py:79 - Scraping data for 2025-07-27
2026-01-05 12:28:06,877 - INFO - spain_scraper.py:86 - Successfully collected data for 2025-07-27
2026-01-05 12:28:10,546 - INFO - spain_scraper.py:79 - Scraping data for 2025-07-28
2026-01-05 12:28:15,899 - INFO - spain_scraper.py:86 - Successfully collected data for 2025-07-28
2026-01-05 12:28:18,626 - INFO - spain_scraper.py:79 - Scraping data for 2025-07-29
2026-01-05 12:28:24,133 - INFO - spain_scraper.py:86 - Successfully collected data for 2025-07-29
2026-01-05 12:28:26,612 - INFO - spain_scraper.py:79 - Scraping data for 2025-07-30
2026-01-05 12:28:31,990 - INFO - spain_scraper.py:86 - Successfully collected data for 2025-07-30
2026-01-05 12:28:35,981 - INFO - spain_scraper.py:79 - Scraping data for 2025-07-31
2026-01-05 12:28:41,354 - INFO - spain_scraper.py:86 - Successfully collected data for 2025-07-31
2026-01-05 12:28:43,392 - INFO - spain_scraper.py:79 - Scraping data for 2025-08-01
2026-01-05 12:28:48,767 - INFO - spain_scraper.py:86 - Successfully collected data for 2025-08-01
2026-01-05 12:28:52,656 - INFO - spain_scraper.py:79 - Scraping data for 2025-08-02
2026-01-05 12:28:58,029 - INFO - spain_scraper.py:86 - Successfully collected data for 2025-08-02
2026-01-05 12:29:00,723 - INFO - spain_scraper.py:79 - Scraping data for 2025-08-03
2026-01-05 12:29:06,112 - INFO - spain_scraper.py:86 - Successfully collected data for 2025-08-03
2026-01-05 12:29:09,454 - INFO - spain_scraper.py:79 - Scraping data for 2025-08-04
2026-01-05 12:29:14,832 - INFO - spain_scraper.py:86 - Successfully collected data for 2025-08-04
2026-01-05 12:29:17,304 - INFO - spain_scraper.py:79 - Scraping data for 2025-08-05
2026-01-05 12:29:22,681 - INFO - spain_scraper.py:86 - Successfully collected data for 2025-08-05
2026-01-05 12:29:26,098 - INFO - spain_scraper.py:79 - Scraping data for 2025-08-06
2026-01-05 12:29:31,451 - INFO - spain_scraper.py:86 - Successfully collected data for 2025-08-06
2026-01-05 12:29:33,974 - INFO - spain_scraper.py:79 - Scraping data for 2025-08-07
2026-01-05 12:29:39,358 - INFO - spain_scraper.py:86 - Successfully collected data for 2025-08-07
2026-01-05 12:29:42,866 - INFO - spain_scraper.py:79 - Scraping data for 2025-08-08
2026-01-05 12:29:48,237 - INFO - spain_scraper.py:86 - Successfully collected data for 2025-08-08
2026-01-05 12:29:51,483 - INFO - spain_scraper.py:79 - Scraping data for 2025-08-09
2026-01-05 12:29:56,824 - INFO - spain_scraper.py:86 - Successfully collected data for 2025-08-09
2026-01-05 12:29:59,570 - INFO - spain_scraper.py:79 - Scraping data for 2025-08-10
2026-01-05 12:30:04,930 - INFO - spain_scraper.py:86 - Successfully collected data for 2025-08-10
2026-01-05 12:30:06,975 - INFO - spain_scraper.py:79 - Scraping data for 2025-08-11
2026-01-05 12:30:12,333 - INFO - spain_scraper.py:86 - Successfully collected data for 2025-08-11
2026-01-05 12:30:16,041 - INFO - spain_scraper.py:79 - Scraping data for 2025-08-12
2026-01-05 12:30:21,445 - INFO - spain_scraper.py:86 - Successfully collected data for 2025-08-12
2026-01-05 12:30:24,503 - INFO - spain_scraper.py:79 - Scraping data for 2025-08-13
2026-01-05 12:30:29,896 - INFO - spain_scraper.py:86 - Successfully collected data for 2025-08-13
2026-01-05 12:30:33,307 - INFO - spain_scraper.py:79 - Scraping data for 2025-08-14
2026-01-05 12:30:38,695 - INFO - spain_scraper.py:86 - Successfully collected data for 2025-08-14
2026-01-05 12:30:42,689 - INFO - spain_scraper.py:79 - Scraping data for 2025-08-15
2026-01-05 12:30:48,051 - INFO - spain_scraper.py:86 - Successfully collected data for 2025-08-15
2026-01-05 12:30:50,741 - INFO - spain_scraper.py:79 - Scraping data for 2025-08-16
2026-01-05 12:30:56,157 - INFO - spain_scraper.py:86 - Successfully collected data for 2025-08-16
2026-01-05 12:30:58,983 - INFO - spain_scraper.py:79 - Scraping data for 2025-08-17
2026-01-05 12:31:04,384 - INFO - spain_scraper.py:86 - Successfully collected data for 2025-08-17
2026-01-05 12:31:08,047 - INFO - spain_scraper.py:79 - Scraping data for 2025-08-18
2026-01-05 12:31:13,405 - INFO - spain_scraper.py:86 - Successfully collected data for 2025-08-18
2026-01-05 12:31:16,338 - INFO - spain_scraper.py:79 - Scraping data for 2025-08-19
2026-01-05 12:31:21,681 - INFO - spain_scraper.py:86 - Successfully collected data for 2025-08-19
2026-01-05 12:31:24,945 - INFO - spain_scraper.py:79 - Scraping data for 2025-08-20
2026-01-05 12:31:30,328 - INFO - spain_scraper.py:86 - Successfully collected data for 2025-08-20
2026-01-05 12:31:33,040 - INFO - spain_scraper.py:79 - Scraping data for 2025-08-21
2026-01-05 12:31:38,427 - INFO - spain_scraper.py:86 - Successfully collected data for 2025-08-21
2026-01-05 12:31:42,295 - INFO - spain_scraper.py:79 - Scraping data for 2025-08-22
2026-01-05 12:31:47,721 - INFO - spain_scraper.py:86 - Successfully collected data for 2025-08-22
2026-01-05 12:31:51,427 - INFO - spain_scraper.py:79 - Scraping data for 2025-08-23
2026-01-05 12:31:56,817 - INFO - spain_scraper.py:86 - Successfully collected data for 2025-08-23
2026-01-05 12:31:59,355 - INFO - spain_scraper.py:79 - Scraping data for 2025-08-24
2026-01-05 12:32:04,721 - INFO - spain_scraper.py:86 - Successfully collected data for 2025-08-24
2026-01-05 12:32:08,609 - INFO - spain_scraper.py:79 - Scraping data for 2025-08-25
2026-01-05 12:32:14,035 - INFO - spain_scraper.py:86 - Successfully collected data for 2025-08-25
2026-01-05 12:32:17,071 - INFO - spain_scraper.py:79 - Scraping data for 2025-08-26
2026-01-05 12:32:22,433 - INFO - spain_scraper.py:86 - Successfully collected data for 2025-08-26
2026-01-05 12:32:25,870 - INFO - spain_scraper.py:79 - Scraping data for 2025-08-27
2026-01-05 12:32:31,234 - INFO - spain_scraper.py:86 - Successfully collected data for 2025-08-27
2026-01-05 12:32:34,505 - INFO - spain_scraper.py:79 - Scraping data for 2025-08-28
2026-01-05 12:32:39,906 - INFO - spain_scraper.py:86 - Successfully collected data for 2025-08-28
2026-01-05 12:32:42,803 - INFO - spain_scraper.py:79 - Scraping data for 2025-08-29
2026-01-05 12:32:48,202 - INFO - spain_scraper.py:86 - Successfully collected data for 2025-08-29
2026-01-05 12:32:52,197 - INFO - spain_scraper.py:79 - Scraping data for 2025-08-30
2026-01-05 12:32:57,577 - INFO - spain_scraper.py:86 - Successfully collected data for 2025-08-30
2026-01-05 12:33:00,695 - INFO - spain_scraper.py:79 - Scraping data for 2025-08-31
2026-01-05 12:33:06,122 - INFO - spain_scraper.py:86 - Successfully collected data for 2025-08-31
2026-01-05 12:33:09,542 - INFO - spain_scraper.py:79 - Scraping data for 2025-09-01
2026-01-05 12:33:14,925 - INFO - spain_scraper.py:86 - Successfully collected data for 2025-09-01
2026-01-05 12:33:17,033 - INFO - spain_scraper.py:79 - Scraping data for 2025-09-02
2026-01-05 12:33:22,436 - INFO - spain_scraper.py:86 - Successfully collected data for 2025-09-02
2026-01-05 12:33:25,704 - INFO - spain_scraper.py:79 - Scraping data for 2025-09-03
2026-01-05 12:33:31,073 - INFO - spain_scraper.py:86 - Successfully collected data for 2025-09-03
2026-01-05 12:33:34,479 - INFO - spain_scraper.py:79 - Scraping data for 2025-09-04
2026-01-05 12:33:39,839 - INFO - spain_scraper.py:86 - Successfully collected data for 2025-09-04
2026-01-05 12:33:43,806 - INFO - spain_scraper.py:79 - Scraping data for 2025-09-05
2026-01-05 12:33:49,180 - INFO - spain_scraper.py:86 - Successfully collected data for 2025-09-05
2026-01-05 12:33:51,474 - INFO - spain_scraper.py:79 - Scraping data for 2025-09-06
2026-01-05 12:33:56,851 - INFO - spain_scraper.py:86 - Successfully collected data for 2025-09-06
2026-01-05 12:33:59,173 - INFO - spain_scraper.py:79 - Scraping data for 2025-09-07
2026-01-05 12:34:04,584 - INFO - spain_scraper.py:86 - Successfully collected data for 2025-09-07
2026-01-05 12:34:08,344 - INFO - spain_scraper.py:79 - Scraping data for 2025-09-08
2026-01-05 12:34:13,733 - INFO - spain_scraper.py:86 - Successfully collected data for 2025-09-08
2026-01-05 12:34:16,398 - INFO - spain_scraper.py:79 - Scraping data for 2025-09-09
2026-01-05 12:34:21,802 - INFO - spain_scraper.py:86 - Successfully collected data for 2025-09-09
2026-01-05 12:34:25,360 - INFO - spain_scraper.py:79 - Scraping data for 2025-09-10
2026-01-05 12:34:30,745 - INFO - spain_scraper.py:86 - Successfully collected data for 2025-09-10
2026-01-05 12:34:34,461 - INFO - spain_scraper.py:79 - Scraping data for 2025-09-11
2026-01-05 12:34:39,887 - INFO - spain_scraper.py:86 - Successfully collected data for 2025-09-11
2026-01-05 12:34:43,855 - INFO - spain_scraper.py:79 - Scraping data for 2025-09-12
2026-01-05 12:34:49,246 - INFO - spain_scraper.py:86 - Successfully collected data for 2025-09-12
2026-01-05 12:34:52,917 - INFO - spain_scraper.py:79 - Scraping data for 2025-09-13
2026-01-05 12:34:58,308 - INFO - spain_scraper.py:86 - Successfully collected data for 2025-09-13
2026-01-05 12:35:00,612 - INFO - spain_scraper.py:79 - Scraping data for 2025-09-14
2026-01-05 12:35:05,999 - INFO - spain_scraper.py:86 - Successfully collected data for 2025-09-14
2026-01-05 12:35:08,215 - INFO - spain_scraper.py:79 - Scraping data for 2025-09-15
2026-01-05 12:35:13,621 - INFO - spain_scraper.py:86 - Successfully collected data for 2025-09-15
2026-01-05 12:35:15,968 - INFO - spain_scraper.py:79 - Scraping data for 2025-09-16
2026-01-05 12:35:21,333 - INFO - spain_scraper.py:86 - Successfully collected data for 2025-09-16
2026-01-05 12:35:25,306 - INFO - spain_scraper.py:79 - Scraping data for 2025-09-17
2026-01-05 12:35:30,695 - INFO - spain_scraper.py:86 - Successfully collected data for 2025-09-17
2026-01-05 12:35:33,740 - INFO - spain_scraper.py:79 - Scraping data for 2025-09-18
2026-01-05 12:35:39,130 - INFO - spain_scraper.py:86 - Successfully collected data for 2025-09-18
2026-01-05 12:35:41,691 - INFO - spain_scraper.py:79 - Scraping data for 2025-09-19
2026-01-05 12:35:47,093 - INFO - spain_scraper.py:86 - Successfully collected data for 2025-09-19
2026-01-05 12:35:51,085 - INFO - spain_scraper.py:79 - Scraping data for 2025-09-20
2026-01-05 12:35:56,485 - INFO - spain_scraper.py:86 - Successfully collected data for 2025-09-20
2026-01-05 12:36:00,274 - INFO - spain_scraper.py:79 - Scraping data for 2025-09-21
2026-01-05 12:36:05,659 - INFO - spain_scraper.py:86 - Successfully collected data for 2025-09-21
2026-01-05 12:36:09,572 - INFO - spain_scraper.py:79 - Scraping data for 2025-09-22
2026-01-05 12:36:14,972 - INFO - spain_scraper.py:86 - Successfully collected data for 2025-09-22
2026-01-05 12:36:17,646 - INFO - spain_scraper.py:79 - Scraping data for 2025-09-23
2026-01-05 12:36:23,036 - INFO - spain_scraper.py:86 - Successfully collected data for 2025-09-23
2026-01-05 12:36:25,690 - INFO - spain_scraper.py:79 - Scraping data for 2025-09-24
2026-01-05 12:36:31,082 - INFO - spain_scraper.py:86 - Successfully collected data for 2025-09-24
2026-01-05 12:36:33,966 - INFO - spain_scraper.py:79 - Scraping data for 2025-09-25
2026-01-05 12:36:39,355 - INFO - spain_scraper.py:86 - Successfully collected data for 2025-09-25
2026-01-05 12:36:41,688 - INFO - spain_scraper.py:79 - Scraping data for 2025-09-26
2026-01-05 12:36:47,094 - INFO - spain_scraper.py:86 - Successfully collected data for 2025-09-26
2026-01-05 12:36:50,727 - INFO - spain_scraper.py:79 - Scraping data for 2025-09-27
2026-01-05 12:36:56,151 - INFO - spain_scraper.py:86 - Successfully collected data for 2025-09-27
2026-01-05 12:36:58,833 - INFO - spain_scraper.py:79 - Scraping data for 2025-09-28
2026-01-05 12:37:04,270 - INFO - spain_scraper.py:86 - Successfully collected data for 2025-09-28
2026-01-05 12:37:07,856 - INFO - spain_scraper.py:79 - Scraping data for 2025-09-29
2026-01-05 12:37:13,230 - INFO - spain_scraper.py:86 - Successfully collected data for 2025-09-29
2026-01-05 12:37:17,196 - INFO - spain_scraper.py:79 - Scraping data for 2025-09-30
2026-01-05 12:37:22,606 - INFO - spain_scraper.py:86 - Successfully collected data for 2025-09-30
2026-01-05 12:37:25,780 - INFO - spain_scraper.py:79 - Scraping data for 2025-10-01
2026-01-05 12:37:31,193 - INFO - spain_scraper.py:86 - Successfully collected data for 2025-10-01
2026-01-05 12:37:34,874 - INFO - spain_scraper.py:79 - Scraping data for 2025-10-02
2026-01-05 12:37:40,273 - INFO - spain_scraper.py:86 - Successfully collected data for 2025-10-02
2026-01-05 12:37:44,217 - INFO - spain_scraper.py:79 - Scraping data for 2025-10-03
2026-01-05 12:37:49,627 - INFO - spain_scraper.py:86 - Successfully collected data for 2025-10-03
2026-01-05 12:37:52,007 - INFO - spain_scraper.py:79 - Scraping data for 2025-10-04
2026-01-05 12:37:57,401 - INFO - spain_scraper.py:86 - Successfully collected data for 2025-10-04
2026-01-05 12:38:00,067 - INFO - spain_scraper.py:79 - Scraping data for 2025-10-05
2026-01-05 12:38:05,451 - INFO - spain_scraper.py:86 - Successfully collected data for 2025-10-05
2026-01-05 12:38:09,208 - INFO - spain_scraper.py:79 - Scraping data for 2025-10-06
2026-01-05 12:38:14,640 - INFO - spain_scraper.py:86 - Successfully collected data for 2025-10-06
2026-01-05 12:38:18,325 - INFO - spain_scraper.py:79 - Scraping data for 2025-10-07
2026-01-05 12:38:23,750 - INFO - spain_scraper.py:86 - Successfully collected data for 2025-10-07
2026-01-05 12:38:26,482 - INFO - spain_scraper.py:79 - Scraping data for 2025-10-08
2026-01-05 12:38:31,966 - INFO - spain_scraper.py:86 - Successfully collected data for 2025-10-08
2026-01-05 12:38:35,675 - INFO - spain_scraper.py:79 - Scraping data for 2025-10-09
2026-01-05 12:38:41,124 - INFO - spain_scraper.py:86 - Successfully collected data for 2025-10-09
2026-01-05 12:38:44,685 - INFO - spain_scraper.py:79 - Scraping data for 2025-10-10
2026-01-05 12:38:50,184 - INFO - spain_scraper.py:86 - Successfully collected data for 2025-10-10
2026-01-05 12:38:54,060 - INFO - spain_scraper.py:79 - Scraping data for 2025-10-11
2026-01-05 12:38:59,500 - INFO - spain_scraper.py:86 - Successfully collected data for 2025-10-11
2026-01-05 12:39:02,211 - INFO - spain_scraper.py:79 - Scraping data for 2025-10-12
2026-01-05 12:39:07,671 - INFO - spain_scraper.py:86 - Successfully collected data for 2025-10-12
2026-01-05 12:39:10,016 - INFO - spain_scraper.py:79 - Scraping data for 2025-10-13
2026-01-05 12:39:15,414 - INFO - spain_scraper.py:86 - Successfully collected data for 2025-10-13
2026-01-05 12:39:17,595 - INFO - spain_scraper.py:79 - Scraping data for 2025-10-14
2026-01-05 12:39:23,030 - INFO - spain_scraper.py:86 - Successfully collected data for 2025-10-14
2026-01-05 12:39:25,058 - INFO - spain_scraper.py:79 - Scraping data for 2025-10-15
2026-01-05 12:39:30,483 - INFO - spain_scraper.py:86 - Successfully collected data for 2025-10-15
2026-01-05 12:39:33,992 - INFO - spain_scraper.py:79 - Scraping data for 2025-10-16
2026-01-05 12:39:39,474 - INFO - spain_scraper.py:86 - Successfully collected data for 2025-10-16
2026-01-05 12:39:42,664 - INFO - spain_scraper.py:79 - Scraping data for 2025-10-17
2026-01-05 12:39:48,134 - INFO - spain_scraper.py:86 - Successfully collected data for 2025-10-17
2026-01-05 12:39:51,468 - INFO - spain_scraper.py:79 - Scraping data for 2025-10-18
2026-01-05 12:39:56,914 - INFO - spain_scraper.py:86 - Successfully collected data for 2025-10-18
2026-01-05 12:40:00,594 - INFO - spain_scraper.py:79 - Scraping data for 2025-10-19
2026-01-05 12:40:06,019 - INFO - spain_scraper.py:86 - Successfully collected data for 2025-10-19
2026-01-05 12:40:09,579 - INFO - spain_scraper.py:79 - Scraping data for 2025-10-20
2026-01-05 12:40:14,993 - INFO - spain_scraper.py:86 - Successfully collected data for 2025-10-20
2026-01-05 12:40:17,255 - INFO - spain_scraper.py:79 - Scraping data for 2025-10-21
2026-01-05 12:40:22,666 - INFO - spain_scraper.py:86 - Successfully collected data for 2025-10-21
2026-01-05 12:40:24,888 - INFO - spain_scraper.py:79 - Scraping data for 2025-10-22
2026-01-05 12:40:30,314 - INFO - spain_scraper.py:86 - Successfully collected data for 2025-10-22
2026-01-05 12:40:32,487 - INFO - spain_scraper.py:79 - Scraping data for 2025-10-23
2026-01-05 12:40:37,905 - INFO - spain_scraper.py:86 - Successfully collected data for 2025-10-23
2026-01-05 12:40:41,510 - INFO - spain_scraper.py:79 - Scraping data for 2025-10-24
2026-01-05 12:40:46,929 - INFO - spain_scraper.py:86 - Successfully collected data for 2025-10-24
2026-01-05 12:40:50,339 - INFO - spain_scraper.py:79 - Scraping data for 2025-10-25
2026-01-05 12:40:55,749 - INFO - spain_scraper.py:86 - Successfully collected data for 2025-10-25
2026-01-05 12:40:59,023 - INFO - spain_scraper.py:79 - Scraping data for 2025-10-26
2026-01-05 12:41:04,460 - INFO - spain_scraper.py:86 - Successfully collected data for 2025-10-26
2026-01-05 12:41:06,807 - INFO - spain_scraper.py:79 - Scraping data for 2025-10-27
2026-01-05 12:41:12,201 - INFO - spain_scraper.py:86 - Successfully collected data for 2025-10-27
2026-01-05 12:41:14,246 - INFO - spain_scraper.py:51 - Taking a longer break after 300 requests...
2026-01-05 12:42:23,641 - INFO - spain_scraper.py:79 - Scraping data for 2025-10-28
2026-01-05 12:42:29,104 - INFO - spain_scraper.py:86 - Successfully collected data for 2025-10-28
2026-01-05 12:42:31,557 - INFO - spain_scraper.py:79 - Scraping data for 2025-10-29
2026-01-05 12:42:36,966 - INFO - spain_scraper.py:86 - Successfully collected data for 2025-10-29
2026-01-05 12:42:39,262 - INFO - spain_scraper.py:79 - Scraping data for 2025-10-30
2026-01-05 12:42:44,692 - INFO - spain_scraper.py:86 - Successfully collected data for 2025-10-30
2026-01-05 12:42:47,955 - INFO - spain_scraper.py:79 - Scraping data for 2025-10-31
2026-01-05 12:42:53,373 - INFO - spain_scraper.py:86 - Successfully collected data for 2025-10-31
2026-01-05 12:42:56,441 - INFO - spain_scraper.py:79 - Scraping data for 2025-11-01
2026-01-05 12:43:01,839 - INFO - spain_scraper.py:86 - Successfully collected data for 2025-11-01
2026-01-05 12:43:05,496 - INFO - spain_scraper.py:79 - Scraping data for 2025-11-02
2026-01-05 12:43:10,913 - INFO - spain_scraper.py:86 - Successfully collected data for 2025-11-02
2026-01-05 12:43:14,241 - INFO - spain_scraper.py:79 - Scraping data for 2025-11-03
2026-01-05 12:43:19,706 - INFO - spain_scraper.py:86 - Successfully collected data for 2025-11-03
2026-01-05 12:43:23,313 - INFO - spain_scraper.py:79 - Scraping data for 2025-11-04
2026-01-05 12:43:28,764 - INFO - spain_scraper.py:86 - Successfully collected data for 2025-11-04
2026-01-05 12:43:31,049 - INFO - spain_scraper.py:79 - Scraping data for 2025-11-05
2026-01-05 12:43:36,471 - INFO - spain_scraper.py:86 - Successfully collected data for 2025-11-05
2026-01-05 12:43:39,462 - INFO - spain_scraper.py:79 - Scraping data for 2025-11-06
2026-01-05 12:43:44,899 - INFO - spain_scraper.py:86 - Successfully collected data for 2025-11-06
2026-01-05 12:43:48,454 - INFO - spain_scraper.py:79 - Scraping data for 2025-11-07
2026-01-05 12:43:53,878 - INFO - spain_scraper.py:86 - Successfully collected data for 2025-11-07
2026-01-05 12:43:56,924 - INFO - spain_scraper.py:79 - Scraping data for 2025-11-08
2026-01-05 12:44:02,398 - INFO - spain_scraper.py:86 - Successfully collected data for 2025-11-08
2026-01-05 12:44:05,120 - INFO - spain_scraper.py:79 - Scraping data for 2025-11-09
2026-01-05 12:44:10,589 - INFO - spain_scraper.py:86 - Successfully collected data for 2025-11-09
2026-01-05 12:44:13,729 - INFO - spain_scraper.py:79 - Scraping data for 2025-11-10
2026-01-05 12:44:19,131 - INFO - spain_scraper.py:86 - Successfully collected data for 2025-11-10
2026-01-05 12:44:22,284 - INFO - spain_scraper.py:79 - Scraping data for 2025-11-11
2026-01-05 12:44:27,694 - INFO - spain_scraper.py:86 - Successfully collected data for 2025-11-11
2026-01-05 12:44:29,894 - INFO - spain_scraper.py:79 - Scraping data for 2025-11-12
2026-01-05 12:44:35,341 - INFO - spain_scraper.py:86 - Successfully collected data for 2025-11-12
2026-01-05 12:44:38,668 - INFO - spain_scraper.py:79 - Scraping data for 2025-11-13
2026-01-05 12:44:44,116 - INFO - spain_scraper.py:86 - Successfully collected data for 2025-11-13
2026-01-05 12:44:46,830 - INFO - spain_scraper.py:79 - Scraping data for 2025-11-14
2026-01-05 12:44:52,270 - INFO - spain_scraper.py:86 - Successfully collected data for 2025-11-14
2026-01-05 12:44:54,778 - INFO - spain_scraper.py:79 - Scraping data for 2025-11-15
2026-01-05 12:45:00,235 - INFO - spain_scraper.py:86 - Successfully collected data for 2025-11-15
2026-01-05 12:45:03,355 - INFO - spain_scraper.py:79 - Scraping data for 2025-11-16
2026-01-05 12:45:08,806 - INFO - spain_scraper.py:86 - Successfully collected data for 2025-11-16
2026-01-05 12:45:11,706 - INFO - spain_scraper.py:79 - Scraping data for 2025-11-17
2026-01-05 12:45:17,173 - INFO - spain_scraper.py:86 - Successfully collected data for 2025-11-17
2026-01-05 12:45:19,546 - INFO - spain_scraper.py:79 - Scraping data for 2025-11-18
2026-01-05 12:45:24,975 - INFO - spain_scraper.py:86 - Successfully collected data for 2025-11-18
2026-01-05 12:45:28,956 - INFO - spain_scraper.py:79 - Scraping data for 2025-11-19
2026-01-05 12:45:34,395 - INFO - spain_scraper.py:86 - Successfully collected data for 2025-11-19
2026-01-05 12:45:37,301 - INFO - spain_scraper.py:79 - Scraping data for 2025-11-20
2026-01-05 12:45:42,740 - INFO - spain_scraper.py:86 - Successfully collected data for 2025-11-20
2026-01-05 12:45:45,095 - INFO - spain_scraper.py:79 - Scraping data for 2025-11-21
2026-01-05 12:45:50,517 - INFO - spain_scraper.py:86 - Successfully collected data for 2025-11-21
2026-01-05 12:45:52,607 - INFO - spain_scraper.py:79 - Scraping data for 2025-11-22
2026-01-05 12:45:58,086 - INFO - spain_scraper.py:86 - Successfully collected data for 2025-11-22
2026-01-05 12:46:01,794 - INFO - spain_scraper.py:79 - Scraping data for 2025-11-23
2026-01-05 12:46:07,270 - INFO - spain_scraper.py:86 - Successfully collected data for 2025-11-23
2026-01-05 12:46:11,226 - INFO - spain_scraper.py:79 - Scraping data for 2025-11-24
2026-01-05 12:46:16,693 - INFO - spain_scraper.py:86 - Successfully collected data for 2025-11-24
2026-01-05 12:46:20,513 - INFO - spain_scraper.py:79 - Scraping data for 2025-11-25
2026-01-05 12:46:25,958 - INFO - spain_scraper.py:86 - Successfully collected data for 2025-11-25
2026-01-05 12:46:28,934 - INFO - spain_scraper.py:79 - Scraping data for 2025-11-26
2026-01-05 12:46:34,374 - INFO - spain_scraper.py:86 - Successfully collected data for 2025-11-26
2026-01-05 12:46:36,586 - INFO - spain_scraper.py:79 - Scraping data for 2025-11-27
2026-01-05 12:46:42,028 - INFO - spain_scraper.py:86 - Successfully collected data for 2025-11-27
2026-01-05 12:46:44,607 - INFO - spain_scraper.py:79 - Scraping data for 2025-11-28
2026-01-05 12:46:50,022 - INFO - spain_scraper.py:86 - Successfully collected data for 2025-11-28
2026-01-05 12:46:52,955 - INFO - spain_scraper.py:79 - Scraping data for 2025-11-29
2026-01-05 12:46:58,386 - INFO - spain_scraper.py:86 - Successfully collected data for 2025-11-29
2026-01-05 12:47:01,828 - INFO - spain_scraper.py:79 - Scraping data for 2025-11-30
2026-01-05 12:47:07,262 - INFO - spain_scraper.py:86 - Successfully collected data for 2025-11-30
2026-01-05 12:47:10,959 - INFO - spain_scraper.py:79 - Scraping data for 2025-12-01
2026-01-05 12:47:16,412 - INFO - spain_scraper.py:86 - Successfully collected data for 2025-12-01
2026-01-05 12:47:20,330 - INFO - spain_scraper.py:79 - Scraping data for 2025-12-02
2026-01-05 12:47:25,752 - INFO - spain_scraper.py:86 - Successfully collected data for 2025-12-02
2026-01-05 12:47:29,359 - INFO - spain_scraper.py:79 - Scraping data for 2025-12-03
2026-01-05 12:47:34,835 - INFO - spain_scraper.py:86 - Successfully collected data for 2025-12-03
2026-01-05 12:47:37,952 - INFO - spain_scraper.py:79 - Scraping data for 2025-12-04
2026-01-05 12:47:43,413 - INFO - spain_scraper.py:86 - Successfully collected data for 2025-12-04
2026-01-05 12:47:47,116 - INFO - spain_scraper.py:79 - Scraping data for 2025-12-05
2026-01-05 12:47:52,587 - INFO - spain_scraper.py:86 - Successfully collected data for 2025-12-05
2026-01-05 12:47:56,430 - INFO - spain_scraper.py:79 - Scraping data for 2025-12-06
2026-01-05 12:48:01,880 - INFO - spain_scraper.py:86 - Successfully collected data for 2025-12-06
2026-01-05 12:48:03,977 - INFO - spain_scraper.py:79 - Scraping data for 2025-12-07
2026-01-05 12:48:09,437 - INFO - spain_scraper.py:86 - Successfully collected data for 2025-12-07
2026-01-05 12:48:12,015 - INFO - spain_scraper.py:79 - Scraping data for 2025-12-08
2026-01-05 12:48:17,472 - INFO - spain_scraper.py:86 - Successfully collected data for 2025-12-08
2026-01-05 12:48:21,242 - INFO - spain_scraper.py:79 - Scraping data for 2025-12-09
2026-01-05 12:48:26,699 - INFO - spain_scraper.py:86 - Successfully collected data for 2025-12-09
2026-01-05 12:48:30,264 - INFO - spain_scraper.py:79 - Scraping data for 2025-12-10
2026-01-05 12:48:35,729 - INFO - spain_scraper.py:86 - Successfully collected data for 2025-12-10
2026-01-05 12:48:37,993 - INFO - spain_scraper.py:79 - Scraping data for 2025-12-11
2026-01-05 12:48:43,420 - INFO - spain_scraper.py:86 - Successfully collected data for 2025-12-11
2026-01-05 12:48:46,717 - INFO - spain_scraper.py:79 - Scraping data for 2025-12-12
2026-01-05 12:48:52,174 - INFO - spain_scraper.py:86 - Successfully collected data for 2025-12-12
2026-01-05 12:48:55,402 - INFO - spain_scraper.py:79 - Scraping data for 2025-12-13
2026-01-05 12:49:00,884 - INFO - spain_scraper.py:86 - Successfully collected data for 2025-12-13
2026-01-05 12:49:04,546 - INFO - spain_scraper.py:79 - Scraping data for 2025-12-14
2026-01-05 12:49:09,994 - INFO - spain_scraper.py:86 - Successfully collected data for 2025-12-14
2026-01-05 12:49:13,478 - INFO - spain_scraper.py:79 - Scraping data for 2025-12-15
2026-01-05 12:49:18,964 - INFO - spain_scraper.py:86 - Successfully collected data for 2025-12-15
2026-01-05 12:49:21,247 - INFO - spain_scraper.py:79 - Scraping data for 2025-12-16
2026-01-05 12:49:26,688 - INFO - spain_scraper.py:86 - Successfully collected data for 2025-12-16
2026-01-05 12:49:30,595 - INFO - spain_scraper.py:79 - Scraping data for 2025-12-17
2026-01-05 12:49:36,776 - INFO - spain_scraper.py:86 - Successfully collected data for 2025-12-17
2026-01-05 12:49:39,093 - INFO - spain_scraper.py:79 - Scraping data for 2025-12-18
2026-01-05 12:49:44,513 - INFO - spain_scraper.py:86 - Successfully collected data for 2025-12-18
2026-01-05 12:49:46,886 - INFO - spain_scraper.py:79 - Scraping data for 2025-12-19
2026-01-05 12:49:52,376 - INFO - spain_scraper.py:86 - Successfully collected data for 2025-12-19
2026-01-05 12:49:55,135 - INFO - spain_scraper.py:79 - Scraping data for 2025-12-20
2026-01-05 12:50:00,609 - INFO - spain_scraper.py:86 - Successfully collected data for 2025-12-20
2026-01-05 12:50:03,048 - INFO - spain_scraper.py:79 - Scraping data for 2025-12-21
2026-01-05 12:50:08,485 - INFO - spain_scraper.py:86 - Successfully collected data for 2025-12-21
2026-01-05 12:50:10,904 - INFO - spain_scraper.py:79 - Scraping data for 2025-12-22
2026-01-05 12:50:16,329 - INFO - spain_scraper.py:86 - Successfully collected data for 2025-12-22
2026-01-05 12:50:19,085 - INFO - spain_scraper.py:79 - Scraping data for 2025-12-23
2026-01-05 12:50:24,559 - INFO - spain_scraper.py:86 - Successfully collected data for 2025-12-23
2026-01-05 12:50:28,178 - INFO - spain_scraper.py:79 - Scraping data for 2025-12-24
2026-01-05 12:50:33,728 - INFO - spain_scraper.py:86 - Successfully collected data for 2025-12-24
2026-01-05 12:50:37,389 - INFO - spain_scraper.py:79 - Scraping data for 2025-12-25
2026-01-05 12:50:42,877 - INFO - spain_scraper.py:86 - Successfully collected data for 2025-12-25
2026-01-05 12:50:45,628 - INFO - spain_scraper.py:79 - Scraping data for 2025-12-26
2026-01-05 12:50:51,086 - INFO - spain_scraper.py:86 - Successfully collected data for 2025-12-26
2026-01-05 12:50:54,619 - INFO - spain_scraper.py:79 - Scraping data for 2025-12-27
2026-01-05 12:51:00,119 - INFO - spain_scraper.py:86 - Successfully collected data for 2025-12-27
2026-01-05 12:51:02,212 - INFO - spain_scraper.py:79 - Scraping data for 2025-12-28
2026-01-05 12:51:07,701 - INFO - spain_scraper.py:86 - Successfully collected data for 2025-12-28
2026-01-05 12:51:10,259 - INFO - spain_scraper.py:79 - Scraping data for 2025-12-29
2026-01-05 12:51:15,731 - INFO - spain_scraper.py:86 - Successfully collected data for 2025-12-29
2026-01-05 12:51:18,519 - INFO - spain_scraper.py:79 - Scraping data for 2025-12-30
2026-01-05 12:51:24,029 - INFO - spain_scraper.py:86 - Successfully collected data for 2025-12-30
2026-01-05 12:51:27,806 - INFO - spain_scraper.py:79 - Scraping data for 2025-12-31
2026-01-05 12:51:33,229 - INFO - spain_scraper.py:86 - Successfully collected data for 2025-12-31
2026-01-05 12:51:36,377 - INFO - spain_scraper.py:79 - Scraping data for 2026-01-01
2026-01-05 12:51:41,854 - INFO - spain_scraper.py:86 - Successfully collected data for 2026-01-01
2026-01-05 12:51:45,514 - INFO - spain_scraper.py:79 - Scraping data for 2026-01-02
2026-01-05 12:51:50,951 - INFO - spain_scraper.py:86 - Successfully collected data for 2026-01-02
2026-01-05 12:51:54,344 - INFO - spain_scraper.py:79 - Scraping data for 2026-01-03
2026-01-05 12:51:59,818 - INFO - spain_scraper.py:86 - Successfully collected data for 2026-01-03
2026-01-05 12:52:02,329 - INFO - spain_scraper.py:101 - Dataset saved to src\data\raw\spain\spain_gas_demand_2025-01-01_2026-01-03.csv
2026-01-05 12:52:04,451 - INFO - update_raw_data.py:47 - 
Scraping Results:
2026-01-05 12:52:04,451 - INFO - update_raw_data.py:50 - AustriaScraper: Success
2026-01-05 12:52:04,452 - INFO - update_raw_data.py:50 - BnetzaScraper: Success
2026-01-05 12:52:04,452 - INFO - update_raw_data.py:50 - DenmarkScraper: Success
2026-01-05 12:52:04,452 - INFO - update_raw_data.py:50 - EnergyChartsScraper: Success
2026-01-05 12:52:04,453 - INFO - update_raw_data.py:50 - EntsogScraper: Success
2026-01-05 12:52:04,453 - INFO - update_raw_data.py:50 - EurostatScraper: Success
2026-01-05 12:52:04,453 - INFO - update_raw_data.py:50 - FranceScraper: Success
2026-01-05 12:52:04,453 - INFO - update_raw_data.py:50 - GermanyScraper: Success
2026-01-05 12:52:04,453 - INFO - update_raw_data.py:50 - UKScraper: Success
2026-01-05 12:52:04,454 - INFO - update_raw_data.py:50 - SpainScraper: Success
2026-01-05 12:52:04,499 - INFO - main.py:54 - Successfully extracted data for AustriaDemandExtractor
2026-01-05 12:52:04,512 - INFO - main.py:54 - Successfully extracted data for DenmarkDemandExtractor
2026-01-05 12:52:05,924 - INFO - main.py:54 - Successfully extracted data for FranceDemandExtractor
2026-01-05 12:52:05,936 - INFO - germany_demand.py:79 - Successfully processed THE data
2026-01-05 12:52:05,958 - INFO - germany_demand.py:117 - Successfully processed GASPOOL/NCG data
2026-01-05 12:52:05,960 - INFO - main.py:54 - Successfully extracted data for GermanyDemandExtractor
2026-01-05 12:52:06,063 - INFO - main.py:54 - Successfully extracted data for EntsogDemandExtractor
2026-01-05 12:52:06,068 - INFO - main.py:54 - Successfully extracted data for EnergyChartsDemandExtractor
2026-01-05 12:52:06,117 - INFO - main.py:54 - Successfully extracted data for UKDemandExtractor
2026-01-05 12:52:06,183 - INFO - main.py:72 - Found demand data for 29 countries
2026-01-05 12:52:06,384 - INFO - main.py:74 - All data saved successfully
2026-01-05 15:03:29,354 - INFO - main.py:30 - Updating raw data files...
2026-01-05 15:03:29,537 - INFO - update_raw_data.py:36 - Running AustriaScraper...
2026-01-05 15:03:29,538 - INFO - austria_scraper.py:30 - Fetching data from https://energie.wifo.ac.at/data/gas/consumption-aggm.csv
2026-01-05 15:03:30,369 - INFO - austria_scraper.py:34 - Response status code: 200
2026-01-05 15:03:30,370 - INFO - austria_scraper.py:35 - Response headers: {'Date': 'Mon, 05 Jan 2026 15:03:30 GMT', 'Server': 'Apache/2.4.58 (Ubuntu) OpenSSL/3.0.13', 'Strict-Transport-Security': 'max-age=15768000; includeSubDomains', 'Last-Modified': 'Mon, 05 Jan 2026 05:00:52 GMT', 'ETag': '"59637-6479cf17bc472"', 'Accept-Ranges': 'bytes', 'Content-Length': '366135', 'Keep-Alive': 'timeout=5, max=100', 'Connection': 'Keep-Alive', 'Content-Type': 'text/csv'}
2026-01-05 15:03:30,372 - INFO - austria_scraper.py:44 - Successfully saved raw Austrian data to src\data\raw\consumption-aggm.csv
2026-01-05 15:03:30,373 - INFO - update_raw_data.py:36 - Running BnetzaScraper...
2026-01-05 15:03:30,387 - INFO - bnetza_scraper.py:72 - Stored data on BNetzA German household consumption returned.
2026-01-05 15:03:31,701 - INFO - bnetza_scraper.py:100 - New BNetzA csv file downloaded
2026-01-05 15:03:31,714 - INFO - bnetza_scraper.py:193 - Successfully saved updated German household demand data to src/data/raw/germany_household/latest_data.csv
2026-01-05 15:03:31,714 - INFO - update_raw_data.py:36 - Running DenmarkScraper...
2026-01-05 15:03:31,714 - INFO - denmark_scraper.py:27 - Fetching data from https://api.energidataservice.dk/dataset/Gasflow since 2015
2026-01-05 15:03:32,441 - INFO - denmark_scraper.py:38 - Successfully saved Danish gas flow data to src\data\raw\denmark_gasflow.json
2026-01-05 15:03:32,441 - INFO - update_raw_data.py:36 - Running EnergyChartsScraper...
2026-01-05 15:03:32,455 - INFO - energy_charts_scraper.py:36 - Performing initial power demand load from 2019
2026-01-05 15:03:43,905 - INFO - energy_charts_scraper.py:145 - Found 2563 days of data for AT
2026-01-05 15:03:43,905 - INFO - energy_charts_scraper.py:52 - Successfully retrieved power data for AT (1/26)
2026-01-05 15:03:48,996 - INFO - energy_charts_scraper.py:145 - Found 2563 days of data for BE
2026-01-05 15:03:48,996 - INFO - energy_charts_scraper.py:52 - Successfully retrieved power data for BE (2/26)
2026-01-05 15:03:54,763 - INFO - energy_charts_scraper.py:145 - Found 2563 days of data for BG
2026-01-05 15:03:54,763 - INFO - energy_charts_scraper.py:52 - Successfully retrieved power data for BG (3/26)
2026-01-05 15:04:01,867 - INFO - energy_charts_scraper.py:145 - Found 2563 days of data for HR
2026-01-05 15:04:01,867 - INFO - energy_charts_scraper.py:52 - Successfully retrieved power data for HR (4/26)
2026-01-05 15:04:31,454 - INFO - main.py:30 - Updating raw data files...
2026-01-05 15:04:31,647 - INFO - update_raw_data.py:36 - Running AustriaScraper...
2026-01-05 15:04:31,648 - INFO - austria_scraper.py:30 - Fetching data from https://energie.wifo.ac.at/data/gas/consumption-aggm.csv
2026-01-05 15:04:32,377 - INFO - austria_scraper.py:34 - Response status code: 200
2026-01-05 15:04:32,377 - INFO - austria_scraper.py:35 - Response headers: {'Date': 'Mon, 05 Jan 2026 15:04:32 GMT', 'Server': 'Apache/2.4.58 (Ubuntu) OpenSSL/3.0.13', 'Strict-Transport-Security': 'max-age=15768000; includeSubDomains', 'Last-Modified': 'Mon, 05 Jan 2026 05:00:52 GMT', 'ETag': '"59637-6479cf17bc472"', 'Accept-Ranges': 'bytes', 'Content-Length': '366135', 'Keep-Alive': 'timeout=5, max=100', 'Connection': 'Keep-Alive', 'Content-Type': 'text/csv'}
2026-01-05 15:04:32,380 - INFO - austria_scraper.py:44 - Successfully saved raw Austrian data to src\data\raw\consumption-aggm.csv
2026-01-05 15:04:32,380 - INFO - update_raw_data.py:36 - Running BnetzaScraper...
2026-01-05 15:04:32,394 - INFO - bnetza_scraper.py:72 - Stored data on BNetzA German household consumption returned.
2026-01-05 15:04:33,483 - INFO - bnetza_scraper.py:100 - New BNetzA csv file downloaded
2026-01-05 15:04:33,497 - INFO - bnetza_scraper.py:193 - Successfully saved updated German household demand data to src/data/raw/germany_household/latest_data.csv
2026-01-05 15:04:33,498 - INFO - update_raw_data.py:36 - Running DenmarkScraper...
2026-01-05 15:04:33,498 - INFO - denmark_scraper.py:27 - Fetching data from https://api.energidataservice.dk/dataset/Gasflow since 2015
2026-01-05 15:04:34,176 - INFO - denmark_scraper.py:38 - Successfully saved Danish gas flow data to src\data\raw\denmark_gasflow.json
2026-01-05 15:04:34,177 - INFO - update_raw_data.py:36 - Running EnergyChartsScraper...
2026-01-05 15:04:34,189 - INFO - energy_charts_scraper.py:36 - Performing initial power demand load from 2019
2026-01-05 15:04:54,342 - INFO - main.py:30 - Updating raw data files...
2026-01-05 15:04:54,525 - INFO - update_raw_data.py:36 - Running AustriaScraper...
2026-01-05 15:04:54,526 - INFO - austria_scraper.py:30 - Fetching data from https://energie.wifo.ac.at/data/gas/consumption-aggm.csv
2026-01-05 15:04:55,222 - INFO - austria_scraper.py:34 - Response status code: 200
2026-01-05 15:04:55,222 - INFO - austria_scraper.py:35 - Response headers: {'Date': 'Mon, 05 Jan 2026 15:04:54 GMT', 'Server': 'Apache/2.4.58 (Ubuntu) OpenSSL/3.0.13', 'Strict-Transport-Security': 'max-age=15768000; includeSubDomains', 'Last-Modified': 'Mon, 05 Jan 2026 05:00:52 GMT', 'ETag': '"59637-6479cf17bc472"', 'Accept-Ranges': 'bytes', 'Content-Length': '366135', 'Keep-Alive': 'timeout=5, max=100', 'Connection': 'Keep-Alive', 'Content-Type': 'text/csv'}
2026-01-05 15:04:55,225 - INFO - austria_scraper.py:44 - Successfully saved raw Austrian data to src\data\raw\consumption-aggm.csv
2026-01-05 15:04:55,225 - INFO - update_raw_data.py:36 - Running BnetzaScraper...
2026-01-05 15:04:55,238 - INFO - bnetza_scraper.py:72 - Stored data on BNetzA German household consumption returned.
2026-01-05 15:04:56,346 - INFO - bnetza_scraper.py:100 - New BNetzA csv file downloaded
2026-01-05 15:04:56,359 - INFO - bnetza_scraper.py:193 - Successfully saved updated German household demand data to src/data/raw/germany_household/latest_data.csv
2026-01-05 15:04:56,359 - INFO - update_raw_data.py:36 - Running DenmarkScraper...
2026-01-05 15:04:56,359 - INFO - denmark_scraper.py:27 - Fetching data from https://api.energidataservice.dk/dataset/Gasflow since 2015
2026-01-05 15:04:56,990 - INFO - denmark_scraper.py:38 - Successfully saved Danish gas flow data to src\data\raw\denmark_gasflow.json
2026-01-05 15:04:56,990 - INFO - update_raw_data.py:36 - Running EntsogScraper...
2026-01-05 15:04:56,990 - INFO - entsog_scraper.py:27 - Performing initial ENTSOG load from 2019
2026-01-05 15:04:57,439 - ERROR - entsog_scraper.py:93 - Error processing point pt-tso-0001fnc-00001exit: 'operationalData'
2026-01-05 15:04:57,850 - ERROR - entsog_scraper.py:93 - Error processing point pt-tso-0001dis-00001exit: 'operationalData'
2026-01-05 15:04:58,266 - ERROR - entsog_scraper.py:93 - Error processing point hr-tso-0001fnc-00018exit: 'operationalData'
2026-01-05 15:04:58,681 - ERROR - entsog_scraper.py:93 - Error processing point fr-tso-0002dis-00188exit: 'operationalData'
2026-01-05 15:04:59,106 - ERROR - entsog_scraper.py:93 - Error processing point fr-tso-0002fnc-00015exit: 'operationalData'
2026-01-05 15:04:59,572 - ERROR - entsog_scraper.py:93 - Error processing point it-tso-0001dis-00005exit: 'operationalData'
2026-01-05 15:05:00,006 - ERROR - entsog_scraper.py:93 - Error processing point it-tso-0001fnc-00006exit: 'operationalData'
2026-01-05 15:05:00,409 - ERROR - entsog_scraper.py:93 - Error processing point it-tso-0001fnc-00005exit: 'operationalData'
2026-01-05 15:05:00,833 - ERROR - entsog_scraper.py:93 - Error processing point lu-tso-0001dis-00194exit: 'operationalData'
2026-01-05 15:05:01,284 - ERROR - entsog_scraper.py:93 - Error processing point lu-tso-0001fnc-00041exit: 'operationalData'
2026-01-05 15:05:01,684 - ERROR - entsog_scraper.py:93 - Error processing point lv-tso-0001fnc-00205exit: 'operationalData'
2026-01-05 15:05:02,103 - ERROR - entsog_scraper.py:93 - Error processing point ee-tso-0001fnc-00037exit: 'operationalData'
2026-01-05 15:05:02,513 - ERROR - entsog_scraper.py:93 - Error processing point hu-tso-0001fnc-00200exit: 'operationalData'
2026-01-05 15:05:02,907 - ERROR - entsog_scraper.py:93 - Error processing point hu-tso-0001dis-00196exit: 'operationalData'
2026-01-05 15:05:03,309 - ERROR - entsog_scraper.py:93 - Error processing point ro-tso-0001fnc-00010exit: 'operationalData'
2026-01-05 15:05:03,747 - ERROR - entsog_scraper.py:93 - Error processing point ro-tso-0001dis-00058exit: 'operationalData'
2026-01-05 15:05:04,177 - ERROR - entsog_scraper.py:93 - Error processing point si-tso-0001dis-00059exit: 'operationalData'
2026-01-05 15:05:04,580 - ERROR - entsog_scraper.py:93 - Error processing point nl-tso-0001dis-00187exit: 'operationalData'
2026-01-05 15:05:04,998 - ERROR - entsog_scraper.py:93 - Error processing point nl-tso-0001fnc-00014exit: 'operationalData'
2026-01-05 15:05:05,412 - ERROR - entsog_scraper.py:93 - Error processing point nl-tso-0001dis-00201exit: 'operationalData'
2026-01-05 15:05:05,830 - ERROR - entsog_scraper.py:93 - Error processing point nl-tso-0001dis-00202exit: 'operationalData'
2026-01-05 15:05:06,244 - ERROR - entsog_scraper.py:93 - Error processing point nl-tso-0001fnc-00013exit: 'operationalData'
2026-01-05 15:05:06,640 - ERROR - entsog_scraper.py:93 - Error processing point nl-tso-0001fnc-00208exit: 'operationalData'
2026-01-05 15:05:07,080 - ERROR - entsog_scraper.py:93 - Error processing point nl-tso-0001fnc-00209exit: 'operationalData'
2026-01-05 15:05:07,491 - ERROR - entsog_scraper.py:93 - Error processing point nl-tso-0001fnc-00210exit: 'operationalData'
2026-01-05 15:05:07,891 - ERROR - entsog_scraper.py:93 - Error processing point nl-tso-0001fnc-00211exit: 'operationalData'
2026-01-05 15:05:08,301 - ERROR - entsog_scraper.py:93 - Error processing point be-tso-0001dis-00192exit: 'operationalData'
2026-01-05 15:05:08,730 - ERROR - entsog_scraper.py:93 - Error processing point be-tso-0001dis-00191exit: 'operationalData'
2026-01-05 15:05:09,173 - ERROR - entsog_scraper.py:93 - Error processing point be-tso-0001fnc-00034exit: 'operationalData'
2026-01-05 15:05:09,607 - ERROR - entsog_scraper.py:93 - Error processing point be-tso-0001fnc-00033exit: 'operationalData'
2026-01-05 15:05:10,007 - ERROR - entsog_scraper.py:93 - Error processing point be-tso-0001fnc-00035exit: 'operationalData'
2026-01-05 15:05:10,420 - ERROR - entsog_scraper.py:93 - Error processing point bg-tso-0001fnc-00207exit: 'operationalData'
2026-01-05 15:05:10,828 - ERROR - entsog_scraper.py:93 - Error processing point bg-tso-0001fnc-00017exit: 'operationalData'
2026-01-05 15:05:11,236 - ERROR - entsog_scraper.py:93 - Error processing point bg-tso-0001fnc-00016exit: 'operationalData'
2026-01-05 15:05:11,658 - ERROR - entsog_scraper.py:93 - Error processing point pl-tso-0002fnc-00040exit: 'operationalData'
2026-01-05 15:05:12,089 - ERROR - entsog_scraper.py:93 - Error processing point pl-tso-0002fnc-00002exit: 'operationalData'
2026-01-05 15:05:12,501 - ERROR - entsog_scraper.py:93 - Error processing point pl-tso-0002dis-00193exit: 'operationalData'
2026-01-05 15:05:12,911 - ERROR - entsog_scraper.py:93 - Error processing point pl-tso-0002dis-00013exit: 'operationalData'
2026-01-05 15:05:13,336 - ERROR - entsog_scraper.py:93 - Error processing point cz-sso-0002dis-00195exit,pl-tso-0002dis-00195entry: 'operationalData'
2026-01-05 15:05:13,337 - INFO - update_raw_data.py:36 - Running EurostatScraper...
2026-01-05 15:05:26,155 - INFO - eurostat_scraper.py:37 - Successfully saved Eurostat demand data to src\data\raw\eurostat\latest_data.csv
2026-01-05 15:05:26,155 - INFO - update_raw_data.py:36 - Running FranceScraper...
2026-01-05 15:05:26,155 - INFO - france_scraper.py:23 - Fetching French gas demand data for years 2010-2026
2026-01-05 15:05:27,250 - INFO - france_scraper.py:44 - Successfully downloaded data for 2010, saved to src\data\raw\france_demand
2026-01-05 15:05:28,252 - INFO - france_scraper.py:44 - Successfully downloaded data for 2011, saved to src\data\raw\france_demand
2026-01-05 15:05:28,743 - INFO - france_scraper.py:44 - Successfully downloaded data for 2012, saved to src\data\raw\france_demand
2026-01-05 15:05:29,201 - INFO - france_scraper.py:44 - Successfully downloaded data for 2013, saved to src\data\raw\france_demand
2026-01-05 15:05:29,703 - INFO - france_scraper.py:44 - Successfully downloaded data for 2014, saved to src\data\raw\france_demand
2026-01-05 15:05:30,166 - INFO - france_scraper.py:44 - Successfully downloaded data for 2015, saved to src\data\raw\france_demand
2026-01-05 15:05:30,639 - INFO - france_scraper.py:44 - Successfully downloaded data for 2016, saved to src\data\raw\france_demand
2026-01-05 15:05:31,141 - INFO - france_scraper.py:44 - Successfully downloaded data for 2017, saved to src\data\raw\france_demand
2026-01-05 15:05:31,637 - INFO - france_scraper.py:44 - Successfully downloaded data for 2018, saved to src\data\raw\france_demand
2026-01-05 15:05:32,077 - INFO - france_scraper.py:44 - Successfully downloaded data for 2019, saved to src\data\raw\france_demand
2026-01-05 15:05:32,526 - INFO - france_scraper.py:44 - Successfully downloaded data for 2020, saved to src\data\raw\france_demand
2026-01-05 15:05:32,986 - INFO - france_scraper.py:44 - Successfully downloaded data for 2021, saved to src\data\raw\france_demand
2026-01-05 15:05:33,437 - INFO - france_scraper.py:44 - Successfully downloaded data for 2022, saved to src\data\raw\france_demand
2026-01-05 15:05:33,911 - INFO - france_scraper.py:44 - Successfully downloaded data for 2023, saved to src\data\raw\france_demand
2026-01-05 15:05:38,183 - INFO - france_scraper.py:44 - Successfully downloaded data for 2024, saved to src\data\raw\france_demand
2026-01-05 15:05:42,300 - INFO - france_scraper.py:44 - Successfully downloaded data for 2025, saved to src\data\raw\france_demand
2026-01-05 15:05:43,758 - INFO - france_scraper.py:44 - Successfully downloaded data for 2026, saved to src\data\raw\france_demand
2026-01-05 15:05:43,758 - INFO - update_raw_data.py:36 - Running GermanyScraper...
2026-01-05 15:05:43,758 - INFO - germany_scraper.py:42 - Fetching German gas demand data from 2020-01-01 to 2026-01-05...
2026-01-05 15:05:44,692 - INFO - germany_scraper.py:58 - Successfully saved German data to src\data\raw\THE_demand.csv
2026-01-05 15:05:44,693 - INFO - update_raw_data.py:36 - Running UKScraper...
2026-01-05 15:05:45,444 - INFO - uk_scraper.py:40 - Succesful response from the Nat Grid API
2026-01-05 15:05:45,445 - INFO - uk_scraper.py:51 - CSV file downloaded successfully to C:\Users\RoryPerkins\OneDrive - Timera Energy\Documents\GitHub\gas-demand\src\data/raw/uk\UK_gas_data_2025.csv
2026-01-05 15:05:45,446 - INFO - update_raw_data.py:36 - Running SpainScraper...
2026-01-05 15:05:45,446 - INFO - spain_scraper.py:65 - Scraping from 2025-01-01 to 2026-01-03
2026-01-05 15:05:45,448 - INFO - logger.py:11 - ====== WebDriver manager ======
2026-01-05 15:05:46,461 - INFO - logger.py:11 - Get LATEST chromedriver version for google-chrome
2026-01-05 15:05:46,914 - INFO - logger.py:11 - Get LATEST chromedriver version for google-chrome
2026-01-05 15:05:47,323 - INFO - logger.py:11 - Driver [C:\Users\RoryPerkins\.wdm\drivers\chromedriver\win64\143.0.7499.169\chromedriver-win32/chromedriver.exe] found in cache
2026-01-05 15:05:51,655 - INFO - spain.py:35 - Successfully accepted cookies.
2026-01-05 15:05:51,655 - INFO - spain_scraper.py:79 - Scraping data for 2025-01-01
2026-01-05 15:05:56,924 - INFO - spain_scraper.py:86 - Successfully collected data for 2025-01-01
2026-01-05 15:06:00,672 - INFO - spain_scraper.py:79 - Scraping data for 2025-01-02
2026-01-05 15:06:05,979 - INFO - spain_scraper.py:86 - Successfully collected data for 2025-01-02
2026-01-05 15:06:09,867 - INFO - spain_scraper.py:79 - Scraping data for 2025-01-03
2026-01-05 15:06:15,087 - INFO - spain_scraper.py:86 - Successfully collected data for 2025-01-03
2026-01-05 15:06:19,034 - INFO - spain_scraper.py:79 - Scraping data for 2025-01-04
2026-01-05 15:06:24,281 - INFO - spain_scraper.py:86 - Successfully collected data for 2025-01-04
2026-01-05 15:06:27,703 - INFO - spain_scraper.py:79 - Scraping data for 2025-01-05
2026-01-05 15:06:32,944 - INFO - spain_scraper.py:86 - Successfully collected data for 2025-01-05
2026-01-05 15:06:36,119 - INFO - spain_scraper.py:79 - Scraping data for 2025-01-06
2026-01-05 15:06:41,346 - INFO - spain_scraper.py:86 - Successfully collected data for 2025-01-06
2026-01-05 15:06:44,194 - INFO - spain_scraper.py:79 - Scraping data for 2025-01-07
2026-01-05 15:06:49,413 - INFO - spain_scraper.py:86 - Successfully collected data for 2025-01-07
2026-01-05 15:06:52,483 - INFO - spain_scraper.py:79 - Scraping data for 2025-01-08
2026-01-05 15:06:57,713 - INFO - spain_scraper.py:86 - Successfully collected data for 2025-01-08
2026-01-05 15:07:01,133 - INFO - spain_scraper.py:79 - Scraping data for 2025-01-09
2026-01-05 15:07:06,367 - INFO - spain_scraper.py:86 - Successfully collected data for 2025-01-09
2026-01-05 15:07:09,009 - INFO - spain_scraper.py:79 - Scraping data for 2025-01-10
2026-01-05 15:07:14,229 - INFO - spain_scraper.py:86 - Successfully collected data for 2025-01-10
2026-01-05 15:07:16,253 - INFO - spain_scraper.py:79 - Scraping data for 2025-01-11
2026-01-05 15:07:21,473 - INFO - spain_scraper.py:86 - Successfully collected data for 2025-01-11
2026-01-05 15:07:24,551 - INFO - spain_scraper.py:79 - Scraping data for 2025-01-12
2026-01-05 15:07:29,780 - INFO - spain_scraper.py:86 - Successfully collected data for 2025-01-12
2026-01-05 15:07:32,393 - INFO - spain_scraper.py:79 - Scraping data for 2025-01-13
2026-01-05 15:07:37,624 - INFO - spain_scraper.py:86 - Successfully collected data for 2025-01-13
2026-01-05 15:07:41,430 - INFO - spain_scraper.py:79 - Scraping data for 2025-01-14
2026-01-05 15:07:46,646 - INFO - spain_scraper.py:86 - Successfully collected data for 2025-01-14
2026-01-05 15:07:49,433 - INFO - spain_scraper.py:79 - Scraping data for 2025-01-15
2026-01-05 15:07:54,708 - INFO - spain_scraper.py:86 - Successfully collected data for 2025-01-15
2026-01-05 15:07:57,139 - INFO - spain_scraper.py:79 - Scraping data for 2025-01-16
2026-01-05 15:08:02,355 - INFO - spain_scraper.py:86 - Successfully collected data for 2025-01-16
2026-01-05 15:08:05,000 - INFO - spain_scraper.py:79 - Scraping data for 2025-01-17
2026-01-05 15:08:10,251 - INFO - spain_scraper.py:86 - Successfully collected data for 2025-01-17
2026-01-05 15:08:12,789 - INFO - spain_scraper.py:79 - Scraping data for 2025-01-18
2026-01-05 15:08:18,033 - INFO - spain_scraper.py:86 - Successfully collected data for 2025-01-18
2026-01-05 15:08:21,410 - INFO - spain_scraper.py:79 - Scraping data for 2025-01-19
2026-01-05 15:08:26,644 - INFO - spain_scraper.py:86 - Successfully collected data for 2025-01-19
2026-01-05 15:08:30,183 - INFO - spain_scraper.py:79 - Scraping data for 2025-01-20
2026-01-05 15:08:35,397 - INFO - spain_scraper.py:86 - Successfully collected data for 2025-01-20
2026-01-05 15:08:37,526 - INFO - spain_scraper.py:79 - Scraping data for 2025-01-21
2026-01-05 15:08:42,805 - INFO - spain_scraper.py:86 - Successfully collected data for 2025-01-21
2026-01-05 15:08:46,521 - INFO - spain_scraper.py:79 - Scraping data for 2025-01-22
2026-01-05 15:08:51,748 - INFO - spain_scraper.py:86 - Successfully collected data for 2025-01-22
2026-01-05 15:08:55,729 - INFO - spain_scraper.py:79 - Scraping data for 2025-01-23
2026-01-05 15:09:00,972 - INFO - spain_scraper.py:86 - Successfully collected data for 2025-01-23
2026-01-05 15:09:04,172 - INFO - spain_scraper.py:79 - Scraping data for 2025-01-24
2026-01-05 15:09:09,434 - INFO - spain_scraper.py:86 - Successfully collected data for 2025-01-24
2026-01-05 15:09:12,176 - INFO - spain_scraper.py:79 - Scraping data for 2025-01-25
2026-01-05 15:09:17,414 - INFO - spain_scraper.py:86 - Successfully collected data for 2025-01-25
2026-01-05 15:09:20,880 - INFO - spain_scraper.py:79 - Scraping data for 2025-01-26
2026-01-05 15:09:26,129 - INFO - spain_scraper.py:86 - Successfully collected data for 2025-01-26
2026-01-05 15:09:29,619 - INFO - spain_scraper.py:79 - Scraping data for 2025-01-27
2026-01-05 15:09:34,897 - INFO - spain_scraper.py:86 - Successfully collected data for 2025-01-27
2026-01-05 15:09:38,773 - INFO - spain_scraper.py:79 - Scraping data for 2025-01-28
2026-01-05 15:09:44,079 - INFO - spain_scraper.py:86 - Successfully collected data for 2025-01-28
2026-01-05 15:09:47,585 - INFO - spain_scraper.py:79 - Scraping data for 2025-01-29
2026-01-05 15:09:52,850 - INFO - spain_scraper.py:86 - Successfully collected data for 2025-01-29
2026-01-05 15:09:56,154 - INFO - spain_scraper.py:79 - Scraping data for 2025-01-30
2026-01-05 15:10:01,435 - INFO - spain_scraper.py:86 - Successfully collected data for 2025-01-30
2026-01-05 15:10:04,226 - INFO - spain_scraper.py:79 - Scraping data for 2025-01-31
2026-01-05 15:10:09,529 - INFO - spain_scraper.py:86 - Successfully collected data for 2025-01-31
2026-01-05 15:10:13,168 - INFO - spain_scraper.py:79 - Scraping data for 2025-02-01
2026-01-05 15:10:18,473 - INFO - spain_scraper.py:86 - Successfully collected data for 2025-02-01
2026-01-05 15:10:21,887 - INFO - spain_scraper.py:79 - Scraping data for 2025-02-02
2026-01-05 15:10:27,148 - INFO - spain_scraper.py:86 - Successfully collected data for 2025-02-02
2026-01-05 15:10:30,943 - INFO - spain_scraper.py:79 - Scraping data for 2025-02-03
2026-01-05 15:10:36,292 - INFO - spain_scraper.py:86 - Successfully collected data for 2025-02-03
2026-01-05 15:10:38,799 - INFO - spain_scraper.py:79 - Scraping data for 2025-02-04
2026-01-05 15:10:44,073 - INFO - spain_scraper.py:86 - Successfully collected data for 2025-02-04
2026-01-05 15:10:46,643 - INFO - spain_scraper.py:79 - Scraping data for 2025-02-05
2026-01-05 15:10:51,946 - INFO - spain_scraper.py:86 - Successfully collected data for 2025-02-05
2026-01-05 15:10:55,220 - INFO - spain_scraper.py:79 - Scraping data for 2025-02-06
2026-01-05 15:11:00,488 - INFO - spain_scraper.py:86 - Successfully collected data for 2025-02-06
2026-01-05 15:11:03,084 - INFO - spain_scraper.py:79 - Scraping data for 2025-02-07
2026-01-05 15:11:08,384 - INFO - spain_scraper.py:86 - Successfully collected data for 2025-02-07
2026-01-05 15:11:11,381 - INFO - spain_scraper.py:79 - Scraping data for 2025-02-08
2026-01-05 15:11:16,698 - INFO - spain_scraper.py:86 - Successfully collected data for 2025-02-08
2026-01-05 15:11:20,695 - INFO - spain_scraper.py:79 - Scraping data for 2025-02-09
2026-01-05 15:11:25,950 - INFO - spain_scraper.py:86 - Successfully collected data for 2025-02-09
2026-01-05 15:11:28,562 - INFO - spain_scraper.py:79 - Scraping data for 2025-02-10
2026-01-05 15:11:33,865 - INFO - spain_scraper.py:86 - Successfully collected data for 2025-02-10
2026-01-05 15:11:37,480 - INFO - spain_scraper.py:79 - Scraping data for 2025-02-11
2026-01-05 15:11:42,808 - INFO - spain_scraper.py:86 - Successfully collected data for 2025-02-11
2026-01-05 15:11:45,188 - INFO - spain_scraper.py:79 - Scraping data for 2025-02-12
2026-01-05 15:11:50,505 - INFO - spain_scraper.py:86 - Successfully collected data for 2025-02-12
2026-01-05 15:11:52,588 - INFO - spain_scraper.py:79 - Scraping data for 2025-02-13
2026-01-05 15:11:57,877 - INFO - spain_scraper.py:86 - Successfully collected data for 2025-02-13
2026-01-05 15:12:01,682 - INFO - spain_scraper.py:79 - Scraping data for 2025-02-14
2026-01-05 15:12:07,027 - INFO - spain_scraper.py:86 - Successfully collected data for 2025-02-14
2026-01-05 15:12:09,407 - INFO - spain_scraper.py:79 - Scraping data for 2025-02-15
2026-01-05 15:12:14,708 - INFO - spain_scraper.py:86 - Successfully collected data for 2025-02-15
2026-01-05 15:12:17,560 - INFO - spain_scraper.py:79 - Scraping data for 2025-02-16
2026-01-05 15:12:22,948 - INFO - spain_scraper.py:86 - Successfully collected data for 2025-02-16
2026-01-05 15:12:25,801 - INFO - spain_scraper.py:79 - Scraping data for 2025-02-17
2026-01-05 15:12:31,091 - INFO - spain_scraper.py:86 - Successfully collected data for 2025-02-17
2026-01-05 15:12:34,955 - INFO - spain_scraper.py:79 - Scraping data for 2025-02-18
2026-01-05 15:12:40,296 - INFO - spain_scraper.py:86 - Successfully collected data for 2025-02-18
2026-01-05 15:12:43,496 - INFO - spain_scraper.py:79 - Scraping data for 2025-02-19
2026-01-05 15:12:48,796 - INFO - spain_scraper.py:86 - Successfully collected data for 2025-02-19
2026-01-05 15:12:51,391 - INFO - spain_scraper.py:79 - Scraping data for 2025-02-20
2026-01-05 15:12:56,696 - INFO - spain_scraper.py:86 - Successfully collected data for 2025-02-20
2026-01-05 15:13:00,524 - INFO - spain_scraper.py:79 - Scraping data for 2025-02-21
2026-01-05 15:13:05,827 - INFO - spain_scraper.py:86 - Successfully collected data for 2025-02-21
2026-01-05 15:13:08,632 - INFO - spain_scraper.py:79 - Scraping data for 2025-02-22
2026-01-05 15:13:13,960 - INFO - spain_scraper.py:86 - Successfully collected data for 2025-02-22
2026-01-05 15:13:17,626 - INFO - spain_scraper.py:79 - Scraping data for 2025-02-23
2026-01-05 15:13:22,976 - INFO - spain_scraper.py:86 - Successfully collected data for 2025-02-23
2026-01-05 15:13:26,868 - INFO - spain_scraper.py:79 - Scraping data for 2025-02-24
2026-01-05 15:13:32,184 - INFO - spain_scraper.py:86 - Successfully collected data for 2025-02-24
2026-01-05 15:13:36,169 - INFO - spain_scraper.py:79 - Scraping data for 2025-02-25
2026-01-05 15:13:41,522 - INFO - spain_scraper.py:86 - Successfully collected data for 2025-02-25
2026-01-05 15:13:43,628 - INFO - spain_scraper.py:79 - Scraping data for 2025-02-26
2026-01-05 15:13:48,947 - INFO - spain_scraper.py:86 - Successfully collected data for 2025-02-26
2026-01-05 15:13:51,465 - INFO - spain_scraper.py:79 - Scraping data for 2025-02-27
2026-01-05 15:13:56,812 - INFO - spain_scraper.py:86 - Successfully collected data for 2025-02-27
2026-01-05 15:14:00,147 - INFO - spain_scraper.py:79 - Scraping data for 2025-02-28
2026-01-05 15:14:05,437 - INFO - spain_scraper.py:86 - Successfully collected data for 2025-02-28
2026-01-05 15:14:09,113 - INFO - spain_scraper.py:79 - Scraping data for 2025-03-01
2026-01-05 15:14:14,408 - INFO - spain_scraper.py:86 - Successfully collected data for 2025-03-01
2026-01-05 15:14:16,809 - INFO - spain_scraper.py:79 - Scraping data for 2025-03-02
2026-01-05 15:14:22,101 - INFO - spain_scraper.py:86 - Successfully collected data for 2025-03-02
2026-01-05 15:14:26,046 - INFO - spain_scraper.py:79 - Scraping data for 2025-03-03
2026-01-05 15:14:31,366 - INFO - spain_scraper.py:86 - Successfully collected data for 2025-03-03
2026-01-05 15:14:33,922 - INFO - spain_scraper.py:79 - Scraping data for 2025-03-04
2026-01-05 15:14:39,274 - INFO - spain_scraper.py:86 - Successfully collected data for 2025-03-04
2026-01-05 15:14:43,085 - INFO - spain_scraper.py:79 - Scraping data for 2025-03-05
2026-01-05 15:14:48,451 - INFO - spain_scraper.py:86 - Successfully collected data for 2025-03-05
2026-01-05 15:14:51,243 - INFO - spain_scraper.py:79 - Scraping data for 2025-03-06
2026-01-05 15:14:56,577 - INFO - spain_scraper.py:86 - Successfully collected data for 2025-03-06
2026-01-05 15:14:59,348 - INFO - spain_scraper.py:79 - Scraping data for 2025-03-07
2026-01-05 15:15:04,690 - INFO - spain_scraper.py:86 - Successfully collected data for 2025-03-07
2026-01-05 15:15:07,052 - INFO - spain_scraper.py:79 - Scraping data for 2025-03-08
2026-01-05 15:15:12,368 - INFO - spain_scraper.py:86 - Successfully collected data for 2025-03-08
2026-01-05 15:15:15,943 - INFO - spain_scraper.py:79 - Scraping data for 2025-03-09
2026-01-05 15:15:21,275 - INFO - spain_scraper.py:86 - Successfully collected data for 2025-03-09
2026-01-05 15:15:24,139 - INFO - spain_scraper.py:79 - Scraping data for 2025-03-10
2026-01-05 15:15:29,482 - INFO - spain_scraper.py:86 - Successfully collected data for 2025-03-10
2026-01-05 15:15:32,419 - INFO - spain_scraper.py:79 - Scraping data for 2025-03-11
2026-01-05 15:15:37,689 - INFO - spain_scraper.py:86 - Successfully collected data for 2025-03-11
2026-01-05 15:15:40,172 - INFO - spain_scraper.py:79 - Scraping data for 2025-03-12
2026-01-05 15:15:45,540 - INFO - spain_scraper.py:86 - Successfully collected data for 2025-03-12
2026-01-05 15:15:49,101 - INFO - spain_scraper.py:79 - Scraping data for 2025-03-13
2026-01-05 15:15:54,476 - INFO - spain_scraper.py:86 - Successfully collected data for 2025-03-13
2026-01-05 15:15:56,668 - INFO - spain_scraper.py:79 - Scraping data for 2025-03-14
2026-01-05 15:16:01,995 - INFO - spain_scraper.py:86 - Successfully collected data for 2025-03-14
2026-01-05 15:16:04,752 - INFO - spain_scraper.py:79 - Scraping data for 2025-03-15
2026-01-05 15:16:10,066 - INFO - spain_scraper.py:86 - Successfully collected data for 2025-03-15
2026-01-05 15:16:12,677 - INFO - spain_scraper.py:79 - Scraping data for 2025-03-16
2026-01-05 15:16:18,000 - INFO - spain_scraper.py:86 - Successfully collected data for 2025-03-16
2026-01-05 15:16:21,164 - INFO - spain_scraper.py:79 - Scraping data for 2025-03-17
2026-01-05 15:16:26,491 - INFO - spain_scraper.py:86 - Successfully collected data for 2025-03-17
2026-01-05 15:16:29,146 - INFO - spain_scraper.py:79 - Scraping data for 2025-03-18
2026-01-05 15:16:34,486 - INFO - spain_scraper.py:86 - Successfully collected data for 2025-03-18
2026-01-05 15:16:38,110 - INFO - spain_scraper.py:79 - Scraping data for 2025-03-19
2026-01-05 15:16:43,417 - INFO - spain_scraper.py:86 - Successfully collected data for 2025-03-19
2026-01-05 15:16:47,220 - INFO - spain_scraper.py:79 - Scraping data for 2025-03-20
2026-01-05 15:16:52,497 - INFO - spain_scraper.py:86 - Successfully collected data for 2025-03-20
2026-01-05 15:16:55,705 - INFO - spain_scraper.py:79 - Scraping data for 2025-03-21
2026-01-05 15:17:01,017 - INFO - spain_scraper.py:86 - Successfully collected data for 2025-03-21
2026-01-05 15:17:04,106 - INFO - spain_scraper.py:79 - Scraping data for 2025-03-22
2026-01-05 15:17:09,442 - INFO - spain_scraper.py:86 - Successfully collected data for 2025-03-22
2026-01-05 15:17:13,156 - INFO - spain_scraper.py:79 - Scraping data for 2025-03-23
2026-01-05 15:17:18,479 - INFO - spain_scraper.py:86 - Successfully collected data for 2025-03-23
2026-01-05 15:17:21,004 - INFO - spain_scraper.py:79 - Scraping data for 2025-03-24
2026-01-05 15:17:26,368 - INFO - spain_scraper.py:86 - Successfully collected data for 2025-03-24
2026-01-05 15:17:30,296 - INFO - spain_scraper.py:79 - Scraping data for 2025-03-25
2026-01-05 15:17:35,636 - INFO - spain_scraper.py:86 - Successfully collected data for 2025-03-25
2026-01-05 15:17:37,885 - INFO - spain_scraper.py:79 - Scraping data for 2025-03-26
2026-01-05 15:17:43,218 - INFO - spain_scraper.py:86 - Successfully collected data for 2025-03-26
2026-01-05 15:17:46,247 - INFO - spain_scraper.py:79 - Scraping data for 2025-03-27
2026-01-05 15:17:51,580 - INFO - spain_scraper.py:86 - Successfully collected data for 2025-03-27
2026-01-05 15:17:54,362 - INFO - spain_scraper.py:79 - Scraping data for 2025-03-28
2026-01-05 15:17:59,694 - INFO - spain_scraper.py:86 - Successfully collected data for 2025-03-28
2026-01-05 15:18:02,951 - INFO - spain_scraper.py:79 - Scraping data for 2025-03-29
2026-01-05 15:18:08,315 - INFO - spain_scraper.py:86 - Successfully collected data for 2025-03-29
2026-01-05 15:18:11,652 - INFO - spain_scraper.py:79 - Scraping data for 2025-03-30
2026-01-05 15:18:17,006 - INFO - spain_scraper.py:86 - Successfully collected data for 2025-03-30
2026-01-05 15:18:20,147 - INFO - spain_scraper.py:79 - Scraping data for 2025-03-31
2026-01-05 15:18:25,480 - INFO - spain_scraper.py:86 - Successfully collected data for 2025-03-31
2026-01-05 15:18:28,192 - INFO - spain_scraper.py:79 - Scraping data for 2025-04-01
2026-01-05 15:18:33,563 - INFO - spain_scraper.py:86 - Successfully collected data for 2025-04-01
2026-01-05 15:18:37,358 - INFO - spain_scraper.py:79 - Scraping data for 2025-04-02
2026-01-05 15:18:42,657 - INFO - spain_scraper.py:86 - Successfully collected data for 2025-04-02
2026-01-05 15:18:46,586 - INFO - spain_scraper.py:79 - Scraping data for 2025-04-03
2026-01-05 15:18:51,943 - INFO - spain_scraper.py:86 - Successfully collected data for 2025-04-03
2026-01-05 15:18:54,539 - INFO - spain_scraper.py:79 - Scraping data for 2025-04-04
2026-01-05 15:18:59,872 - INFO - spain_scraper.py:86 - Successfully collected data for 2025-04-04
2026-01-05 15:19:03,499 - INFO - spain_scraper.py:79 - Scraping data for 2025-04-05
2026-01-05 15:19:08,829 - INFO - spain_scraper.py:86 - Successfully collected data for 2025-04-05
2026-01-05 15:19:11,542 - INFO - spain_scraper.py:79 - Scraping data for 2025-04-06
2026-01-05 15:19:16,885 - INFO - spain_scraper.py:86 - Successfully collected data for 2025-04-06
2026-01-05 15:19:20,535 - INFO - spain_scraper.py:79 - Scraping data for 2025-04-07
2026-01-05 15:19:25,887 - INFO - spain_scraper.py:86 - Successfully collected data for 2025-04-07
2026-01-05 15:19:28,327 - INFO - spain_scraper.py:79 - Scraping data for 2025-04-08
2026-01-05 15:19:33,727 - INFO - spain_scraper.py:86 - Successfully collected data for 2025-04-08
2026-01-05 15:19:36,504 - INFO - spain_scraper.py:79 - Scraping data for 2025-04-09
2026-01-05 15:19:41,806 - INFO - spain_scraper.py:86 - Successfully collected data for 2025-04-09
2026-01-05 15:19:45,807 - INFO - spain_scraper.py:79 - Scraping data for 2025-04-10
2026-01-05 15:19:51,132 - INFO - spain_scraper.py:86 - Successfully collected data for 2025-04-10
2026-01-05 15:19:54,587 - INFO - spain_scraper.py:51 - Taking a longer break after 100 requests...
2026-01-05 15:20:59,310 - INFO - spain_scraper.py:79 - Scraping data for 2025-04-11
2026-01-05 15:21:04,653 - INFO - spain_scraper.py:86 - Successfully collected data for 2025-04-11
2026-01-05 15:21:07,444 - INFO - spain_scraper.py:79 - Scraping data for 2025-04-12
2026-01-05 15:21:12,778 - INFO - spain_scraper.py:86 - Successfully collected data for 2025-04-12
2026-01-05 15:21:15,693 - INFO - spain_scraper.py:79 - Scraping data for 2025-04-13
2026-01-05 15:21:21,084 - INFO - spain_scraper.py:86 - Successfully collected data for 2025-04-13
2026-01-05 15:21:24,520 - INFO - spain_scraper.py:79 - Scraping data for 2025-04-14
2026-01-05 15:21:29,823 - INFO - spain_scraper.py:86 - Successfully collected data for 2025-04-14
2026-01-05 15:21:33,729 - INFO - spain_scraper.py:79 - Scraping data for 2025-04-15
2026-01-05 15:21:39,068 - INFO - spain_scraper.py:86 - Successfully collected data for 2025-04-15
2026-01-05 15:21:42,728 - INFO - spain_scraper.py:79 - Scraping data for 2025-04-16
2026-01-05 15:21:48,071 - INFO - spain_scraper.py:86 - Successfully collected data for 2025-04-16
2026-01-05 15:21:50,231 - INFO - spain_scraper.py:79 - Scraping data for 2025-04-17
2026-01-05 15:21:55,619 - INFO - spain_scraper.py:86 - Successfully collected data for 2025-04-17
2026-01-05 15:21:59,382 - INFO - spain_scraper.py:79 - Scraping data for 2025-04-18
2026-01-05 15:22:04,705 - INFO - spain_scraper.py:86 - Successfully collected data for 2025-04-18
2026-01-05 15:22:07,547 - INFO - spain_scraper.py:79 - Scraping data for 2025-04-19
2026-01-05 15:22:12,899 - INFO - spain_scraper.py:86 - Successfully collected data for 2025-04-19
2026-01-05 15:22:16,497 - INFO - spain_scraper.py:79 - Scraping data for 2025-04-20
2026-01-05 15:22:21,890 - INFO - spain_scraper.py:86 - Successfully collected data for 2025-04-20
2026-01-05 15:22:25,561 - INFO - spain_scraper.py:79 - Scraping data for 2025-04-21
2026-01-05 15:22:30,866 - INFO - spain_scraper.py:86 - Successfully collected data for 2025-04-21
2026-01-05 15:22:33,644 - INFO - spain_scraper.py:79 - Scraping data for 2025-04-22
2026-01-05 15:22:39,014 - INFO - spain_scraper.py:86 - Successfully collected data for 2025-04-22
2026-01-05 15:22:42,971 - INFO - spain_scraper.py:79 - Scraping data for 2025-04-23
2026-01-05 15:22:48,319 - INFO - spain_scraper.py:86 - Successfully collected data for 2025-04-23
2026-01-05 15:22:51,148 - INFO - spain_scraper.py:79 - Scraping data for 2025-04-24
2026-01-05 15:22:56,517 - INFO - spain_scraper.py:86 - Successfully collected data for 2025-04-24
2026-01-05 15:22:59,827 - INFO - spain_scraper.py:79 - Scraping data for 2025-04-25
2026-01-05 15:23:05,194 - INFO - spain_scraper.py:86 - Successfully collected data for 2025-04-25
2026-01-05 15:23:07,899 - INFO - spain_scraper.py:79 - Scraping data for 2025-04-26
2026-01-05 15:23:13,297 - INFO - spain_scraper.py:86 - Successfully collected data for 2025-04-26
2026-01-05 15:23:16,196 - INFO - spain_scraper.py:79 - Scraping data for 2025-04-27
2026-01-05 15:23:21,534 - INFO - spain_scraper.py:86 - Successfully collected data for 2025-04-27
2026-01-05 15:23:25,421 - INFO - spain_scraper.py:79 - Scraping data for 2025-04-28
2026-01-05 15:23:30,746 - INFO - spain_scraper.py:86 - Successfully collected data for 2025-04-28
2026-01-05 15:23:33,059 - INFO - spain_scraper.py:79 - Scraping data for 2025-04-29
2026-01-05 15:23:38,430 - INFO - spain_scraper.py:86 - Successfully collected data for 2025-04-29
2026-01-05 15:23:42,246 - INFO - spain_scraper.py:79 - Scraping data for 2025-04-30
2026-01-05 15:23:47,609 - INFO - spain_scraper.py:86 - Successfully collected data for 2025-04-30
2026-01-05 15:23:51,265 - INFO - spain_scraper.py:79 - Scraping data for 2025-05-01
2026-01-05 15:23:56,623 - INFO - spain_scraper.py:86 - Successfully collected data for 2025-05-01
2026-01-05 15:23:58,772 - INFO - spain_scraper.py:79 - Scraping data for 2025-05-02
2026-01-05 15:24:04,145 - INFO - spain_scraper.py:86 - Successfully collected data for 2025-05-02
2026-01-05 15:24:06,220 - INFO - spain_scraper.py:79 - Scraping data for 2025-05-03
2026-01-05 15:24:11,568 - INFO - spain_scraper.py:86 - Successfully collected data for 2025-05-03
2026-01-05 15:24:15,495 - INFO - spain_scraper.py:79 - Scraping data for 2025-05-04
2026-01-05 15:24:20,828 - INFO - spain_scraper.py:86 - Successfully collected data for 2025-05-04
2026-01-05 15:24:22,870 - INFO - spain_scraper.py:79 - Scraping data for 2025-05-05
2026-01-05 15:24:28,215 - INFO - spain_scraper.py:86 - Successfully collected data for 2025-05-05
2026-01-05 15:24:32,072 - INFO - spain_scraper.py:79 - Scraping data for 2025-05-06
2026-01-05 15:24:37,432 - INFO - spain_scraper.py:86 - Successfully collected data for 2025-05-06
2026-01-05 15:24:40,611 - INFO - spain_scraper.py:79 - Scraping data for 2025-05-07
2026-01-05 15:24:45,975 - INFO - spain_scraper.py:86 - Successfully collected data for 2025-05-07
2026-01-05 15:24:48,437 - INFO - spain_scraper.py:79 - Scraping data for 2025-05-08
2026-01-05 15:24:53,794 - INFO - spain_scraper.py:86 - Successfully collected data for 2025-05-08
2026-01-05 15:24:56,816 - INFO - spain_scraper.py:79 - Scraping data for 2025-05-09
2026-01-05 15:25:02,163 - INFO - spain_scraper.py:86 - Successfully collected data for 2025-05-09
2026-01-05 15:25:04,329 - INFO - spain_scraper.py:79 - Scraping data for 2025-05-10
2026-01-05 15:25:09,690 - INFO - spain_scraper.py:86 - Successfully collected data for 2025-05-10
2026-01-05 15:25:13,476 - INFO - spain_scraper.py:79 - Scraping data for 2025-05-11
2026-01-05 15:25:18,842 - INFO - spain_scraper.py:86 - Successfully collected data for 2025-05-11
2026-01-05 15:25:21,704 - INFO - spain_scraper.py:79 - Scraping data for 2025-05-12
2026-01-05 15:25:27,052 - INFO - spain_scraper.py:86 - Successfully collected data for 2025-05-12
2026-01-05 15:25:30,595 - INFO - spain_scraper.py:79 - Scraping data for 2025-05-13
2026-01-05 15:25:35,950 - INFO - spain_scraper.py:86 - Successfully collected data for 2025-05-13
2026-01-05 15:25:38,099 - INFO - spain_scraper.py:79 - Scraping data for 2025-05-14
2026-01-05 15:25:43,445 - INFO - spain_scraper.py:86 - Successfully collected data for 2025-05-14
2026-01-05 15:25:45,995 - INFO - spain_scraper.py:79 - Scraping data for 2025-05-15
2026-01-05 15:25:51,380 - INFO - spain_scraper.py:86 - Successfully collected data for 2025-05-15
2026-01-05 15:25:54,976 - INFO - spain_scraper.py:79 - Scraping data for 2025-05-16
2026-01-05 15:26:00,327 - INFO - spain_scraper.py:86 - Successfully collected data for 2025-05-16
2026-01-05 15:26:03,391 - INFO - spain_scraper.py:79 - Scraping data for 2025-05-17
2026-01-05 15:26:08,773 - INFO - spain_scraper.py:86 - Successfully collected data for 2025-05-17
2026-01-05 15:26:12,462 - INFO - spain_scraper.py:79 - Scraping data for 2025-05-18
2026-01-05 15:26:17,805 - INFO - spain_scraper.py:86 - Successfully collected data for 2025-05-18
2026-01-05 15:26:20,961 - INFO - spain_scraper.py:79 - Scraping data for 2025-05-19
2026-01-05 15:26:26,372 - INFO - spain_scraper.py:86 - Successfully collected data for 2025-05-19
2026-01-05 15:26:28,976 - INFO - spain_scraper.py:79 - Scraping data for 2025-05-20
2026-01-05 15:26:34,379 - INFO - spain_scraper.py:86 - Successfully collected data for 2025-05-20
2026-01-05 15:26:37,280 - INFO - spain_scraper.py:79 - Scraping data for 2025-05-21
2026-01-05 15:26:42,668 - INFO - spain_scraper.py:86 - Successfully collected data for 2025-05-21
2026-01-05 15:26:46,553 - INFO - spain_scraper.py:79 - Scraping data for 2025-05-22
2026-01-05 15:26:51,879 - INFO - spain_scraper.py:86 - Successfully collected data for 2025-05-22
2026-01-05 15:26:55,740 - INFO - spain_scraper.py:79 - Scraping data for 2025-05-23
2026-01-05 15:27:01,117 - INFO - spain_scraper.py:86 - Successfully collected data for 2025-05-23
2026-01-05 15:27:03,484 - INFO - spain_scraper.py:79 - Scraping data for 2025-05-24
2026-01-05 15:27:08,835 - INFO - spain_scraper.py:86 - Successfully collected data for 2025-05-24
2026-01-05 15:27:10,925 - INFO - spain_scraper.py:79 - Scraping data for 2025-05-25
2026-01-05 15:27:16,307 - INFO - spain_scraper.py:86 - Successfully collected data for 2025-05-25
2026-01-05 15:27:19,744 - INFO - spain_scraper.py:79 - Scraping data for 2025-05-26
2026-01-05 15:27:25,120 - INFO - spain_scraper.py:86 - Successfully collected data for 2025-05-26
2026-01-05 15:27:28,552 - INFO - spain_scraper.py:79 - Scraping data for 2025-05-27
2026-01-05 15:27:34,060 - INFO - spain_scraper.py:86 - Successfully collected data for 2025-05-27
2026-01-05 15:27:37,475 - INFO - spain_scraper.py:79 - Scraping data for 2025-05-28
2026-01-05 15:27:42,835 - INFO - spain_scraper.py:86 - Successfully collected data for 2025-05-28
2026-01-05 15:27:45,935 - INFO - spain_scraper.py:79 - Scraping data for 2025-05-29
2026-01-05 15:27:51,294 - INFO - spain_scraper.py:86 - Successfully collected data for 2025-05-29
2026-01-05 15:27:54,008 - INFO - spain_scraper.py:79 - Scraping data for 2025-05-30
2026-01-05 15:27:59,394 - INFO - spain_scraper.py:86 - Successfully collected data for 2025-05-30
2026-01-05 15:28:02,766 - INFO - spain_scraper.py:79 - Scraping data for 2025-05-31
2026-01-05 15:28:08,148 - INFO - spain_scraper.py:86 - Successfully collected data for 2025-05-31
2026-01-05 15:28:10,696 - INFO - spain_scraper.py:79 - Scraping data for 2025-06-01
2026-01-05 15:28:16,079 - INFO - spain_scraper.py:86 - Successfully collected data for 2025-06-01
2026-01-05 15:28:19,373 - INFO - spain_scraper.py:79 - Scraping data for 2025-06-02
2026-01-05 15:28:24,733 - INFO - spain_scraper.py:86 - Successfully collected data for 2025-06-02
2026-01-05 15:28:27,073 - INFO - spain_scraper.py:79 - Scraping data for 2025-06-03
2026-01-05 15:28:32,391 - INFO - spain_scraper.py:86 - Successfully collected data for 2025-06-03
2026-01-05 15:28:35,035 - INFO - spain_scraper.py:79 - Scraping data for 2025-06-04
2026-01-05 15:28:40,388 - INFO - spain_scraper.py:86 - Successfully collected data for 2025-06-04
2026-01-05 15:28:43,729 - INFO - spain_scraper.py:79 - Scraping data for 2025-06-05
2026-01-05 15:28:49,131 - INFO - spain_scraper.py:86 - Successfully collected data for 2025-06-05
2026-01-05 15:28:51,456 - INFO - spain_scraper.py:79 - Scraping data for 2025-06-06
2026-01-05 15:28:56,852 - INFO - spain_scraper.py:86 - Successfully collected data for 2025-06-06
2026-01-05 15:29:00,234 - INFO - spain_scraper.py:79 - Scraping data for 2025-06-07
2026-01-05 15:29:05,574 - INFO - spain_scraper.py:86 - Successfully collected data for 2025-06-07
2026-01-05 15:29:09,383 - INFO - spain_scraper.py:79 - Scraping data for 2025-06-08
2026-01-05 15:29:14,695 - INFO - spain_scraper.py:86 - Successfully collected data for 2025-06-08
2026-01-05 15:29:18,140 - INFO - spain_scraper.py:79 - Scraping data for 2025-06-09
2026-01-05 15:29:23,529 - INFO - spain_scraper.py:86 - Successfully collected data for 2025-06-09
2026-01-05 15:29:25,547 - INFO - spain_scraper.py:79 - Scraping data for 2025-06-10
2026-01-05 15:29:30,924 - INFO - spain_scraper.py:86 - Successfully collected data for 2025-06-10
2026-01-05 15:29:33,788 - INFO - spain_scraper.py:79 - Scraping data for 2025-06-11
2026-01-05 15:29:39,168 - INFO - spain_scraper.py:86 - Successfully collected data for 2025-06-11
2026-01-05 15:29:41,839 - INFO - spain_scraper.py:79 - Scraping data for 2025-06-12
2026-01-05 15:29:47,208 - INFO - spain_scraper.py:86 - Successfully collected data for 2025-06-12
2026-01-05 15:29:49,491 - INFO - spain_scraper.py:79 - Scraping data for 2025-06-13
2026-01-05 15:29:54,894 - INFO - spain_scraper.py:86 - Successfully collected data for 2025-06-13
2026-01-05 15:29:57,768 - INFO - spain_scraper.py:79 - Scraping data for 2025-06-14
2026-01-05 15:30:03,135 - INFO - spain_scraper.py:86 - Successfully collected data for 2025-06-14
2026-01-05 15:30:05,889 - INFO - spain_scraper.py:79 - Scraping data for 2025-06-15
2026-01-05 15:30:11,248 - INFO - spain_scraper.py:86 - Successfully collected data for 2025-06-15
2026-01-05 15:30:14,077 - INFO - spain_scraper.py:79 - Scraping data for 2025-06-16
2026-01-05 15:30:19,475 - INFO - spain_scraper.py:86 - Successfully collected data for 2025-06-16
2026-01-05 15:30:22,466 - INFO - spain_scraper.py:79 - Scraping data for 2025-06-17
2026-01-05 15:30:27,872 - INFO - spain_scraper.py:86 - Successfully collected data for 2025-06-17
2026-01-05 15:30:30,238 - INFO - spain_scraper.py:79 - Scraping data for 2025-06-18
2026-01-05 15:30:35,618 - INFO - spain_scraper.py:86 - Successfully collected data for 2025-06-18
2026-01-05 15:30:39,368 - INFO - spain_scraper.py:79 - Scraping data for 2025-06-19
2026-01-05 15:30:44,802 - INFO - spain_scraper.py:86 - Successfully collected data for 2025-06-19
2026-01-05 15:30:48,090 - INFO - spain_scraper.py:79 - Scraping data for 2025-06-20
2026-01-05 15:30:53,470 - INFO - spain_scraper.py:86 - Successfully collected data for 2025-06-20
2026-01-05 15:30:55,945 - INFO - spain_scraper.py:79 - Scraping data for 2025-06-21
2026-01-05 15:31:01,342 - INFO - spain_scraper.py:86 - Successfully collected data for 2025-06-21
2026-01-05 15:31:03,850 - INFO - spain_scraper.py:79 - Scraping data for 2025-06-22
2026-01-05 15:31:09,248 - INFO - spain_scraper.py:86 - Successfully collected data for 2025-06-22
2026-01-05 15:31:12,515 - INFO - spain_scraper.py:79 - Scraping data for 2025-06-23
2026-01-05 15:31:17,921 - INFO - spain_scraper.py:86 - Successfully collected data for 2025-06-23
2026-01-05 15:31:20,162 - INFO - spain_scraper.py:79 - Scraping data for 2025-06-24
2026-01-05 15:31:25,570 - INFO - spain_scraper.py:86 - Successfully collected data for 2025-06-24
2026-01-05 15:31:28,806 - INFO - spain_scraper.py:79 - Scraping data for 2025-06-25
2026-01-05 15:31:34,142 - INFO - spain_scraper.py:86 - Successfully collected data for 2025-06-25
2026-01-05 15:31:38,073 - INFO - spain_scraper.py:79 - Scraping data for 2025-06-26
2026-01-05 15:31:43,442 - INFO - spain_scraper.py:86 - Successfully collected data for 2025-06-26
2026-01-05 15:31:45,687 - INFO - spain_scraper.py:79 - Scraping data for 2025-06-27
2026-01-05 15:31:51,061 - INFO - spain_scraper.py:86 - Successfully collected data for 2025-06-27
2026-01-05 15:31:53,109 - INFO - spain_scraper.py:79 - Scraping data for 2025-06-28
2026-01-05 15:31:58,464 - INFO - spain_scraper.py:86 - Successfully collected data for 2025-06-28
2026-01-05 15:32:00,803 - INFO - spain_scraper.py:79 - Scraping data for 2025-06-29
2026-01-05 15:32:06,213 - INFO - spain_scraper.py:86 - Successfully collected data for 2025-06-29
2026-01-05 15:32:09,749 - INFO - spain_scraper.py:79 - Scraping data for 2025-06-30
2026-01-05 15:32:15,124 - INFO - spain_scraper.py:86 - Successfully collected data for 2025-06-30
2026-01-05 15:32:18,368 - INFO - spain_scraper.py:79 - Scraping data for 2025-07-01
2026-01-05 15:32:23,711 - INFO - spain_scraper.py:86 - Successfully collected data for 2025-07-01
2026-01-05 15:32:25,754 - INFO - spain_scraper.py:79 - Scraping data for 2025-07-02
2026-01-05 15:32:31,136 - INFO - spain_scraper.py:86 - Successfully collected data for 2025-07-02
2026-01-05 15:32:34,608 - INFO - spain_scraper.py:79 - Scraping data for 2025-07-03
2026-01-05 15:32:39,998 - INFO - spain_scraper.py:86 - Successfully collected data for 2025-07-03
2026-01-05 15:32:43,547 - INFO - spain_scraper.py:79 - Scraping data for 2025-07-04
2026-01-05 15:32:48,924 - INFO - spain_scraper.py:86 - Successfully collected data for 2025-07-04
2026-01-05 15:32:52,104 - INFO - spain_scraper.py:79 - Scraping data for 2025-07-05
2026-01-05 15:32:57,442 - INFO - spain_scraper.py:86 - Successfully collected data for 2025-07-05
2026-01-05 15:33:00,564 - INFO - spain_scraper.py:79 - Scraping data for 2025-07-06
2026-01-05 15:33:05,918 - INFO - spain_scraper.py:86 - Successfully collected data for 2025-07-06
2026-01-05 15:33:09,011 - INFO - spain_scraper.py:79 - Scraping data for 2025-07-07
2026-01-05 15:33:14,359 - INFO - spain_scraper.py:86 - Successfully collected data for 2025-07-07
2026-01-05 15:33:17,482 - INFO - spain_scraper.py:79 - Scraping data for 2025-07-08
2026-01-05 15:33:22,848 - INFO - spain_scraper.py:86 - Successfully collected data for 2025-07-08
2026-01-05 15:33:25,894 - INFO - spain_scraper.py:79 - Scraping data for 2025-07-09
2026-01-05 15:33:31,237 - INFO - spain_scraper.py:86 - Successfully collected data for 2025-07-09
2026-01-05 15:33:34,365 - INFO - spain_scraper.py:79 - Scraping data for 2025-07-10
2026-01-05 15:33:39,741 - INFO - spain_scraper.py:86 - Successfully collected data for 2025-07-10
2026-01-05 15:33:42,950 - INFO - spain_scraper.py:79 - Scraping data for 2025-07-11
2026-01-05 15:33:48,306 - INFO - spain_scraper.py:86 - Successfully collected data for 2025-07-11
2026-01-05 15:33:51,336 - INFO - spain_scraper.py:79 - Scraping data for 2025-07-12
2026-01-05 15:33:56,740 - INFO - spain_scraper.py:86 - Successfully collected data for 2025-07-12
2026-01-05 15:33:59,509 - INFO - spain_scraper.py:79 - Scraping data for 2025-07-13
2026-01-05 15:34:04,900 - INFO - spain_scraper.py:86 - Successfully collected data for 2025-07-13
2026-01-05 15:34:08,808 - INFO - spain_scraper.py:79 - Scraping data for 2025-07-14
2026-01-05 15:34:14,178 - INFO - spain_scraper.py:86 - Successfully collected data for 2025-07-14
2026-01-05 15:34:17,963 - INFO - spain_scraper.py:79 - Scraping data for 2025-07-15
2026-01-05 15:34:23,344 - INFO - spain_scraper.py:86 - Successfully collected data for 2025-07-15
2026-01-05 15:34:26,725 - INFO - spain_scraper.py:79 - Scraping data for 2025-07-16
2026-01-05 15:34:32,090 - INFO - spain_scraper.py:86 - Successfully collected data for 2025-07-16
2026-01-05 15:34:34,388 - INFO - spain_scraper.py:79 - Scraping data for 2025-07-17
2026-01-05 15:34:39,747 - INFO - spain_scraper.py:86 - Successfully collected data for 2025-07-17
2026-01-05 15:34:42,035 - INFO - spain_scraper.py:79 - Scraping data for 2025-07-18
2026-01-05 15:34:47,459 - INFO - spain_scraper.py:86 - Successfully collected data for 2025-07-18
2026-01-05 15:34:49,568 - INFO - spain_scraper.py:79 - Scraping data for 2025-07-19
2026-01-05 15:34:54,978 - INFO - spain_scraper.py:86 - Successfully collected data for 2025-07-19
2026-01-05 15:34:57,704 - INFO - spain_scraper.py:51 - Taking a longer break after 200 requests...
2026-01-05 15:36:06,380 - INFO - spain_scraper.py:79 - Scraping data for 2025-07-20
2026-01-05 15:36:11,802 - INFO - spain_scraper.py:86 - Successfully collected data for 2025-07-20
2026-01-05 15:36:14,330 - INFO - spain_scraper.py:79 - Scraping data for 2025-07-21
2026-01-05 15:36:19,694 - INFO - spain_scraper.py:86 - Successfully collected data for 2025-07-21
2026-01-05 15:36:22,181 - INFO - spain_scraper.py:79 - Scraping data for 2025-07-22
2026-01-05 15:36:27,573 - INFO - spain_scraper.py:86 - Successfully collected data for 2025-07-22
2026-01-05 15:36:29,880 - INFO - spain_scraper.py:79 - Scraping data for 2025-07-23
2026-01-05 15:36:35,373 - INFO - spain_scraper.py:86 - Successfully collected data for 2025-07-23
2026-01-05 15:36:38,285 - INFO - spain_scraper.py:79 - Scraping data for 2025-07-24
2026-01-05 15:36:43,643 - INFO - spain_scraper.py:86 - Successfully collected data for 2025-07-24
2026-01-05 15:36:47,082 - INFO - spain_scraper.py:79 - Scraping data for 2025-07-25
2026-01-05 15:36:52,513 - INFO - spain_scraper.py:86 - Successfully collected data for 2025-07-25
2026-01-05 15:36:55,287 - INFO - spain_scraper.py:79 - Scraping data for 2025-07-26
2026-01-05 15:37:00,667 - INFO - spain_scraper.py:86 - Successfully collected data for 2025-07-26
2026-01-05 15:37:03,636 - INFO - spain_scraper.py:79 - Scraping data for 2025-07-27
2026-01-05 15:37:09,119 - INFO - spain_scraper.py:86 - Successfully collected data for 2025-07-27
2026-01-05 15:37:11,984 - INFO - spain_scraper.py:79 - Scraping data for 2025-07-28
2026-01-05 15:37:17,355 - INFO - spain_scraper.py:86 - Successfully collected data for 2025-07-28
2026-01-05 15:37:21,291 - INFO - spain_scraper.py:79 - Scraping data for 2025-07-29
2026-01-05 15:37:26,705 - INFO - spain_scraper.py:86 - Successfully collected data for 2025-07-29
2026-01-05 15:37:29,235 - INFO - spain_scraper.py:79 - Scraping data for 2025-07-30
2026-01-05 15:37:34,595 - INFO - spain_scraper.py:86 - Successfully collected data for 2025-07-30
2026-01-05 15:37:37,852 - INFO - spain_scraper.py:79 - Scraping data for 2025-07-31
2026-01-05 15:37:43,272 - INFO - spain_scraper.py:86 - Successfully collected data for 2025-07-31
2026-01-05 15:37:46,472 - INFO - spain_scraper.py:79 - Scraping data for 2025-08-01
2026-01-05 15:37:51,827 - INFO - spain_scraper.py:86 - Successfully collected data for 2025-08-01
2026-01-05 15:37:55,718 - INFO - spain_scraper.py:79 - Scraping data for 2025-08-02
2026-01-05 15:38:01,071 - INFO - spain_scraper.py:86 - Successfully collected data for 2025-08-02
2026-01-05 15:38:03,842 - INFO - spain_scraper.py:79 - Scraping data for 2025-08-03
2026-01-05 15:38:09,234 - INFO - spain_scraper.py:86 - Successfully collected data for 2025-08-03
2026-01-05 15:38:11,730 - INFO - spain_scraper.py:79 - Scraping data for 2025-08-04
2026-01-05 15:38:17,143 - INFO - spain_scraper.py:86 - Successfully collected data for 2025-08-04
2026-01-05 15:38:19,615 - INFO - spain_scraper.py:79 - Scraping data for 2025-08-05
2026-01-05 15:38:24,972 - INFO - spain_scraper.py:86 - Successfully collected data for 2025-08-05
2026-01-05 15:38:27,519 - INFO - spain_scraper.py:79 - Scraping data for 2025-08-06
2026-01-05 15:38:32,910 - INFO - spain_scraper.py:86 - Successfully collected data for 2025-08-06
2026-01-05 15:38:35,993 - INFO - spain_scraper.py:79 - Scraping data for 2025-08-07
2026-01-05 15:38:41,394 - INFO - spain_scraper.py:86 - Successfully collected data for 2025-08-07
2026-01-05 15:38:44,153 - INFO - spain_scraper.py:79 - Scraping data for 2025-08-08
2026-01-05 15:38:49,560 - INFO - spain_scraper.py:86 - Successfully collected data for 2025-08-08
2026-01-05 15:38:52,504 - INFO - spain_scraper.py:79 - Scraping data for 2025-08-09
2026-01-05 15:38:57,888 - INFO - spain_scraper.py:86 - Successfully collected data for 2025-08-09
2026-01-05 15:39:00,754 - INFO - spain_scraper.py:79 - Scraping data for 2025-08-10
2026-01-05 15:39:06,122 - INFO - spain_scraper.py:86 - Successfully collected data for 2025-08-10
2026-01-05 15:39:09,721 - INFO - spain_scraper.py:79 - Scraping data for 2025-08-11
2026-01-05 15:39:15,151 - INFO - spain_scraper.py:86 - Successfully collected data for 2025-08-11
2026-01-05 15:39:17,275 - INFO - spain_scraper.py:79 - Scraping data for 2025-08-12
2026-01-05 15:39:22,643 - INFO - spain_scraper.py:86 - Successfully collected data for 2025-08-12
2026-01-05 15:39:25,493 - INFO - spain_scraper.py:79 - Scraping data for 2025-08-13
2026-01-05 15:39:30,940 - INFO - spain_scraper.py:86 - Successfully collected data for 2025-08-13
2026-01-05 15:39:32,977 - INFO - spain_scraper.py:79 - Scraping data for 2025-08-14
2026-01-05 15:39:38,353 - INFO - spain_scraper.py:86 - Successfully collected data for 2025-08-14
2026-01-05 15:39:40,662 - INFO - spain_scraper.py:79 - Scraping data for 2025-08-15
2026-01-05 15:39:46,086 - INFO - spain_scraper.py:86 - Successfully collected data for 2025-08-15
2026-01-05 15:39:48,819 - INFO - spain_scraper.py:79 - Scraping data for 2025-08-16
2026-01-05 15:39:54,252 - INFO - spain_scraper.py:86 - Successfully collected data for 2025-08-16
2026-01-05 15:39:56,765 - INFO - spain_scraper.py:79 - Scraping data for 2025-08-17
2026-01-05 15:40:02,188 - INFO - spain_scraper.py:86 - Successfully collected data for 2025-08-17
2026-01-05 15:40:06,056 - INFO - spain_scraper.py:79 - Scraping data for 2025-08-18
2026-01-05 15:40:11,532 - INFO - spain_scraper.py:86 - Successfully collected data for 2025-08-18
2026-01-05 15:40:14,575 - INFO - spain_scraper.py:79 - Scraping data for 2025-08-19
2026-01-05 15:40:19,992 - INFO - spain_scraper.py:86 - Successfully collected data for 2025-08-19
2026-01-05 15:40:23,119 - INFO - spain_scraper.py:79 - Scraping data for 2025-08-20
2026-01-05 15:40:28,535 - INFO - spain_scraper.py:86 - Successfully collected data for 2025-08-20
2026-01-05 15:40:31,772 - INFO - spain_scraper.py:79 - Scraping data for 2025-08-21
2026-01-05 15:40:37,225 - INFO - spain_scraper.py:86 - Successfully collected data for 2025-08-21
2026-01-05 15:40:40,430 - INFO - spain_scraper.py:79 - Scraping data for 2025-08-22
2026-01-05 15:40:45,836 - INFO - spain_scraper.py:86 - Successfully collected data for 2025-08-22
2026-01-05 15:40:49,241 - INFO - spain_scraper.py:79 - Scraping data for 2025-08-23
2026-01-05 15:40:54,621 - INFO - spain_scraper.py:86 - Successfully collected data for 2025-08-23
2026-01-05 15:40:57,626 - INFO - spain_scraper.py:79 - Scraping data for 2025-08-24
2026-01-05 15:41:03,029 - INFO - spain_scraper.py:86 - Successfully collected data for 2025-08-24
2026-01-05 15:41:06,361 - INFO - spain_scraper.py:79 - Scraping data for 2025-08-25
2026-01-05 15:41:11,756 - INFO - spain_scraper.py:86 - Successfully collected data for 2025-08-25
2026-01-05 15:41:14,928 - INFO - spain_scraper.py:79 - Scraping data for 2025-08-26
2026-01-05 15:41:20,311 - INFO - spain_scraper.py:86 - Successfully collected data for 2025-08-26
2026-01-05 15:41:22,454 - INFO - spain_scraper.py:79 - Scraping data for 2025-08-27
2026-01-05 15:41:27,896 - INFO - spain_scraper.py:86 - Successfully collected data for 2025-08-27
2026-01-05 15:41:30,150 - INFO - spain_scraper.py:79 - Scraping data for 2025-08-28
2026-01-05 15:41:35,620 - INFO - spain_scraper.py:86 - Successfully collected data for 2025-08-28
2026-01-05 15:41:38,083 - INFO - spain_scraper.py:79 - Scraping data for 2025-08-29
2026-01-05 15:41:43,410 - INFO - spain_scraper.py:86 - Successfully collected data for 2025-08-29
2026-01-05 15:41:46,352 - INFO - spain_scraper.py:79 - Scraping data for 2025-08-30
2026-01-05 15:41:51,721 - INFO - spain_scraper.py:86 - Successfully collected data for 2025-08-30
2026-01-05 15:41:54,494 - INFO - spain_scraper.py:79 - Scraping data for 2025-08-31
2026-01-05 15:41:59,964 - INFO - spain_scraper.py:86 - Successfully collected data for 2025-08-31
2026-01-05 15:42:03,852 - INFO - spain_scraper.py:79 - Scraping data for 2025-09-01
2026-01-05 15:42:09,307 - INFO - spain_scraper.py:86 - Successfully collected data for 2025-09-01
2026-01-05 15:42:11,998 - INFO - spain_scraper.py:79 - Scraping data for 2025-09-02
2026-01-05 15:42:17,437 - INFO - spain_scraper.py:86 - Successfully collected data for 2025-09-02
2026-01-05 15:42:20,630 - INFO - spain_scraper.py:79 - Scraping data for 2025-09-03
2026-01-05 15:42:26,031 - INFO - spain_scraper.py:86 - Successfully collected data for 2025-09-03
2026-01-05 15:42:29,151 - INFO - spain_scraper.py:79 - Scraping data for 2025-09-04
2026-01-05 15:42:34,627 - INFO - spain_scraper.py:86 - Successfully collected data for 2025-09-04
2026-01-05 15:42:38,258 - INFO - spain_scraper.py:79 - Scraping data for 2025-09-05
2026-01-05 15:42:43,676 - INFO - spain_scraper.py:86 - Successfully collected data for 2025-09-05
2026-01-05 15:42:45,924 - INFO - spain_scraper.py:79 - Scraping data for 2025-09-06
2026-01-05 15:42:51,412 - INFO - spain_scraper.py:86 - Successfully collected data for 2025-09-06
2026-01-05 15:42:53,669 - INFO - spain_scraper.py:79 - Scraping data for 2025-09-07
2026-01-05 15:42:59,053 - INFO - spain_scraper.py:86 - Successfully collected data for 2025-09-07
2026-01-05 15:43:02,525 - INFO - spain_scraper.py:79 - Scraping data for 2025-09-08
2026-01-05 15:43:07,958 - INFO - spain_scraper.py:86 - Successfully collected data for 2025-09-08
2026-01-05 15:43:10,371 - INFO - spain_scraper.py:79 - Scraping data for 2025-09-09
2026-01-05 15:43:15,824 - INFO - spain_scraper.py:86 - Successfully collected data for 2025-09-09
2026-01-05 15:43:18,949 - INFO - spain_scraper.py:79 - Scraping data for 2025-09-10
2026-01-05 15:43:24,384 - INFO - spain_scraper.py:86 - Successfully collected data for 2025-09-10
2026-01-05 15:43:27,384 - INFO - spain_scraper.py:79 - Scraping data for 2025-09-11
2026-01-05 15:43:32,806 - INFO - spain_scraper.py:86 - Successfully collected data for 2025-09-11
2026-01-05 15:43:36,667 - INFO - spain_scraper.py:79 - Scraping data for 2025-09-12
2026-01-05 15:43:42,104 - INFO - spain_scraper.py:86 - Successfully collected data for 2025-09-12
2026-01-05 15:43:44,208 - INFO - spain_scraper.py:79 - Scraping data for 2025-09-13
2026-01-05 15:43:49,658 - INFO - spain_scraper.py:86 - Successfully collected data for 2025-09-13
2026-01-05 15:43:53,483 - INFO - spain_scraper.py:79 - Scraping data for 2025-09-14
2026-01-05 15:43:58,926 - INFO - spain_scraper.py:86 - Successfully collected data for 2025-09-14
2026-01-05 15:44:01,087 - INFO - spain_scraper.py:79 - Scraping data for 2025-09-15
2026-01-05 15:44:06,529 - INFO - spain_scraper.py:86 - Successfully collected data for 2025-09-15
2026-01-05 15:44:09,990 - INFO - spain_scraper.py:79 - Scraping data for 2025-09-16
2026-01-05 15:44:15,448 - INFO - spain_scraper.py:86 - Successfully collected data for 2025-09-16
2026-01-05 15:44:19,092 - INFO - spain_scraper.py:79 - Scraping data for 2025-09-17
2026-01-05 15:44:24,547 - INFO - spain_scraper.py:86 - Successfully collected data for 2025-09-17
2026-01-05 15:44:27,127 - INFO - spain_scraper.py:79 - Scraping data for 2025-09-18
2026-01-05 15:44:32,563 - INFO - spain_scraper.py:86 - Successfully collected data for 2025-09-18
2026-01-05 15:44:35,385 - INFO - spain_scraper.py:79 - Scraping data for 2025-09-19
2026-01-05 15:44:40,840 - INFO - spain_scraper.py:86 - Successfully collected data for 2025-09-19
2026-01-05 15:44:42,854 - INFO - spain_scraper.py:79 - Scraping data for 2025-09-20
2026-01-05 15:44:48,298 - INFO - spain_scraper.py:86 - Successfully collected data for 2025-09-20
2026-01-05 15:44:51,662 - INFO - spain_scraper.py:79 - Scraping data for 2025-09-21
2026-01-05 15:44:57,036 - INFO - spain_scraper.py:86 - Successfully collected data for 2025-09-21
2026-01-05 15:45:00,561 - INFO - spain_scraper.py:79 - Scraping data for 2025-09-22
2026-01-05 15:45:05,987 - INFO - spain_scraper.py:86 - Successfully collected data for 2025-09-22
2026-01-05 15:45:09,040 - INFO - spain_scraper.py:79 - Scraping data for 2025-09-23
2026-01-05 15:45:14,408 - INFO - spain_scraper.py:86 - Successfully collected data for 2025-09-23
2026-01-05 15:45:16,452 - INFO - spain_scraper.py:79 - Scraping data for 2025-09-24
2026-01-05 15:45:21,889 - INFO - spain_scraper.py:86 - Successfully collected data for 2025-09-24
2026-01-05 15:45:24,092 - INFO - spain_scraper.py:79 - Scraping data for 2025-09-25
2026-01-05 15:45:29,478 - INFO - spain_scraper.py:86 - Successfully collected data for 2025-09-25
2026-01-05 15:45:31,940 - INFO - spain_scraper.py:79 - Scraping data for 2025-09-26
2026-01-05 15:45:37,363 - INFO - spain_scraper.py:86 - Successfully collected data for 2025-09-26
2026-01-05 15:45:41,122 - INFO - spain_scraper.py:79 - Scraping data for 2025-09-27
2026-01-05 15:45:46,508 - INFO - spain_scraper.py:86 - Successfully collected data for 2025-09-27
2026-01-05 15:45:48,733 - INFO - spain_scraper.py:79 - Scraping data for 2025-09-28
2026-01-05 15:45:54,153 - INFO - spain_scraper.py:86 - Successfully collected data for 2025-09-28
2026-01-05 15:45:56,230 - INFO - spain_scraper.py:79 - Scraping data for 2025-09-29
2026-01-05 15:46:01,660 - INFO - spain_scraper.py:86 - Successfully collected data for 2025-09-29
2026-01-05 15:46:04,399 - INFO - spain_scraper.py:79 - Scraping data for 2025-09-30
2026-01-05 15:46:09,880 - INFO - spain_scraper.py:86 - Successfully collected data for 2025-09-30
2026-01-05 15:46:12,709 - INFO - spain_scraper.py:79 - Scraping data for 2025-10-01
2026-01-05 15:46:18,110 - INFO - spain_scraper.py:86 - Successfully collected data for 2025-10-01
2026-01-05 15:46:20,491 - INFO - spain_scraper.py:79 - Scraping data for 2025-10-02
2026-01-05 15:46:25,977 - INFO - spain_scraper.py:86 - Successfully collected data for 2025-10-02
2026-01-05 15:46:28,598 - INFO - spain_scraper.py:79 - Scraping data for 2025-10-03
2026-01-05 15:46:34,063 - INFO - spain_scraper.py:86 - Successfully collected data for 2025-10-03
2026-01-05 15:46:37,507 - INFO - spain_scraper.py:79 - Scraping data for 2025-10-04
2026-01-05 15:46:42,937 - INFO - spain_scraper.py:86 - Successfully collected data for 2025-10-04
2026-01-05 15:46:46,422 - INFO - spain_scraper.py:79 - Scraping data for 2025-10-05
2026-01-05 15:46:51,827 - INFO - spain_scraper.py:86 - Successfully collected data for 2025-10-05
2026-01-05 15:46:55,649 - INFO - spain_scraper.py:79 - Scraping data for 2025-10-06
2026-01-05 15:47:01,099 - INFO - spain_scraper.py:86 - Successfully collected data for 2025-10-06
2026-01-05 15:47:04,610 - INFO - spain_scraper.py:79 - Scraping data for 2025-10-07
2026-01-05 15:47:10,037 - INFO - spain_scraper.py:86 - Successfully collected data for 2025-10-07
2026-01-05 15:47:13,538 - INFO - spain_scraper.py:79 - Scraping data for 2025-10-08
2026-01-05 15:47:18,996 - INFO - spain_scraper.py:86 - Successfully collected data for 2025-10-08
2026-01-05 15:47:21,649 - INFO - spain_scraper.py:79 - Scraping data for 2025-10-09
2026-01-05 15:47:27,142 - INFO - spain_scraper.py:86 - Successfully collected data for 2025-10-09
2026-01-05 15:47:29,829 - INFO - spain_scraper.py:79 - Scraping data for 2025-10-10
2026-01-05 15:47:35,299 - INFO - spain_scraper.py:86 - Successfully collected data for 2025-10-10
2026-01-05 15:47:37,807 - INFO - spain_scraper.py:79 - Scraping data for 2025-10-11
2026-01-05 15:47:43,336 - INFO - spain_scraper.py:86 - Successfully collected data for 2025-10-11
2026-01-05 15:47:45,949 - INFO - spain_scraper.py:79 - Scraping data for 2025-10-12
2026-01-05 15:47:51,427 - INFO - spain_scraper.py:86 - Successfully collected data for 2025-10-12
2026-01-05 15:47:53,998 - INFO - spain_scraper.py:79 - Scraping data for 2025-10-13
2026-01-05 15:47:59,460 - INFO - spain_scraper.py:86 - Successfully collected data for 2025-10-13
2026-01-05 15:48:01,674 - INFO - spain_scraper.py:79 - Scraping data for 2025-10-14
2026-01-05 15:48:07,170 - INFO - spain_scraper.py:86 - Successfully collected data for 2025-10-14
2026-01-05 15:48:09,648 - INFO - spain_scraper.py:79 - Scraping data for 2025-10-15
2026-01-05 15:48:15,123 - INFO - spain_scraper.py:86 - Successfully collected data for 2025-10-15
2026-01-05 15:48:17,776 - INFO - spain_scraper.py:79 - Scraping data for 2025-10-16
2026-01-05 15:48:23,274 - INFO - spain_scraper.py:86 - Successfully collected data for 2025-10-16
2026-01-05 15:48:26,287 - INFO - spain_scraper.py:79 - Scraping data for 2025-10-17
2026-01-05 15:48:31,746 - INFO - spain_scraper.py:86 - Successfully collected data for 2025-10-17
2026-01-05 15:48:34,523 - INFO - spain_scraper.py:79 - Scraping data for 2025-10-18
2026-01-05 15:48:40,009 - INFO - spain_scraper.py:86 - Successfully collected data for 2025-10-18
2026-01-05 15:48:43,341 - INFO - spain_scraper.py:79 - Scraping data for 2025-10-19
2026-01-05 15:48:48,817 - INFO - spain_scraper.py:86 - Successfully collected data for 2025-10-19
2026-01-05 15:48:52,127 - INFO - spain_scraper.py:79 - Scraping data for 2025-10-20
2026-01-05 15:48:57,603 - INFO - spain_scraper.py:86 - Successfully collected data for 2025-10-20
2026-01-05 15:49:00,920 - INFO - spain_scraper.py:79 - Scraping data for 2025-10-21
2026-01-05 15:49:06,353 - INFO - spain_scraper.py:86 - Successfully collected data for 2025-10-21
2026-01-05 15:49:08,804 - INFO - spain_scraper.py:79 - Scraping data for 2025-10-22
2026-01-05 15:49:14,211 - INFO - spain_scraper.py:86 - Successfully collected data for 2025-10-22
2026-01-05 15:49:17,383 - INFO - spain_scraper.py:79 - Scraping data for 2025-10-23
2026-01-05 15:49:22,872 - INFO - spain_scraper.py:86 - Successfully collected data for 2025-10-23
2026-01-05 15:49:26,128 - INFO - spain_scraper.py:79 - Scraping data for 2025-10-24
2026-01-05 15:49:31,590 - INFO - spain_scraper.py:86 - Successfully collected data for 2025-10-24
2026-01-05 15:49:34,357 - INFO - spain_scraper.py:79 - Scraping data for 2025-10-25
2026-01-05 15:49:39,770 - INFO - spain_scraper.py:86 - Successfully collected data for 2025-10-25
2026-01-05 15:49:43,335 - INFO - spain_scraper.py:79 - Scraping data for 2025-10-26
2026-01-05 15:49:48,838 - INFO - spain_scraper.py:86 - Successfully collected data for 2025-10-26
2026-01-05 15:49:51,502 - INFO - spain_scraper.py:79 - Scraping data for 2025-10-27
2026-01-05 15:49:56,968 - INFO - spain_scraper.py:86 - Successfully collected data for 2025-10-27
2026-01-05 15:50:00,278 - INFO - spain_scraper.py:51 - Taking a longer break after 300 requests...
2026-01-05 15:51:10,019 - INFO - spain_scraper.py:79 - Scraping data for 2025-10-28
2026-01-05 15:51:15,530 - INFO - spain_scraper.py:86 - Successfully collected data for 2025-10-28
2026-01-05 15:51:17,758 - INFO - spain_scraper.py:79 - Scraping data for 2025-10-29
2026-01-05 15:51:23,248 - INFO - spain_scraper.py:86 - Successfully collected data for 2025-10-29
2026-01-05 15:51:26,497 - INFO - spain_scraper.py:79 - Scraping data for 2025-10-30
2026-01-05 15:51:31,974 - INFO - spain_scraper.py:86 - Successfully collected data for 2025-10-30
2026-01-05 15:51:34,584 - INFO - spain_scraper.py:79 - Scraping data for 2025-10-31
2026-01-05 15:51:40,109 - INFO - spain_scraper.py:86 - Successfully collected data for 2025-10-31
2026-01-05 15:51:43,464 - INFO - spain_scraper.py:79 - Scraping data for 2025-11-01
2026-01-05 15:51:48,980 - INFO - spain_scraper.py:86 - Successfully collected data for 2025-11-01
2026-01-05 15:51:51,343 - INFO - spain_scraper.py:79 - Scraping data for 2025-11-02
2026-01-05 15:51:56,809 - INFO - spain_scraper.py:86 - Successfully collected data for 2025-11-02
2026-01-05 15:51:59,957 - INFO - spain_scraper.py:79 - Scraping data for 2025-11-03
2026-01-05 15:52:05,420 - INFO - spain_scraper.py:86 - Successfully collected data for 2025-11-03
2026-01-05 15:52:08,737 - INFO - spain_scraper.py:79 - Scraping data for 2025-11-04
2026-01-05 15:52:14,256 - INFO - spain_scraper.py:86 - Successfully collected data for 2025-11-04
2026-01-05 15:52:17,076 - INFO - spain_scraper.py:79 - Scraping data for 2025-11-05
2026-01-05 15:52:22,641 - INFO - spain_scraper.py:86 - Successfully collected data for 2025-11-05
2026-01-05 15:52:25,717 - INFO - spain_scraper.py:79 - Scraping data for 2025-11-06
2026-01-05 15:52:31,160 - INFO - spain_scraper.py:86 - Successfully collected data for 2025-11-06
2026-01-05 15:52:33,334 - INFO - spain_scraper.py:79 - Scraping data for 2025-11-07
2026-01-05 15:52:38,832 - INFO - spain_scraper.py:86 - Successfully collected data for 2025-11-07
2026-01-05 15:52:42,417 - INFO - spain_scraper.py:79 - Scraping data for 2025-11-08
2026-01-05 15:52:47,900 - INFO - spain_scraper.py:86 - Successfully collected data for 2025-11-08
2026-01-05 15:52:50,367 - INFO - spain_scraper.py:79 - Scraping data for 2025-11-09
2026-01-05 15:52:55,883 - INFO - spain_scraper.py:86 - Successfully collected data for 2025-11-09
2026-01-05 15:52:58,309 - INFO - spain_scraper.py:79 - Scraping data for 2025-11-10
2026-01-05 15:53:03,754 - INFO - spain_scraper.py:86 - Successfully collected data for 2025-11-10
2026-01-05 15:53:06,092 - INFO - spain_scraper.py:79 - Scraping data for 2025-11-11
2026-01-05 15:53:11,552 - INFO - spain_scraper.py:86 - Successfully collected data for 2025-11-11
2026-01-05 15:53:13,873 - INFO - spain_scraper.py:79 - Scraping data for 2025-11-12
2026-01-05 15:53:19,448 - INFO - spain_scraper.py:86 - Successfully collected data for 2025-11-12
2026-01-05 15:53:21,741 - INFO - spain_scraper.py:79 - Scraping data for 2025-11-13
2026-01-05 15:53:27,199 - INFO - spain_scraper.py:86 - Successfully collected data for 2025-11-13
2026-01-05 15:53:30,440 - INFO - spain_scraper.py:79 - Scraping data for 2025-11-14
2026-01-05 15:53:35,930 - INFO - spain_scraper.py:86 - Successfully collected data for 2025-11-14
2026-01-05 15:53:38,524 - INFO - spain_scraper.py:79 - Scraping data for 2025-11-15
2026-01-05 15:53:44,030 - INFO - spain_scraper.py:86 - Successfully collected data for 2025-11-15
2026-01-05 15:53:47,193 - INFO - spain_scraper.py:79 - Scraping data for 2025-11-16
2026-01-05 15:53:52,662 - INFO - spain_scraper.py:86 - Successfully collected data for 2025-11-16
2026-01-05 15:53:56,365 - INFO - spain_scraper.py:79 - Scraping data for 2025-11-17
2026-01-05 15:54:01,913 - INFO - spain_scraper.py:86 - Successfully collected data for 2025-11-17
2026-01-05 15:54:05,328 - INFO - spain_scraper.py:79 - Scraping data for 2025-11-18
2026-01-05 15:54:10,870 - INFO - spain_scraper.py:86 - Successfully collected data for 2025-11-18
2026-01-05 15:54:13,895 - INFO - spain_scraper.py:79 - Scraping data for 2025-11-19
2026-01-05 15:54:19,331 - INFO - spain_scraper.py:86 - Successfully collected data for 2025-11-19
2026-01-05 15:54:21,769 - INFO - spain_scraper.py:79 - Scraping data for 2025-11-20
2026-01-05 15:54:27,193 - INFO - spain_scraper.py:86 - Successfully collected data for 2025-11-20
2026-01-05 15:54:30,487 - INFO - spain_scraper.py:79 - Scraping data for 2025-11-21
2026-01-05 15:54:35,999 - INFO - spain_scraper.py:86 - Successfully collected data for 2025-11-21
2026-01-05 15:54:39,421 - INFO - spain_scraper.py:79 - Scraping data for 2025-11-22
2026-01-05 15:54:44,989 - INFO - spain_scraper.py:86 - Successfully collected data for 2025-11-22
2026-01-05 15:54:48,971 - INFO - spain_scraper.py:79 - Scraping data for 2025-11-23
2026-01-05 15:54:54,429 - INFO - spain_scraper.py:86 - Successfully collected data for 2025-11-23
2026-01-05 15:54:57,538 - INFO - spain_scraper.py:79 - Scraping data for 2025-11-24
2026-01-05 15:55:02,997 - INFO - spain_scraper.py:86 - Successfully collected data for 2025-11-24
2026-01-05 15:55:05,264 - INFO - spain_scraper.py:79 - Scraping data for 2025-11-25
2026-01-05 15:55:10,760 - INFO - spain_scraper.py:86 - Successfully collected data for 2025-11-25
2026-01-05 15:55:12,873 - INFO - spain_scraper.py:79 - Scraping data for 2025-11-26
2026-01-05 15:55:18,327 - INFO - spain_scraper.py:86 - Successfully collected data for 2025-11-26
2026-01-05 15:55:20,608 - INFO - spain_scraper.py:79 - Scraping data for 2025-11-27
2026-01-05 15:55:26,062 - INFO - spain_scraper.py:86 - Successfully collected data for 2025-11-27
2026-01-05 15:55:29,441 - INFO - spain_scraper.py:79 - Scraping data for 2025-11-28
2026-01-05 15:55:34,927 - INFO - spain_scraper.py:86 - Successfully collected data for 2025-11-28
2026-01-05 15:55:37,216 - INFO - spain_scraper.py:79 - Scraping data for 2025-11-29
2026-01-05 15:55:42,648 - INFO - spain_scraper.py:86 - Successfully collected data for 2025-11-29
2026-01-05 15:55:44,842 - INFO - spain_scraper.py:79 - Scraping data for 2025-11-30
2026-01-05 15:55:50,323 - INFO - spain_scraper.py:86 - Successfully collected data for 2025-11-30
2026-01-05 15:55:54,208 - INFO - spain_scraper.py:79 - Scraping data for 2025-12-01
2026-01-05 15:55:59,650 - INFO - spain_scraper.py:86 - Successfully collected data for 2025-12-01
2026-01-05 15:56:01,944 - INFO - spain_scraper.py:79 - Scraping data for 2025-12-02
2026-01-05 15:56:07,404 - INFO - spain_scraper.py:86 - Successfully collected data for 2025-12-02
2026-01-05 15:56:09,715 - INFO - spain_scraper.py:79 - Scraping data for 2025-12-03
2026-01-05 15:56:15,144 - INFO - spain_scraper.py:86 - Successfully collected data for 2025-12-03
2026-01-05 15:56:18,585 - INFO - spain_scraper.py:79 - Scraping data for 2025-12-04
2026-01-05 15:56:24,039 - INFO - spain_scraper.py:86 - Successfully collected data for 2025-12-04
2026-01-05 15:56:27,006 - INFO - spain_scraper.py:79 - Scraping data for 2025-12-05
2026-01-05 15:56:32,445 - INFO - spain_scraper.py:86 - Successfully collected data for 2025-12-05
2026-01-05 15:56:35,483 - INFO - spain_scraper.py:79 - Scraping data for 2025-12-06
2026-01-05 15:56:40,933 - INFO - spain_scraper.py:86 - Successfully collected data for 2025-12-06
2026-01-05 15:56:44,054 - INFO - spain_scraper.py:79 - Scraping data for 2025-12-07
2026-01-05 15:56:49,476 - INFO - spain_scraper.py:86 - Successfully collected data for 2025-12-07
2026-01-05 15:56:51,606 - INFO - spain_scraper.py:79 - Scraping data for 2025-12-08
2026-01-05 15:56:57,061 - INFO - spain_scraper.py:86 - Successfully collected data for 2025-12-08
2026-01-05 15:57:00,778 - INFO - spain_scraper.py:79 - Scraping data for 2025-12-09
2026-01-05 15:57:06,195 - INFO - spain_scraper.py:86 - Successfully collected data for 2025-12-09
2026-01-05 15:57:08,658 - INFO - spain_scraper.py:79 - Scraping data for 2025-12-10
2026-01-05 15:57:14,076 - INFO - spain_scraper.py:86 - Successfully collected data for 2025-12-10
2026-01-05 15:57:18,062 - INFO - spain_scraper.py:79 - Scraping data for 2025-12-11
2026-01-05 15:57:23,494 - INFO - spain_scraper.py:86 - Successfully collected data for 2025-12-11
2026-01-05 15:57:27,493 - INFO - spain_scraper.py:79 - Scraping data for 2025-12-12
2026-01-05 15:57:32,919 - INFO - spain_scraper.py:86 - Successfully collected data for 2025-12-12
2026-01-05 15:57:35,455 - INFO - spain_scraper.py:79 - Scraping data for 2025-12-13
2026-01-05 15:57:40,898 - INFO - spain_scraper.py:86 - Successfully collected data for 2025-12-13
2026-01-05 15:57:43,519 - INFO - spain_scraper.py:79 - Scraping data for 2025-12-14
2026-01-05 15:57:48,945 - INFO - spain_scraper.py:86 - Successfully collected data for 2025-12-14
2026-01-05 15:57:51,248 - INFO - spain_scraper.py:79 - Scraping data for 2025-12-15
2026-01-05 15:57:56,669 - INFO - spain_scraper.py:86 - Successfully collected data for 2025-12-15
2026-01-05 15:57:58,711 - INFO - spain_scraper.py:79 - Scraping data for 2025-12-16
2026-01-05 15:58:04,168 - INFO - spain_scraper.py:86 - Successfully collected data for 2025-12-16
2026-01-05 15:58:07,950 - INFO - spain_scraper.py:79 - Scraping data for 2025-12-17
2026-01-05 15:58:13,399 - INFO - spain_scraper.py:86 - Successfully collected data for 2025-12-17
2026-01-05 15:58:15,950 - INFO - spain_scraper.py:79 - Scraping data for 2025-12-18
2026-01-05 15:58:21,387 - INFO - spain_scraper.py:86 - Successfully collected data for 2025-12-18
2026-01-05 15:58:24,664 - INFO - spain_scraper.py:79 - Scraping data for 2025-12-19
2026-01-05 15:58:30,107 - INFO - spain_scraper.py:86 - Successfully collected data for 2025-12-19
2026-01-05 15:58:33,061 - INFO - spain_scraper.py:79 - Scraping data for 2025-12-20
2026-01-05 15:58:38,544 - INFO - spain_scraper.py:86 - Successfully collected data for 2025-12-20
2026-01-05 15:58:41,857 - INFO - spain_scraper.py:79 - Scraping data for 2025-12-21
2026-01-05 15:58:47,289 - INFO - spain_scraper.py:86 - Successfully collected data for 2025-12-21
2026-01-05 15:58:50,550 - INFO - spain_scraper.py:79 - Scraping data for 2025-12-22
2026-01-05 15:58:56,025 - INFO - spain_scraper.py:86 - Successfully collected data for 2025-12-22
2026-01-05 15:58:58,368 - INFO - spain_scraper.py:79 - Scraping data for 2025-12-23
2026-01-05 15:59:03,799 - INFO - spain_scraper.py:86 - Successfully collected data for 2025-12-23
2026-01-05 15:59:07,211 - INFO - spain_scraper.py:79 - Scraping data for 2025-12-24
2026-01-05 15:59:12,659 - INFO - spain_scraper.py:86 - Successfully collected data for 2025-12-24
2026-01-05 15:59:14,850 - INFO - spain_scraper.py:79 - Scraping data for 2025-12-25
2026-01-05 15:59:20,261 - INFO - spain_scraper.py:86 - Successfully collected data for 2025-12-25
2026-01-05 15:59:22,296 - INFO - spain_scraper.py:79 - Scraping data for 2025-12-26
2026-01-05 15:59:27,783 - INFO - spain_scraper.py:86 - Successfully collected data for 2025-12-26
2026-01-05 15:59:30,698 - INFO - spain_scraper.py:79 - Scraping data for 2025-12-27
2026-01-05 15:59:36,142 - INFO - spain_scraper.py:86 - Successfully collected data for 2025-12-27
2026-01-05 15:59:38,961 - INFO - spain_scraper.py:79 - Scraping data for 2025-12-28
2026-01-05 15:59:44,396 - INFO - spain_scraper.py:86 - Successfully collected data for 2025-12-28
2026-01-05 15:59:46,818 - INFO - spain_scraper.py:79 - Scraping data for 2025-12-29
2026-01-05 15:59:52,242 - INFO - spain_scraper.py:86 - Successfully collected data for 2025-12-29
2026-01-05 15:59:54,581 - INFO - spain_scraper.py:79 - Scraping data for 2025-12-30
2026-01-05 16:00:00,017 - INFO - spain_scraper.py:86 - Successfully collected data for 2025-12-30
2026-01-05 16:00:02,714 - INFO - spain_scraper.py:79 - Scraping data for 2025-12-31
2026-01-05 16:00:08,182 - INFO - spain_scraper.py:86 - Successfully collected data for 2025-12-31
2026-01-05 16:00:10,767 - INFO - spain_scraper.py:79 - Scraping data for 2026-01-01
2026-01-05 16:00:16,236 - INFO - spain_scraper.py:86 - Successfully collected data for 2026-01-01
2026-01-05 16:00:18,736 - INFO - spain_scraper.py:79 - Scraping data for 2026-01-02
2026-01-05 16:00:24,166 - INFO - spain_scraper.py:86 - Successfully collected data for 2026-01-02
2026-01-05 16:00:26,619 - INFO - spain_scraper.py:79 - Scraping data for 2026-01-03
2026-01-05 16:00:32,049 - INFO - spain_scraper.py:86 - Successfully collected data for 2026-01-03
2026-01-05 16:00:34,684 - INFO - spain_scraper.py:101 - Dataset saved to src\data\raw\spain\spain_gas_demand_2025-01-01_2026-01-03.csv
2026-01-05 16:00:36,817 - INFO - update_raw_data.py:47 - 
Scraping Results:
2026-01-05 16:00:36,817 - INFO - update_raw_data.py:50 - AustriaScraper: Success
2026-01-05 16:00:36,818 - INFO - update_raw_data.py:50 - BnetzaScraper: Success
2026-01-05 16:00:36,818 - INFO - update_raw_data.py:50 - DenmarkScraper: Success
2026-01-05 16:00:36,819 - INFO - update_raw_data.py:50 - EntsogScraper: Failed
2026-01-05 16:00:36,819 - INFO - update_raw_data.py:50 - EurostatScraper: Success
2026-01-05 16:00:36,819 - INFO - update_raw_data.py:50 - FranceScraper: Success
2026-01-05 16:00:36,819 - INFO - update_raw_data.py:50 - GermanyScraper: Success
2026-01-05 16:00:36,820 - INFO - update_raw_data.py:50 - UKScraper: Success
2026-01-05 16:00:36,820 - INFO - update_raw_data.py:50 - SpainScraper: Success
2026-01-05 16:00:36,861 - INFO - main.py:54 - Successfully extracted data for AustriaDemandExtractor
2026-01-05 16:00:36,886 - INFO - main.py:54 - Successfully extracted data for DenmarkDemandExtractor
2026-01-05 16:00:38,298 - INFO - main.py:54 - Successfully extracted data for FranceDemandExtractor
2026-01-05 16:00:38,310 - INFO - germany_demand.py:79 - Successfully processed THE data
2026-01-05 16:00:38,329 - INFO - germany_demand.py:117 - Successfully processed GASPOOL/NCG data
2026-01-05 16:00:38,332 - INFO - main.py:54 - Successfully extracted data for GermanyDemandExtractor
2026-01-05 16:00:38,432 - INFO - main.py:54 - Successfully extracted data for EntsogDemandExtractor
2026-01-05 16:00:38,468 - INFO - main.py:54 - Successfully extracted data for UKDemandExtractor
2026-01-05 16:00:38,480 - INFO - main.py:72 - Found demand data for 18 countries
2026-01-05 16:00:38,663 - INFO - main.py:74 - All data saved successfully
2026-01-06 09:50:01,438 - INFO - main.py:30 - Updating raw data files...
2026-01-06 09:50:01,623 - INFO - update_raw_data.py:36 - Running AustriaScraper...
2026-01-06 09:50:01,623 - INFO - austria_scraper.py:30 - Fetching data from https://energie.wifo.ac.at/data/gas/consumption-aggm.csv
2026-01-06 09:50:02,491 - INFO - austria_scraper.py:34 - Response status code: 200
2026-01-06 09:50:02,492 - INFO - austria_scraper.py:35 - Response headers: {'Date': 'Tue, 06 Jan 2026 09:50:02 GMT', 'Server': 'Apache/2.4.58 (Ubuntu) OpenSSL/3.0.13', 'Strict-Transport-Security': 'max-age=15768000; includeSubDomains', 'Last-Modified': 'Tue, 06 Jan 2026 05:00:39 GMT', 'ETag': '"596b7-647b10e8ca73a"', 'Accept-Ranges': 'bytes', 'Content-Length': '366263', 'Keep-Alive': 'timeout=5, max=100', 'Connection': 'Keep-Alive', 'Content-Type': 'text/csv'}
2026-01-06 09:50:02,505 - INFO - austria_scraper.py:44 - Successfully saved raw Austrian data to src\data\raw\consumption-aggm.csv
2026-01-06 09:50:02,505 - INFO - update_raw_data.py:36 - Running BnetzaScraper...
2026-01-06 09:50:02,519 - INFO - bnetza_scraper.py:72 - Stored data on BNetzA German household consumption returned.
2026-01-06 09:50:03,736 - INFO - bnetza_scraper.py:100 - New BNetzA csv file downloaded
2026-01-06 09:50:03,755 - INFO - bnetza_scraper.py:193 - Successfully saved updated German household demand data to src/data/raw/germany_household/latest_data.csv
2026-01-06 09:50:03,756 - INFO - update_raw_data.py:36 - Running DenmarkScraper...
2026-01-06 09:50:03,756 - INFO - denmark_scraper.py:27 - Fetching data from https://api.energidataservice.dk/dataset/Gasflow since 2015
2026-01-06 09:50:04,561 - INFO - denmark_scraper.py:38 - Successfully saved Danish gas flow data to src\data\raw\denmark_gasflow.json
2026-01-06 09:50:04,562 - INFO - update_raw_data.py:36 - Running EntsogScraper...
2026-01-06 09:50:04,562 - INFO - entsog_scraper.py:27 - Performing initial ENTSOG load from 2019
2026-01-06 09:50:05,167 - ERROR - entsog_scraper.py:93 - Error processing point pt-tso-0001fnc-00001exit: 'operationalData'
2026-01-06 09:50:05,673 - ERROR - entsog_scraper.py:93 - Error processing point pt-tso-0001dis-00001exit: 'operationalData'
2026-01-06 09:50:06,183 - ERROR - entsog_scraper.py:93 - Error processing point hr-tso-0001fnc-00018exit: 'operationalData'
2026-01-06 09:50:06,600 - ERROR - entsog_scraper.py:93 - Error processing point fr-tso-0002dis-00188exit: 'operationalData'
2026-01-06 09:50:07,035 - ERROR - entsog_scraper.py:93 - Error processing point fr-tso-0002fnc-00015exit: 'operationalData'
2026-01-06 09:50:07,458 - ERROR - entsog_scraper.py:93 - Error processing point it-tso-0001dis-00005exit: 'operationalData'
2026-01-06 09:50:07,877 - ERROR - entsog_scraper.py:93 - Error processing point it-tso-0001fnc-00006exit: 'operationalData'
2026-01-06 09:50:08,317 - ERROR - entsog_scraper.py:93 - Error processing point it-tso-0001fnc-00005exit: 'operationalData'
2026-01-06 09:50:08,925 - ERROR - entsog_scraper.py:93 - Error processing point lu-tso-0001dis-00194exit: 'operationalData'
2026-01-06 09:50:10,032 - ERROR - entsog_scraper.py:93 - Error processing point lu-tso-0001fnc-00041exit: 'operationalData'
2026-01-06 09:50:10,564 - ERROR - entsog_scraper.py:93 - Error processing point lv-tso-0001fnc-00205exit: 'operationalData'
2026-01-06 09:50:11,030 - ERROR - entsog_scraper.py:93 - Error processing point ee-tso-0001fnc-00037exit: 'operationalData'
2026-01-06 09:50:11,517 - ERROR - entsog_scraper.py:93 - Error processing point hu-tso-0001fnc-00200exit: 'operationalData'
2026-01-06 09:50:12,035 - ERROR - entsog_scraper.py:93 - Error processing point hu-tso-0001dis-00196exit: 'operationalData'
2026-01-06 09:50:12,490 - ERROR - entsog_scraper.py:93 - Error processing point ro-tso-0001fnc-00010exit: 'operationalData'
2026-01-06 09:50:12,949 - ERROR - entsog_scraper.py:93 - Error processing point ro-tso-0001dis-00058exit: 'operationalData'
2026-01-06 09:50:13,457 - ERROR - entsog_scraper.py:93 - Error processing point si-tso-0001dis-00059exit: 'operationalData'
2026-01-06 09:50:13,916 - ERROR - entsog_scraper.py:93 - Error processing point nl-tso-0001dis-00187exit: 'operationalData'
2026-01-06 09:50:14,370 - ERROR - entsog_scraper.py:93 - Error processing point nl-tso-0001fnc-00014exit: 'operationalData'
2026-01-06 09:50:14,877 - ERROR - entsog_scraper.py:93 - Error processing point nl-tso-0001dis-00201exit: 'operationalData'
2026-01-06 09:50:15,383 - ERROR - entsog_scraper.py:93 - Error processing point nl-tso-0001dis-00202exit: 'operationalData'
2026-01-06 09:50:15,890 - ERROR - entsog_scraper.py:93 - Error processing point nl-tso-0001fnc-00013exit: 'operationalData'
2026-01-06 09:50:16,398 - ERROR - entsog_scraper.py:93 - Error processing point nl-tso-0001fnc-00208exit: 'operationalData'
2026-01-06 09:50:16,845 - ERROR - entsog_scraper.py:93 - Error processing point nl-tso-0001fnc-00209exit: 'operationalData'
2026-01-06 09:50:17,321 - ERROR - entsog_scraper.py:93 - Error processing point nl-tso-0001fnc-00210exit: 'operationalData'
2026-01-06 09:50:17,815 - ERROR - entsog_scraper.py:93 - Error processing point nl-tso-0001fnc-00211exit: 'operationalData'
2026-01-06 09:50:18,308 - ERROR - entsog_scraper.py:93 - Error processing point be-tso-0001dis-00192exit: 'operationalData'
2026-01-06 09:50:18,779 - ERROR - entsog_scraper.py:93 - Error processing point be-tso-0001dis-00191exit: 'operationalData'
2026-01-06 09:50:19,256 - ERROR - entsog_scraper.py:93 - Error processing point be-tso-0001fnc-00034exit: 'operationalData'
2026-01-06 09:50:19,791 - ERROR - entsog_scraper.py:93 - Error processing point be-tso-0001fnc-00033exit: 'operationalData'
2026-01-06 09:50:20,250 - ERROR - entsog_scraper.py:93 - Error processing point be-tso-0001fnc-00035exit: 'operationalData'
2026-01-06 09:50:20,722 - ERROR - entsog_scraper.py:93 - Error processing point bg-tso-0001fnc-00207exit: 'operationalData'
2026-01-06 09:50:21,232 - ERROR - entsog_scraper.py:93 - Error processing point bg-tso-0001fnc-00017exit: 'operationalData'
2026-01-06 09:50:21,726 - ERROR - entsog_scraper.py:93 - Error processing point bg-tso-0001fnc-00016exit: 'operationalData'
2026-01-06 09:50:22,202 - ERROR - entsog_scraper.py:93 - Error processing point pl-tso-0002fnc-00040exit: 'operationalData'
2026-01-06 09:50:22,664 - ERROR - entsog_scraper.py:93 - Error processing point pl-tso-0002fnc-00002exit: 'operationalData'
2026-01-06 09:50:23,156 - ERROR - entsog_scraper.py:93 - Error processing point pl-tso-0002dis-00193exit: 'operationalData'
2026-01-06 09:50:23,634 - ERROR - entsog_scraper.py:93 - Error processing point pl-tso-0002dis-00013exit: 'operationalData'
2026-01-06 09:50:24,170 - ERROR - entsog_scraper.py:93 - Error processing point cz-sso-0002dis-00195exit,pl-tso-0002dis-00195entry: 'operationalData'
2026-01-06 09:50:24,170 - INFO - update_raw_data.py:36 - Running EurostatScraper...
2026-01-06 09:50:45,331 - INFO - eurostat_scraper.py:37 - Successfully saved Eurostat demand data to src\data\raw\eurostat\latest_data.csv
2026-01-06 09:50:45,332 - INFO - update_raw_data.py:36 - Running FranceScraper...
2026-01-06 09:50:45,333 - INFO - france_scraper.py:23 - Fetching French gas demand data for years 2010-2026
2026-01-06 09:50:46,650 - INFO - france_scraper.py:44 - Successfully downloaded data for 2010, saved to src\data\raw\france_demand
2026-01-06 09:50:47,846 - INFO - france_scraper.py:44 - Successfully downloaded data for 2011, saved to src\data\raw\france_demand
2026-01-06 09:50:48,403 - INFO - france_scraper.py:44 - Successfully downloaded data for 2012, saved to src\data\raw\france_demand
2026-01-06 09:50:48,949 - INFO - france_scraper.py:44 - Successfully downloaded data for 2013, saved to src\data\raw\france_demand
2026-01-06 09:50:49,490 - INFO - france_scraper.py:44 - Successfully downloaded data for 2014, saved to src\data\raw\france_demand
2026-01-06 09:50:50,041 - INFO - france_scraper.py:44 - Successfully downloaded data for 2015, saved to src\data\raw\france_demand
2026-01-06 09:50:50,577 - INFO - france_scraper.py:44 - Successfully downloaded data for 2016, saved to src\data\raw\france_demand
2026-01-06 09:50:51,149 - INFO - france_scraper.py:44 - Successfully downloaded data for 2017, saved to src\data\raw\france_demand
2026-01-06 09:50:51,707 - INFO - france_scraper.py:44 - Successfully downloaded data for 2018, saved to src\data\raw\france_demand
2026-01-06 09:50:52,248 - INFO - france_scraper.py:44 - Successfully downloaded data for 2019, saved to src\data\raw\france_demand
2026-01-06 09:50:52,776 - INFO - france_scraper.py:44 - Successfully downloaded data for 2020, saved to src\data\raw\france_demand
2026-01-06 09:50:53,313 - INFO - france_scraper.py:44 - Successfully downloaded data for 2021, saved to src\data\raw\france_demand
2026-01-06 09:50:53,843 - INFO - france_scraper.py:44 - Successfully downloaded data for 2022, saved to src\data\raw\france_demand
2026-01-06 09:50:54,378 - INFO - france_scraper.py:44 - Successfully downloaded data for 2023, saved to src\data\raw\france_demand
2026-01-06 09:50:57,726 - INFO - france_scraper.py:44 - Successfully downloaded data for 2024, saved to src\data\raw\france_demand
2026-01-06 09:51:01,099 - INFO - france_scraper.py:44 - Successfully downloaded data for 2025, saved to src\data\raw\france_demand
2026-01-06 09:51:02,673 - INFO - france_scraper.py:44 - Successfully downloaded data for 2026, saved to src\data\raw\france_demand
2026-01-06 09:51:02,673 - INFO - update_raw_data.py:36 - Running GermanyScraper...
2026-01-06 09:51:02,674 - INFO - germany_scraper.py:42 - Fetching German gas demand data from 2020-01-01 to 2026-01-06...
2026-01-06 09:51:03,560 - INFO - germany_scraper.py:58 - Successfully saved German data to src\data\raw\THE_demand.csv
2026-01-06 09:51:03,560 - INFO - update_raw_data.py:36 - Running UKScraper...
2026-01-06 09:51:04,504 - INFO - uk_scraper.py:40 - Succesful response from the Nat Grid API
2026-01-06 09:51:04,507 - INFO - uk_scraper.py:51 - CSV file downloaded successfully to C:\Users\RoryPerkins\OneDrive - Timera Energy\Documents\GitHub\gas-demand\src\data/raw/uk\UK_gas_data_2025.csv
2026-01-06 09:51:04,507 - INFO - update_raw_data.py:36 - Running SpainScraper...
2026-01-06 09:51:04,507 - INFO - spain_scraper.py:65 - Scraping from 2025-01-01 to 2026-01-04
2026-01-06 09:51:04,509 - INFO - logger.py:11 - ====== WebDriver manager ======
2026-01-06 09:51:05,744 - INFO - logger.py:11 - Get LATEST chromedriver version for google-chrome
2026-01-06 09:51:06,320 - INFO - logger.py:11 - Get LATEST chromedriver version for google-chrome
2026-01-06 09:51:06,848 - INFO - logger.py:11 - Get LATEST chromedriver version for google-chrome
2026-01-06 09:51:08,068 - INFO - logger.py:11 - WebDriver version 143.0.7499.169 selected
2026-01-06 09:51:08,074 - INFO - logger.py:11 - Modern chrome version https://storage.googleapis.com/chrome-for-testing-public/143.0.7499.169/win32/chromedriver-win32.zip
2026-01-06 09:51:08,075 - INFO - logger.py:11 - About to download new driver from https://storage.googleapis.com/chrome-for-testing-public/143.0.7499.169/win32/chromedriver-win32.zip
2026-01-06 09:51:08,558 - INFO - logger.py:11 - Driver downloading response is 200
2026-01-06 09:51:08,932 - INFO - logger.py:11 - Get LATEST chromedriver version for google-chrome
2026-01-06 09:51:09,702 - INFO - logger.py:11 - Driver has been saved in cache [C:\Users\RoryPerkins\.wdm\drivers\chromedriver\win64\143.0.7499.169]
2026-01-06 09:51:14,601 - INFO - spain.py:35 - Successfully accepted cookies.
2026-01-06 09:51:14,602 - INFO - spain_scraper.py:79 - Scraping data for 2025-01-01
2026-01-06 09:51:19,948 - INFO - spain_scraper.py:86 - Successfully collected data for 2025-01-01
2026-01-06 09:51:22,169 - INFO - spain_scraper.py:79 - Scraping data for 2025-01-02
2026-01-06 09:51:27,449 - INFO - spain_scraper.py:86 - Successfully collected data for 2025-01-02
2026-01-06 09:51:29,604 - INFO - spain_scraper.py:79 - Scraping data for 2025-01-03
2026-01-06 09:51:34,907 - INFO - spain_scraper.py:86 - Successfully collected data for 2025-01-03
2026-01-06 09:51:38,237 - INFO - spain_scraper.py:79 - Scraping data for 2025-01-04
2026-01-06 09:51:43,517 - INFO - spain_scraper.py:86 - Successfully collected data for 2025-01-04
2026-01-06 09:51:46,629 - INFO - spain_scraper.py:79 - Scraping data for 2025-01-05
2026-01-06 09:51:51,938 - INFO - spain_scraper.py:86 - Successfully collected data for 2025-01-05
2026-01-06 09:51:55,437 - INFO - spain_scraper.py:79 - Scraping data for 2025-01-06
2026-01-06 09:52:00,779 - INFO - spain_scraper.py:86 - Successfully collected data for 2025-01-06
2026-01-06 09:52:03,981 - INFO - spain_scraper.py:79 - Scraping data for 2025-01-07
2026-01-06 09:52:09,312 - INFO - spain_scraper.py:86 - Successfully collected data for 2025-01-07
2026-01-06 09:52:11,585 - INFO - spain_scraper.py:79 - Scraping data for 2025-01-08
2026-01-06 09:52:16,879 - INFO - spain_scraper.py:86 - Successfully collected data for 2025-01-08
2026-01-06 09:52:19,752 - INFO - spain_scraper.py:79 - Scraping data for 2025-01-09
2026-01-06 09:52:25,006 - INFO - spain_scraper.py:86 - Successfully collected data for 2025-01-09
2026-01-06 09:52:27,137 - INFO - spain_scraper.py:79 - Scraping data for 2025-01-10
2026-01-06 09:52:32,407 - INFO - spain_scraper.py:86 - Successfully collected data for 2025-01-10
2026-01-06 09:52:35,555 - INFO - spain_scraper.py:79 - Scraping data for 2025-01-11
2026-01-06 09:52:40,826 - INFO - spain_scraper.py:86 - Successfully collected data for 2025-01-11
2026-01-06 09:52:44,100 - INFO - spain_scraper.py:79 - Scraping data for 2025-01-12
2026-01-06 09:52:49,334 - INFO - spain_scraper.py:86 - Successfully collected data for 2025-01-12
2026-01-06 09:52:53,233 - INFO - spain_scraper.py:79 - Scraping data for 2025-01-13
2026-01-06 09:52:58,516 - INFO - spain_scraper.py:86 - Successfully collected data for 2025-01-13
2026-01-06 09:53:00,576 - INFO - spain_scraper.py:79 - Scraping data for 2025-01-14
2026-01-06 09:53:05,851 - INFO - spain_scraper.py:86 - Successfully collected data for 2025-01-14
2026-01-06 09:53:09,437 - INFO - spain_scraper.py:79 - Scraping data for 2025-01-15
2026-01-06 09:53:14,688 - INFO - spain_scraper.py:86 - Successfully collected data for 2025-01-15
2026-01-06 09:53:17,492 - INFO - spain_scraper.py:79 - Scraping data for 2025-01-16
2026-01-06 09:53:22,752 - INFO - spain_scraper.py:86 - Successfully collected data for 2025-01-16
2026-01-06 09:53:25,373 - INFO - spain_scraper.py:79 - Scraping data for 2025-01-17
2026-01-06 09:53:30,624 - INFO - spain_scraper.py:86 - Successfully collected data for 2025-01-17
2026-01-06 09:53:32,828 - INFO - spain_scraper.py:79 - Scraping data for 2025-01-18
2026-01-06 09:53:38,116 - INFO - spain_scraper.py:86 - Successfully collected data for 2025-01-18
2026-01-06 09:53:42,062 - INFO - spain_scraper.py:79 - Scraping data for 2025-01-19
2026-01-06 09:53:47,363 - INFO - spain_scraper.py:86 - Successfully collected data for 2025-01-19
2026-01-06 09:53:51,150 - INFO - spain_scraper.py:79 - Scraping data for 2025-01-20
2026-01-06 09:53:56,408 - INFO - spain_scraper.py:86 - Successfully collected data for 2025-01-20
2026-01-06 09:53:59,011 - INFO - spain_scraper.py:79 - Scraping data for 2025-01-21
2026-01-06 09:54:04,302 - INFO - spain_scraper.py:86 - Successfully collected data for 2025-01-21
2026-01-06 09:54:06,780 - INFO - spain_scraper.py:79 - Scraping data for 2025-01-22
2026-01-06 09:54:12,054 - INFO - spain_scraper.py:86 - Successfully collected data for 2025-01-22
2026-01-06 09:54:14,635 - INFO - spain_scraper.py:79 - Scraping data for 2025-01-23
2026-01-06 09:54:19,915 - INFO - spain_scraper.py:86 - Successfully collected data for 2025-01-23
2026-01-06 09:54:22,875 - INFO - spain_scraper.py:79 - Scraping data for 2025-01-24
2026-01-06 09:54:28,136 - INFO - spain_scraper.py:86 - Successfully collected data for 2025-01-24
2026-01-06 09:54:31,411 - INFO - spain_scraper.py:79 - Scraping data for 2025-01-25
2026-01-06 09:54:36,678 - INFO - spain_scraper.py:86 - Successfully collected data for 2025-01-25
2026-01-06 09:54:40,016 - INFO - spain_scraper.py:79 - Scraping data for 2025-01-26
2026-01-06 09:54:45,283 - INFO - spain_scraper.py:86 - Successfully collected data for 2025-01-26
2026-01-06 09:54:47,437 - INFO - spain_scraper.py:79 - Scraping data for 2025-01-27
2026-01-06 09:54:52,710 - INFO - spain_scraper.py:86 - Successfully collected data for 2025-01-27
2026-01-06 09:54:56,373 - INFO - spain_scraper.py:79 - Scraping data for 2025-01-28
2026-01-06 09:55:01,662 - INFO - spain_scraper.py:86 - Successfully collected data for 2025-01-28
2026-01-06 09:55:03,942 - INFO - spain_scraper.py:79 - Scraping data for 2025-01-29
2026-01-06 09:55:09,223 - INFO - spain_scraper.py:86 - Successfully collected data for 2025-01-29
2026-01-06 09:55:12,699 - INFO - spain_scraper.py:79 - Scraping data for 2025-01-30
2026-01-06 09:55:18,007 - INFO - spain_scraper.py:86 - Successfully collected data for 2025-01-30
2026-01-06 09:55:21,854 - INFO - spain_scraper.py:79 - Scraping data for 2025-01-31
2026-01-06 09:55:27,124 - INFO - spain_scraper.py:86 - Successfully collected data for 2025-01-31
2026-01-06 09:55:30,255 - INFO - spain_scraper.py:79 - Scraping data for 2025-02-01
2026-01-06 09:55:35,493 - INFO - spain_scraper.py:86 - Successfully collected data for 2025-02-01
2026-01-06 09:55:38,009 - INFO - spain_scraper.py:79 - Scraping data for 2025-02-02
2026-01-06 09:55:43,252 - INFO - spain_scraper.py:86 - Successfully collected data for 2025-02-02
2026-01-06 09:55:47,163 - INFO - spain_scraper.py:79 - Scraping data for 2025-02-03
2026-01-06 09:55:52,423 - INFO - spain_scraper.py:86 - Successfully collected data for 2025-02-03
2026-01-06 09:55:54,996 - INFO - spain_scraper.py:79 - Scraping data for 2025-02-04
2026-01-06 09:56:00,233 - INFO - spain_scraper.py:86 - Successfully collected data for 2025-02-04
2026-01-06 09:56:03,180 - INFO - spain_scraper.py:79 - Scraping data for 2025-02-05
2026-01-06 09:56:08,446 - INFO - spain_scraper.py:86 - Successfully collected data for 2025-02-05
2026-01-06 09:56:11,323 - INFO - spain_scraper.py:79 - Scraping data for 2025-02-06
2026-01-06 09:56:16,558 - INFO - spain_scraper.py:86 - Successfully collected data for 2025-02-06
2026-01-06 09:56:18,917 - INFO - spain_scraper.py:79 - Scraping data for 2025-02-07
2026-01-06 09:56:24,171 - INFO - spain_scraper.py:86 - Successfully collected data for 2025-02-07
2026-01-06 09:56:26,804 - INFO - spain_scraper.py:79 - Scraping data for 2025-02-08
2026-01-06 09:56:32,082 - INFO - spain_scraper.py:86 - Successfully collected data for 2025-02-08
2026-01-06 09:56:34,365 - INFO - spain_scraper.py:79 - Scraping data for 2025-02-09
2026-01-06 09:56:39,615 - INFO - spain_scraper.py:86 - Successfully collected data for 2025-02-09
2026-01-06 09:56:42,849 - INFO - spain_scraper.py:79 - Scraping data for 2025-02-10
2026-01-06 09:56:48,114 - INFO - spain_scraper.py:86 - Successfully collected data for 2025-02-10
2026-01-06 09:56:50,361 - INFO - spain_scraper.py:79 - Scraping data for 2025-02-11
2026-01-06 09:56:55,683 - INFO - spain_scraper.py:86 - Successfully collected data for 2025-02-11
2026-01-06 09:56:59,461 - INFO - spain_scraper.py:79 - Scraping data for 2025-02-12
2026-01-06 09:57:04,714 - INFO - spain_scraper.py:86 - Successfully collected data for 2025-02-12
2026-01-06 09:57:08,622 - INFO - spain_scraper.py:79 - Scraping data for 2025-02-13
2026-01-06 09:57:13,885 - INFO - spain_scraper.py:86 - Successfully collected data for 2025-02-13
2026-01-06 09:57:16,892 - INFO - spain_scraper.py:79 - Scraping data for 2025-02-14
2026-01-06 09:57:22,154 - INFO - spain_scraper.py:86 - Successfully collected data for 2025-02-14
2026-01-06 09:57:25,680 - INFO - spain_scraper.py:79 - Scraping data for 2025-02-15
2026-01-06 09:57:30,925 - INFO - spain_scraper.py:86 - Successfully collected data for 2025-02-15
2026-01-06 09:57:34,451 - INFO - spain_scraper.py:79 - Scraping data for 2025-02-16
2026-01-06 09:57:39,735 - INFO - spain_scraper.py:86 - Successfully collected data for 2025-02-16
2026-01-06 09:57:42,990 - INFO - spain_scraper.py:79 - Scraping data for 2025-02-17
2026-01-06 09:57:48,266 - INFO - spain_scraper.py:86 - Successfully collected data for 2025-02-17
2026-01-06 09:57:52,140 - INFO - spain_scraper.py:79 - Scraping data for 2025-02-18
2026-01-06 09:57:57,400 - INFO - spain_scraper.py:86 - Successfully collected data for 2025-02-18
2026-01-06 09:57:59,906 - INFO - spain_scraper.py:79 - Scraping data for 2025-02-19
2026-01-06 09:58:05,189 - INFO - spain_scraper.py:86 - Successfully collected data for 2025-02-19
2026-01-06 09:58:07,379 - INFO - spain_scraper.py:79 - Scraping data for 2025-02-20
2026-01-06 09:58:12,646 - INFO - spain_scraper.py:86 - Successfully collected data for 2025-02-20
2026-01-06 09:58:14,741 - INFO - spain_scraper.py:79 - Scraping data for 2025-02-21
2026-01-06 09:58:20,028 - INFO - spain_scraper.py:86 - Successfully collected data for 2025-02-21
2026-01-06 09:58:23,787 - INFO - spain_scraper.py:79 - Scraping data for 2025-02-22
2026-01-06 09:58:29,050 - INFO - spain_scraper.py:86 - Successfully collected data for 2025-02-22
2026-01-06 09:58:32,055 - INFO - spain_scraper.py:79 - Scraping data for 2025-02-23
2026-01-06 09:58:37,298 - INFO - spain_scraper.py:86 - Successfully collected data for 2025-02-23
2026-01-06 09:58:39,389 - INFO - spain_scraper.py:79 - Scraping data for 2025-02-24
2026-01-06 09:58:44,653 - INFO - spain_scraper.py:86 - Successfully collected data for 2025-02-24
2026-01-06 09:58:47,985 - INFO - spain_scraper.py:79 - Scraping data for 2025-02-25
2026-01-06 09:58:53,264 - INFO - spain_scraper.py:86 - Successfully collected data for 2025-02-25
2026-01-06 09:58:55,868 - INFO - spain_scraper.py:79 - Scraping data for 2025-02-26
2026-01-06 09:59:01,132 - INFO - spain_scraper.py:86 - Successfully collected data for 2025-02-26
2026-01-06 09:59:04,456 - INFO - spain_scraper.py:79 - Scraping data for 2025-02-27
2026-01-06 09:59:09,739 - INFO - spain_scraper.py:86 - Successfully collected data for 2025-02-27
2026-01-06 09:59:12,206 - INFO - spain_scraper.py:79 - Scraping data for 2025-02-28
2026-01-06 09:59:17,457 - INFO - spain_scraper.py:86 - Successfully collected data for 2025-02-28
2026-01-06 09:59:19,883 - INFO - spain_scraper.py:79 - Scraping data for 2025-03-01
2026-01-06 09:59:25,152 - INFO - spain_scraper.py:86 - Successfully collected data for 2025-03-01
2026-01-06 09:59:28,944 - INFO - spain_scraper.py:79 - Scraping data for 2025-03-02
2026-01-06 09:59:34,228 - INFO - spain_scraper.py:86 - Successfully collected data for 2025-03-02
2026-01-06 09:59:37,773 - INFO - spain_scraper.py:79 - Scraping data for 2025-03-03
2026-01-06 09:59:43,030 - INFO - spain_scraper.py:86 - Successfully collected data for 2025-03-03
2026-01-06 09:59:45,601 - INFO - spain_scraper.py:79 - Scraping data for 2025-03-04
2026-01-06 09:59:50,822 - INFO - spain_scraper.py:86 - Successfully collected data for 2025-03-04
2026-01-06 09:59:52,912 - INFO - spain_scraper.py:79 - Scraping data for 2025-03-05
2026-01-06 09:59:58,205 - INFO - spain_scraper.py:86 - Successfully collected data for 2025-03-05
2026-01-06 10:00:01,402 - INFO - spain_scraper.py:79 - Scraping data for 2025-03-06
2026-01-06 10:00:06,688 - INFO - spain_scraper.py:86 - Successfully collected data for 2025-03-06
2026-01-06 10:00:09,565 - INFO - spain_scraper.py:79 - Scraping data for 2025-03-07
2026-01-06 10:00:14,917 - INFO - spain_scraper.py:86 - Successfully collected data for 2025-03-07
2026-01-06 10:00:17,632 - INFO - spain_scraper.py:79 - Scraping data for 2025-03-08
2026-01-06 10:00:22,933 - INFO - spain_scraper.py:86 - Successfully collected data for 2025-03-08
2026-01-06 10:00:26,378 - INFO - spain_scraper.py:79 - Scraping data for 2025-03-09
2026-01-06 10:00:31,673 - INFO - spain_scraper.py:86 - Successfully collected data for 2025-03-09
2026-01-06 10:00:35,538 - INFO - spain_scraper.py:79 - Scraping data for 2025-03-10
2026-01-06 10:00:40,820 - INFO - spain_scraper.py:86 - Successfully collected data for 2025-03-10
2026-01-06 10:00:43,345 - INFO - spain_scraper.py:79 - Scraping data for 2025-03-11
2026-01-06 10:00:48,592 - INFO - spain_scraper.py:86 - Successfully collected data for 2025-03-11
2026-01-06 10:00:52,026 - INFO - spain_scraper.py:79 - Scraping data for 2025-03-12
2026-01-06 10:00:57,357 - INFO - spain_scraper.py:86 - Successfully collected data for 2025-03-12
2026-01-06 10:01:00,276 - INFO - spain_scraper.py:79 - Scraping data for 2025-03-13
2026-01-06 10:01:05,608 - INFO - spain_scraper.py:86 - Successfully collected data for 2025-03-13
2026-01-06 10:01:08,471 - INFO - spain_scraper.py:79 - Scraping data for 2025-03-14
2026-01-06 10:01:13,787 - INFO - spain_scraper.py:86 - Successfully collected data for 2025-03-14
2026-01-06 10:01:16,713 - INFO - spain_scraper.py:79 - Scraping data for 2025-03-15
2026-01-06 10:01:21,991 - INFO - spain_scraper.py:86 - Successfully collected data for 2025-03-15
2026-01-06 10:01:24,878 - INFO - spain_scraper.py:79 - Scraping data for 2025-03-16
2026-01-06 10:01:30,180 - INFO - spain_scraper.py:86 - Successfully collected data for 2025-03-16
2026-01-06 10:01:34,009 - INFO - spain_scraper.py:79 - Scraping data for 2025-03-17
2026-01-06 10:01:39,308 - INFO - spain_scraper.py:86 - Successfully collected data for 2025-03-17
2026-01-06 10:01:42,254 - INFO - spain_scraper.py:79 - Scraping data for 2025-03-18
2026-01-06 10:01:47,574 - INFO - spain_scraper.py:86 - Successfully collected data for 2025-03-18
2026-01-06 10:01:50,275 - INFO - spain_scraper.py:79 - Scraping data for 2025-03-19
2026-01-06 10:01:55,529 - INFO - spain_scraper.py:86 - Successfully collected data for 2025-03-19
2026-01-06 10:01:58,499 - INFO - spain_scraper.py:79 - Scraping data for 2025-03-20
2026-01-06 10:02:03,805 - INFO - spain_scraper.py:86 - Successfully collected data for 2025-03-20
2026-01-06 10:02:07,689 - INFO - spain_scraper.py:79 - Scraping data for 2025-03-21
2026-01-06 10:02:12,947 - INFO - spain_scraper.py:86 - Successfully collected data for 2025-03-21
2026-01-06 10:02:16,500 - INFO - spain_scraper.py:79 - Scraping data for 2025-03-22
2026-01-06 10:02:21,815 - INFO - spain_scraper.py:86 - Successfully collected data for 2025-03-22
2026-01-06 10:02:25,767 - INFO - spain_scraper.py:79 - Scraping data for 2025-03-23
2026-01-06 10:02:31,063 - INFO - spain_scraper.py:86 - Successfully collected data for 2025-03-23
2026-01-06 10:02:34,713 - INFO - spain_scraper.py:79 - Scraping data for 2025-03-24
2026-01-06 10:02:40,106 - INFO - spain_scraper.py:86 - Successfully collected data for 2025-03-24
2026-01-06 10:02:42,310 - INFO - spain_scraper.py:79 - Scraping data for 2025-03-25
2026-01-06 10:02:47,604 - INFO - spain_scraper.py:86 - Successfully collected data for 2025-03-25
2026-01-06 10:02:51,486 - INFO - spain_scraper.py:79 - Scraping data for 2025-03-26
2026-01-06 10:02:56,779 - INFO - spain_scraper.py:86 - Successfully collected data for 2025-03-26
2026-01-06 10:03:00,093 - INFO - spain_scraper.py:79 - Scraping data for 2025-03-27
2026-01-06 10:03:05,392 - INFO - spain_scraper.py:86 - Successfully collected data for 2025-03-27
2026-01-06 10:03:08,774 - INFO - spain_scraper.py:79 - Scraping data for 2025-03-28
2026-01-06 10:03:14,054 - INFO - spain_scraper.py:86 - Successfully collected data for 2025-03-28
2026-01-06 10:03:17,278 - INFO - spain_scraper.py:79 - Scraping data for 2025-03-29
2026-01-06 10:03:22,538 - INFO - spain_scraper.py:86 - Successfully collected data for 2025-03-29
2026-01-06 10:03:25,520 - INFO - spain_scraper.py:79 - Scraping data for 2025-03-30
2026-01-06 10:03:30,818 - INFO - spain_scraper.py:86 - Successfully collected data for 2025-03-30
2026-01-06 10:03:32,836 - INFO - spain_scraper.py:79 - Scraping data for 2025-03-31
2026-01-06 10:03:38,210 - INFO - spain_scraper.py:86 - Successfully collected data for 2025-03-31
2026-01-06 10:03:41,489 - INFO - spain_scraper.py:79 - Scraping data for 2025-04-01
2026-01-06 10:03:46,768 - INFO - spain_scraper.py:86 - Successfully collected data for 2025-04-01
2026-01-06 10:03:49,936 - INFO - spain_scraper.py:79 - Scraping data for 2025-04-02
2026-01-06 10:03:55,268 - INFO - spain_scraper.py:86 - Successfully collected data for 2025-04-02
2026-01-06 10:03:58,946 - INFO - spain_scraper.py:79 - Scraping data for 2025-04-03
2026-01-06 10:04:04,262 - INFO - spain_scraper.py:86 - Successfully collected data for 2025-04-03
2026-01-06 10:04:07,687 - INFO - spain_scraper.py:79 - Scraping data for 2025-04-04
2026-01-06 10:04:12,991 - INFO - spain_scraper.py:86 - Successfully collected data for 2025-04-04
2026-01-06 10:04:15,402 - INFO - spain_scraper.py:79 - Scraping data for 2025-04-05
2026-01-06 10:04:20,679 - INFO - spain_scraper.py:86 - Successfully collected data for 2025-04-05
2026-01-06 10:04:23,025 - INFO - spain_scraper.py:79 - Scraping data for 2025-04-06
2026-01-06 10:04:28,347 - INFO - spain_scraper.py:86 - Successfully collected data for 2025-04-06
2026-01-06 10:04:32,001 - INFO - spain_scraper.py:79 - Scraping data for 2025-04-07
2026-01-06 10:04:37,329 - INFO - spain_scraper.py:86 - Successfully collected data for 2025-04-07
2026-01-06 10:04:41,221 - INFO - spain_scraper.py:79 - Scraping data for 2025-04-08
2026-01-06 10:04:46,511 - INFO - spain_scraper.py:86 - Successfully collected data for 2025-04-08
2026-01-06 10:04:48,539 - INFO - spain_scraper.py:79 - Scraping data for 2025-04-09
2026-01-06 10:04:53,833 - INFO - spain_scraper.py:86 - Successfully collected data for 2025-04-09
2026-01-06 10:04:57,642 - INFO - spain_scraper.py:79 - Scraping data for 2025-04-10
2026-01-06 10:05:02,951 - INFO - spain_scraper.py:86 - Successfully collected data for 2025-04-10
2026-01-06 10:05:06,573 - INFO - spain_scraper.py:51 - Taking a longer break after 100 requests...
2026-01-06 10:06:14,315 - INFO - spain_scraper.py:79 - Scraping data for 2025-04-11
2026-01-06 10:06:19,605 - INFO - spain_scraper.py:86 - Successfully collected data for 2025-04-11
2026-01-06 10:06:22,076 - INFO - spain_scraper.py:79 - Scraping data for 2025-04-12
2026-01-06 10:06:27,359 - INFO - spain_scraper.py:86 - Successfully collected data for 2025-04-12
2026-01-06 10:06:31,140 - INFO - spain_scraper.py:79 - Scraping data for 2025-04-13
2026-01-06 10:06:36,422 - INFO - spain_scraper.py:86 - Successfully collected data for 2025-04-13
2026-01-06 10:06:39,903 - INFO - spain_scraper.py:79 - Scraping data for 2025-04-14
2026-01-06 10:06:45,198 - INFO - spain_scraper.py:86 - Successfully collected data for 2025-04-14
2026-01-06 10:06:49,078 - INFO - spain_scraper.py:79 - Scraping data for 2025-04-15
2026-01-06 10:06:54,403 - INFO - spain_scraper.py:86 - Successfully collected data for 2025-04-15
2026-01-06 10:06:56,949 - INFO - spain_scraper.py:79 - Scraping data for 2025-04-16
2026-01-06 10:07:02,256 - INFO - spain_scraper.py:86 - Successfully collected data for 2025-04-16
2026-01-06 10:07:05,646 - INFO - spain_scraper.py:79 - Scraping data for 2025-04-17
2026-01-06 10:07:10,920 - INFO - spain_scraper.py:86 - Successfully collected data for 2025-04-17
2026-01-06 10:07:14,075 - INFO - spain_scraper.py:79 - Scraping data for 2025-04-18
2026-01-06 10:07:19,342 - INFO - spain_scraper.py:86 - Successfully collected data for 2025-04-18
2026-01-06 10:07:23,323 - INFO - spain_scraper.py:79 - Scraping data for 2025-04-19
2026-01-06 10:07:28,689 - INFO - spain_scraper.py:86 - Successfully collected data for 2025-04-19
2026-01-06 10:07:32,088 - INFO - spain_scraper.py:79 - Scraping data for 2025-04-20
2026-01-06 10:07:37,395 - INFO - spain_scraper.py:86 - Successfully collected data for 2025-04-20
2026-01-06 10:07:40,367 - INFO - spain_scraper.py:79 - Scraping data for 2025-04-21
2026-01-06 10:07:45,669 - INFO - spain_scraper.py:86 - Successfully collected data for 2025-04-21
2026-01-06 10:07:48,825 - INFO - spain_scraper.py:79 - Scraping data for 2025-04-22
2026-01-06 10:07:54,105 - INFO - spain_scraper.py:86 - Successfully collected data for 2025-04-22
2026-01-06 10:07:57,952 - INFO - spain_scraper.py:79 - Scraping data for 2025-04-23
2026-01-06 10:08:03,254 - INFO - spain_scraper.py:86 - Successfully collected data for 2025-04-23
2026-01-06 10:08:05,520 - INFO - spain_scraper.py:79 - Scraping data for 2025-04-24
2026-01-06 10:08:10,819 - INFO - spain_scraper.py:86 - Successfully collected data for 2025-04-24
2026-01-06 10:08:13,517 - INFO - spain_scraper.py:79 - Scraping data for 2025-04-25
2026-01-06 10:08:18,818 - INFO - spain_scraper.py:86 - Successfully collected data for 2025-04-25
2026-01-06 10:08:22,385 - INFO - spain_scraper.py:79 - Scraping data for 2025-04-26
2026-01-06 10:08:27,676 - INFO - spain_scraper.py:86 - Successfully collected data for 2025-04-26
2026-01-06 10:08:30,923 - INFO - spain_scraper.py:79 - Scraping data for 2025-04-27
2026-01-06 10:08:36,271 - INFO - spain_scraper.py:86 - Successfully collected data for 2025-04-27
2026-01-06 10:08:38,721 - INFO - spain_scraper.py:79 - Scraping data for 2025-04-28
2026-01-06 10:08:44,059 - INFO - spain_scraper.py:86 - Successfully collected data for 2025-04-28
2026-01-06 10:08:46,831 - INFO - spain_scraper.py:79 - Scraping data for 2025-04-29
2026-01-06 10:08:52,112 - INFO - spain_scraper.py:86 - Successfully collected data for 2025-04-29
2026-01-06 10:08:55,796 - INFO - spain_scraper.py:79 - Scraping data for 2025-04-30
2026-01-06 10:09:01,139 - INFO - spain_scraper.py:86 - Successfully collected data for 2025-04-30
2026-01-06 10:09:03,322 - INFO - spain_scraper.py:79 - Scraping data for 2025-05-01
2026-01-06 10:09:08,638 - INFO - spain_scraper.py:86 - Successfully collected data for 2025-05-01
2026-01-06 10:09:11,114 - INFO - spain_scraper.py:79 - Scraping data for 2025-05-02
2026-01-06 10:09:16,449 - INFO - spain_scraper.py:86 - Successfully collected data for 2025-05-02
2026-01-06 10:09:18,752 - INFO - spain_scraper.py:79 - Scraping data for 2025-05-03
2026-01-06 10:09:24,044 - INFO - spain_scraper.py:86 - Successfully collected data for 2025-05-03
2026-01-06 10:09:26,225 - INFO - spain_scraper.py:79 - Scraping data for 2025-05-04
2026-01-06 10:09:31,579 - INFO - spain_scraper.py:86 - Successfully collected data for 2025-05-04
2026-01-06 10:09:33,841 - INFO - spain_scraper.py:79 - Scraping data for 2025-05-05
2026-01-06 10:09:39,186 - INFO - spain_scraper.py:86 - Successfully collected data for 2025-05-05
2026-01-06 10:09:42,872 - INFO - spain_scraper.py:79 - Scraping data for 2025-05-06
2026-01-06 10:09:48,204 - INFO - spain_scraper.py:86 - Successfully collected data for 2025-05-06
2026-01-06 10:09:51,330 - INFO - spain_scraper.py:79 - Scraping data for 2025-05-07
2026-01-06 10:09:56,690 - INFO - spain_scraper.py:86 - Successfully collected data for 2025-05-07
2026-01-06 10:09:59,492 - INFO - spain_scraper.py:79 - Scraping data for 2025-05-08
2026-01-06 10:10:04,831 - INFO - spain_scraper.py:86 - Successfully collected data for 2025-05-08
2026-01-06 10:10:08,802 - INFO - spain_scraper.py:79 - Scraping data for 2025-05-09
2026-01-06 10:10:14,084 - INFO - spain_scraper.py:86 - Successfully collected data for 2025-05-09
2026-01-06 10:10:16,158 - INFO - spain_scraper.py:79 - Scraping data for 2025-05-10
2026-01-06 10:10:21,480 - INFO - spain_scraper.py:86 - Successfully collected data for 2025-05-10
2026-01-06 10:10:25,230 - INFO - spain_scraper.py:79 - Scraping data for 2025-05-11
2026-01-06 10:10:30,548 - INFO - spain_scraper.py:86 - Successfully collected data for 2025-05-11
2026-01-06 10:10:33,587 - INFO - spain_scraper.py:79 - Scraping data for 2025-05-12
2026-01-06 10:10:38,948 - INFO - spain_scraper.py:86 - Successfully collected data for 2025-05-12
2026-01-06 10:10:42,112 - INFO - spain_scraper.py:79 - Scraping data for 2025-05-13
2026-01-06 10:10:47,460 - INFO - spain_scraper.py:86 - Successfully collected data for 2025-05-13
2026-01-06 10:10:51,411 - INFO - spain_scraper.py:79 - Scraping data for 2025-05-14
2026-01-06 10:10:56,749 - INFO - spain_scraper.py:86 - Successfully collected data for 2025-05-14
2026-01-06 10:11:00,144 - INFO - spain_scraper.py:79 - Scraping data for 2025-05-15
2026-01-06 10:11:05,530 - INFO - spain_scraper.py:86 - Successfully collected data for 2025-05-15
2026-01-06 10:11:09,179 - INFO - spain_scraper.py:79 - Scraping data for 2025-05-16
2026-01-06 10:11:14,554 - INFO - spain_scraper.py:86 - Successfully collected data for 2025-05-16
2026-01-06 10:11:18,232 - INFO - spain_scraper.py:79 - Scraping data for 2025-05-17
2026-01-06 10:11:23,534 - INFO - spain_scraper.py:86 - Successfully collected data for 2025-05-17
2026-01-06 10:11:27,173 - INFO - spain_scraper.py:79 - Scraping data for 2025-05-18
2026-01-06 10:11:32,500 - INFO - spain_scraper.py:86 - Successfully collected data for 2025-05-18
2026-01-06 10:11:35,464 - INFO - spain_scraper.py:79 - Scraping data for 2025-05-19
2026-01-06 10:11:40,781 - INFO - spain_scraper.py:86 - Successfully collected data for 2025-05-19
2026-01-06 10:11:44,749 - INFO - spain_scraper.py:79 - Scraping data for 2025-05-20
2026-01-06 10:11:50,073 - INFO - spain_scraper.py:86 - Successfully collected data for 2025-05-20
2026-01-06 10:11:53,659 - INFO - spain_scraper.py:79 - Scraping data for 2025-05-21
2026-01-06 10:11:58,969 - INFO - spain_scraper.py:86 - Successfully collected data for 2025-05-21
2026-01-06 10:12:01,548 - INFO - spain_scraper.py:79 - Scraping data for 2025-05-22
2026-01-06 10:12:06,913 - INFO - spain_scraper.py:86 - Successfully collected data for 2025-05-22
2026-01-06 10:12:09,705 - INFO - spain_scraper.py:79 - Scraping data for 2025-05-23
2026-01-06 10:12:15,009 - INFO - spain_scraper.py:86 - Successfully collected data for 2025-05-23
2026-01-06 10:12:18,582 - INFO - spain_scraper.py:79 - Scraping data for 2025-05-24
2026-01-06 10:12:23,895 - INFO - spain_scraper.py:86 - Successfully collected data for 2025-05-24
2026-01-06 10:12:27,353 - INFO - spain_scraper.py:79 - Scraping data for 2025-05-25
2026-01-06 10:12:32,682 - INFO - spain_scraper.py:86 - Successfully collected data for 2025-05-25
2026-01-06 10:12:34,727 - INFO - spain_scraper.py:79 - Scraping data for 2025-05-26
2026-01-06 10:12:40,050 - INFO - spain_scraper.py:86 - Successfully collected data for 2025-05-26
2026-01-06 10:12:43,914 - INFO - spain_scraper.py:79 - Scraping data for 2025-05-27
2026-01-06 10:12:49,232 - INFO - spain_scraper.py:86 - Successfully collected data for 2025-05-27
2026-01-06 10:12:51,399 - INFO - spain_scraper.py:79 - Scraping data for 2025-05-28
2026-01-06 10:12:56,721 - INFO - spain_scraper.py:86 - Successfully collected data for 2025-05-28
2026-01-06 10:12:59,476 - INFO - spain_scraper.py:79 - Scraping data for 2025-05-29
2026-01-06 10:13:04,798 - INFO - spain_scraper.py:86 - Successfully collected data for 2025-05-29
2026-01-06 10:13:08,136 - INFO - spain_scraper.py:79 - Scraping data for 2025-05-30
2026-01-06 10:13:13,461 - INFO - spain_scraper.py:86 - Successfully collected data for 2025-05-30
2026-01-06 10:13:15,465 - INFO - spain_scraper.py:79 - Scraping data for 2025-05-31
2026-01-06 10:13:20,812 - INFO - spain_scraper.py:86 - Successfully collected data for 2025-05-31
2026-01-06 10:13:23,714 - INFO - spain_scraper.py:79 - Scraping data for 2025-06-01
2026-01-06 10:13:29,084 - INFO - spain_scraper.py:86 - Successfully collected data for 2025-06-01
2026-01-06 10:13:31,220 - INFO - spain_scraper.py:79 - Scraping data for 2025-06-02
2026-01-06 10:13:36,593 - INFO - spain_scraper.py:86 - Successfully collected data for 2025-06-02
2026-01-06 10:13:39,970 - INFO - spain_scraper.py:79 - Scraping data for 2025-06-03
2026-01-06 10:13:45,284 - INFO - spain_scraper.py:86 - Successfully collected data for 2025-06-03
2026-01-06 10:13:48,983 - INFO - spain_scraper.py:79 - Scraping data for 2025-06-04
2026-01-06 10:13:54,331 - INFO - spain_scraper.py:86 - Successfully collected data for 2025-06-04
2026-01-06 10:13:57,830 - INFO - spain_scraper.py:79 - Scraping data for 2025-06-05
2026-01-06 10:14:03,178 - INFO - spain_scraper.py:86 - Successfully collected data for 2025-06-05
2026-01-06 10:14:05,216 - INFO - spain_scraper.py:79 - Scraping data for 2025-06-06
2026-01-06 10:14:10,537 - INFO - spain_scraper.py:86 - Successfully collected data for 2025-06-06
2026-01-06 10:14:13,484 - INFO - spain_scraper.py:79 - Scraping data for 2025-06-07
2026-01-06 10:14:18,810 - INFO - spain_scraper.py:86 - Successfully collected data for 2025-06-07
2026-01-06 10:14:22,301 - INFO - spain_scraper.py:79 - Scraping data for 2025-06-08
2026-01-06 10:14:27,618 - INFO - spain_scraper.py:86 - Successfully collected data for 2025-06-08
2026-01-06 10:14:30,527 - INFO - spain_scraper.py:79 - Scraping data for 2025-06-09
2026-01-06 10:14:35,841 - INFO - spain_scraper.py:86 - Successfully collected data for 2025-06-09
2026-01-06 10:14:38,426 - INFO - spain_scraper.py:79 - Scraping data for 2025-06-10
2026-01-06 10:14:43,762 - INFO - spain_scraper.py:86 - Successfully collected data for 2025-06-10
2026-01-06 10:14:46,320 - INFO - spain_scraper.py:79 - Scraping data for 2025-06-11
2026-01-06 10:14:51,645 - INFO - spain_scraper.py:86 - Successfully collected data for 2025-06-11
2026-01-06 10:14:53,682 - INFO - spain_scraper.py:79 - Scraping data for 2025-06-12
2026-01-06 10:14:59,019 - INFO - spain_scraper.py:86 - Successfully collected data for 2025-06-12
2026-01-06 10:15:01,720 - INFO - spain_scraper.py:79 - Scraping data for 2025-06-13
2026-01-06 10:15:07,068 - INFO - spain_scraper.py:86 - Successfully collected data for 2025-06-13
2026-01-06 10:15:10,576 - INFO - spain_scraper.py:79 - Scraping data for 2025-06-14
2026-01-06 10:15:15,941 - INFO - spain_scraper.py:86 - Successfully collected data for 2025-06-14
2026-01-06 10:15:18,642 - INFO - spain_scraper.py:79 - Scraping data for 2025-06-15
2026-01-06 10:15:23,977 - INFO - spain_scraper.py:86 - Successfully collected data for 2025-06-15
2026-01-06 10:15:27,197 - INFO - spain_scraper.py:79 - Scraping data for 2025-06-16
2026-01-06 10:15:32,568 - INFO - spain_scraper.py:86 - Successfully collected data for 2025-06-16
2026-01-06 10:15:35,431 - INFO - spain_scraper.py:79 - Scraping data for 2025-06-17
2026-01-06 10:15:40,800 - INFO - spain_scraper.py:86 - Successfully collected data for 2025-06-17
2026-01-06 10:15:43,087 - INFO - spain_scraper.py:79 - Scraping data for 2025-06-18
2026-01-06 10:15:48,423 - INFO - spain_scraper.py:86 - Successfully collected data for 2025-06-18
2026-01-06 10:15:51,622 - INFO - spain_scraper.py:79 - Scraping data for 2025-06-19
2026-01-06 10:15:56,961 - INFO - spain_scraper.py:86 - Successfully collected data for 2025-06-19
2026-01-06 10:16:00,481 - INFO - spain_scraper.py:79 - Scraping data for 2025-06-20
2026-01-06 10:16:05,815 - INFO - spain_scraper.py:86 - Successfully collected data for 2025-06-20
2026-01-06 10:16:08,322 - INFO - spain_scraper.py:79 - Scraping data for 2025-06-21
2026-01-06 10:16:13,661 - INFO - spain_scraper.py:86 - Successfully collected data for 2025-06-21
2026-01-06 10:16:16,922 - INFO - spain_scraper.py:79 - Scraping data for 2025-06-22
2026-01-06 10:16:22,288 - INFO - spain_scraper.py:86 - Successfully collected data for 2025-06-22
2026-01-06 10:16:25,045 - INFO - spain_scraper.py:79 - Scraping data for 2025-06-23
2026-01-06 10:16:30,372 - INFO - spain_scraper.py:86 - Successfully collected data for 2025-06-23
2026-01-06 10:16:32,537 - INFO - spain_scraper.py:79 - Scraping data for 2025-06-24
2026-01-06 10:16:37,924 - INFO - spain_scraper.py:86 - Successfully collected data for 2025-06-24
2026-01-06 10:16:41,484 - INFO - spain_scraper.py:79 - Scraping data for 2025-06-25
2026-01-06 10:16:46,862 - INFO - spain_scraper.py:86 - Successfully collected data for 2025-06-25
2026-01-06 10:16:50,418 - INFO - spain_scraper.py:79 - Scraping data for 2025-06-26
2026-01-06 10:16:55,782 - INFO - spain_scraper.py:86 - Successfully collected data for 2025-06-26
2026-01-06 10:16:57,942 - INFO - spain_scraper.py:79 - Scraping data for 2025-06-27
2026-01-06 10:17:03,305 - INFO - spain_scraper.py:86 - Successfully collected data for 2025-06-27
2026-01-06 10:17:07,188 - INFO - spain_scraper.py:79 - Scraping data for 2025-06-28
2026-01-06 10:17:12,519 - INFO - spain_scraper.py:86 - Successfully collected data for 2025-06-28
2026-01-06 10:17:15,439 - INFO - spain_scraper.py:79 - Scraping data for 2025-06-29
2026-01-06 10:17:20,822 - INFO - spain_scraper.py:86 - Successfully collected data for 2025-06-29
2026-01-06 10:17:23,615 - INFO - spain_scraper.py:79 - Scraping data for 2025-06-30
2026-01-06 10:17:28,946 - INFO - spain_scraper.py:86 - Successfully collected data for 2025-06-30
2026-01-06 10:17:31,978 - INFO - spain_scraper.py:79 - Scraping data for 2025-07-01
2026-01-06 10:17:37,356 - INFO - spain_scraper.py:86 - Successfully collected data for 2025-07-01
2026-01-06 10:17:40,325 - INFO - spain_scraper.py:79 - Scraping data for 2025-07-02
2026-01-06 10:17:45,654 - INFO - spain_scraper.py:86 - Successfully collected data for 2025-07-02
2026-01-06 10:17:48,964 - INFO - spain_scraper.py:79 - Scraping data for 2025-07-03
2026-01-06 10:17:54,324 - INFO - spain_scraper.py:86 - Successfully collected data for 2025-07-03
2026-01-06 10:17:57,388 - INFO - spain_scraper.py:79 - Scraping data for 2025-07-04
2026-01-06 10:18:02,748 - INFO - spain_scraper.py:86 - Successfully collected data for 2025-07-04
2026-01-06 10:18:06,031 - INFO - spain_scraper.py:79 - Scraping data for 2025-07-05
2026-01-06 10:18:11,396 - INFO - spain_scraper.py:86 - Successfully collected data for 2025-07-05
2026-01-06 10:18:14,116 - INFO - spain_scraper.py:79 - Scraping data for 2025-07-06
2026-01-06 10:18:19,518 - INFO - spain_scraper.py:86 - Successfully collected data for 2025-07-06
2026-01-06 10:18:22,578 - INFO - spain_scraper.py:79 - Scraping data for 2025-07-07
2026-01-06 10:18:27,910 - INFO - spain_scraper.py:86 - Successfully collected data for 2025-07-07
2026-01-06 10:18:30,640 - INFO - spain_scraper.py:79 - Scraping data for 2025-07-08
2026-01-06 10:18:35,974 - INFO - spain_scraper.py:86 - Successfully collected data for 2025-07-08
2026-01-06 10:18:38,926 - INFO - spain_scraper.py:79 - Scraping data for 2025-07-09
2026-01-06 10:18:44,270 - INFO - spain_scraper.py:86 - Successfully collected data for 2025-07-09
2026-01-06 10:18:48,232 - INFO - spain_scraper.py:79 - Scraping data for 2025-07-10
2026-01-06 10:18:53,566 - INFO - spain_scraper.py:86 - Successfully collected data for 2025-07-10
2026-01-06 10:18:56,009 - INFO - spain_scraper.py:79 - Scraping data for 2025-07-11
2026-01-06 10:19:01,377 - INFO - spain_scraper.py:86 - Successfully collected data for 2025-07-11
2026-01-06 10:19:05,314 - INFO - spain_scraper.py:79 - Scraping data for 2025-07-12
2026-01-06 10:19:10,660 - INFO - spain_scraper.py:86 - Successfully collected data for 2025-07-12
2026-01-06 10:19:13,493 - INFO - spain_scraper.py:79 - Scraping data for 2025-07-13
2026-01-06 10:19:18,853 - INFO - spain_scraper.py:86 - Successfully collected data for 2025-07-13
2026-01-06 10:19:22,464 - INFO - spain_scraper.py:79 - Scraping data for 2025-07-14
2026-01-06 10:19:27,882 - INFO - spain_scraper.py:86 - Successfully collected data for 2025-07-14
2026-01-06 10:19:30,141 - INFO - spain_scraper.py:79 - Scraping data for 2025-07-15
2026-01-06 10:19:35,509 - INFO - spain_scraper.py:86 - Successfully collected data for 2025-07-15
2026-01-06 10:19:38,662 - INFO - spain_scraper.py:79 - Scraping data for 2025-07-16
2026-01-06 10:19:44,080 - INFO - spain_scraper.py:86 - Successfully collected data for 2025-07-16
2026-01-06 10:19:46,403 - INFO - spain_scraper.py:79 - Scraping data for 2025-07-17
2026-01-06 10:19:51,771 - INFO - spain_scraper.py:86 - Successfully collected data for 2025-07-17
2026-01-06 10:19:54,661 - INFO - spain_scraper.py:79 - Scraping data for 2025-07-18
2026-01-06 10:20:00,005 - INFO - spain_scraper.py:86 - Successfully collected data for 2025-07-18
2026-01-06 10:20:02,655 - INFO - spain_scraper.py:79 - Scraping data for 2025-07-19
2026-01-06 10:20:08,025 - INFO - spain_scraper.py:86 - Successfully collected data for 2025-07-19
2026-01-06 10:20:10,097 - INFO - spain_scraper.py:51 - Taking a longer break after 200 requests...
2026-01-06 10:21:11,871 - INFO - spain_scraper.py:79 - Scraping data for 2025-07-20
2026-01-06 10:21:17,273 - INFO - spain_scraper.py:86 - Successfully collected data for 2025-07-20
2026-01-06 10:21:20,598 - INFO - spain_scraper.py:79 - Scraping data for 2025-07-21
2026-01-06 10:21:25,964 - INFO - spain_scraper.py:86 - Successfully collected data for 2025-07-21
2026-01-06 10:21:28,957 - INFO - spain_scraper.py:79 - Scraping data for 2025-07-22
2026-01-06 10:21:34,327 - INFO - spain_scraper.py:86 - Successfully collected data for 2025-07-22
2026-01-06 10:21:38,194 - INFO - spain_scraper.py:79 - Scraping data for 2025-07-23
2026-01-06 10:21:43,601 - INFO - spain_scraper.py:86 - Successfully collected data for 2025-07-23
2026-01-06 10:21:46,639 - INFO - spain_scraper.py:79 - Scraping data for 2025-07-24
2026-01-06 10:21:51,981 - INFO - spain_scraper.py:86 - Successfully collected data for 2025-07-24
2026-01-06 10:21:54,275 - INFO - spain_scraper.py:79 - Scraping data for 2025-07-25
2026-01-06 10:21:59,676 - INFO - spain_scraper.py:86 - Successfully collected data for 2025-07-25
2026-01-06 10:22:03,318 - INFO - spain_scraper.py:79 - Scraping data for 2025-07-26
2026-01-06 10:22:08,688 - INFO - spain_scraper.py:86 - Successfully collected data for 2025-07-26
2026-01-06 10:22:11,646 - INFO - spain_scraper.py:79 - Scraping data for 2025-07-27
2026-01-06 10:22:16,987 - INFO - spain_scraper.py:86 - Successfully collected data for 2025-07-27
2026-01-06 10:22:20,735 - INFO - spain_scraper.py:79 - Scraping data for 2025-07-28
2026-01-06 10:22:26,082 - INFO - spain_scraper.py:86 - Successfully collected data for 2025-07-28
2026-01-06 10:22:28,662 - INFO - spain_scraper.py:79 - Scraping data for 2025-07-29
2026-01-06 10:22:33,997 - INFO - spain_scraper.py:86 - Successfully collected data for 2025-07-29
2026-01-06 10:22:37,991 - INFO - spain_scraper.py:79 - Scraping data for 2025-07-30
2026-01-06 10:22:43,352 - INFO - spain_scraper.py:86 - Successfully collected data for 2025-07-30
2026-01-06 10:22:47,148 - INFO - spain_scraper.py:79 - Scraping data for 2025-07-31
2026-01-06 10:22:52,546 - INFO - spain_scraper.py:86 - Successfully collected data for 2025-07-31
2026-01-06 10:22:54,754 - INFO - spain_scraper.py:79 - Scraping data for 2025-08-01
2026-01-06 10:23:00,113 - INFO - spain_scraper.py:86 - Successfully collected data for 2025-08-01
2026-01-06 10:23:02,605 - INFO - spain_scraper.py:79 - Scraping data for 2025-08-02
2026-01-06 10:23:07,994 - INFO - spain_scraper.py:86 - Successfully collected data for 2025-08-02
2026-01-06 10:23:10,645 - INFO - spain_scraper.py:79 - Scraping data for 2025-08-03
2026-01-06 10:23:16,006 - INFO - spain_scraper.py:86 - Successfully collected data for 2025-08-03
2026-01-06 10:23:19,261 - INFO - spain_scraper.py:79 - Scraping data for 2025-08-04
2026-01-06 10:23:24,655 - INFO - spain_scraper.py:86 - Successfully collected data for 2025-08-04
2026-01-06 10:23:26,817 - INFO - spain_scraper.py:79 - Scraping data for 2025-08-05
2026-01-06 10:23:32,159 - INFO - spain_scraper.py:86 - Successfully collected data for 2025-08-05
2026-01-06 10:23:35,077 - INFO - spain_scraper.py:79 - Scraping data for 2025-08-06
2026-01-06 10:23:40,495 - INFO - spain_scraper.py:86 - Successfully collected data for 2025-08-06
2026-01-06 10:23:44,041 - INFO - spain_scraper.py:79 - Scraping data for 2025-08-07
2026-01-06 10:23:49,406 - INFO - spain_scraper.py:86 - Successfully collected data for 2025-08-07
2026-01-06 10:23:52,508 - INFO - spain_scraper.py:79 - Scraping data for 2025-08-08
2026-01-06 10:23:57,832 - INFO - spain_scraper.py:86 - Successfully collected data for 2025-08-08
2026-01-06 10:24:00,203 - INFO - spain_scraper.py:79 - Scraping data for 2025-08-09
2026-01-06 10:24:05,533 - INFO - spain_scraper.py:86 - Successfully collected data for 2025-08-09
2026-01-06 10:24:08,643 - INFO - spain_scraper.py:79 - Scraping data for 2025-08-10
2026-01-06 10:24:14,020 - INFO - spain_scraper.py:86 - Successfully collected data for 2025-08-10
2026-01-06 10:24:17,260 - INFO - spain_scraper.py:79 - Scraping data for 2025-08-11
2026-01-06 10:24:22,654 - INFO - spain_scraper.py:86 - Successfully collected data for 2025-08-11
2026-01-06 10:24:25,071 - INFO - spain_scraper.py:79 - Scraping data for 2025-08-12
2026-01-06 10:24:30,447 - INFO - spain_scraper.py:86 - Successfully collected data for 2025-08-12
2026-01-06 10:24:32,836 - INFO - spain_scraper.py:79 - Scraping data for 2025-08-13
2026-01-06 10:24:38,228 - INFO - spain_scraper.py:86 - Successfully collected data for 2025-08-13
2026-01-06 10:24:40,521 - INFO - spain_scraper.py:79 - Scraping data for 2025-08-14
2026-01-06 10:24:45,924 - INFO - spain_scraper.py:86 - Successfully collected data for 2025-08-14
2026-01-06 10:24:48,635 - INFO - spain_scraper.py:79 - Scraping data for 2025-08-15
2026-01-06 10:24:53,987 - INFO - spain_scraper.py:86 - Successfully collected data for 2025-08-15
2026-01-06 10:24:56,877 - INFO - spain_scraper.py:79 - Scraping data for 2025-08-16
2026-01-06 10:25:02,281 - INFO - spain_scraper.py:86 - Successfully collected data for 2025-08-16
2026-01-06 10:25:05,675 - INFO - spain_scraper.py:79 - Scraping data for 2025-08-17
2026-01-06 10:25:11,043 - INFO - spain_scraper.py:86 - Successfully collected data for 2025-08-17
2026-01-06 10:25:14,189 - INFO - spain_scraper.py:79 - Scraping data for 2025-08-18
2026-01-06 10:25:19,587 - INFO - spain_scraper.py:86 - Successfully collected data for 2025-08-18
2026-01-06 10:25:22,279 - INFO - spain_scraper.py:79 - Scraping data for 2025-08-19
2026-01-06 10:25:27,692 - INFO - spain_scraper.py:86 - Successfully collected data for 2025-08-19
2026-01-06 10:25:30,241 - INFO - spain_scraper.py:79 - Scraping data for 2025-08-20
2026-01-06 10:25:35,630 - INFO - spain_scraper.py:86 - Successfully collected data for 2025-08-20
2026-01-06 10:25:38,021 - INFO - spain_scraper.py:79 - Scraping data for 2025-08-21
2026-01-06 10:25:43,454 - INFO - spain_scraper.py:86 - Successfully collected data for 2025-08-21
2026-01-06 10:25:47,169 - INFO - spain_scraper.py:79 - Scraping data for 2025-08-22
2026-01-06 10:25:52,575 - INFO - spain_scraper.py:86 - Successfully collected data for 2025-08-22
2026-01-06 10:25:55,244 - INFO - spain_scraper.py:79 - Scraping data for 2025-08-23
2026-01-06 10:26:00,626 - INFO - spain_scraper.py:86 - Successfully collected data for 2025-08-23
2026-01-06 10:26:04,503 - INFO - spain_scraper.py:79 - Scraping data for 2025-08-24
2026-01-06 10:26:09,904 - INFO - spain_scraper.py:86 - Successfully collected data for 2025-08-24
2026-01-06 10:26:12,379 - INFO - spain_scraper.py:79 - Scraping data for 2025-08-25
2026-01-06 10:26:17,789 - INFO - spain_scraper.py:86 - Successfully collected data for 2025-08-25
2026-01-06 10:26:20,185 - INFO - spain_scraper.py:79 - Scraping data for 2025-08-26
2026-01-06 10:26:25,582 - INFO - spain_scraper.py:86 - Successfully collected data for 2025-08-26
2026-01-06 10:26:28,084 - INFO - spain_scraper.py:79 - Scraping data for 2025-08-27
2026-01-06 10:26:33,499 - INFO - spain_scraper.py:86 - Successfully collected data for 2025-08-27
2026-01-06 10:26:36,562 - INFO - spain_scraper.py:79 - Scraping data for 2025-08-28
2026-01-06 10:26:41,969 - INFO - spain_scraper.py:86 - Successfully collected data for 2025-08-28
2026-01-06 10:26:44,792 - INFO - spain_scraper.py:79 - Scraping data for 2025-08-29
2026-01-06 10:26:50,204 - INFO - spain_scraper.py:86 - Successfully collected data for 2025-08-29
2026-01-06 10:26:53,035 - INFO - spain_scraper.py:79 - Scraping data for 2025-08-30
2026-01-06 10:26:58,479 - INFO - spain_scraper.py:86 - Successfully collected data for 2025-08-30
2026-01-06 10:27:02,104 - INFO - spain_scraper.py:79 - Scraping data for 2025-08-31
2026-01-06 10:27:07,474 - INFO - spain_scraper.py:86 - Successfully collected data for 2025-08-31
2026-01-06 10:27:09,692 - INFO - spain_scraper.py:79 - Scraping data for 2025-09-01
2026-01-06 10:27:15,058 - INFO - spain_scraper.py:86 - Successfully collected data for 2025-09-01
2026-01-06 10:27:18,957 - INFO - spain_scraper.py:79 - Scraping data for 2025-09-02
2026-01-06 10:27:24,324 - INFO - spain_scraper.py:86 - Successfully collected data for 2025-09-02
2026-01-06 10:27:26,661 - INFO - spain_scraper.py:79 - Scraping data for 2025-09-03
2026-01-06 10:27:32,075 - INFO - spain_scraper.py:86 - Successfully collected data for 2025-09-03
2026-01-06 10:27:35,230 - INFO - spain_scraper.py:79 - Scraping data for 2025-09-04
2026-01-06 10:27:40,607 - INFO - spain_scraper.py:86 - Successfully collected data for 2025-09-04
2026-01-06 10:27:43,035 - INFO - spain_scraper.py:79 - Scraping data for 2025-09-05
2026-01-06 10:27:48,450 - INFO - spain_scraper.py:86 - Successfully collected data for 2025-09-05
2026-01-06 10:27:51,189 - INFO - spain_scraper.py:79 - Scraping data for 2025-09-06
2026-01-06 10:27:56,620 - INFO - spain_scraper.py:86 - Successfully collected data for 2025-09-06
2026-01-06 10:28:00,267 - INFO - spain_scraper.py:79 - Scraping data for 2025-09-07
2026-01-06 10:28:05,686 - INFO - spain_scraper.py:86 - Successfully collected data for 2025-09-07
2026-01-06 10:28:08,158 - INFO - spain_scraper.py:79 - Scraping data for 2025-09-08
2026-01-06 10:28:13,561 - INFO - spain_scraper.py:86 - Successfully collected data for 2025-09-08
2026-01-06 10:28:16,977 - INFO - spain_scraper.py:79 - Scraping data for 2025-09-09
2026-01-06 10:28:22,333 - INFO - spain_scraper.py:86 - Successfully collected data for 2025-09-09
2026-01-06 10:28:26,129 - INFO - spain_scraper.py:79 - Scraping data for 2025-09-10
2026-01-06 10:28:31,539 - INFO - spain_scraper.py:86 - Successfully collected data for 2025-09-10
2026-01-06 10:28:34,553 - INFO - spain_scraper.py:79 - Scraping data for 2025-09-11
2026-01-06 10:28:39,974 - INFO - spain_scraper.py:86 - Successfully collected data for 2025-09-11
2026-01-06 10:28:43,738 - INFO - spain_scraper.py:79 - Scraping data for 2025-09-12
2026-01-06 10:28:49,129 - INFO - spain_scraper.py:86 - Successfully collected data for 2025-09-12
2026-01-06 10:28:52,624 - INFO - spain_scraper.py:79 - Scraping data for 2025-09-13
2026-01-06 10:28:57,987 - INFO - spain_scraper.py:86 - Successfully collected data for 2025-09-13
2026-01-06 10:29:01,024 - INFO - spain_scraper.py:79 - Scraping data for 2025-09-14
2026-01-06 10:29:06,433 - INFO - spain_scraper.py:86 - Successfully collected data for 2025-09-14
2026-01-06 10:29:10,114 - INFO - spain_scraper.py:79 - Scraping data for 2025-09-15
2026-01-06 10:29:15,550 - INFO - spain_scraper.py:86 - Successfully collected data for 2025-09-15
2026-01-06 10:29:17,597 - INFO - spain_scraper.py:79 - Scraping data for 2025-09-16
2026-01-06 10:29:23,048 - INFO - spain_scraper.py:86 - Successfully collected data for 2025-09-16
2026-01-06 10:29:26,977 - INFO - spain_scraper.py:79 - Scraping data for 2025-09-17
2026-01-06 10:29:32,356 - INFO - spain_scraper.py:86 - Successfully collected data for 2025-09-17
2026-01-06 10:29:35,779 - INFO - spain_scraper.py:79 - Scraping data for 2025-09-18
2026-01-06 10:29:41,197 - INFO - spain_scraper.py:86 - Successfully collected data for 2025-09-18
2026-01-06 10:29:43,832 - INFO - spain_scraper.py:79 - Scraping data for 2025-09-19
2026-01-06 10:29:49,229 - INFO - spain_scraper.py:86 - Successfully collected data for 2025-09-19
2026-01-06 10:29:51,334 - INFO - spain_scraper.py:79 - Scraping data for 2025-09-20
2026-01-06 10:29:56,743 - INFO - spain_scraper.py:86 - Successfully collected data for 2025-09-20
2026-01-06 10:30:00,050 - INFO - spain_scraper.py:79 - Scraping data for 2025-09-21
2026-01-06 10:30:05,496 - INFO - spain_scraper.py:86 - Successfully collected data for 2025-09-21
2026-01-06 10:30:09,064 - INFO - spain_scraper.py:79 - Scraping data for 2025-09-22
2026-01-06 10:30:14,460 - INFO - spain_scraper.py:86 - Successfully collected data for 2025-09-22
2026-01-06 10:30:17,112 - INFO - spain_scraper.py:79 - Scraping data for 2025-09-23
2026-01-06 10:30:22,508 - INFO - spain_scraper.py:86 - Successfully collected data for 2025-09-23
2026-01-06 10:30:25,156 - INFO - spain_scraper.py:79 - Scraping data for 2025-09-24
2026-01-06 10:30:30,544 - INFO - spain_scraper.py:86 - Successfully collected data for 2025-09-24
2026-01-06 10:30:34,067 - INFO - spain_scraper.py:79 - Scraping data for 2025-09-25
2026-01-06 10:30:39,500 - INFO - spain_scraper.py:86 - Successfully collected data for 2025-09-25
2026-01-06 10:30:41,823 - INFO - spain_scraper.py:79 - Scraping data for 2025-09-26
2026-01-06 10:30:47,235 - INFO - spain_scraper.py:86 - Successfully collected data for 2025-09-26
2026-01-06 10:30:50,364 - INFO - spain_scraper.py:79 - Scraping data for 2025-09-27
2026-01-06 10:30:55,775 - INFO - spain_scraper.py:86 - Successfully collected data for 2025-09-27
2026-01-06 10:30:58,989 - INFO - spain_scraper.py:79 - Scraping data for 2025-09-28
2026-01-06 10:31:04,378 - INFO - spain_scraper.py:86 - Successfully collected data for 2025-09-28
2026-01-06 10:31:07,560 - INFO - spain_scraper.py:79 - Scraping data for 2025-09-29
2026-01-06 10:31:12,998 - INFO - spain_scraper.py:86 - Successfully collected data for 2025-09-29
2026-01-06 10:31:16,408 - INFO - spain_scraper.py:79 - Scraping data for 2025-09-30
2026-01-06 10:31:21,795 - INFO - spain_scraper.py:86 - Successfully collected data for 2025-09-30
2026-01-06 10:31:24,258 - INFO - spain_scraper.py:79 - Scraping data for 2025-10-01
2026-01-06 10:31:29,710 - INFO - spain_scraper.py:86 - Successfully collected data for 2025-10-01
2026-01-06 10:31:32,094 - INFO - spain_scraper.py:79 - Scraping data for 2025-10-02
2026-01-06 10:31:37,508 - INFO - spain_scraper.py:86 - Successfully collected data for 2025-10-02
2026-01-06 10:31:41,151 - INFO - spain_scraper.py:79 - Scraping data for 2025-10-03
2026-01-06 10:31:46,571 - INFO - spain_scraper.py:86 - Successfully collected data for 2025-10-03
2026-01-06 10:31:50,549 - INFO - spain_scraper.py:79 - Scraping data for 2025-10-04
2026-01-06 10:31:55,953 - INFO - spain_scraper.py:86 - Successfully collected data for 2025-10-04
2026-01-06 10:31:59,115 - INFO - spain_scraper.py:79 - Scraping data for 2025-10-05
2026-01-06 10:32:04,543 - INFO - spain_scraper.py:86 - Successfully collected data for 2025-10-05
2026-01-06 10:32:07,609 - INFO - spain_scraper.py:79 - Scraping data for 2025-10-06
2026-01-06 10:32:13,026 - INFO - spain_scraper.py:86 - Successfully collected data for 2025-10-06
2026-01-06 10:32:16,437 - INFO - spain_scraper.py:79 - Scraping data for 2025-10-07
2026-01-06 10:32:21,804 - INFO - spain_scraper.py:86 - Successfully collected data for 2025-10-07
2026-01-06 10:32:25,651 - INFO - spain_scraper.py:79 - Scraping data for 2025-10-08
2026-01-06 10:32:31,072 - INFO - spain_scraper.py:86 - Successfully collected data for 2025-10-08
2026-01-06 10:32:35,019 - INFO - spain_scraper.py:79 - Scraping data for 2025-10-09
2026-01-06 10:32:40,496 - INFO - spain_scraper.py:86 - Successfully collected data for 2025-10-09
2026-01-06 10:32:42,788 - INFO - spain_scraper.py:79 - Scraping data for 2025-10-10
2026-01-06 10:32:48,197 - INFO - spain_scraper.py:86 - Successfully collected data for 2025-10-10
2026-01-06 10:32:51,403 - INFO - spain_scraper.py:79 - Scraping data for 2025-10-11
2026-01-06 10:32:56,834 - INFO - spain_scraper.py:86 - Successfully collected data for 2025-10-11
2026-01-06 10:32:59,746 - INFO - spain_scraper.py:79 - Scraping data for 2025-10-12
2026-01-06 10:33:05,199 - INFO - spain_scraper.py:86 - Successfully collected data for 2025-10-12
2026-01-06 10:33:08,763 - INFO - spain_scraper.py:79 - Scraping data for 2025-10-13
2026-01-06 10:33:14,166 - INFO - spain_scraper.py:86 - Successfully collected data for 2025-10-13
2026-01-06 10:33:17,738 - INFO - spain_scraper.py:79 - Scraping data for 2025-10-14
2026-01-06 10:33:23,156 - INFO - spain_scraper.py:86 - Successfully collected data for 2025-10-14
2026-01-06 10:33:25,469 - INFO - spain_scraper.py:79 - Scraping data for 2025-10-15
2026-01-06 10:33:30,885 - INFO - spain_scraper.py:86 - Successfully collected data for 2025-10-15
2026-01-06 10:33:34,658 - INFO - spain_scraper.py:79 - Scraping data for 2025-10-16
2026-01-06 10:33:40,151 - INFO - spain_scraper.py:86 - Successfully collected data for 2025-10-16
2026-01-06 10:33:43,571 - INFO - spain_scraper.py:79 - Scraping data for 2025-10-17
2026-01-06 10:33:49,011 - INFO - spain_scraper.py:86 - Successfully collected data for 2025-10-17
2026-01-06 10:33:52,080 - INFO - spain_scraper.py:79 - Scraping data for 2025-10-18
2026-01-06 10:33:57,483 - INFO - spain_scraper.py:86 - Successfully collected data for 2025-10-18
2026-01-06 10:34:01,454 - INFO - spain_scraper.py:79 - Scraping data for 2025-10-19
2026-01-06 10:34:06,928 - INFO - spain_scraper.py:86 - Successfully collected data for 2025-10-19
2026-01-06 10:34:10,739 - INFO - spain_scraper.py:79 - Scraping data for 2025-10-20
2026-01-06 10:34:16,077 - INFO - spain_scraper.py:86 - Successfully collected data for 2025-10-20
2026-01-06 10:34:20,024 - INFO - spain_scraper.py:79 - Scraping data for 2025-10-21
2026-01-06 10:34:25,394 - INFO - spain_scraper.py:86 - Successfully collected data for 2025-10-21
2026-01-06 10:34:28,161 - INFO - spain_scraper.py:79 - Scraping data for 2025-10-22
2026-01-06 10:34:33,491 - INFO - spain_scraper.py:86 - Successfully collected data for 2025-10-22
2026-01-06 10:34:36,640 - INFO - spain_scraper.py:79 - Scraping data for 2025-10-23
2026-01-06 10:34:41,956 - INFO - spain_scraper.py:86 - Successfully collected data for 2025-10-23
2026-01-06 10:34:45,612 - INFO - spain_scraper.py:79 - Scraping data for 2025-10-24
2026-01-06 10:34:50,973 - INFO - spain_scraper.py:86 - Successfully collected data for 2025-10-24
2026-01-06 10:34:52,999 - INFO - spain_scraper.py:79 - Scraping data for 2025-10-25
2026-01-06 10:34:58,346 - INFO - spain_scraper.py:86 - Successfully collected data for 2025-10-25
2026-01-06 10:35:01,770 - INFO - spain_scraper.py:79 - Scraping data for 2025-10-26
2026-01-06 10:35:07,155 - INFO - spain_scraper.py:86 - Successfully collected data for 2025-10-26
2026-01-06 10:35:10,509 - INFO - spain_scraper.py:79 - Scraping data for 2025-10-27
2026-01-06 10:35:15,887 - INFO - spain_scraper.py:86 - Successfully collected data for 2025-10-27
2026-01-06 10:35:18,980 - INFO - spain_scraper.py:51 - Taking a longer break after 300 requests...
2026-01-06 10:36:20,820 - INFO - spain_scraper.py:79 - Scraping data for 2025-10-28
2026-01-06 10:36:26,195 - INFO - spain_scraper.py:86 - Successfully collected data for 2025-10-28
2026-01-06 10:36:29,716 - INFO - spain_scraper.py:79 - Scraping data for 2025-10-29
2026-01-06 10:36:35,143 - INFO - spain_scraper.py:86 - Successfully collected data for 2025-10-29
2026-01-06 10:36:38,103 - INFO - spain_scraper.py:79 - Scraping data for 2025-10-30
2026-01-06 10:36:43,527 - INFO - spain_scraper.py:86 - Successfully collected data for 2025-10-30
2026-01-06 10:36:47,080 - INFO - spain_scraper.py:79 - Scraping data for 2025-10-31
2026-01-06 10:36:52,480 - INFO - spain_scraper.py:86 - Successfully collected data for 2025-10-31
2026-01-06 10:36:56,394 - INFO - spain_scraper.py:79 - Scraping data for 2025-11-01
2026-01-06 10:37:01,853 - INFO - spain_scraper.py:86 - Successfully collected data for 2025-11-01
2026-01-06 10:37:04,404 - INFO - spain_scraper.py:79 - Scraping data for 2025-11-02
2026-01-06 10:37:09,828 - INFO - spain_scraper.py:86 - Successfully collected data for 2025-11-02
2026-01-06 10:37:13,444 - INFO - spain_scraper.py:79 - Scraping data for 2025-11-03
2026-01-06 10:37:18,900 - INFO - spain_scraper.py:86 - Successfully collected data for 2025-11-03
2026-01-06 10:37:21,626 - INFO - spain_scraper.py:79 - Scraping data for 2025-11-04
2026-01-06 10:37:27,127 - INFO - spain_scraper.py:86 - Successfully collected data for 2025-11-04
2026-01-06 10:37:29,975 - INFO - spain_scraper.py:79 - Scraping data for 2025-11-05
2026-01-06 10:37:35,424 - INFO - spain_scraper.py:86 - Successfully collected data for 2025-11-05
2026-01-06 10:37:38,153 - INFO - spain_scraper.py:79 - Scraping data for 2025-11-06
2026-01-06 10:37:43,579 - INFO - spain_scraper.py:86 - Successfully collected data for 2025-11-06
2026-01-06 10:37:45,875 - INFO - spain_scraper.py:79 - Scraping data for 2025-11-07
2026-01-06 10:37:51,315 - INFO - spain_scraper.py:86 - Successfully collected data for 2025-11-07
2026-01-06 10:37:54,714 - INFO - spain_scraper.py:79 - Scraping data for 2025-11-08
2026-01-06 10:38:00,190 - INFO - spain_scraper.py:86 - Successfully collected data for 2025-11-08
2026-01-06 10:38:03,149 - INFO - spain_scraper.py:79 - Scraping data for 2025-11-09
2026-01-06 10:38:08,642 - INFO - spain_scraper.py:86 - Successfully collected data for 2025-11-09
2026-01-06 10:38:10,753 - INFO - spain_scraper.py:79 - Scraping data for 2025-11-10
2026-01-06 10:38:16,209 - INFO - spain_scraper.py:86 - Successfully collected data for 2025-11-10
2026-01-06 10:38:19,130 - INFO - spain_scraper.py:79 - Scraping data for 2025-11-11
2026-01-06 10:38:24,603 - INFO - spain_scraper.py:86 - Successfully collected data for 2025-11-11
2026-01-06 10:38:27,466 - INFO - spain_scraper.py:79 - Scraping data for 2025-11-12
2026-01-06 10:38:32,950 - INFO - spain_scraper.py:86 - Successfully collected data for 2025-11-12
2026-01-06 10:38:35,836 - INFO - spain_scraper.py:79 - Scraping data for 2025-11-13
2026-01-06 10:38:41,277 - INFO - spain_scraper.py:86 - Successfully collected data for 2025-11-13
2026-01-06 10:38:44,150 - INFO - spain_scraper.py:79 - Scraping data for 2025-11-14
2026-01-06 10:38:49,607 - INFO - spain_scraper.py:86 - Successfully collected data for 2025-11-14
2026-01-06 10:38:52,654 - INFO - spain_scraper.py:79 - Scraping data for 2025-11-15
2026-01-06 10:38:58,044 - INFO - spain_scraper.py:86 - Successfully collected data for 2025-11-15
2026-01-06 10:39:01,749 - INFO - spain_scraper.py:79 - Scraping data for 2025-11-16
2026-01-06 10:39:07,188 - INFO - spain_scraper.py:86 - Successfully collected data for 2025-11-16
2026-01-06 10:39:10,114 - INFO - spain_scraper.py:79 - Scraping data for 2025-11-17
2026-01-06 10:39:15,546 - INFO - spain_scraper.py:86 - Successfully collected data for 2025-11-17
2026-01-06 10:39:19,273 - INFO - spain_scraper.py:79 - Scraping data for 2025-11-18
2026-01-06 10:39:24,722 - INFO - spain_scraper.py:86 - Successfully collected data for 2025-11-18
2026-01-06 10:39:27,290 - INFO - spain_scraper.py:79 - Scraping data for 2025-11-19
2026-01-06 10:39:32,722 - INFO - spain_scraper.py:86 - Successfully collected data for 2025-11-19
2026-01-06 10:39:36,692 - INFO - spain_scraper.py:79 - Scraping data for 2025-11-20
2026-01-06 10:39:42,131 - INFO - spain_scraper.py:86 - Successfully collected data for 2025-11-20
2026-01-06 10:39:45,008 - INFO - spain_scraper.py:79 - Scraping data for 2025-11-21
2026-01-06 10:39:50,471 - INFO - spain_scraper.py:86 - Successfully collected data for 2025-11-21
2026-01-06 10:39:54,275 - INFO - spain_scraper.py:79 - Scraping data for 2025-11-22
2026-01-06 10:39:59,774 - INFO - spain_scraper.py:86 - Successfully collected data for 2025-11-22
2026-01-06 10:40:01,852 - INFO - spain_scraper.py:79 - Scraping data for 2025-11-23
2026-01-06 10:40:07,254 - INFO - spain_scraper.py:86 - Successfully collected data for 2025-11-23
2026-01-06 10:40:10,769 - INFO - spain_scraper.py:79 - Scraping data for 2025-11-24
2026-01-06 10:40:16,180 - INFO - spain_scraper.py:86 - Successfully collected data for 2025-11-24
2026-01-06 10:40:18,265 - INFO - spain_scraper.py:79 - Scraping data for 2025-11-25
2026-01-06 10:40:23,740 - INFO - spain_scraper.py:86 - Successfully collected data for 2025-11-25
2026-01-06 10:40:26,867 - INFO - spain_scraper.py:79 - Scraping data for 2025-11-26
2026-01-06 10:40:32,281 - INFO - spain_scraper.py:86 - Successfully collected data for 2025-11-26
2026-01-06 10:40:34,356 - INFO - spain_scraper.py:79 - Scraping data for 2025-11-27
2026-01-06 10:40:39,800 - INFO - spain_scraper.py:86 - Successfully collected data for 2025-11-27
2026-01-06 10:40:42,852 - INFO - spain_scraper.py:79 - Scraping data for 2025-11-28
2026-01-06 10:40:48,274 - INFO - spain_scraper.py:86 - Successfully collected data for 2025-11-28
2026-01-06 10:40:51,975 - INFO - spain_scraper.py:79 - Scraping data for 2025-11-29
2026-01-06 10:40:57,404 - INFO - spain_scraper.py:86 - Successfully collected data for 2025-11-29
2026-01-06 10:40:59,502 - INFO - spain_scraper.py:79 - Scraping data for 2025-11-30
2026-01-06 10:41:04,931 - INFO - spain_scraper.py:86 - Successfully collected data for 2025-11-30
2026-01-06 10:41:06,975 - INFO - spain_scraper.py:79 - Scraping data for 2025-12-01
2026-01-06 10:41:12,407 - INFO - spain_scraper.py:86 - Successfully collected data for 2025-12-01
2026-01-06 10:41:16,323 - INFO - spain_scraper.py:79 - Scraping data for 2025-12-02
2026-01-06 10:41:21,782 - INFO - spain_scraper.py:86 - Successfully collected data for 2025-12-02
2026-01-06 10:41:25,088 - INFO - spain_scraper.py:79 - Scraping data for 2025-12-03
2026-01-06 10:41:30,511 - INFO - spain_scraper.py:86 - Successfully collected data for 2025-12-03
2026-01-06 10:41:34,365 - INFO - spain_scraper.py:79 - Scraping data for 2025-12-04
2026-01-06 10:41:39,881 - INFO - spain_scraper.py:86 - Successfully collected data for 2025-12-04
2026-01-06 10:41:43,568 - INFO - spain_scraper.py:79 - Scraping data for 2025-12-05
2026-01-06 10:41:49,086 - INFO - spain_scraper.py:86 - Successfully collected data for 2025-12-05
2026-01-06 10:41:52,275 - INFO - spain_scraper.py:79 - Scraping data for 2025-12-06
2026-01-06 10:41:57,743 - INFO - spain_scraper.py:86 - Successfully collected data for 2025-12-06
2026-01-06 10:42:01,080 - INFO - spain_scraper.py:79 - Scraping data for 2025-12-07
2026-01-06 10:42:06,556 - INFO - spain_scraper.py:86 - Successfully collected data for 2025-12-07
2026-01-06 10:42:09,927 - INFO - spain_scraper.py:79 - Scraping data for 2025-12-08
2026-01-06 10:42:15,353 - INFO - spain_scraper.py:86 - Successfully collected data for 2025-12-08
2026-01-06 10:42:17,567 - INFO - spain_scraper.py:79 - Scraping data for 2025-12-09
2026-01-06 10:42:23,158 - INFO - spain_scraper.py:86 - Successfully collected data for 2025-12-09
2026-01-06 10:42:26,421 - INFO - spain_scraper.py:79 - Scraping data for 2025-12-10
2026-01-06 10:42:31,867 - INFO - spain_scraper.py:86 - Successfully collected data for 2025-12-10
2026-01-06 10:42:35,079 - INFO - spain_scraper.py:79 - Scraping data for 2025-12-11
2026-01-06 10:42:40,536 - INFO - spain_scraper.py:86 - Successfully collected data for 2025-12-11
2026-01-06 10:42:43,160 - INFO - spain_scraper.py:79 - Scraping data for 2025-12-12
2026-01-06 10:42:48,610 - INFO - spain_scraper.py:86 - Successfully collected data for 2025-12-12
2026-01-06 10:42:50,930 - INFO - spain_scraper.py:79 - Scraping data for 2025-12-13
2026-01-06 10:42:56,386 - INFO - spain_scraper.py:86 - Successfully collected data for 2025-12-13
2026-01-06 10:42:58,769 - INFO - spain_scraper.py:79 - Scraping data for 2025-12-14
2026-01-06 10:43:04,259 - INFO - spain_scraper.py:86 - Successfully collected data for 2025-12-14
2026-01-06 10:43:08,103 - INFO - spain_scraper.py:79 - Scraping data for 2025-12-15
2026-01-06 10:43:13,607 - INFO - spain_scraper.py:86 - Successfully collected data for 2025-12-15
2026-01-06 10:43:17,309 - INFO - spain_scraper.py:79 - Scraping data for 2025-12-16
2026-01-06 10:43:22,748 - INFO - spain_scraper.py:86 - Successfully collected data for 2025-12-16
2026-01-06 10:43:26,014 - INFO - spain_scraper.py:79 - Scraping data for 2025-12-17
2026-01-06 10:43:31,529 - INFO - spain_scraper.py:86 - Successfully collected data for 2025-12-17
2026-01-06 10:43:34,621 - INFO - spain_scraper.py:79 - Scraping data for 2025-12-18
2026-01-06 10:43:40,084 - INFO - spain_scraper.py:86 - Successfully collected data for 2025-12-18
2026-01-06 10:43:44,028 - INFO - spain_scraper.py:79 - Scraping data for 2025-12-19
2026-01-06 10:43:49,503 - INFO - spain_scraper.py:86 - Successfully collected data for 2025-12-19
2026-01-06 10:43:52,767 - INFO - spain_scraper.py:79 - Scraping data for 2025-12-20
2026-01-06 10:43:58,269 - INFO - spain_scraper.py:86 - Successfully collected data for 2025-12-20
2026-01-06 10:44:01,728 - INFO - spain_scraper.py:79 - Scraping data for 2025-12-21
2026-01-06 10:44:07,215 - INFO - spain_scraper.py:86 - Successfully collected data for 2025-12-21
2026-01-06 10:44:11,136 - INFO - spain_scraper.py:79 - Scraping data for 2025-12-22
2026-01-06 10:44:16,659 - INFO - spain_scraper.py:86 - Successfully collected data for 2025-12-22
2026-01-06 10:44:20,382 - INFO - spain_scraper.py:79 - Scraping data for 2025-12-23
2026-01-06 10:44:25,849 - INFO - spain_scraper.py:86 - Successfully collected data for 2025-12-23
2026-01-06 10:44:29,533 - INFO - spain_scraper.py:79 - Scraping data for 2025-12-24
2026-01-06 10:44:35,047 - INFO - spain_scraper.py:86 - Successfully collected data for 2025-12-24
2026-01-06 10:44:37,162 - INFO - spain_scraper.py:79 - Scraping data for 2025-12-25
2026-01-06 10:44:42,604 - INFO - spain_scraper.py:86 - Successfully collected data for 2025-12-25
2026-01-06 10:44:44,727 - INFO - spain_scraper.py:79 - Scraping data for 2025-12-26
2026-01-06 10:44:50,153 - INFO - spain_scraper.py:86 - Successfully collected data for 2025-12-26
2026-01-06 10:44:53,802 - INFO - spain_scraper.py:79 - Scraping data for 2025-12-27
2026-01-06 10:44:59,265 - INFO - spain_scraper.py:86 - Successfully collected data for 2025-12-27
2026-01-06 10:45:02,528 - INFO - spain_scraper.py:79 - Scraping data for 2025-12-28
2026-01-06 10:45:08,027 - INFO - spain_scraper.py:86 - Successfully collected data for 2025-12-28
2026-01-06 10:45:11,396 - INFO - spain_scraper.py:79 - Scraping data for 2025-12-29
2026-01-06 10:45:16,841 - INFO - spain_scraper.py:86 - Successfully collected data for 2025-12-29
2026-01-06 10:45:19,618 - INFO - spain_scraper.py:79 - Scraping data for 2025-12-30
2026-01-06 10:45:25,078 - INFO - spain_scraper.py:86 - Successfully collected data for 2025-12-30
2026-01-06 10:45:27,533 - INFO - spain_scraper.py:79 - Scraping data for 2025-12-31
2026-01-06 10:45:33,022 - INFO - spain_scraper.py:86 - Successfully collected data for 2025-12-31
2026-01-06 10:45:36,358 - INFO - spain_scraper.py:79 - Scraping data for 2026-01-01
2026-01-06 10:45:41,847 - INFO - spain_scraper.py:86 - Successfully collected data for 2026-01-01
2026-01-06 10:45:44,499 - INFO - spain_scraper.py:79 - Scraping data for 2026-01-02
2026-01-06 10:45:49,990 - INFO - spain_scraper.py:86 - Successfully collected data for 2026-01-02
2026-01-06 10:45:52,526 - INFO - spain_scraper.py:79 - Scraping data for 2026-01-03
2026-01-06 10:45:58,010 - INFO - spain_scraper.py:86 - Successfully collected data for 2026-01-03
2026-01-06 10:46:01,047 - INFO - spain_scraper.py:79 - Scraping data for 2026-01-04
2026-01-06 10:46:06,528 - INFO - spain_scraper.py:86 - Successfully collected data for 2026-01-04
2026-01-06 10:46:10,315 - INFO - spain_scraper.py:101 - Dataset saved to src\data\raw\spain\spain_gas_demand_2025-01-01_2026-01-04.csv
2026-01-06 10:46:12,465 - INFO - update_raw_data.py:47 - 
Scraping Results:
2026-01-06 10:46:12,466 - INFO - update_raw_data.py:50 - AustriaScraper: Success
2026-01-06 10:46:12,466 - INFO - update_raw_data.py:50 - BnetzaScraper: Success
2026-01-06 10:46:12,467 - INFO - update_raw_data.py:50 - DenmarkScraper: Success
2026-01-06 10:46:12,467 - INFO - update_raw_data.py:50 - EntsogScraper: Failed
2026-01-06 10:46:12,467 - INFO - update_raw_data.py:50 - EurostatScraper: Success
2026-01-06 10:46:12,468 - INFO - update_raw_data.py:50 - FranceScraper: Success
2026-01-06 10:46:12,468 - INFO - update_raw_data.py:50 - GermanyScraper: Success
2026-01-06 10:46:12,468 - INFO - update_raw_data.py:50 - UKScraper: Success
2026-01-06 10:46:12,468 - INFO - update_raw_data.py:50 - SpainScraper: Success
2026-01-06 10:46:12,509 - INFO - main.py:54 - Successfully extracted data for AustriaDemandExtractor
2026-01-06 10:46:12,525 - INFO - main.py:54 - Successfully extracted data for DenmarkDemandExtractor
2026-01-06 10:46:13,856 - INFO - main.py:54 - Successfully extracted data for FranceDemandExtractor
2026-01-06 10:46:13,868 - INFO - germany_demand.py:79 - Successfully processed THE data
2026-01-06 10:46:13,889 - INFO - germany_demand.py:117 - Successfully processed GASPOOL/NCG data
2026-01-06 10:46:13,891 - INFO - main.py:54 - Successfully extracted data for GermanyDemandExtractor
2026-01-06 10:46:13,992 - INFO - main.py:54 - Successfully extracted data for EntsogDemandExtractor
2026-01-06 10:46:14,028 - INFO - main.py:54 - Successfully extracted data for UKDemandExtractor
2026-01-06 10:46:14,046 - INFO - main.py:72 - Found demand data for 18 countries
2026-01-06 10:46:14,234 - INFO - main.py:74 - All data saved successfully
